domain,problem,config,solved,cost,search_time,mutex_nodes,sas_vars,co_edges,tr_nodes,fw_expanded,bw_expanded,fw_closed_nodes,bw_closed_nodes,peak_bdd_nodes,final_bdd_nodes,fw_steps,bw_steps,fw_truncated,bw_truncated
agricola-opt18-strips,p01.pddl,causal,1,786,11.3485,3999,99,,130635,778408,8.87835e+28,171007,133980,11105052,1458203,75,89,0,0
agricola-opt18-strips,p01.pddl,comb-w,1,786,15.992,9444,99,1866,36551,1.07836e+06,8.87835e+28,366914,252890,14364210,2184338,78,82,0,0
agricola-opt18-strips,p01.pddl,tr-select,1,786,18.1703,,,,,,,,,,,,,,
agricola-opt18-strips,p01.pddl,symk,1,786,12.0431,,93,,,,,,,,,,,,
agricola-opt18-strips,p02.pddl,causal,1,878,88.4854,5167,100,,157353,7.12888e+06,1.01016e+30,777618,645911,13500620,6005619,65,122,0,0
agricola-opt18-strips,p02.pddl,comb-w,1,878,149.793,6219,100,2099,76782,1.15353e+07,1.01016e+30,1029726,1459554,20482924,9926694,75,113,0,0
agricola-opt18-strips,p02.pddl,tr-select,1,878,150.585,,,,,,,,,,,,,,
agricola-opt18-strips,p02.pddl,symk,1,878,17.5173,,94,,,,,,,,,,,,
agricola-opt18-strips,p03.pddl,causal,1,788,91.9156,6087,101,,243439,3.96877e+07,1.43862e+31,2692265,718116,16795548,6826657,155,32,0,0
agricola-opt18-strips,p03.pddl,comb-w,1,788,34.3374,4858,101,2100,36836,3.96877e+07,1.43862e+31,846761,500194,16910012,3447504,155,32,0,0
agricola-opt18-strips,p03.pddl,tr-select,1,788,31.9777,,,,,,,,,,,,,,
agricola-opt18-strips,p03.pddl,symk,1,788,160.893,,95,,,,,,,,,,,,
agricola-opt18-strips,p04.pddl,causal,1,946,47.0304,5783,109,,112495,9.012e+06,1.13643e+32,839265,369138,16276372,5361808,87,139,0,0
agricola-opt18-strips,p04.pddl,comb-w,1,946,50.1884,8839,109,2641,43853,4.08747e+07,1.13643e+32,1327925,949907,28892962,10035744,129,96,0,0
agricola-opt18-strips,p04.pddl,tr-select,1,946,36.1701,,,,,,,,,,,,,,
agricola-opt18-strips,p04.pddl,symk,1,946,37.0364,,103,,,,,,,,,,,,
agricola-opt18-strips,p05.pddl,causal,1,979,32.1669,5919,110,,76678,3.19487e+07,1.293e+33,490708,458770,14276318,3523454,175,84,0,0
agricola-opt18-strips,p05.pddl,comb-w,1,979,35.1773,11551,110,2632,41248,3.30595e+07,1.293e+33,779467,654902,28083538,5884674,184,70,0,0
agricola-opt18-strips,p05.pddl,tr-select,1,979,38.2364,,,,,,,,,,,,,,
agricola-opt18-strips,p05.pddl,symk,1,979,78.3777,,104,,,,,,,,,,,,
agricola-opt18-strips,p06.pddl,causal,1,1038,385.425,8527,111,,270660,1.47328e+08,1.84144e+34,3917051,1527462,35966224,26060803,164,94,0,0
agricola-opt18-strips,p06.pddl,comb-w,0,,,8462,111,2977,356488,,,,,,,,,,
agricola-opt18-strips,p06.pddl,tr-select,1,1038,161.898,,,,,,,,,,,,,,
agricola-opt18-strips,p06.pddl,symk,1,1038,355.691,,105,,,,,,,,,,,,
agricola-opt18-strips,p07.pddl,causal,1,1048,75.6698,9032,119,,134319,2.7341e+07,2.23431e+36,1695307,435385,13534346,7807662,159,139,0,0
agricola-opt18-strips,p07.pddl,comb-w,1,1048,55.9565,17784,119,3668,82159,5.24398e+07,2.23431e+36,2273168,656047,22786512,11276371,214,96,0,0
agricola-opt18-strips,p07.pddl,tr-select,1,1048,58.0517,,,,,,,,,,,,,,
agricola-opt18-strips,p07.pddl,symk,1,1048,129.111,,114,,,,,,,,,,,,
agricola-opt18-strips,p08.pddl,causal,1,897,553.531,7529,120,,87755,4.30873e+08,2.54215e+37,7759174,1971557,49770378,40349556,220,107,0,0
agricola-opt18-strips,p08.pddl,comb-w,1,897,554.304,19398,120,3819,117856,4.30873e+08,2.54215e+37,7688323,2612753,53700990,44973215,220,107,0,0
agricola-opt18-strips,p08.pddl,tr-select,1,897,581.765,,,,,,,,,,,,,,
agricola-opt18-strips,p08.pddl,symk,1,897,584.985,,115,,,,,,,,,,,,
agricola-opt18-strips,p09.pddl,causal,1,923,298.867,13851,121,,186832,8.61447e+08,3.62041e+38,2231329,2151459,32477116,22927313,227,81,0,0
agricola-opt18-strips,p09.pddl,comb-w,1,923,519.336,22221,121,4048,70841,8.61447e+08,3.62041e+38,3683704,3440567,51525152,39360544,227,81,0,0
agricola-opt18-strips,p09.pddl,tr-select,1,923,141.053,,,,,,,,,,,,,,
agricola-opt18-strips,p09.pddl,symk,1,923,1001.1,,116,,,,,,,,,,,,
agricola-opt18-strips,p10.pddl,causal,1,1114,204.316,8888,126,,102126,4.62134e+08,3.33657e+38,1430963,1102800,23801358,16799366,283,151,0,0
agricola-opt18-strips,p10.pddl,comb-w,1,1114,288.356,5710,126,4367,127386,4.6378e+08,3.33657e+38,2443658,896979,25970042,19507831,284,150,0,0
agricola-opt18-strips,p10.pddl,tr-select,1,1114,206.301,,,,,,,,,,,,,,
agricola-opt18-strips,p10.pddl,symk,1,1114,461.132,,121,,,,,,,,,,,,
agricola-opt18-strips,p11.pddl,causal,1,1116,413.773,5821,127,,84919,3.28074e+08,3.79628e+39,5739523,3513109,64209194,42862425,279,115,0,0
agricola-opt18-strips,p11.pddl,comb-w,1,1116,942.536,22026,127,4448,85140,4.18206e+08,3.79628e+39,8357508,2833990,77237650,67864792,295,99,0,0
agricola-opt18-strips,p11.pddl,tr-select,1,1116,670.247,,,,,,,,,,,,,,
agricola-opt18-strips,p11.pddl,symk,1,1116,393.888,,122,,,,,,,,,,,,
agricola-opt18-strips,p12.pddl,causal,1,1057,451.981,9599,128,,120394,1.23305e+09,5.40648e+40,9029688,2447782,57858486,42768019,307,56,0,0
agricola-opt18-strips,p12.pddl,comb-w,1,1057,923.162,21211,128,4699,136412,1.23305e+09,5.40648e+40,12345364,4744152,86241470,69948068,307,55,0,0
agricola-opt18-strips,p12.pddl,tr-select,1,1057,471.606,,,,,,,,,,,,,,
agricola-opt18-strips,p12.pddl,symk,1,1057,1181.76,,123,,,,,,,,,,,,
agricola-opt18-strips,p13.pddl,causal,1,1182,1305.74,7419,133,,106555,8.25298e+08,4.88093e+40,14219586,2636502,120234212,91703276,347,150,0,0
agricola-opt18-strips,p13.pddl,comb-w,0,,,28690,133,5068,245735,,,,,,,,,,
agricola-opt18-strips,p13.pddl,tr-select,1,1182,1227.54,,,,,,,,,,,,,,
agricola-opt18-strips,p13.pddl,symk,1,1182,1764.66,,128,,,,,,,,,,,,
agricola-opt18-strips,p14.pddl,causal,1,974,1041.44,8635,134,,79267,1.04092e+09,5.55341e+41,12455761,4639256,104517896,87110226,278,120,0,0
agricola-opt18-strips,p14.pddl,comb-w,1,974,1519.03,10300,134,5176,231256,2.03735e+09,5.55341e+41,6235767,6866618,71099518,58289781,298,100,0,0
agricola-opt18-strips,p14.pddl,tr-select,1,974,1117.66,,,,,,,,,,,,,,
agricola-opt18-strips,p14.pddl,symk,0,,,,129,,,,,,,,,,,,
agricola-opt18-strips,p15.pddl,causal,0,,,9216,135,,93872,,,,,,,,,,
agricola-opt18-strips,p15.pddl,comb-w,0,,,18902,135,5592,168836,,,,,,,,,,
agricola-opt18-strips,p15.pddl,tr-select,0,,,,,,,,,,,,,,,,
agricola-opt18-strips,p15.pddl,symk,0,,,,130,,,,,,,,,,,,
agricola-opt18-strips,p16.pddl,causal,0,,,7995,140,,268484,,,,,,,,,,
agricola-opt18-strips,p16.pddl,comb-w,0,,,10382,140,5895,232052,,,,,,,,,,
agricola-opt18-strips,p16.pddl,tr-select,0,,,,,,,,,,,,,,,,
agricola-opt18-strips,p16.pddl,symk,0,,,,135,,,,,,,,,,,,
agricola-opt18-strips,p17.pddl,causal,0,,,8433,141,,320680,,,,,,,,,,
agricola-opt18-strips,p17.pddl,comb-w,1,1100,942.545,8145,141,6021,210596,2.49198e+09,7.99691e+43,8707893,2117926,64149918,52361918,342,121,0,0
agricola-opt18-strips,p17.pddl,tr-select,1,1100,561.158,,,,,,,,,,,,,,
agricola-opt18-strips,p17.pddl,symk,0,,,,136,,,,,,,,,,,,
agricola-opt18-strips,p18.pddl,causal,0,,,12548,142,,139855,,,,,,,,,,
agricola-opt18-strips,p18.pddl,comb-w,0,,,24379,142,6180,213329,,,,,,,,,,
agricola-opt18-strips,p18.pddl,tr-select,0,,,,,,,,,,,,,,,,
agricola-opt18-strips,p18.pddl,symk,0,,,,137,,,,,,,,,,,,
agricola-opt18-strips,p19.pddl,causal,0,,,10191,147,,134929,,,,,,,,,,
agricola-opt18-strips,p19.pddl,comb-w,0,,,11190,147,6754,236610,,,,,,,,,,
agricola-opt18-strips,p19.pddl,tr-select,0,,,,,,,,,,,,,,,,
agricola-opt18-strips,p19.pddl,symk,0,,,,142,,,,,,,,,,,,
agricola-opt18-strips,p20.pddl,causal,0,,,11254,148,,123771,,,,,,,,,,
agricola-opt18-strips,p20.pddl,comb-w,0,,,11815,148,6996,266672,,,,,,,,,,
agricola-opt18-strips,p20.pddl,tr-select,0,,,,,,,,,,,,,,,,
agricola-opt18-strips,p20.pddl,symk,0,,,,143,,,,,,,,,,,,
airport,p01-airport1-p1.pddl,causal,1,8,0.00839135,275,57,,557,6,1.74483e+09,106,53,29638,2677,6,2,0,0
airport,p01-airport1-p1.pddl,comb-w,1,8,0.00931681,329,57,724,669,6,1.74483e+09,125,56,30660,2931,6,2,0,0
airport,p01-airport1-p1.pddl,tr-select,1,8,0.00838509,,,,,,,,,,,,,,
airport,p01-airport1-p1.pddl,symk,1,8,0.00956348,,29,,,,,,,,,,,,
airport,p02-airport1-p1.pddl,causal,1,9,0.00865202,353,59,,530,8,1.00663e+08,119,38,30660,2864,8,1,0,0
airport,p02-airport1-p1.pddl,comb-w,1,9,0.00966267,413,59,706,659,8,1.00663e+08,122,38,30660,3075,8,1,0,0
airport,p02-airport1-p1.pddl,tr-select,1,9,0.00880476,,,,,,,,,,,,,,
airport,p02-airport1-p1.pddl,symk,1,9,0.0119727,,29,,,,,,,,,,,,
airport,p03-airport1-p2.pddl,causal,1,17,0.0389475,12260,92,,2655,71,8.57619e+13,1097,536,115486,21710,12,5,0,0
airport,p03-airport1-p2.pddl,comb-w,1,17,0.0385317,25463,92,819,3333,52,8.57619e+13,1214,908,132860,36041,11,6,0,0
airport,p03-airport1-p2.pddl,tr-select,1,17,0.0354183,,,,,,,,,,,,,,
airport,p03-airport1-p2.pddl,symk,1,17,0.037135,,46,,,,,,,,,,,,
airport,p04-airport2-p1.pddl,causal,1,20,0.0159478,420,149,,871,18,1.09951e+13,278,73,59276,4880,18,2,0,0
airport,p04-airport2-p1.pddl,comb-w,1,20,0.020748,611,149,1558,1317,18,1.09951e+13,361,93,82782,5758,18,2,0,0
airport,p04-airport2-p1.pddl,tr-select,1,20,0.0168142,,,,,,,,,,,,,,
airport,p04-airport2-p1.pddl,symk,1,20,0.0154928,,75,,,,,,,,,,,,
airport,p05-airport2-p1.pddl,causal,1,21,0.0281612,914,151,,1021,5,6.59707e+12,141,300,93002,6583,3,18,0,0
airport,p05-airport2-p1.pddl,comb-w,1,21,0.0230726,932,151,1818,1100,5,6.59707e+12,141,318,98112,6704,3,18,0,0
airport,p05-airport2-p1.pddl,tr-select,1,21,0.0290649,,,,,,,,,,,,,,
airport,p05-airport2-p1.pddl,symk,1,21,0.0251556,,75,,,,,,,,,,,,
airport,p06-airport2-p2.pddl,causal,1,41,0.098488,2915,228,,3427,179,1.45071e+26,1102,1525,344414,25705,16,25,0,0
airport,p06-airport2-p2.pddl,comb-w,1,41,0.0944629,2743,228,3552,3421,179,1.45071e+26,1134,1586,344414,25393,16,25,0,0
airport,p06-airport2-p2.pddl,tr-select,1,41,0.109075,,,,,,,,,,,,,,
airport,p06-airport2-p2.pddl,symk,1,41,0.0921383,,114,,,,,,,,,,,,
airport,p07-airport2-p2.pddl,causal,1,41,0.0921783,3770,228,,3826,161,3.62678e+25,1000,1418,313754,26625,15,26,0,0
airport,p07-airport2-p2.pddl,comb-w,1,41,0.0966647,2867,228,3297,3689,161,3.62678e+25,1050,1475,339304,25506,15,26,0,0
airport,p07-airport2-p2.pddl,tr-select,1,41,0.12806,,,,,,,,,,,,,,
airport,p07-airport2-p2.pddl,symk,1,41,0.0835053,,114,,,,,,,,,,,,
airport,p08-airport2-p3.pddl,causal,1,62,0.697525,95431,307,,13577,3770,7.30167e+33,12853,14937,1269324,194877,27,35,0,0
airport,p08-airport2-p3.pddl,comb-w,1,62,0.643465,135185,307,4043,16602,4667,7.30167e+33,13775,18156,1192674,235379,31,31,0,0
airport,p08-airport2-p3.pddl,tr-select,1,62,0.665323,,,,,,,,,,,,,,
airport,p08-airport2-p3.pddl,symk,1,62,0.576007,,153,,,,,,,,,,,,
airport,p09-airport2-p4.pddl,causal,1,71,1.96974,144045,384,,22024,28847,4.3067e+39,33299,34416,2377172,398166,40,31,0,0
airport,p09-airport2-p4.pddl,comb-w,1,71,1.30772,205885,384,5080,25565,23409,4.3067e+39,24108,27259,2065462,406472,36,35,0,0
airport,p09-airport2-p4.pddl,tr-select,1,71,1.86348,,,,,,,,,,,,,,
airport,p09-airport2-p4.pddl,symk,1,71,1.46589,,192,,,,,,,,,,,,
airport,p10-airport3-p1.pddl,causal,1,18,0.0127908,364,165,,746,16,6.18475e+11,239,66,47012,4178,16,2,0,0
airport,p10-airport3-p1.pddl,comb-w,1,18,0.0204458,582,165,1258,1284,16,6.18475e+11,336,86,67452,5253,16,2,0,0
airport,p10-airport3-p1.pddl,tr-select,1,18,0.0127816,,,,,,,,,,,,,,
airport,p10-airport3-p1.pddl,symk,1,18,0.0127897,,83,,,,,,,,,,,,
airport,p11-airport3-p1.pddl,causal,1,21,0.0224809,915,167,,1020,5,6.59707e+12,142,298,94024,6598,3,18,0,0
airport,p11-airport3-p1.pddl,comb-w,1,21,0.0234696,933,167,1818,1099,5,6.59707e+12,142,316,98112,6719,3,18,0,0
airport,p11-airport3-p1.pddl,tr-select,1,21,0.0218087,,,,,,,,,,,,,,
airport,p11-airport3-p1.pddl,symk,1,21,0.022007,,83,,,,,,,,,,,,
airport,p12-airport3-p2.pddl,causal,1,39,0.0957811,3630,252,,2947,199,1.63205e+25,1106,1338,285138,23976,18,21,0,0
airport,p12-airport3-p2.pddl,comb-w,1,39,0.086255,3704,252,3242,3011,199,1.63205e+25,1154,1410,291270,24395,18,21,0,0
airport,p12-airport3-p2.pddl,tr-select,1,39,0.085091,,,,,,,,,,,,,,
airport,p12-airport3-p2.pddl,symk,1,39,0.0756041,,126,,,,,,,,,,,,
airport,p13-airport3-p2.pddl,causal,1,37,0.079524,1900,252,,3154,143,5.10016e+23,921,1246,271852,20961,14,23,0,0
airport,p13-airport3-p2.pddl,comb-w,1,37,0.0795897,1980,252,2752,3246,143,5.10016e+23,958,1201,275940,21109,14,23,0,0
airport,p13-airport3-p2.pddl,tr-select,1,37,0.085845,,,,,,,,,,,,,,
airport,p13-airport3-p2.pddl,symk,1,37,0.0776769,,126,,,,,,,,,,,,
airport,p14-airport3-p3.pddl,causal,1,60,0.660761,70325,339,,8636,3870,3.28575e+33,10437,14693,1451240,253841,27,33,0,0
airport,p14-airport3-p3.pddl,comb-w,1,60,0.538985,117149,339,3751,35004,5716,3.28575e+33,13919,23603,1179388,241882,34,26,0,0
airport,p14-airport3-p3.pddl,tr-select,1,60,0.71751,,,,,,,,,,,,,,
airport,p14-airport3-p3.pddl,symk,1,60,0.615259,,169,,,,,,,,,,,,
airport,p15-airport3-p3.pddl,causal,1,58,0.654369,52761,339,,9614,3599,4.10719e+32,10244,13196,1368458,222357,26,32,0,0
airport,p15-airport3-p3.pddl,comb-w,1,58,0.512356,83021,339,3520,26223,5004,4.10719e+32,12181,14760,1048572,179875,32,26,0,0
airport,p15-airport3-p3.pddl,tr-select,1,58,0.678887,,,,,,,,,,,,,,
airport,p15-airport3-p3.pddl,symk,1,58,0.466133,,169,,,,,,,,,,,,
airport,p16-airport3-p4.pddl,causal,1,79,4.01495,301805,426,,30222,64554,1.65377e+41,111661,131480,3781400,877820,37,42,0,0
airport,p16-airport3-p4.pddl,comb-w,1,79,11.2059,118778,426,5024,96749,96656,1.65377e+41,132929,138420,11329892,2266583,45,34,0,0
airport,p16-airport3-p4.pddl,tr-select,1,79,4.11446,,,,,,,,,,,,,,
airport,p16-airport3-p4.pddl,symk,1,79,6.95023,,212,,,,,,,,,,,,
airport,p17-airport3-p5.pddl,causal,1,88,7.94336,309662,525,,59940,207417,1.68594e+47,150394,183456,6316982,1243818,38,50,0,0
airport,p17-airport3-p5.pddl,comb-w,1,88,11.9375,261978,525,6746,59572,368465,1.68594e+47,184353,216522,7684418,1298622,48,40,0,0
airport,p17-airport3-p5.pddl,tr-select,1,88,11.8814,,,,,,,,,,,,,,
airport,p17-airport3-p5.pddl,symk,1,88,11.603,,255,,,,,,,,,,,,
airport,p18-airport3-p6.pddl,causal,1,107,179.971,585214,598,,87852,349893,5.43078e+56,1426542,1513288,26854072,18350726,27,80,0,0
airport,p18-airport3-p6.pddl,comb-w,1,107,565.577,388711,598,9138,80900,3.87779e+06,5.43078e+56,1700722,2016719,50342698,35741034,53,54,0,0
airport,p18-airport3-p6.pddl,tr-select,1,107,491.808,,,,,,,,,,,,,,
airport,p18-airport3-p6.pddl,symk,1,107,312.713,,298,,,,,,,,,,,,
airport,p19-airport3-p6.pddl,causal,1,90,9.31378,231961,539,,40869,285483,4.26174e+51,112746,121804,10109624,1952905,53,37,0,0
airport,p19-airport3-p6.pddl,comb-w,1,90,5.45521,289161,539,11550,62325,324302,4.26174e+51,105777,111423,5653704,896253,57,33,0,0
airport,p19-airport3-p6.pddl,tr-select,1,90,9.13424,,,,,,,,,,,,,,
airport,p19-airport3-p6.pddl,symk,1,90,5.12011,,271,,,,,,,,,,,,
airport,p20-airport3-p7.pddl,causal,1,115,830.983,656748,683,,119732,1.3129e+07,1.6016e+62,2423438,2311687,60288802,45716634,71,44,0,0
airport,p20-airport3-p7.pddl,comb-w,1,115,268.532,523586,683,10614,129494,1.2561e+07,1.6016e+62,2130120,2365647,33363190,9772849,69,46,0,0
airport,p20-airport3-p7.pddl,tr-select,1,115,1355.27,,,,,,,,,,,,,,
airport,p20-airport3-p7.pddl,symk,1,115,711.899,,341,,,,,,,,,,,,
airport,p21-airport4halfMUC-p2.pddl,causal,1,101,7.22465,342086,1242,,89753,4365,2.7683e+85,128217,26799,7126406,962494,94,7,0,0
airport,p21-airport4halfMUC-p2.pddl,comb-w,1,101,14.7594,2643678,1242,30746,128442,4713,2.7683e+85,179664,63037,15763328,3401469,100,1,0,0
airport,p21-airport4halfMUC-p2.pddl,tr-select,1,101,7.0141,,,,,,,,,,,,,,
airport,p21-airport4halfMUC-p2.pddl,symk,1,101,6.07676,,588,,,,,,,,,,,,
airport,p22-airport4halfMUC-p3.pddl,causal,1,148,63.9262,1480312,1665,,123357,137513,1.46417e+110,1147414,381457,22499330,8689605,112,36,0,0
airport,p22-airport4halfMUC-p3.pddl,comb-w,1,148,115.947,1195346,1665,40540,196121,204819,1.46417e+110,3174395,526585,30637516,15384466,136,12,0,0
airport,p22-airport4halfMUC-p3.pddl,tr-select,1,148,63.1147,,,,,,,,,,,,,,
airport,p22-airport4halfMUC-p3.pddl,symk,1,148,48.2363,,785,,,,,,,,,,,,
airport,p23-airport4halfMUC-p4.pddl,causal,0,,,2487163,2088,,239631,,,,,,,,,,
airport,p23-airport4halfMUC-p4.pddl,comb-w,0,,,2977466,2088,52558,222282,,,,,,,,,,
airport,p23-airport4halfMUC-p4.pddl,tr-select,0,,,,,,,,,,,,,,,,
airport,p23-airport4halfMUC-p4.pddl,symk,0,,,,982,,,,,,,,,,,,
airport,p24-airport4halfMUC-p4.pddl,causal,0,,,5919724,2104,,194965,,,,,,,,,,
airport,p24-airport4halfMUC-p4.pddl,comb-w,0,,,4302100,2104,54659,262296,,,,,,,,,,
airport,p24-airport4halfMUC-p4.pddl,tr-select,0,,,,,,,,,,,,,,,,
airport,p24-airport4halfMUC-p4.pddl,symk,0,,,,982,,,,,,,,,,,,
airport,p25-airport4halfMUC-p5.pddl,causal,0,,,7768982,2527,,392890,,,,,,,,,,
airport,p25-airport4halfMUC-p5.pddl,comb-w,0,,,5756754,2527,63733,455851,,,,,,,,,,
airport,p25-airport4halfMUC-p5.pddl,tr-select,0,,,,,,,,,,,,,,,,
airport,p25-airport4halfMUC-p5.pddl,symk,0,,,,1179,,,,,,,,,,,,
airport,p26-airport4halfMUC-p6.pddl,causal,0,,,8211466,2950,,699290,,,,,,,,,,
airport,p26-airport4halfMUC-p6.pddl,comb-w,0,,,4911685,2950,74753,345536,,,,,,,,,,
airport,p26-airport4halfMUC-p6.pddl,tr-select,0,,,,,,,,,,,,,,,,
airport,p26-airport4halfMUC-p6.pddl,symk,0,,,,1376,,,,,,,,,,,,
airport,p27-airport4halfMUC-p6.pddl,causal,0,,,9311982,2966,,673060,,,,,,,,,,
airport,p27-airport4halfMUC-p6.pddl,comb-w,0,,,7682833,2966,87507,371402,,,,,,,,,,
airport,p27-airport4halfMUC-p6.pddl,tr-select,0,,,,,,,,,,,,,,,,
airport,p27-airport4halfMUC-p6.pddl,symk,0,,,,1376,,,,,,,,,,,,
airport,p28-airport4halfMUC-p7.pddl,causal,0,,,15711174,3389,,1098097,,,,,,,,,,
airport,p28-airport4halfMUC-p7.pddl,comb-w,0,,,6074741,3389,99765,425944,,,,,,,,,,
airport,p28-airport4halfMUC-p7.pddl,tr-select,0,,,,,,,,,,,,,,,,
airport,p28-airport4halfMUC-p7.pddl,symk,0,,,,1573,,,,,,,,,,,,
airport,p29-airport4halfMUC-p8.pddl,causal,0,,,21640815,3812,,1511858,,,,,,,,,,
airport,p29-airport4halfMUC-p8.pddl,comb-w,0,,,13068116,3812,115215,410856,,,,,,,,,,
airport,p29-airport4halfMUC-p8.pddl,tr-select,0,,,,,,,,,,,,,,,,
airport,p29-airport4halfMUC-p8.pddl,symk,0,,,,1770,,,,,,,,,,,,
airport,p30-airport4halfMUC-p8.pddl,causal,0,,,17842746,3828,,1594991,,,,,,,,,,
airport,p30-airport4halfMUC-p8.pddl,comb-w,0,,,16282163,3828,115256,659330,,,,,,,,,,
airport,p30-airport4halfMUC-p8.pddl,tr-select,0,,,,,,,,,,,,,,,,
airport,p30-airport4halfMUC-p8.pddl,symk,0,,,,1770,,,,,,,,,,,,
airport,p31-airport4halfMUC-p9.pddl,causal,0,,,14836535,4251,,2690169,,,,,,,,,,
airport,p31-airport4halfMUC-p9.pddl,comb-w,0,,,8976828,4251,128118,552206,,,,,,,,,,
airport,p31-airport4halfMUC-p9.pddl,tr-select,0,,,,,,,,,,,,,,,,
airport,p31-airport4halfMUC-p9.pddl,symk,0,,,,1967,,,,,,,,,,,,
airport,p32-airport4halfMUC-p10.pddl,causal,0,,,17345488,4674,,2659962,,,,,,,,,,
airport,p32-airport4halfMUC-p10.pddl,comb-w,0,,,22890566,4674,156766,677895,,,,,,,,,,
airport,p32-airport4halfMUC-p10.pddl,tr-select,0,,,,,,,,,,,,,,,,
airport,p32-airport4halfMUC-p10.pddl,symk,0,,,,2164,,,,,,,,,,,,
airport,p33-airport4halfMUC-p10.pddl,causal,0,,,21061429,4682,,2712593,,,,,,,,,,
airport,p33-airport4halfMUC-p10.pddl,comb-w,0,,,20874448,4682,146831,761624,,,,,,,,,,
airport,p33-airport4halfMUC-p10.pddl,tr-select,0,,,,,,,,,,,,,,,,
airport,p33-airport4halfMUC-p10.pddl,symk,0,,,,2164,,,,,,,,,,,,
airport,p34-airport4halfMUC-p11.pddl,causal,0,,,31899149,5105,,3067517,,,,,,,,,,
airport,p34-airport4halfMUC-p11.pddl,comb-w,0,,,21037630,5105,172952,965128,,,,,,,,,,
airport,p34-airport4halfMUC-p11.pddl,tr-select,0,,,,,,,,,,,,,,,,
airport,p34-airport4halfMUC-p11.pddl,symk,0,,,,2361,,,,,,,,,,,,
airport,p35-airport4halfMUC-p12.pddl,causal,0,,,24939295,5528,,3134815,,,,,,,,,,
airport,p35-airport4halfMUC-p12.pddl,comb-w,0,,,27283875,5528,195906,918836,,,,,,,,,,
airport,p35-airport4halfMUC-p12.pddl,tr-select,0,,,,,,,,,,,,,,,,
airport,p35-airport4halfMUC-p12.pddl,symk,0,,,,2558,,,,,,,,,,,,
airport,p36-airport5MUC-p2.pddl,causal,1,109,64.3736,6161670,1656,,220582,23670,5.17976e+170,1553126,127866,20597388,9889479,105,4,0,0
airport,p36-airport5MUC-p2.pddl,comb-w,1,109,141.431,6335833,1656,107337,370072,25532,5.17976e+170,2442582,20,24220378,12154229,109,0,0,0
airport,p36-airport5MUC-p2.pddl,tr-select,1,109,68.2745,,,,,,,,,,,,,,
airport,p36-airport5MUC-p2.pddl,symk,1,109,79.4641,,765,,,,,,,,,,,,
airport,p37-airport5MUC-p3.pddl,causal,0,,,7917128,2237,,408427,,,,,,,,,,
airport,p37-airport5MUC-p3.pddl,comb-w,0,,,11875596,2237,164811,890834,,,,,,,,,,
airport,p37-airport5MUC-p3.pddl,tr-select,0,,,,,,,,,,,,,,,,
airport,p37-airport5MUC-p3.pddl,symk,0,,,,1021,,,,,,,,,,,,
airport,p38-airport5MUC-p3.pddl,causal,0,,,7839216,2233,,383558,,,,,,,,,,
airport,p38-airport5MUC-p3.pddl,comb-w,0,,,7523057,2233,162049,649858,,,,,,,,,,
airport,p38-airport5MUC-p3.pddl,tr-select,0,,,,,,,,,,,,,,,,
airport,p38-airport5MUC-p3.pddl,symk,0,,,,1021,,,,,,,,,,,,
airport,p39-airport5MUC-p4.pddl,causal,0,,,12361722,2814,,829173,,,,,,,,,,
airport,p39-airport5MUC-p4.pddl,comb-w,0,,,10427210,2814,222026,1117303,,,,,,,,,,
airport,p39-airport5MUC-p4.pddl,tr-select,0,,,,,,,,,,,,,,,,
airport,p39-airport5MUC-p4.pddl,symk,0,,,,1277,,,,,,,,,,,,
airport,p40-airport5MUC-p4.pddl,causal,0,,,9466650,2810,,737079,,,,,,,,,,
airport,p40-airport5MUC-p4.pddl,comb-w,0,,,9368525,2810,223339,921238,,,,,,,,,,
airport,p40-airport5MUC-p4.pddl,tr-select,0,,,,,,,,,,,,,,,,
airport,p40-airport5MUC-p4.pddl,symk,0,,,,1277,,,,,,,,,,,,
airport,p41-airport5MUC-p4.pddl,causal,0,,,12835556,2806,,910910,,,,,,,,,,
airport,p41-airport5MUC-p4.pddl,comb-w,0,,,12578419,2806,220184,942514,,,,,,,,,,
airport,p41-airport5MUC-p4.pddl,tr-select,0,,,,,,,,,,,,,,,,
airport,p41-airport5MUC-p4.pddl,symk,0,,,,1277,,,,,,,,,,,,
airport,p42-airport5MUC-p5.pddl,causal,0,,,20953706,3387,,1451759,,,,,,,,,,
airport,p42-airport5MUC-p5.pddl,comb-w,0,,,14932554,3387,282691,1175437,,,,,,,,,,
airport,p42-airport5MUC-p5.pddl,tr-select,0,,,,,,,,,,,,,,,,
airport,p42-airport5MUC-p5.pddl,symk,0,,,,1533,,,,,,,,,,,,
airport,p43-airport5MUC-p5.pddl,causal,0,,,17641186,3383,,1379835,,,,,,,,,,
airport,p43-airport5MUC-p5.pddl,comb-w,0,,,13393087,3383,283660,1179704,,,,,,,,,,
airport,p43-airport5MUC-p5.pddl,tr-select,0,,,,,,,,,,,,,,,,
airport,p43-airport5MUC-p5.pddl,symk,0,,,,1533,,,,,,,,,,,,
airport,p44-airport5MUC-p5.pddl,causal,0,,,22331119,3379,,1372610,,,,,,,,,,
airport,p44-airport5MUC-p5.pddl,comb-w,0,,,11255896,3379,273583,938553,,,,,,,,,,
airport,p44-airport5MUC-p5.pddl,tr-select,0,,,,,,,,,,,,,,,,
airport,p44-airport5MUC-p5.pddl,symk,0,,,,1533,,,,,,,,,,,,
airport,p45-airport5MUC-p6.pddl,causal,0,,,24416428,3952,,2818294,,,,,,,,,,
airport,p45-airport5MUC-p6.pddl,comb-w,0,,,18007652,3952,334782,1271648,,,,,,,,,,
airport,p45-airport5MUC-p6.pddl,tr-select,0,,,,,,,,,,,,,,,,
airport,p45-airport5MUC-p6.pddl,symk,0,,,,1789,,,,,,,,,,,,
airport,p46-airport5MUC-p6.pddl,causal,0,,,26700822,3960,,3078363,,,,,,,,,,
airport,p46-airport5MUC-p6.pddl,comb-w,0,,,15522856,3960,345182,1394884,,,,,,,,,,
airport,p46-airport5MUC-p6.pddl,tr-select,0,,,,,,,,,,,,,,,,
airport,p46-airport5MUC-p6.pddl,symk,0,,,,1789,,,,,,,,,,,,
airport,p47-airport5MUC-p8.pddl,causal,0,,,33377369,5106,,6045806,,,,,,,,,,
airport,p47-airport5MUC-p8.pddl,comb-w,0,,,33034117,5106,463438,1976548,,,,,,,,,,
airport,p47-airport5MUC-p8.pddl,tr-select,0,,,,,,,,,,,,,,,,
airport,p47-airport5MUC-p8.pddl,symk,0,,,,2301,,,,,,,,,,,,
airport,p48-airport5MUC-p9.pddl,causal,0,,,25506851,5691,,8469117,,,,,,,,,,
airport,p48-airport5MUC-p9.pddl,comb-w,0,,,16147993,5691,1052592,4069381,,,,,,,,,,
airport,p48-airport5MUC-p9.pddl,tr-select,0,,,,,,,,,,,,,,,,
airport,p48-airport5MUC-p9.pddl,symk,0,,,,2557,,,,,,,,,,,,
airport,p49-airport5MUC-p10.pddl,causal,0,,,13014777,6260,,9634958,,,,,,,,,,
airport,p49-airport5MUC-p10.pddl,comb-w,0,,,24900944,6260,1180514,4465351,,,,,,,,,,
airport,p49-airport5MUC-p10.pddl,tr-select,0,,,,,,,,,,,,,,,,
airport,p49-airport5MUC-p10.pddl,symk,0,,,,2813,,,,,,,,,,,,
airport,p50-airport5MUC-p15.pddl,causal,0,,,21582013,9145,,3955781,,,,,,,,,,
airport,p50-airport5MUC-p15.pddl,comb-w,0,,,29396509,9145,30464,3655196,,,,,,,,,,
airport,p50-airport5MUC-p15.pddl,tr-select,0,,,,,,,,,,,,,,,,
airport,p50-airport5MUC-p15.pddl,symk,0,,,,4093,,,,,,,,,,,,
barman-opt11-strips,pfile01-001.pddl,causal,1,90,13.2067,6678,62,,9520,1.24649e+06,7.78222e+18,158691,126580,7108010,1173811,40,36,0,0
barman-opt11-strips,pfile01-001.pddl,comb-w,1,90,10.9375,3111,62,243,8915,1.24649e+06,7.78222e+18,145410,112540,6810608,1043870,40,36,0,0
barman-opt11-strips,pfile01-001.pddl,tr-select,1,90,7.19803,,,,,,,,,,,,,,
barman-opt11-strips,pfile01-001.pddl,symk,1,90,16.685,,62,,,,,,,,,,,,
barman-opt11-strips,pfile01-002.pddl,causal,1,90,7.78547,6853,62,,7951,784591,7.78222e+18,110640,109833,4492712,749197,36,39,0,0
barman-opt11-strips,pfile01-002.pddl,comb-w,1,90,6.56035,2282,62,252,6686,699577,7.78222e+18,95595,72701,3771180,617840,35,40,0,0
barman-opt11-strips,pfile01-002.pddl,tr-select,1,90,6.31557,,,,,,,,,,,,,,
barman-opt11-strips,pfile01-002.pddl,symk,1,90,13.9502,,62,,,,,,,,,,,,
barman-opt11-strips,pfile01-003.pddl,causal,1,90,10.5391,11768,62,,8615,784591,7.78222e+18,48890,72499,8935346,1104966,36,39,0,0
barman-opt11-strips,pfile01-003.pddl,comb-w,1,90,8.68528,5153,62,252,6802,967393,7.78222e+18,37314,63615,9548546,1110129,38,37,0,0
barman-opt11-strips,pfile01-003.pddl,tr-select,1,90,8.65112,,,,,,,,,,,,,,
barman-opt11-strips,pfile01-003.pddl,symk,1,90,12.7141,,62,,,,,,,,,,,,
barman-opt11-strips,pfile01-004.pddl,causal,1,90,7.47188,6652,62,,7877,784591,7.78222e+18,110261,96738,4411974,719353,36,39,0,0
barman-opt11-strips,pfile01-004.pddl,comb-w,1,90,5.80689,2282,62,252,6686,699577,7.78222e+18,95667,72683,3773224,618041,35,40,0,0
barman-opt11-strips,pfile01-004.pddl,tr-select,1,90,6.24479,,,,,,,,,,,,,,
barman-opt11-strips,pfile01-004.pddl,symk,1,90,15.8939,,62,,,,,,,,,,,,
barman-opt11-strips,pfile02-005.pddl,causal,1,121,157.528,31807,80,,16360,1.08092e+07,1.38838e+24,1130923,666427,19005112,7501843,42,64,0,0
barman-opt11-strips,pfile02-005.pddl,comb-w,1,121,208.888,11141,80,369,19218,3.73468e+07,1.38838e+24,669620,651478,23768654,10908912,54,52,0,0
barman-opt11-strips,pfile02-005.pddl,tr-select,1,121,93.3562,,,,,,,,,,,,,,
barman-opt11-strips,pfile02-005.pddl,symk,1,121,168.65,,80,,,,,,,,,,,,
barman-opt11-strips,pfile02-006.pddl,causal,1,121,286.282,92225,80,,26184,3.73468e+07,1.38838e+24,636270,602862,30551668,15156300,54,52,0,0
barman-opt11-strips,pfile02-006.pddl,comb-w,1,121,103.046,3218,80,369,11784,1.08092e+07,1.38838e+24,581129,436198,13498576,5405931,42,64,0,0
barman-opt11-strips,pfile02-006.pddl,tr-select,1,121,99.8823,,,,,,,,,,,,,,
barman-opt11-strips,pfile02-006.pddl,symk,1,121,291.816,,80,,,,,,,,,,,,
barman-opt11-strips,pfile02-007.pddl,causal,1,121,233.908,37066,80,,18686,1.61591e+07,1.38838e+24,1411247,1005470,19749128,9303196,46,60,0,0
barman-opt11-strips,pfile02-007.pddl,comb-w,1,121,238.816,9508,80,369,17532,4.44617e+07,1.38838e+24,580101,659382,24863216,11041819,57,49,0,0
barman-opt11-strips,pfile02-007.pddl,tr-select,1,121,80.5528,,,,,,,,,,,,,,
barman-opt11-strips,pfile02-007.pddl,symk,1,121,206.215,,80,,,,,,,,,,,,
barman-opt11-strips,pfile02-008.pddl,causal,1,121,271.518,94218,80,,23339,4.08843e+07,1.38838e+24,574636,631910,30226672,14742144,56,50,0,0
barman-opt11-strips,pfile02-008.pddl,comb-w,1,121,135.954,3616,80,369,11740,1.78081e+07,1.38838e+24,522894,608667,17056158,6631956,47,59,0,0
barman-opt11-strips,pfile02-008.pddl,tr-select,1,121,73.4087,,,,,,,,,,,,,,
barman-opt11-strips,pfile02-008.pddl,symk,1,121,185.13,,80,,,,,,,,,,,,
barman-opt11-strips,pfile03-009.pddl,causal,0,,,107181,100,,43937,,,,,,,,,,
barman-opt11-strips,pfile03-009.pddl,comb-w,0,,,60307,100,515,24235,,,,,,,,,,
barman-opt11-strips,pfile03-009.pddl,tr-select,1,152,1206.19,,,,,,,,,,,,,,
barman-opt11-strips,pfile03-009.pddl,symk,0,,,,100,,,,,,,,,,,,
barman-opt11-strips,pfile03-010.pddl,causal,0,,,9190,100,,49748,,,,,,,,,,
barman-opt11-strips,pfile03-010.pddl,comb-w,0,,,59027,100,504,35993,,,,,,,,,,
barman-opt11-strips,pfile03-010.pddl,tr-select,0,,,,,,,,,,,,,,,,
barman-opt11-strips,pfile03-010.pddl,symk,0,,,,100,,,,,,,,,,,,
barman-opt11-strips,pfile03-011.pddl,causal,0,,,6646,100,,37201,,,,,,,,,,
barman-opt11-strips,pfile03-011.pddl,comb-w,1,152,1631.47,61071,100,515,23844,1.58803e+09,9.50738e+29,2843227,1946263,79606646,55645841,75,62,0,0
barman-opt11-strips,pfile03-011.pddl,tr-select,1,152,928.456,,,,,,,,,,,,,,
barman-opt11-strips,pfile03-011.pddl,symk,0,,,,100,,,,,,,,,,,,
barman-opt11-strips,pfile03-012.pddl,causal,0,,,92855,100,,46843,,,,,,,,,,
barman-opt11-strips,pfile03-012.pddl,comb-w,0,,,38557,100,504,31727,,,,,,,,,,
barman-opt11-strips,pfile03-012.pddl,tr-select,1,152,1685.7,,,,,,,,,,,,,,
barman-opt11-strips,pfile03-012.pddl,symk,0,,,,100,,,,,,,,,,,,
barman-opt11-strips,pfile04-013.pddl,causal,0,,,5183,137,,102969,,,,,,,,,,
barman-opt11-strips,pfile04-013.pddl,comb-w,0,,,29546,137,769,100660,,,,,,,,,,
barman-opt11-strips,pfile04-013.pddl,tr-select,0,,,,,,,,,,,,,,,,
barman-opt11-strips,pfile04-013.pddl,symk,0,,,,137,,,,,,,,,,,,
barman-opt11-strips,pfile04-014.pddl,causal,0,,,91190,137,,117347,,,,,,,,,,
barman-opt11-strips,pfile04-014.pddl,comb-w,0,,,8230,137,769,98200,,,,,,,,,,
barman-opt11-strips,pfile04-014.pddl,tr-select,0,,,,,,,,,,,,,,,,
barman-opt11-strips,pfile04-014.pddl,symk,0,,,,137,,,,,,,,,,,,
barman-opt11-strips,pfile04-015.pddl,causal,0,,,38852,137,,131763,,,,,,,,,,
barman-opt11-strips,pfile04-015.pddl,comb-w,0,,,70191,137,769,98118,,,,,,,,,,
barman-opt11-strips,pfile04-015.pddl,tr-select,0,,,,,,,,,,,,,,,,
barman-opt11-strips,pfile04-015.pddl,symk,0,,,,137,,,,,,,,,,,,
barman-opt11-strips,pfile04-016.pddl,causal,0,,,61627,137,,98990,,,,,,,,,,
barman-opt11-strips,pfile04-016.pddl,comb-w,0,,,23402,137,769,100193,,,,,,,,,,
barman-opt11-strips,pfile04-016.pddl,tr-select,0,,,,,,,,,,,,,,,,
barman-opt11-strips,pfile04-016.pddl,symk,0,,,,137,,,,,,,,,,,,
barman-opt11-strips,pfile05-017.pddl,causal,0,,,96870,162,,327868,,,,,,,,,,
barman-opt11-strips,pfile05-017.pddl,comb-w,0,,,21273,162,995,57080,,,,,,,,,,
barman-opt11-strips,pfile05-017.pddl,tr-select,0,,,,,,,,,,,,,,,,
barman-opt11-strips,pfile05-017.pddl,symk,0,,,,162,,,,,,,,,,,,
barman-opt11-strips,pfile05-018.pddl,causal,0,,,56597,162,,195943,,,,,,,,,,
barman-opt11-strips,pfile05-018.pddl,comb-w,0,,,40481,162,995,37267,,,,,,,,,,
barman-opt11-strips,pfile05-018.pddl,tr-select,0,,,,,,,,,,,,,,,,
barman-opt11-strips,pfile05-018.pddl,symk,0,,,,162,,,,,,,,,,,,
barman-opt11-strips,pfile05-019.pddl,causal,0,,,92172,162,,226572,,,,,,,,,,
barman-opt11-strips,pfile05-019.pddl,comb-w,0,,,43721,162,995,50686,,,,,,,,,,
barman-opt11-strips,pfile05-019.pddl,tr-select,0,,,,,,,,,,,,,,,,
barman-opt11-strips,pfile05-019.pddl,symk,0,,,,162,,,,,,,,,,,,
barman-opt11-strips,pfile05-020.pddl,causal,0,,,75485,162,,187449,,,,,,,,,,
barman-opt11-strips,pfile05-020.pddl,comb-w,0,,,35433,162,995,69937,,,,,,,,,,
barman-opt11-strips,pfile05-020.pddl,tr-select,0,,,,,,,,,,,,,,,,
barman-opt11-strips,pfile05-020.pddl,symk,0,,,,162,,,,,,,,,,,,
barman-opt14-strips,p435-1.pddl,causal,1,49,111.257,84271,80,,28249,1.7327e+07,1.38838e+24,555111,605248,21709324,8488777,21,28,0,0
barman-opt14-strips,p435-1.pddl,comb-w,1,49,50.6195,3190,80,369,11791,1.30845e+07,1.38838e+24,575112,453851,9983918,3795812,19,30,0,0
barman-opt14-strips,p435-1.pddl,tr-select,1,49,46.8711,,,,,,,,,,,,,,
barman-opt14-strips,p435-1.pddl,symk,1,49,50.2318,,80,,,,,,,,,,,,
barman-opt14-strips,p435-2.pddl,causal,1,49,104.392,30035,80,,32577,1.74237e+07,1.38838e+24,647830,762892,20086388,8051381,21,28,0,0
barman-opt14-strips,p435-2.pddl,comb-w,1,49,128.682,15936,80,359,31518,3.52051e+07,1.38838e+24,697443,665101,21176862,8416660,23,26,0,0
barman-opt14-strips,p435-2.pddl,tr-select,1,49,129.108,,,,,,,,,,,,,,
barman-opt14-strips,p435-2.pddl,symk,1,49,49.8854,,80,,,,,,,,,,,,
barman-opt14-strips,p435-3.pddl,causal,1,49,61.6329,60756,80,,30803,1.30845e+07,1.38838e+24,465788,495753,18590180,5807801,20,29,0,0
barman-opt14-strips,p435-3.pddl,comb-w,1,49,54.1933,10647,80,369,14645,9.48205e+06,1.38838e+24,567601,615268,12088216,4039351,19,30,0,0
barman-opt14-strips,p435-3.pddl,tr-select,1,49,19.0633,,,,,,,,,,,,,,
barman-opt14-strips,p435-3.pddl,symk,1,49,85.7215,,80,,,,,,,,,,,,
barman-opt14-strips,p536-1.pddl,causal,1,62,1756.29,109313,100,,50670,1.42407e+08,9.50738e+29,4075978,2833085,38748108,22933900,39,41,0,0
barman-opt14-strips,p536-1.pddl,comb-w,1,62,662.681,60270,100,515,24786,1.26558e+09,9.50738e+29,2905659,2450905,60999092,33256197,31,31,0,0
barman-opt14-strips,p536-1.pddl,tr-select,1,62,183.753,,,,,,,,,,,,,,
barman-opt14-strips,p536-1.pddl,symk,1,62,830.253,,100,,,,,,,,,,,,
barman-opt14-strips,p536-2.pddl,causal,1,62,1344.72,4378,100,,58030,3.6138e+08,9.50738e+29,3658446,2582256,62811098,38628402,25,43,0,0
barman-opt14-strips,p536-2.pddl,comb-w,0,,,16259,100,504,38507,,,,,,,,,,
barman-opt14-strips,p536-2.pddl,tr-select,1,62,428.044,,,,,,,,,,,,,,
barman-opt14-strips,p536-2.pddl,symk,1,62,1743.96,,100,,,,,,,,,,,,
barman-opt14-strips,p536-3.pddl,causal,1,62,826.286,74460,100,,48131,1.42407e+08,9.50738e+29,3540873,2689563,47284874,28047463,21,41,0,0
barman-opt14-strips,p536-3.pddl,comb-w,1,62,354.476,60319,100,515,24526,2.72636e+08,9.50738e+29,1589861,1227954,42899472,21333900,23,39,0,0
barman-opt14-strips,p536-3.pddl,tr-select,1,62,812.261,,,,,,,,,,,,,,
barman-opt14-strips,p536-3.pddl,symk,1,62,287.255,,100,,,,,,,,,,,,
barman-opt14-strips,p638-1.pddl,causal,0,,,29009,137,,136801,,,,,,,,,,
barman-opt14-strips,p638-1.pddl,comb-w,0,,,35392,137,769,40082,,,,,,,,,,
barman-opt14-strips,p638-1.pddl,tr-select,0,,,,,,,,,,,,,,,,
barman-opt14-strips,p638-1.pddl,symk,0,,,,137,,,,,,,,,,,,
barman-opt14-strips,p638-2.pddl,causal,0,,,98800,137,,147897,,,,,,,,,,
barman-opt14-strips,p638-2.pddl,comb-w,0,,,23255,137,769,99635,,,,,,,,,,
barman-opt14-strips,p638-2.pddl,tr-select,0,,,,,,,,,,,,,,,,
barman-opt14-strips,p638-2.pddl,symk,0,,,,137,,,,,,,,,,,,
barman-opt14-strips,p638-3.pddl,causal,0,,,41314,137,,160303,,,,,,,,,,
barman-opt14-strips,p638-3.pddl,comb-w,0,,,74734,137,769,97522,,,,,,,,,,
barman-opt14-strips,p638-3.pddl,tr-select,0,,,,,,,,,,,,,,,,
barman-opt14-strips,p638-3.pddl,symk,0,,,,137,,,,,,,,,,,,
barman-opt14-strips,p739-1.pddl,causal,0,,,85126,162,,208790,,,,,,,,,,
barman-opt14-strips,p739-1.pddl,comb-w,0,,,83366,162,995,41131,,,,,,,,,,
barman-opt14-strips,p739-1.pddl,tr-select,0,,,,,,,,,,,,,,,,
barman-opt14-strips,p739-1.pddl,symk,0,,,,162,,,,,,,,,,,,
barman-opt14-strips,p739-2.pddl,causal,0,,,72482,162,,173298,,,,,,,,,,
barman-opt14-strips,p739-2.pddl,comb-w,0,,,83384,162,995,44933,,,,,,,,,,
barman-opt14-strips,p739-2.pddl,tr-select,0,,,,,,,,,,,,,,,,
barman-opt14-strips,p739-2.pddl,symk,0,,,,162,,,,,,,,,,,,
barman-opt14-strips,p739-3.pddl,causal,0,,,50753,162,,246902,,,,,,,,,,
barman-opt14-strips,p739-3.pddl,comb-w,0,,,33117,162,995,52870,,,,,,,,,,
barman-opt14-strips,p739-3.pddl,tr-select,0,,,,,,,,,,,,,,,,
barman-opt14-strips,p739-3.pddl,symk,0,,,,162,,,,,,,,,,,,
barman-opt14-strips,p839-1.pddl,causal,0,,,152939,172,,223444,,,,,,,,,,
barman-opt14-strips,p839-1.pddl,comb-w,0,,,44175,172,1143,61443,,,,,,,,,,
barman-opt14-strips,p839-1.pddl,tr-select,0,,,,,,,,,,,,,,,,
barman-opt14-strips,p839-1.pddl,symk,0,,,,172,,,,,,,,,,,,
barman-opt14-strips,p839-2.pddl,causal,0,,,71473,172,,222644,,,,,,,,,,
barman-opt14-strips,p839-2.pddl,comb-w,0,,,16028,172,1143,93170,,,,,,,,,,
barman-opt14-strips,p839-2.pddl,tr-select,0,,,,,,,,,,,,,,,,
barman-opt14-strips,p839-2.pddl,symk,0,,,,172,,,,,,,,,,,,
blocks,probBLOCKS-10-0.pddl,causal,1,34,1.27775,114606,21,,43232,45750,139245,23383,43756,2235114,283595,16,18,0,0
blocks,probBLOCKS-10-0.pddl,comb-w,1,34,1.35837,169644,21,650,39241,116718,68277,62426,40989,2256576,431015,16,18,0,0
blocks,probBLOCKS-10-0.pddl,tr-select,1,34,1.20237,,,,,,,,,,,,,,
blocks,probBLOCKS-10-0.pddl,symk,1,34,1.40856,,21,,,,,,,,,,,,
blocks,probBLOCKS-10-1.pddl,causal,1,32,1.23033,114132,21,,43281,27619,139245,24524,40097,2101232,279039,14,18,0,0
blocks,probBLOCKS-10-1.pddl,comb-w,1,32,1.29772,169333,21,650,38786,27619,139245,43893,57907,2155398,429449,14,18,0,0
blocks,probBLOCKS-10-1.pddl,tr-select,1,32,1.1312,,,,,,,,,,,,,,
blocks,probBLOCKS-10-1.pddl,symk,1,32,1.06197,,21,,,,,,,,,,,,
blocks,probBLOCKS-10-2.pddl,causal,1,34,1.16234,114077,21,,43244,45750,139245,24347,37495,2125760,297156,16,18,0,0
blocks,probBLOCKS-10-2.pddl,comb-w,1,34,1.6405,166923,21,650,38535,45750,139245,47073,69367,2345490,465168,16,18,0,0
blocks,probBLOCKS-10-2.pddl,tr-select,1,34,1.26712,,,,,,,,,,,,,,
blocks,probBLOCKS-10-2.pddl,symk,1,34,1.15542,,21,,,,,,,,,,,,
blocks,probBLOCKS-11-0.pddl,causal,1,32,2.03271,195601,23,,67131,74852,312825,59499,72868,3402238,523213,13,19,0,0
blocks,probBLOCKS-11-0.pddl,comb-w,1,32,3.62284,244156,23,847,69938,169593,165869,140302,84991,4508042,790119,13,19,0,0
blocks,probBLOCKS-11-0.pddl,tr-select,1,32,2.78833,,,,,,,,,,,,,,
blocks,probBLOCKS-11-0.pddl,symk,1,32,2.07053,,23,,,,,,,,,,,,
blocks,probBLOCKS-11-1.pddl,causal,1,30,4.24015,195824,23,,67168,143173,312825,124799,88877,4275026,632769,10,20,0,0
blocks,probBLOCKS-11-1.pddl,comb-w,1,30,5.23081,245056,23,847,69514,143173,312825,187480,123160,5187672,925400,10,20,0,0
blocks,probBLOCKS-11-1.pddl,tr-select,1,30,3.52226,,,,,,,,,,,,,,
blocks,probBLOCKS-11-1.pddl,symk,1,30,3.27015,,23,,,,,,,,,,,,
blocks,probBLOCKS-11-2.pddl,causal,1,34,3.30941,196829,23,,67100,154952,165869,62106,51574,3494218,494591,15,19,0,0
blocks,probBLOCKS-11-2.pddl,comb-w,1,34,2.59434,247021,23,847,70351,154952,165869,135223,81325,4267872,781136,15,19,0,0
blocks,probBLOCKS-11-2.pddl,tr-select,1,34,2.48992,,,,,,,,,,,,,,
blocks,probBLOCKS-11-2.pddl,symk,1,34,3.77709,,23,,,,,,,,,,,,
blocks,probBLOCKS-12-0.pddl,causal,1,34,5.31396,214255,25,,493840,216208,370169,114587,73859,9033458,1085373,14,20,0,0
blocks,probBLOCKS-12-0.pddl,comb-w,1,34,5.7545,442831,25,1080,95374,216208,370169,115363,161030,8514282,1134907,15,19,0,0
blocks,probBLOCKS-12-0.pddl,tr-select,1,34,5.51563,,,,,,,,,,,,,,
blocks,probBLOCKS-12-0.pddl,symk,1,34,5.59131,,25,,,,,,,,,,,,
blocks,probBLOCKS-12-1.pddl,causal,1,34,3.83608,213774,25,,392381,96803,223213,57917,43404,7661934,815507,15,19,0,0
blocks,probBLOCKS-12-1.pddl,comb-w,1,34,6.13235,442020,25,1080,95889,96803,223213,97699,86216,7643538,946479,15,19,0,0
blocks,probBLOCKS-12-1.pddl,tr-select,1,34,3.84996,,,,,,,,,,,,,,
blocks,probBLOCKS-12-1.pddl,symk,1,34,4.49981,,25,,,,,,,,,,,,
blocks,probBLOCKS-13-0.pddl,causal,1,42,64.0304,413860,27,,578611,8.62905e+06,1.08224e+07,1047591,688574,13513906,4139889,18,24,0,0
blocks,probBLOCKS-13-0.pddl,comb-w,1,42,92.93,1970279,27,1352,181560,8.62905e+06,1.08224e+07,1887369,1368439,23449790,9136014,18,24,0,0
blocks,probBLOCKS-13-0.pddl,tr-select,1,42,104.111,,,,,,,,,,,,,,
blocks,probBLOCKS-13-0.pddl,symk,1,42,86.2857,,27,,,,,,,,,,,,
blocks,probBLOCKS-13-1.pddl,causal,1,44,49.7924,407529,27,,479259,9.79973e+06,1.08224e+07,678939,686138,12401970,3586857,21,23,0,0
blocks,probBLOCKS-13-1.pddl,comb-w,1,44,104.36,4146194,27,1352,179269,9.79973e+06,1.08224e+07,1630135,1817788,26796840,11766579,21,23,0,0
blocks,probBLOCKS-13-1.pddl,tr-select,1,44,116.267,,,,,,,,,,,,,,
blocks,probBLOCKS-13-1.pddl,symk,1,44,65.4848,,27,,,,,,,,,,,,
blocks,probBLOCKS-14-0.pddl,causal,1,38,39.0407,2434415,29,,727709,1.09647e+06,4.91635e+06,375531,592963,19262656,5009849,16,22,0,0
blocks,probBLOCKS-14-0.pddl,comb-w,1,38,39.3661,1021319,29,1666,218108,2.98761e+06,2.11363e+06,875538,626896,17399550,4503682,16,22,0,0
blocks,probBLOCKS-14-0.pddl,tr-select,1,38,41.635,,,,,,,,,,,,,,
blocks,probBLOCKS-14-0.pddl,symk,1,38,35.8101,,29,,,,,,,,,,,,
blocks,probBLOCKS-14-1.pddl,causal,1,36,99.5545,2406949,29,,711152,4.0873e+06,1.10846e+07,1343750,918698,17558982,7431548,12,24,0,0
blocks,probBLOCKS-14-1.pddl,comb-w,1,36,95.5595,1013166,29,1666,218275,1.37741e+06,3.02535e+07,1195149,2050177,25448822,7953189,12,24,0,0
blocks,probBLOCKS-14-1.pddl,tr-select,1,36,99.0733,,,,,,,,,,,,,,
blocks,probBLOCKS-14-1.pddl,symk,1,36,88.369,,29,,,,,,,,,,,,
blocks,probBLOCKS-15-0.pddl,causal,1,40,656.844,1030046,31,,1057097,1.68469e+07,2.12089e+08,4481005,6187079,49044758,22283337,15,29,0,0
blocks,probBLOCKS-15-0.pddl,comb-w,1,40,607.634,3315775,31,2025,290961,1.68469e+07,2.12089e+08,5812641,7598373,58809968,30935065,16,28,0,0
blocks,probBLOCKS-15-0.pddl,tr-select,1,40,607.864,,,,,,,,,,,,,,
blocks,probBLOCKS-15-0.pddl,symk,1,40,1054.75,,31,,,,,,,,,,,,
blocks,probBLOCKS-15-1.pddl,causal,0,,,1033735,31,,990173,,,,,,,,,,
blocks,probBLOCKS-15-1.pddl,comb-w,0,,,3313245,31,2025,287427,,,,,,,,,,
blocks,probBLOCKS-15-1.pddl,tr-select,0,,,,,,,,,,,,,,,,
blocks,probBLOCKS-15-1.pddl,symk,0,,,,31,,,,,,,,,,,,
blocks,probBLOCKS-16-1.pddl,causal,0,,,1187597,33,,1125172,,,,,,,,,,
blocks,probBLOCKS-16-1.pddl,comb-w,0,,,5653305,33,2432,511968,,,,,,,,,,
blocks,probBLOCKS-16-1.pddl,tr-select,0,,,,,,,,,,,,,,,,
blocks,probBLOCKS-16-1.pddl,symk,0,,,,33,,,,,,,,,,,,
blocks,probBLOCKS-16-2.pddl,causal,0,,,1187597,33,,1125172,,,,,,,,,,
blocks,probBLOCKS-16-2.pddl,comb-w,0,,,5653305,33,2432,511968,,,,,,,,,,
blocks,probBLOCKS-16-2.pddl,tr-select,0,,,,,,,,,,,,,,,,
blocks,probBLOCKS-16-2.pddl,symk,0,,,,33,,,,,,,,,,,,
blocks,probBLOCKS-17-0.pddl,causal,0,,,1596873,35,,1269370,,,,,,,,,,
blocks,probBLOCKS-17-0.pddl,comb-w,0,,,8390434,35,2890,662177,,,,,,,,,,
blocks,probBLOCKS-17-0.pddl,tr-select,0,,,,,,,,,,,,,,,,
blocks,probBLOCKS-17-0.pddl,symk,0,,,,35,,,,,,,,,,,,
blocks,probBLOCKS-4-0.pddl,causal,1,6,0.00381191,372,9,,836,5,165,44,53,9198,2264,1,5,0,0
blocks,probBLOCKS-4-0.pddl,comb-w,1,6,0.00440011,346,9,56,1004,5,165,57,59,8176,2473,1,5,0,0
blocks,probBLOCKS-4-0.pddl,tr-select,1,6,0.00378031,,,,,,,,,,,,,,
blocks,probBLOCKS-4-0.pddl,symk,1,6,0.00406617,,9,,,,,,,,,,,,
blocks,probBLOCKS-4-1.pddl,causal,1,10,0.00417206,370,9,,851,6,168,44,66,9198,2306,5,5,0,0
blocks,probBLOCKS-4-1.pddl,comb-w,1,10,0.00396361,343,9,56,1012,6,168,65,78,9198,2538,5,5,0,0
blocks,probBLOCKS-4-1.pddl,tr-select,1,10,0.00481347,,,,,,,,,,,,,,
blocks,probBLOCKS-4-1.pddl,symk,1,10,0.00468274,,9,,,,,,,,,,,,
blocks,probBLOCKS-4-2.pddl,causal,1,6,0.0038686,366,9,,848,4,165,41,43,9198,2253,1,5,0,0
blocks,probBLOCKS-4-2.pddl,comb-w,1,6,0.0040402,344,9,56,1004,4,165,53,57,9198,2478,1,5,0,0
blocks,probBLOCKS-4-2.pddl,tr-select,1,6,0.00392444,,,,,,,,,,,,,,
blocks,probBLOCKS-4-2.pddl,symk,1,6,0.00403718,,9,,,,,,,,,,,,
blocks,probBLOCKS-5-0.pddl,causal,1,12,0.0106197,1332,11,,1839,16,410,108,140,22484,5239,5,7,0,0
blocks,probBLOCKS-5-0.pddl,comb-w,1,12,0.011238,1410,11,100,1983,16,410,113,250,23506,5557,5,7,0,0
blocks,probBLOCKS-5-0.pddl,tr-select,1,12,0.00880396,,,,,,,,,,,,,,
blocks,probBLOCKS-5-0.pddl,symk,1,12,0.00927151,,11,,,,,,,,,,,,
blocks,probBLOCKS-5-1.pddl,causal,1,10,0.00887351,1348,11,,1838,11,410,91,139,22484,5187,3,7,0,0
blocks,probBLOCKS-5-1.pddl,comb-w,1,10,0.00897973,1436,11,100,1970,11,410,105,219,22484,5515,3,7,0,0
blocks,probBLOCKS-5-1.pddl,tr-select,1,10,0.0115769,,,,,,,,,,,,,,
blocks,probBLOCKS-5-1.pddl,symk,1,10,0.012094,,11,,,,,,,,,,,,
blocks,probBLOCKS-5-2.pddl,causal,1,16,0.0106444,1332,11,,1818,53,410,218,141,23506,5417,8,8,0,0
blocks,probBLOCKS-5-2.pddl,comb-w,1,16,0.0107202,1414,11,100,1979,53,410,295,226,24528,5838,8,8,0,0
blocks,probBLOCKS-5-2.pddl,tr-select,1,16,0.0109149,,,,,,,,,,,,,,
blocks,probBLOCKS-5-2.pddl,symk,1,16,0.0115569,,11,,,,,,,,,,,,
blocks,probBLOCKS-6-0.pddl,causal,1,12,0.027406,5642,13,,3347,28,922,196,175,48034,12249,4,8,0,0
blocks,probBLOCKS-6-0.pddl,comb-w,1,12,0.0234861,5319,13,162,3573,28,922,256,266,44968,12562,4,8,0,0
blocks,probBLOCKS-6-0.pddl,tr-select,1,12,0.0289184,,,,,,,,,,,,,,
blocks,probBLOCKS-6-0.pddl,symk,1,12,0.0290435,,13,,,,,,,,,,,,
blocks,probBLOCKS-6-1.pddl,causal,1,10,0.0187808,5642,13,,3347,27,922,187,192,47012,12181,2,8,0,0
blocks,probBLOCKS-6-1.pddl,comb-w,1,10,0.0161712,5319,13,162,3573,27,922,193,252,42924,12371,2,8,0,0
blocks,probBLOCKS-6-1.pddl,tr-select,1,10,0.0214551,,,,,,,,,,,,,,
blocks,probBLOCKS-6-1.pddl,symk,1,10,0.0221995,,13,,,,,,,,,,,,
blocks,probBLOCKS-6-2.pddl,causal,1,20,0.0267965,5642,13,,3347,95,1095,347,524,52122,13287,10,10,0,0
blocks,probBLOCKS-6-2.pddl,comb-w,1,20,0.0387481,5319,13,162,3573,95,1095,522,747,51100,13854,10,10,0,0
blocks,probBLOCKS-6-2.pddl,tr-select,1,20,0.0236718,,,,,,,,,,,,,,
blocks,probBLOCKS-6-2.pddl,symk,1,20,0.0239575,,13,,,,,,,,,,,,
blocks,probBLOCKS-7-0.pddl,causal,1,20,0.09035,20295,15,,5778,200,2142,564,492,107310,31910,10,10,0,0
blocks,probBLOCKS-7-0.pddl,comb-w,1,20,0.0486029,16834,15,245,6931,200,2142,907,630,116508,30967,10,10,0,0
blocks,probBLOCKS-7-0.pddl,tr-select,1,20,0.0597826,,,,,,,,,,,,,,
blocks,probBLOCKS-7-0.pddl,symk,1,20,0.0586649,,15,,,,,,,,,,,,
blocks,probBLOCKS-7-1.pddl,causal,1,22,0.0628674,20554,15,,5754,748,2906,1509,1804,119574,36049,9,13,0,0
blocks,probBLOCKS-7-1.pddl,comb-w,1,22,0.12213,16834,15,245,6931,748,2906,2280,2096,140014,36854,9,13,0,0
blocks,probBLOCKS-7-1.pddl,tr-select,1,22,0.0649562,,,,,,,,,,,,,,
blocks,probBLOCKS-7-1.pddl,symk,1,22,0.0608948,,15,,,,,,,,,,,,
blocks,probBLOCKS-7-2.pddl,causal,1,20,0.0558552,20445,15,,5789,382,2431,935,1197,111398,33972,9,11,0,0
blocks,probBLOCKS-7-2.pddl,comb-w,1,20,0.0597328,16823,15,245,6851,382,2431,1186,1504,125706,33196,9,11,0,0
blocks,probBLOCKS-7-2.pddl,tr-select,1,20,0.0625993,,,,,,,,,,,,,,
blocks,probBLOCKS-7-2.pddl,symk,1,20,0.0554971,,15,,,,,,,,,,,,
blocks,probBLOCKS-8-0.pddl,causal,1,18,0.461109,102788,17,,14386,414,5466,1432,2160,398580,130499,6,12,0,0
blocks,probBLOCKS-8-0.pddl,comb-w,1,18,0.27114,53874,17,352,16362,414,5466,2474,3082,455812,88995,5,13,0,0
blocks,probBLOCKS-8-0.pddl,tr-select,1,18,0.443396,,,,,,,,,,,,,,
blocks,probBLOCKS-8-0.pddl,symk,1,18,0.436261,,17,,,,,,,,,,,,
blocks,probBLOCKS-8-1.pddl,causal,1,20,0.446115,102804,17,,14399,949,6334,2817,2754,413910,134329,7,13,0,0
blocks,probBLOCKS-8-1.pddl,comb-w,1,20,0.262871,54038,17,352,16352,949,6334,3571,5861,481362,96337,7,13,0,0
blocks,probBLOCKS-8-1.pddl,tr-select,1,20,0.459865,,,,,,,,,,,,,,
blocks,probBLOCKS-8-1.pddl,symk,1,20,0.439565,,17,,,,,,,,,,,,
blocks,probBLOCKS-8-2.pddl,causal,1,16,0.428515,102619,17,,14409,274,4991,1109,1081,380184,128083,5,11,0,0
blocks,probBLOCKS-8-2.pddl,comb-w,1,16,0.234786,53944,17,352,16350,274,4991,1159,1846,437416,84799,5,11,0,0
blocks,probBLOCKS-8-2.pddl,tr-select,1,16,0.40653,,,,,,,,,,,,,,
blocks,probBLOCKS-8-2.pddl,symk,1,16,0.421686,,17,,,,,,,,,,,,
blocks,probBLOCKS-9-0.pddl,causal,1,30,0.663936,60950,19,,22862,20956,18776,12984,8292,900382,128848,14,16,0,0
blocks,probBLOCKS-9-0.pddl,comb-w,1,30,0.460532,89541,19,486,27532,20956,18776,16128,13567,967834,186592,14,16,0,0
blocks,probBLOCKS-9-0.pddl,tr-select,1,30,0.512234,,,,,,,,,,,,,,
blocks,probBLOCKS-9-0.pddl,symk,1,30,0.488095,,19,,,,,,,,,,,,
blocks,probBLOCKS-9-1.pddl,causal,1,28,0.445839,60734,19,,22841,1727,14297,3179,4699,777742,106199,14,14,0,0
blocks,probBLOCKS-9-1.pddl,comb-w,1,28,0.359256,89534,19,486,27409,1727,14297,5836,7469,821688,156083,14,14,0,0
blocks,probBLOCKS-9-1.pddl,tr-select,1,28,0.469803,,,,,,,,,,,,,,
blocks,probBLOCKS-9-1.pddl,symk,1,28,0.376188,,19,,,,,,,,,,,,
blocks,probBLOCKS-9-2.pddl,causal,1,26,0.483974,60683,19,,22784,4058,11966,5772,3437,803292,109116,12,14,0,0
blocks,probBLOCKS-9-2.pddl,comb-w,1,26,0.335494,89509,19,486,27401,1727,14297,5991,7097,792050,150121,12,14,0,0
blocks,probBLOCKS-9-2.pddl,tr-select,1,26,0.443771,,,,,,,,,,,,,,
blocks,probBLOCKS-9-2.pddl,symk,1,26,0.397258,,19,,,,,,,,,,,,
childsnack-opt14-strips,child-snack_pfile01-2.pddl,causal,1,21,17.4251,1021,36,,88711,5.42927e+09,1.07178e+14,115492,209547,17015278,1372186,16,5,0,0
childsnack-opt14-strips,child-snack_pfile01-2.pddl,comb-w,1,21,374.407,1021,36,8,8962,6.10971e+09,2.76136e+13,461227,686626,26922546,4325660,19,3,0,0
childsnack-opt14-strips,child-snack_pfile01-2.pddl,tr-select,1,21,40.0101,,,,,,,,,,,,,,
childsnack-opt14-strips,child-snack_pfile01-2.pddl,symk,1,21,372.368,,36,,,,,,,,,,,,
childsnack-opt14-strips,child-snack_pfile01.pddl,causal,1,20,16.6407,1021,36,,88694,4.86526e+09,1.12037e+14,130707,212249,15819538,1327325,15,5,0,0
childsnack-opt14-strips,child-snack_pfile01.pddl,comb-w,1,20,205.094,1021,36,8,7823,6.05986e+09,2.90541e+13,521045,660463,18724062,3966010,18,2,0,0
childsnack-opt14-strips,child-snack_pfile01.pddl,tr-select,1,20,25.4689,,,,,,,,,,,,,,
childsnack-opt14-strips,child-snack_pfile01.pddl,symk,1,20,184.396,,36,,,,,,,,,,,,
childsnack-opt14-strips,child-snack_pfile02-2.pddl,causal,1,24,259.898,4093,43,,110966,3.96651e+11,4.24772e+16,257559,420265,19579476,4875329,20,5,0,0
childsnack-opt14-strips,child-snack_pfile02-2.pddl,comb-w,0,,,4093,43,10,12391,,,,,,,,,,
childsnack-opt14-strips,child-snack_pfile02-2.pddl,tr-select,1,24,163.129,,,,,,,,,,,,,,
childsnack-opt14-strips,child-snack_pfile02-2.pddl,symk,0,,,,43,,,,,,,,,,,,
childsnack-opt14-strips,child-snack_pfile02.pddl,causal,1,23,288.079,4093,43,,111523,3.87927e+11,4.69524e+16,304931,448444,16679040,4873174,19,5,0,0
childsnack-opt14-strips,child-snack_pfile02.pddl,comb-w,0,,,4093,43,10,10974,,,,,,,,,,
childsnack-opt14-strips,child-snack_pfile02.pddl,tr-select,1,23,107.25,,,,,,,,,,,,,,
childsnack-opt14-strips,child-snack_pfile02.pddl,symk,0,,,,43,,,,,,,,,,,,
childsnack-opt14-strips,child-snack_pfile03-2.pddl,causal,0,,,8189,48,,77405,,,,,,,,,,
childsnack-opt14-strips,child-snack_pfile03-2.pddl,comb-w,0,,,8189,48,11,76453,,,,,,,,,,
childsnack-opt14-strips,child-snack_pfile03-2.pddl,tr-select,0,,,,,,,,,,,,,,,,
childsnack-opt14-strips,child-snack_pfile03-2.pddl,symk,0,,,,48,,,,,,,,,,,,
childsnack-opt14-strips,child-snack_pfile03.pddl,causal,0,,,8189,48,,78497,,,,,,,,,,
childsnack-opt14-strips,child-snack_pfile03.pddl,comb-w,0,,,8189,48,11,72354,,,,,,,,,,
childsnack-opt14-strips,child-snack_pfile03.pddl,tr-select,0,,,,,,,,,,,,,,,,
childsnack-opt14-strips,child-snack_pfile03.pddl,symk,0,,,,48,,,,,,,,,,,,
childsnack-opt14-strips,child-snack_pfile04-2.pddl,causal,0,,,16381,54,,46353,,,,,,,,,,
childsnack-opt14-strips,child-snack_pfile04-2.pddl,comb-w,0,,,16381,54,12,47079,,,,,,,,,,
childsnack-opt14-strips,child-snack_pfile04-2.pddl,tr-select,0,,,,,,,,,,,,,,,,
childsnack-opt14-strips,child-snack_pfile04-2.pddl,symk,0,,,,54,,,,,,,,,,,,
childsnack-opt14-strips,child-snack_pfile04.pddl,causal,0,,,16381,54,,49588,,,,,,,,,,
childsnack-opt14-strips,child-snack_pfile04.pddl,comb-w,0,,,16381,54,12,50195,,,,,,,,,,
childsnack-opt14-strips,child-snack_pfile04.pddl,tr-select,0,,,,,,,,,,,,,,,,
childsnack-opt14-strips,child-snack_pfile04.pddl,symk,0,,,,54,,,,,,,,,,,,
childsnack-opt14-strips,child-snack_pfile05-2.pddl,causal,0,,,32765,59,,56022,,,,,,,,,,
childsnack-opt14-strips,child-snack_pfile05-2.pddl,comb-w,0,,,32765,59,13,148722,,,,,,,,,,
childsnack-opt14-strips,child-snack_pfile05-2.pddl,tr-select,0,,,,,,,,,,,,,,,,
childsnack-opt14-strips,child-snack_pfile05-2.pddl,symk,0,,,,59,,,,,,,,,,,,
childsnack-opt14-strips,child-snack_pfile05.pddl,causal,0,,,32765,59,,52382,,,,,,,,,,
childsnack-opt14-strips,child-snack_pfile05.pddl,comb-w,0,,,32765,59,13,143437,,,,,,,,,,
childsnack-opt14-strips,child-snack_pfile05.pddl,tr-select,0,,,,,,,,,,,,,,,,
childsnack-opt14-strips,child-snack_pfile05.pddl,symk,0,,,,59,,,,,,,,,,,,
childsnack-opt14-strips,child-snack_pfile06-2.pddl,causal,0,,,8250,66,,96378,,,,,,,,,,
childsnack-opt14-strips,child-snack_pfile06-2.pddl,comb-w,0,,,8250,66,15,67260,,,,,,,,,,
childsnack-opt14-strips,child-snack_pfile06-2.pddl,tr-select,0,,,,,,,,,,,,,,,,
childsnack-opt14-strips,child-snack_pfile06-2.pddl,symk,0,,,,66,,,,,,,,,,,,
childsnack-opt14-strips,child-snack_pfile06.pddl,causal,0,,,8250,66,,138010,,,,,,,,,,
childsnack-opt14-strips,child-snack_pfile06.pddl,comb-w,0,,,8250,66,15,50187,,,,,,,,,,
childsnack-opt14-strips,child-snack_pfile06.pddl,tr-select,0,,,,,,,,,,,,,,,,
childsnack-opt14-strips,child-snack_pfile06.pddl,symk,0,,,,66,,,,,,,,,,,,
childsnack-opt14-strips,child-snack_pfile07-2.pddl,causal,0,,,2042,71,,73325,,,,,,,,,,
childsnack-opt14-strips,child-snack_pfile07-2.pddl,comb-w,0,,,2042,71,16,192205,,,,,,,,,,
childsnack-opt14-strips,child-snack_pfile07-2.pddl,tr-select,0,,,,,,,,,,,,,,,,
childsnack-opt14-strips,child-snack_pfile07-2.pddl,symk,0,,,,71,,,,,,,,,,,,
childsnack-opt14-strips,child-snack_pfile07.pddl,causal,0,,,2042,71,,54877,,,,,,,,,,
childsnack-opt14-strips,child-snack_pfile07.pddl,comb-w,0,,,2042,71,16,192049,,,,,,,,,,
childsnack-opt14-strips,child-snack_pfile07.pddl,tr-select,0,,,,,,,,,,,,,,,,
childsnack-opt14-strips,child-snack_pfile07.pddl,symk,0,,,,71,,,,,,,,,,,,
childsnack-opt14-strips,child-snack_pfile08-2.pddl,causal,0,,,3066,76,,79546,,,,,,,,,,
childsnack-opt14-strips,child-snack_pfile08-2.pddl,comb-w,0,,,3066,76,17,80398,,,,,,,,,,
childsnack-opt14-strips,child-snack_pfile08-2.pddl,tr-select,0,,,,,,,,,,,,,,,,
childsnack-opt14-strips,child-snack_pfile08-2.pddl,symk,0,,,,76,,,,,,,,,,,,
childsnack-opt14-strips,child-snack_pfile08.pddl,causal,0,,,3066,76,,54532,,,,,,,,,,
childsnack-opt14-strips,child-snack_pfile08.pddl,comb-w,0,,,3066,76,17,55169,,,,,,,,,,
childsnack-opt14-strips,child-snack_pfile08.pddl,tr-select,0,,,,,,,,,,,,,,,,
childsnack-opt14-strips,child-snack_pfile08.pddl,symk,0,,,,76,,,,,,,,,,,,
childsnack-opt14-strips,child-snack_pfile09-2.pddl,causal,0,,,9210,83,,202730,,,,,,,,,,
childsnack-opt14-strips,child-snack_pfile09-2.pddl,comb-w,0,,,9210,83,19,133943,,,,,,,,,,
childsnack-opt14-strips,child-snack_pfile09-2.pddl,tr-select,0,,,,,,,,,,,,,,,,
childsnack-opt14-strips,child-snack_pfile09-2.pddl,symk,0,,,,83,,,,,,,,,,,,
childsnack-opt14-strips,child-snack_pfile09.pddl,causal,0,,,9210,83,,197261,,,,,,,,,,
childsnack-opt14-strips,child-snack_pfile09.pddl,comb-w,0,,,9210,83,19,187821,,,,,,,,,,
childsnack-opt14-strips,child-snack_pfile09.pddl,tr-select,0,,,,,,,,,,,,,,,,
childsnack-opt14-strips,child-snack_pfile09.pddl,symk,0,,,,83,,,,,,,,,,,,
childsnack-opt14-strips,child-snack_pfile10-2.pddl,causal,0,,,17402,88,,256607,,,,,,,,,,
childsnack-opt14-strips,child-snack_pfile10-2.pddl,comb-w,0,,,17402,88,20,219127,,,,,,,,,,
childsnack-opt14-strips,child-snack_pfile10-2.pddl,tr-select,0,,,,,,,,,,,,,,,,
childsnack-opt14-strips,child-snack_pfile10-2.pddl,symk,0,,,,88,,,,,,,,,,,,
childsnack-opt14-strips,child-snack_pfile10.pddl,causal,0,,,17402,88,,240147,,,,,,,,,,
childsnack-opt14-strips,child-snack_pfile10.pddl,comb-w,0,,,17402,88,20,191456,,,,,,,,,,
childsnack-opt14-strips,child-snack_pfile10.pddl,tr-select,0,,,,,,,,,,,,,,,,
childsnack-opt14-strips,child-snack_pfile10.pddl,symk,0,,,,88,,,,,,,,,,,,
data-network-opt18-strips,p01.pddl,causal,1,105,0.0899387,0,31,,3530,340,3.51787e+11,392,255,90958,16498,86,50,0,0
data-network-opt18-strips,p01.pddl,comb-w,1,105,0.0849305,0,31,0,3530,340,3.51787e+11,392,255,90958,16498,86,50,0,0
data-network-opt18-strips,p01.pddl,tr-select,1,105,0.0933376,,,,,,,,,,,,,,
data-network-opt18-strips,p01.pddl,symk,1,105,0.0829163,,31,,,,,,,,,,,,
data-network-opt18-strips,p02.pddl,causal,1,73,0.136211,0,36,,4069,346,1.18166e+13,434,241,153300,34899,82,46,0,0
data-network-opt18-strips,p02.pddl,comb-w,1,73,0.208181,0,36,0,4069,346,1.18166e+13,434,241,153300,34899,82,46,0,0
data-network-opt18-strips,p02.pddl,tr-select,1,73,0.169119,,,,,,,,,,,,,,
data-network-opt18-strips,p02.pddl,symk,1,73,0.137541,,36,,,,,,,,,,,,
data-network-opt18-strips,p03.pddl,causal,1,78,9.99013,0,43,,4960,85764,1.42439e+15,9331,8928,3226454,353480,214,100,0,0
data-network-opt18-strips,p03.pddl,comb-w,1,78,8.51354,0,43,0,4960,85764,1.42439e+15,9331,8928,3226454,353480,214,100,0,0
data-network-opt18-strips,p03.pddl,tr-select,1,78,5.55022,,,,,,,,,,,,,,
data-network-opt18-strips,p03.pddl,symk,1,78,6.14393,,43,,,,,,,,,,,,
data-network-opt18-strips,p04.pddl,causal,1,121,81.8987,0,49,,6758,2.1908e+06,9.21864e+16,68251,52685,26805016,4106212,254,184,0,0
data-network-opt18-strips,p04.pddl,comb-w,1,121,56.3111,0,49,0,6758,2.1908e+06,9.21864e+16,68251,52685,26805016,4106212,254,184,0,0
data-network-opt18-strips,p04.pddl,tr-select,1,121,66.9515,,,,,,,,,,,,,,
data-network-opt18-strips,p04.pddl,symk,1,121,61.5346,,49,,,,,,,,,,,,
data-network-opt18-strips,p05.pddl,causal,1,104,114.429,0,52,,5727,1.77095e+06,7.41161e+17,68615,104007,13003928,4657250,320,124,0,0
data-network-opt18-strips,p05.pddl,comb-w,1,104,77.2614,0,52,0,5727,1.77095e+06,7.41161e+17,68615,104007,13003928,4657250,320,124,0,0
data-network-opt18-strips,p05.pddl,tr-select,1,104,77.8899,,,,,,,,,,,,,,
data-network-opt18-strips,p05.pddl,symk,1,104,34.5904,,52,,,,,,,,,,,,
data-network-opt18-strips,p06.pddl,causal,1,107,220.671,0,59,,7629,1.40807e+07,9.85668e+19,65205,124522,18402132,6589824,334,142,0,0
data-network-opt18-strips,p06.pddl,comb-w,1,107,186.129,0,59,0,7629,1.40807e+07,9.85668e+19,65205,124522,18402132,6589824,334,142,0,0
data-network-opt18-strips,p06.pddl,tr-select,1,107,141.84,,,,,,,,,,,,,,
data-network-opt18-strips,p06.pddl,symk,1,107,65.2408,,59,,,,,,,,,,,,
data-network-opt18-strips,p07.pddl,causal,0,,,0,64,,9539,,,,,,,,,,
data-network-opt18-strips,p07.pddl,comb-w,0,,,0,64,0,9539,,,,,,,,,,
data-network-opt18-strips,p07.pddl,tr-select,0,,,,,,,,,,,,,,,,
data-network-opt18-strips,p07.pddl,symk,0,,,,64,,,,,,,,,,,,
data-network-opt18-strips,p08.pddl,causal,0,,,0,68,,8199,,,,,,,,,,
data-network-opt18-strips,p08.pddl,comb-w,0,,,0,68,0,8199,,,,,,,,,,
data-network-opt18-strips,p08.pddl,tr-select,0,,,,,,,,,,,,,,,,
data-network-opt18-strips,p08.pddl,symk,0,,,,68,,,,,,,,,,,,
data-network-opt18-strips,p09.pddl,causal,1,73,0.56448,0,41,,5761,3122,1.69588e+15,969,511,346458,56111,168,62,0,0
data-network-opt18-strips,p09.pddl,comb-w,1,73,0.511018,0,41,0,5761,3122,1.69588e+15,969,511,346458,56111,168,62,0,0
data-network-opt18-strips,p09.pddl,tr-select,1,73,0.536816,,,,,,,,,,,,,,
data-network-opt18-strips,p09.pddl,symk,1,73,0.441167,,41,,,,,,,,,,,,
data-network-opt18-strips,p10.pddl,causal,1,105,8.74052,0,49,,7319,185174,4.01609e+17,11387,11936,6021624,798424,186,168,0,0
data-network-opt18-strips,p10.pddl,comb-w,1,105,10.9107,0,49,0,7319,185174,4.01609e+17,11387,11936,6021624,798424,186,168,0,0
data-network-opt18-strips,p10.pddl,tr-select,1,105,11.4212,,,,,,,,,,,,,,
data-network-opt18-strips,p10.pddl,symk,1,105,10.6186,,49,,,,,,,,,,,,
data-network-opt18-strips,p11.pddl,causal,1,47,0.339076,0,57,,10521,544,1.1151e+20,350,368,358722,79798,68,34,0,0
data-network-opt18-strips,p11.pddl,comb-w,1,47,0.296571,0,57,0,10521,544,1.1151e+20,350,368,358722,79798,68,34,0,0
data-network-opt18-strips,p11.pddl,tr-select,1,47,0.279216,,,,,,,,,,,,,,
data-network-opt18-strips,p11.pddl,symk,1,47,0.231462,,57,,,,,,,,,,,,
data-network-opt18-strips,p12.pddl,causal,1,62,0.613458,0,64,,10721,906,1.4166e+22,1447,934,633640,162803,56,44,0,0
data-network-opt18-strips,p12.pddl,comb-w,1,62,0.592029,0,64,0,10721,906,1.4166e+22,1447,934,633640,162803,56,44,0,0
data-network-opt18-strips,p12.pddl,tr-select,1,62,0.52791,,,,,,,,,,,,,,
data-network-opt18-strips,p12.pddl,symk,1,62,0.629878,,64,,,,,,,,,,,,
data-network-opt18-strips,p13.pddl,causal,1,104,10.4037,0,73,,16500,220364,6.64402e+24,14600,9339,6378302,1343011,266,66,0,0
data-network-opt18-strips,p13.pddl,comb-w,1,104,11.1295,0,73,0,16500,220364,6.64402e+24,14600,9339,6378302,1343011,266,66,0,0
data-network-opt18-strips,p13.pddl,tr-select,1,104,10.1043,,,,,,,,,,,,,,
data-network-opt18-strips,p13.pddl,symk,1,104,10.3056,,73,,,,,,,,,,,,
data-network-opt18-strips,p14.pddl,causal,0,,,0,81,,14713,,,,,,,,,,
data-network-opt18-strips,p14.pddl,comb-w,0,,,0,81,0,14713,,,,,,,,,,
data-network-opt18-strips,p14.pddl,tr-select,0,,,,,,,,,,,,,,,,
data-network-opt18-strips,p14.pddl,symk,0,,,,81,,,,,,,,,,,,
data-network-opt18-strips,p15.pddl,causal,1,50,0.490785,0,74,,12332,492,1.27237e+27,1047,1609,611156,74778,30,42,0,0
data-network-opt18-strips,p15.pddl,comb-w,1,50,0.471069,0,74,0,12332,492,1.27237e+27,1047,1609,611156,74778,30,42,0,0
data-network-opt18-strips,p15.pddl,tr-select,1,50,0.449078,,,,,,,,,,,,,,
data-network-opt18-strips,p15.pddl,symk,1,50,0.311334,,74,,,,,,,,,,,,
data-network-opt18-strips,p16.pddl,causal,0,,,0,89,,24839,,,,,,,,,,
data-network-opt18-strips,p16.pddl,comb-w,0,,,0,89,0,24839,,,,,,,,,,
data-network-opt18-strips,p16.pddl,tr-select,0,,,,,,,,,,,,,,,,
data-network-opt18-strips,p16.pddl,symk,0,,,,89,,,,,,,,,,,,
data-network-opt18-strips,p17.pddl,causal,1,127,331.085,0,101,,87768,699226,1.78631e+35,149757,158749,29840356,14740014,172,82,0,0
data-network-opt18-strips,p17.pddl,comb-w,1,127,333.757,0,101,0,87768,699226,1.78631e+35,149757,158749,29841378,14740014,172,82,0,0
data-network-opt18-strips,p17.pddl,tr-select,1,127,337.945,,,,,,,,,,,,,,
data-network-opt18-strips,p17.pddl,symk,1,127,187.327,,101,,,,,,,,,,,,
data-network-opt18-strips,p18.pddl,causal,0,,,0,116,,124696,,,,,,,,,,
data-network-opt18-strips,p18.pddl,comb-w,0,,,0,116,0,124696,,,,,,,,,,
data-network-opt18-strips,p18.pddl,tr-select,0,,,,,,,,,,,,,,,,
data-network-opt18-strips,p18.pddl,symk,0,,,,116,,,,,,,,,,,,
data-network-opt18-strips,p19.pddl,causal,0,,,0,131,,140388,,,,,,,,,,
data-network-opt18-strips,p19.pddl,comb-w,0,,,0,131,0,140388,,,,,,,,,,
data-network-opt18-strips,p19.pddl,tr-select,0,,,,,,,,,,,,,,,,
data-network-opt18-strips,p19.pddl,symk,0,,,,131,,,,,,,,,,,,
data-network-opt18-strips,p20.pddl,causal,0,,,0,143,,104029,,,,,,,,,,
data-network-opt18-strips,p20.pddl,comb-w,0,,,0,143,0,104029,,,,,,,,,,
data-network-opt18-strips,p20.pddl,tr-select,0,,,,,,,,,,,,,,,,
data-network-opt18-strips,p20.pddl,symk,0,,,,143,,,,,,,,,,,,
depot,p01.pddl,causal,1,10,0.011965,398,14,,1801,116,38220,192,154,22484,4441,5,5,0,0
depot,p01.pddl,comb-w,1,10,0.0124465,612,14,97,1926,116,38220,230,234,23506,5073,5,5,0,0
depot,p01.pddl,tr-select,1,10,0.0124903,,,,,,,,,,,,,,
depot,p01.pddl,symk,1,10,0.011234,,14,,,,,,,,,,,,
depot,p02.pddl,causal,1,15,0.135021,61121,20,,10383,1430,2.37368e+06,2139,3541,249368,92288,9,6,0,0
depot,p02.pddl,comb-w,1,15,0.108695,13115,20,294,8916,1430,2.37368e+06,2819,4041,209510,45582,9,6,0,0
depot,p02.pddl,tr-select,1,15,0.139205,,,,,,,,,,,,,,
depot,p02.pddl,symk,1,15,0.118145,,20,,,,,,,,,,,,
depot,p03.pddl,causal,1,27,4.44883,190363,26,,35755,184868,1.51595e+08,125095,103135,4581626,893925,16,11,0,0
depot,p03.pddl,comb-w,1,27,6.66424,144460,26,621,50567,184868,1.51595e+08,101157,111866,6128934,909753,17,10,0,0
depot,p03.pddl,tr-select,1,27,4.27607,,,,,,,,,,,,,,
depot,p03.pddl,symk,1,27,5.33905,,26,,,,,,,,,,,,
depot,p04.pddl,causal,1,30,198.039,263961,32,,424833,3.17931e+06,2.17438e+12,1493491,2675008,24322578,10197186,21,9,0,0
depot,p04.pddl,comb-w,1,30,86.4214,438537,32,1100,96579,5.23647e+06,2.17436e+12,989980,1171121,18924374,6027284,22,8,0,0
depot,p04.pddl,tr-select,1,30,87.963,,,,,,,,,,,,,,
depot,p04.pddl,symk,1,30,159.852,,32,,,,,,,,,,,,
depot,p05.pddl,causal,0,,,507228,38,,576459,,,,,,,,,,
depot,p05.pddl,comb-w,0,,,678610,38,1755,462945,,,,,,,,,,
depot,p05.pddl,tr-select,0,,,,,,,,,,,,,,,,
depot,p05.pddl,symk,0,,,,38,,,,,,,,,,,,
depot,p06.pddl,causal,0,,,903414,53,,3510786,,,,,,,,,,
depot,p06.pddl,comb-w,0,,,3467334,53,4320,1091237,,,,,,,,,,
depot,p06.pddl,tr-select,0,,,,,,,,,,,,,,,,
depot,p06.pddl,symk,0,,,,53,,,,,,,,,,,,
depot,p07.pddl,causal,1,21,9.21301,306481,29,,64833,335657,1.93378e+10,255317,249597,7633318,1532904,13,8,0,0
depot,p07.pddl,comb-w,1,21,11.0876,64620,29,738,36710,335657,1.93378e+10,277334,217303,8114680,1336109,13,8,0,0
depot,p07.pddl,tr-select,1,21,11.2655,,,,,,,,,,,,,,
depot,p07.pddl,symk,1,21,14.6429,,29,,,,,,,,,,,,
depot,p08.pddl,causal,0,,,845362,41,,1277164,,,,,,,,,,
depot,p08.pddl,comb-w,0,,,757026,41,2010,424237,,,,,,,,,,
depot,p08.pddl,tr-select,0,,,,,,,,,,,,,,,,
depot,p08.pddl,symk,0,,,,41,,,,,,,,,,,,
depot,p09.pddl,causal,0,,,5777383,56,,2664714,,,,,,,,,,
depot,p09.pddl,comb-w,0,,,4039035,56,4815,1616730,,,,,,,,,,
depot,p09.pddl,tr-select,0,,,,,,,,,,,,,,,,
depot,p09.pddl,symk,0,,,,56,,,,,,,,,,,,
depot,p10.pddl,causal,1,24,638.739,129571,32,,182045,7.59578e+06,4.00818e+14,2649161,8270917,58883552,27022520,20,8,0,0
depot,p10.pddl,comb-w,0,,,182200,32,1215,123487,,,,,,,,,,
depot,p10.pddl,tr-select,0,,,,,,,,,,,,,,,,
depot,p10.pddl,symk,1,24,1265.46,,32,,,,,,,,,,,,
depot,p11.pddl,causal,0,,,1406276,44,,963841,,,,,,,,,,
depot,p11.pddl,comb-w,0,,,1002590,44,2985,786456,,,,,,,,,,
depot,p11.pddl,tr-select,0,,,,,,,,,,,,,,,,
depot,p11.pddl,symk,0,,,,44,,,,,,,,,,,,
depot,p12.pddl,causal,0,,,4780501,59,,4866057,,,,,,,,,,
depot,p12.pddl,comb-w,0,,,2815975,59,6615,2237472,,,,,,,,,,
depot,p12.pddl,tr-select,0,,,,,,,,,,,,,,,,
depot,p12.pddl,symk,0,,,,59,,,,,,,,,,,,
depot,p13.pddl,causal,1,25,638.484,141403,36,,224328,8.97087e+06,1.77667e+13,2579238,2963778,30367708,12635088,24,8,0,0
depot,p13.pddl,comb-w,1,25,212.428,157369,36,1443,133926,4.56901e+06,1.77684e+13,1832164,2662375,30032492,10534523,16,9,0,0
depot,p13.pddl,tr-select,0,,,,,,,,,,,,,,,,
depot,p13.pddl,symk,1,25,829.779,,36,,,,,,,,,,,,
depot,p14.pddl,causal,0,,,1095036,48,,953980,,,,,,,,,,
depot,p14.pddl,comb-w,0,,,1085012,48,3445,1253277,,,,,,,,,,
depot,p14.pddl,tr-select,0,,,,,,,,,,,,,,,,
depot,p14.pddl,symk,0,,,,48,,,,,,,,,,,,
depot,p15.pddl,causal,0,,,3543677,63,,4856813,,,,,,,,,,
depot,p15.pddl,comb-w,0,,,3269731,63,7455,4374638,,,,,,,,,,
depot,p15.pddl,tr-select,0,,,,,,,,,,,,,,,,
depot,p15.pddl,symk,0,,,,63,,,,,,,,,,,,
depot,p16.pddl,causal,0,,,398528,38,,214545,,,,,,,,,,
depot,p16.pddl,comb-w,0,,,342796,38,1419,385864,,,,,,,,,,
depot,p16.pddl,tr-select,0,,,,,,,,,,,,,,,,
depot,p16.pddl,symk,0,,,,38,,,,,,,,,,,,
depot,p17.pddl,causal,0,,,6637975,50,,3602653,,,,,,,,,,
depot,p17.pddl,comb-w,0,,,2298024,50,3565,1259377,,,,,,,,,,
depot,p17.pddl,tr-select,0,,,,,,,,,,,,,,,,
depot,p17.pddl,symk,0,,,,50,,,,,,,,,,,,
depot,p18.pddl,causal,0,,,5764805,65,,8847924,,,,,,,,,,
depot,p18.pddl,comb-w,0,,,5016593,65,7935,5092657,,,,,,,,,,
depot,p18.pddl,tr-select,0,,,,,,,,,,,,,,,,
depot,p18.pddl,symk,0,,,,65,,,,,,,,,,,,
depot,p19.pddl,causal,0,,,626765,46,,1646835,,,,,,,,,,
depot,p19.pddl,comb-w,0,,,470366,46,3196,512936,,,,,,,,,,
depot,p19.pddl,tr-select,0,,,,,,,,,,,,,,,,
depot,p19.pddl,symk,0,,,,46,,,,,,,,,,,,
depot,p20.pddl,causal,0,,,5095611,67,,8933386,,,,,,,,,,
depot,p20.pddl,comb-w,0,,,7367500,67,9615,3690548,,,,,,,,,,
depot,p20.pddl,tr-select,0,,,,,,,,,,,,,,,,
depot,p20.pddl,symk,0,,,,67,,,,,,,,,,,,
depot,p21.pddl,causal,0,,,945491,71,,3507046,,,,,,,,,,
depot,p21.pddl,comb-w,0,,,5544564,71,9630,2992405,,,,,,,,,,
depot,p21.pddl,tr-select,0,,,,,,,,,,,,,,,,
depot,p21.pddl,symk,0,,,,71,,,,,,,,,,,,
depot,p22.pddl,causal,0,,,16020062,101,,32964197,,,,,,,,,,
depot,p22.pddl,comb-w,0,,,21902057,101,30360,16897605,,,,,,,,,,
depot,p22.pddl,tr-select,0,,,,,,,,,,,,,,,,
depot,p22.pddl,symk,0,,,,101,,,,,,,,,,,,
driverlog,p01.pddl,causal,1,7,0.00516554,22,8,,683,79,772,64,123,7154,1800,5,2,0,0
driverlog,p01.pddl,comb-w,1,7,0.00501303,24,8,6,711,123,332,76,65,7154,1698,5,2,0,0
driverlog,p01.pddl,tr-select,1,7,0.00466448,,,,,,,,,,,,,,
driverlog,p01.pddl,symk,1,7,0.006304,,8,,,,,,,,,,,,
driverlog,p02.pddl,causal,1,19,0.0231597,20,9,,890,9175,10115,788,671,31682,5773,9,10,0,0
driverlog,p02.pddl,comb-w,1,19,0.0246719,22,9,6,918,9175,10115,626,669,31682,5403,10,9,0,0
driverlog,p02.pddl,tr-select,1,19,0.0227796,,,,,,,,,,,,,,
driverlog,p02.pddl,symk,1,19,0.0224402,,9,,,,,,,,,,,,
driverlog,p03.pddl,causal,1,12,0.0129928,20,10,,891,1420,2797,445,484,20440,4086,8,4,0,0
driverlog,p03.pddl,comb-w,1,12,0.0126452,22,10,6,918,1420,2797,457,469,19418,3923,8,4,0,0
driverlog,p03.pddl,tr-select,1,12,0.0125548,,,,,,,,,,,,,,
driverlog,p03.pddl,symk,1,12,0.0139303,,9,,,,,,,,,,,,
driverlog,p04.pddl,causal,1,16,0.0389659,41,11,,1287,12979,34927,1543,1419,57232,9948,7,9,0,0
driverlog,p04.pddl,comb-w,1,16,0.0415389,43,11,12,1330,12979,34927,1475,1537,57232,9666,8,8,0,0
driverlog,p04.pddl,tr-select,1,16,0.0382332,,,,,,,,,,,,,,
driverlog,p04.pddl,symk,1,16,0.0320288,,11,,,,,,,,,,,,
driverlog,p05.pddl,causal,1,18,0.105827,37,12,,1508,153249,296251,2773,3059,138992,18394,11,7,0,0
driverlog,p05.pddl,comb-w,1,18,0.145073,39,12,12,1551,153249,296251,2761,3100,137970,18415,11,7,0,0
driverlog,p05.pddl,tr-select,1,18,0.103054,,,,,,,,,,,,,,
driverlog,p05.pddl,symk,1,18,0.0882576,,12,,,,,,,,,,,,
driverlog,p06.pddl,causal,1,11,0.0323386,76,14,,3700,23656,12652,1087,1265,55188,9810,7,4,0,0
driverlog,p06.pddl,comb-w,1,11,0.0401706,85,14,18,4778,23656,12652,1203,1913,81760,13196,7,4,0,0
driverlog,p06.pddl,tr-select,1,11,0.0326127,,,,,,,,,,,,,,
driverlog,p06.pddl,symk,1,11,0.0415283,,14,,,,,,,,,,,,
driverlog,p07.pddl,causal,1,13,0.117955,156,15,,5286,236885,216390,5204,5474,186004,30185,9,4,0,0
driverlog,p07.pddl,comb-w,1,13,0.126942,130,15,18,5368,236885,216390,5507,5007,204400,30130,8,5,0,0
driverlog,p07.pddl,tr-select,1,13,0.108913,,,,,,,,,,,,,,
driverlog,p07.pddl,symk,1,13,0.128266,,15,,,,,,,,,,,,
driverlog,p08.pddl,causal,1,22,3.01274,156,16,,6101,4.02691e+07,3.90292e+06,48803,51924,2158464,242096,15,7,0,0
driverlog,p08.pddl,comb-w,1,22,1.96979,130,16,18,6183,4.02691e+07,3.90292e+06,48803,49110,2135980,236103,14,8,0,0
driverlog,p08.pddl,tr-select,1,22,1.8139,,,,,,,,,,,,,,
driverlog,p08.pddl,symk,1,22,1.03121,,16,,,,,,,,,,,,
driverlog,p09.pddl,causal,1,22,1.00721,85,14,,14277,1.58059e+06,617551,44635,32260,1289764,191192,13,9,0,0
driverlog,p09.pddl,comb-w,1,22,0.975221,60,14,9,14384,1.58059e+06,617551,44745,32120,1289764,191024,13,9,0,0
driverlog,p09.pddl,tr-select,1,22,0.976781,,,,,,,,,,,,,,
driverlog,p09.pddl,symk,1,22,0.993193,,14,,,,,,,,,,,,
driverlog,p10.pddl,causal,1,17,1.73446,112,14,,27782,871702,4.34343e+06,55798,125542,2318918,411176,11,6,0,0
driverlog,p10.pddl,comb-w,1,17,1.76613,79,14,9,27920,871702,4.34343e+06,56888,125163,2332204,413312,11,6,0,0
driverlog,p10.pddl,tr-select,1,17,1.68093,,,,,,,,,,,,,,
driverlog,p10.pddl,symk,1,17,2.28545,,14,,,,,,,,,,,,
driverlog,p11.pddl,causal,1,19,2.77923,105,14,,32490,3.11108e+06,3.0197e+06,107905,72881,3289818,443333,13,6,0,0
driverlog,p11.pddl,comb-w,1,19,2.77807,76,14,9,32658,3.11108e+06,3.0197e+06,105448,72431,3200904,432650,13,6,0,0
driverlog,p11.pddl,tr-select,1,19,2.95608,,,,,,,,,,,,,,
driverlog,p11.pddl,symk,1,19,5.69719,,13,,,,,,,,,,,,
driverlog,p12.pddl,causal,0,,,98,14,,125622,,,,,,,,,,
driverlog,p12.pddl,comb-w,0,,,72,14,9,125928,,,,,,,,,,
driverlog,p12.pddl,tr-select,0,,,,,,,,,,,,,,,,
driverlog,p12.pddl,symk,0,,,,14,,,,,,,,,,,,
driverlog,p13.pddl,causal,1,26,88.621,118,14,,236041,4.45926e+07,4.77164e+07,1234330,776344,23525418,5224979,16,10,0,0
driverlog,p13.pddl,comb-w,1,26,123.297,84,14,9,160204,4.45926e+07,4.77164e+07,1302709,840118,26826478,5411814,16,10,0,0
driverlog,p13.pddl,tr-select,1,26,126.821,,,,,,,,,,,,,,
driverlog,p13.pddl,symk,1,26,94.9185,,13,,,,,,,,,,,,
driverlog,p14.pddl,causal,0,,,177,15,,164675,,,,,,,,,,
driverlog,p14.pddl,comb-w,0,,,149,15,18,100171,,,,,,,,,,
driverlog,p14.pddl,tr-select,0,,,,,,,,,,,,,,,,
driverlog,p14.pddl,symk,1,28,1206.77,,15,,,,,,,,,,,,
driverlog,p15.pddl,causal,0,,,556,20,,684573,,,,,,,,,,
driverlog,p15.pddl,comb-w,0,,,666,20,40,435572,,,,,,,,,,
driverlog,p15.pddl,tr-select,0,,,,,,,,,,,,,,,,
driverlog,p15.pddl,symk,0,,,,20,,,,,,,,,,,,
driverlog,p16.pddl,causal,0,,,2235,25,,583964,,,,,,,,,,
driverlog,p16.pddl,comb-w,0,,,1997,25,75,571724,,,,,,,,,,
driverlog,p16.pddl,tr-select,0,,,,,,,,,,,,,,,,
driverlog,p16.pddl,symk,0,,,,24,,,,,,,,,,,,
driverlog,p17.pddl,causal,0,,,1549,30,,691329,,,,,,,,,,
driverlog,p17.pddl,comb-w,0,,,1555,30,75,524982,,,,,,,,,,
driverlog,p17.pddl,tr-select,0,,,,,,,,,,,,,,,,
driverlog,p17.pddl,symk,0,,,,30,,,,,,,,,,,,
driverlog,p18.pddl,causal,0,,,2353,35,,426082,,,,,,,,,,
driverlog,p18.pddl,comb-w,0,,,2093,35,75,429230,,,,,,,,,,
driverlog,p18.pddl,tr-select,0,,,,,,,,,,,,,,,,
driverlog,p18.pddl,symk,0,,,,32,,,,,,,,,,,,
driverlog,p19.pddl,causal,0,,,2235,40,,952562,,,,,,,,,,
driverlog,p19.pddl,comb-w,0,,,2235,40,75,952946,,,,,,,,,,
driverlog,p19.pddl,tr-select,0,,,,,,,,,,,,,,,,
driverlog,p19.pddl,symk,0,,,,40,,,,,,,,,,,,
driverlog,p20.pddl,causal,0,,,11065,45,,881973,,,,,,,,,,
driverlog,p20.pddl,comb-w,0,,,10349,45,216,805762,,,,,,,,,,
driverlog,p20.pddl,tr-select,0,,,,,,,,,,,,,,,,
driverlog,p20.pddl,symk,0,,,,44,,,,,,,,,,,,
elevators-opt08-strips,p01.pddl,causal,1,42,0.191872,0,9,,1358,3338,141094,2365,2190,203378,41819,132,48,0,0
elevators-opt08-strips,p01.pddl,comb-w,1,42,0.184594,0,9,0,1358,3338,141094,2365,2190,203378,41819,132,48,0,0
elevators-opt08-strips,p01.pddl,tr-select,1,42,0.183849,,,,,,,,,,,,,,
elevators-opt08-strips,p01.pddl,symk,1,42,0.185844,,9,,,,,,,,,,,,
elevators-opt08-strips,p02.pddl,causal,1,26,0.102305,0,11,,1952,2007,1.02273e+06,1459,3922,153300,27591,78,16,0,0
elevators-opt08-strips,p02.pddl,comb-w,1,26,0.103642,0,11,0,1952,2007,1.02273e+06,1459,3922,153300,27591,78,16,0,0
elevators-opt08-strips,p02.pddl,tr-select,1,26,0.103484,,,,,,,,,,,,,,
elevators-opt08-strips,p02.pddl,symk,1,26,0.124815,,11,,,,,,,,,,,,
elevators-opt08-strips,p03.pddl,causal,1,55,0.963176,0,10,,1814,18053,563373,6832,7812,1251950,235479,168,126,0,0
elevators-opt08-strips,p03.pddl,comb-w,1,55,1.56776,0,10,0,1814,18053,563373,6832,7812,1251950,235479,168,126,0,0
elevators-opt08-strips,p03.pddl,tr-select,1,55,0.935037,,,,,,,,,,,,,,
elevators-opt08-strips,p03.pddl,symk,1,55,0.95372,,10,,,,,,,,,,,,
elevators-opt08-strips,p04.pddl,causal,1,40,0.906137,0,12,,2582,47271,7.88855e+06,13812,16138,1151794,193123,150,62,0,0
elevators-opt08-strips,p04.pddl,comb-w,1,40,1.03772,0,12,0,2582,47271,7.88855e+06,13812,16138,1151794,193123,150,62,0,0
elevators-opt08-strips,p04.pddl,tr-select,1,40,0.930441,,,,,,,,,,,,,,
elevators-opt08-strips,p04.pddl,symk,1,40,1.24854,,12,,,,,,,,,,,,
elevators-opt08-strips,p05.pddl,causal,1,55,4.73424,0,11,,2369,334641,1.33446e+06,24084,35475,4429348,799896,270,130,0,0
elevators-opt08-strips,p05.pddl,comb-w,1,55,3.93145,0,11,0,2369,334641,1.33446e+06,24084,35475,4429348,799896,270,130,0,0
elevators-opt08-strips,p05.pddl,tr-select,1,55,4.08889,,,,,,,,,,,,,,
elevators-opt08-strips,p05.pddl,symk,1,55,5.81059,,11,,,,,,,,,,,,
elevators-opt08-strips,p06.pddl,causal,1,53,13.335,0,13,,3288,255490,2.71848e+07,53462,120168,12172020,2304983,242,118,0,0
elevators-opt08-strips,p06.pddl,comb-w,1,53,13.5827,0,13,0,3288,255490,2.71848e+07,53462,120168,12172020,2304983,242,118,0,0
elevators-opt08-strips,p06.pddl,tr-select,1,53,11.4729,,,,,,,,,,,,,,
elevators-opt08-strips,p06.pddl,symk,1,53,8.76621,,13,,,,,,,,,,,,
elevators-opt08-strips,p07.pddl,causal,1,62,46.224,0,12,,2895,1.5739e+06,9.18242e+06,138585,214219,15240064,4161677,328,168,0,0
elevators-opt08-strips,p07.pddl,comb-w,1,62,46.8406,0,12,0,2895,1.5739e+06,9.18242e+06,138585,214219,15240064,4161677,328,168,0,0
elevators-opt08-strips,p07.pddl,tr-select,1,62,46.151,,,,,,,,,,,,,,
elevators-opt08-strips,p07.pddl,symk,1,62,60.9973,,12,,,,,,,,,,,,
elevators-opt08-strips,p08.pddl,causal,1,53,62.7365,0,14,,3870,1.7749e+06,6.86844e+07,145003,259760,16857890,6904626,288,124,0,0
elevators-opt08-strips,p08.pddl,comb-w,1,53,60.9397,0,14,0,3870,1.7749e+06,6.86844e+07,145003,259760,16857890,6904626,288,124,0,0
elevators-opt08-strips,p08.pddl,tr-select,1,53,57.9365,,,,,,,,,,,,,,
elevators-opt08-strips,p08.pddl,symk,1,53,46.4796,,14,,,,,,,,,,,,
elevators-opt08-strips,p09.pddl,causal,1,78,727.157,0,13,,3274,2.72915e+07,3.25508e+07,1253600,1554091,43606696,31408149,492,248,0,0
elevators-opt08-strips,p09.pddl,comb-w,1,78,628.753,0,13,0,3274,2.72915e+07,3.25508e+07,1253600,1554091,43606696,31408149,492,248,0,0
elevators-opt08-strips,p09.pddl,tr-select,1,78,721.231,,,,,,,,,,,,,,
elevators-opt08-strips,p09.pddl,symk,1,78,383.342,,13,,,,,,,,,,,,
elevators-opt08-strips,p10.pddl,causal,1,69,1197.04,0,15,,4496,3.46064e+07,6.57582e+08,2195955,1879942,88526662,58414999,518,188,0,0
elevators-opt08-strips,p10.pddl,comb-w,1,69,1451.31,0,15,0,4496,3.46064e+07,6.57582e+08,2195955,1879942,88529728,58414999,519,188,0,0
elevators-opt08-strips,p10.pddl,tr-select,1,69,1233.79,,,,,,,,,,,,,,
elevators-opt08-strips,p10.pddl,symk,1,69,1106.78,,15,,,,,,,,,,,,
elevators-opt08-strips,p11.pddl,causal,1,56,0.323055,0,9,,1763,8657,325345,2527,3902,337260,71843,172,92,0,0
elevators-opt08-strips,p11.pddl,comb-w,1,56,0.503961,0,9,0,1763,8657,325345,2527,3902,337260,71843,172,92,0,0
elevators-opt08-strips,p11.pddl,tr-select,1,56,0.33209,,,,,,,,,,,,,,
elevators-opt08-strips,p11.pddl,symk,1,56,0.43788,,9,,,,,,,,,,,,
elevators-opt08-strips,p12.pddl,causal,1,54,0.794932,0,11,,2836,10814,7.8545e+06,4556,7393,1087408,158402,188,96,0,0
elevators-opt08-strips,p12.pddl,comb-w,1,54,0.995804,0,11,0,2836,10814,7.8545e+06,4556,7393,1087408,158402,188,96,0,0
elevators-opt08-strips,p12.pddl,tr-select,1,54,0.885533,,,,,,,,,,,,,,
elevators-opt08-strips,p12.pddl,symk,1,54,1.05706,,11,,,,,,,,,,,,
elevators-opt08-strips,p13.pddl,causal,1,59,2.29801,0,10,,2241,46522,1.00923e+06,10936,13044,2278038,381355,218,128,0,0
elevators-opt08-strips,p13.pddl,comb-w,1,59,3.21473,0,10,0,2241,46522,1.00923e+06,10936,13044,2278038,381355,218,128,0,0
elevators-opt08-strips,p13.pddl,tr-select,1,59,2.15594,,,,,,,,,,,,,,
elevators-opt08-strips,p13.pddl,symk,1,59,2.3086,,10,,,,,,,,,,,,
elevators-opt08-strips,p14.pddl,causal,1,63,3.71131,0,12,,3750,205914,2.12547e+07,30947,37936,3241784,701723,310,132,0,0
elevators-opt08-strips,p14.pddl,comb-w,1,63,4.56331,0,12,0,3750,205914,2.12547e+07,30947,37936,3241784,701723,310,132,0,0
elevators-opt08-strips,p14.pddl,tr-select,1,63,3.7262,,,,,,,,,,,,,,
elevators-opt08-strips,p14.pddl,symk,1,63,8.88979,,12,,,,,,,,,,,,
elevators-opt08-strips,p15.pddl,causal,1,66,7.42172,0,11,,3034,106948,5.05945e+06,35692,51720,7880642,1712429,250,188,0,0
elevators-opt08-strips,p15.pddl,comb-w,1,66,7.42235,0,11,0,3034,106948,5.05945e+06,35692,51720,7880642,1712429,250,188,0,0
elevators-opt08-strips,p15.pddl,tr-select,1,66,7.4202,,,,,,,,,,,,,,
elevators-opt08-strips,p15.pddl,symk,1,66,13.1746,,11,,,,,,,,,,,,
elevators-opt08-strips,p16.pddl,causal,1,87,383.064,0,13,,4769,8.7959e+06,2.011e+08,451432,713180,44097256,27561067,540,220,0,0
elevators-opt08-strips,p16.pddl,comb-w,1,87,480.226,0,13,0,4769,8.7959e+06,2.011e+08,451432,713180,44097256,27561067,540,220,0,0
elevators-opt08-strips,p16.pddl,tr-select,1,87,488.861,,,,,,,,,,,,,,
elevators-opt08-strips,p16.pddl,symk,1,87,310.245,,13,,,,,,,,,,,,
elevators-opt08-strips,p17.pddl,causal,1,78,416.013,0,12,,3631,1.05037e+07,3.38811e+07,650807,1024230,44235226,29645072,500,278,0,0
elevators-opt08-strips,p17.pddl,comb-w,1,78,526.221,0,12,0,3631,1.05037e+07,3.38811e+07,650807,1024230,44235226,29645072,500,278,0,0
elevators-opt08-strips,p17.pddl,tr-select,1,78,415.604,,,,,,,,,,,,,,
elevators-opt08-strips,p17.pddl,symk,1,78,568.763,,12,,,,,,,,,,,,
elevators-opt08-strips,p18.pddl,causal,1,61,80.1245,0,14,,5661,1.47632e+06,1.83611e+08,265229,254550,20252974,10251126,332,190,0,0
elevators-opt08-strips,p18.pddl,comb-w,1,61,105.188,0,14,0,5661,1.47632e+06,1.83611e+08,265229,254550,20252974,10251126,332,190,0,0
elevators-opt08-strips,p18.pddl,tr-select,1,61,79.1717,,,,,,,,,,,,,,
elevators-opt08-strips,p18.pddl,symk,1,61,67.5591,,14,,,,,,,,,,,,
elevators-opt08-strips,p19.pddl,causal,0,,,0,13,,4089,,,,,,,,,,
elevators-opt08-strips,p19.pddl,comb-w,0,,,0,13,0,4089,,,,,,,,,,
elevators-opt08-strips,p19.pddl,tr-select,0,,,,,,,,,,,,,,,,
elevators-opt08-strips,p19.pddl,symk,0,,,,13,,,,,,,,,,,,
elevators-opt08-strips,p20.pddl,causal,0,,,0,15,,6608,,,,,,,,,,
elevators-opt08-strips,p20.pddl,comb-w,0,,,0,15,0,6608,,,,,,,,,,
elevators-opt08-strips,p20.pddl,tr-select,0,,,,,,,,,,,,,,,,
elevators-opt08-strips,p20.pddl,symk,0,,,,15,,,,,,,,,,,,
elevators-opt08-strips,p21.pddl,causal,1,48,0.567848,0,11,,2594,13277,3.91183e+06,3626,3904,665322,129357,118,66,0,0
elevators-opt08-strips,p21.pddl,comb-w,1,48,0.554299,0,11,0,2594,13277,3.91183e+06,3626,3904,665322,129357,118,66,0,0
elevators-opt08-strips,p21.pddl,tr-select,1,48,0.502158,,,,,,,,,,,,,,
elevators-opt08-strips,p21.pddl,symk,1,48,0.547163,,11,,,,,,,,,,,,
elevators-opt08-strips,p22.pddl,causal,1,54,4.167,0,13,,3452,220522,9.84665e+07,33719,36428,5250014,661610,256,46,0,0
elevators-opt08-strips,p22.pddl,comb-w,1,54,4.02525,0,13,0,3452,220522,9.84665e+07,33719,36428,5250014,661610,256,46,0,0
elevators-opt08-strips,p22.pddl,tr-select,1,54,4.08318,,,,,,,,,,,,,,
elevators-opt08-strips,p22.pddl,symk,1,54,3.94272,,13,,,,,,,,,,,,
elevators-opt08-strips,p23.pddl,causal,1,69,16.0613,0,12,,3450,598190,4.16078e+07,81291,79314,15035664,2218224,264,206,0,0
elevators-opt08-strips,p23.pddl,comb-w,1,69,15.9545,0,12,0,3450,598190,4.16078e+07,81291,79314,15035664,2218224,264,206,0,0
elevators-opt08-strips,p23.pddl,tr-select,1,69,17.15,,,,,,,,,,,,,,
elevators-opt08-strips,p23.pddl,symk,1,69,16.4158,,12,,,,,,,,,,,,
elevators-opt08-strips,p24.pddl,causal,1,56,9.53364,0,14,,4508,346915,3.32431e+08,53538,97973,10020710,2395685,216,104,0,0
elevators-opt08-strips,p24.pddl,comb-w,1,56,9.40683,0,14,0,4508,346915,3.32431e+08,53538,97973,10020710,2395685,216,104,0,0
elevators-opt08-strips,p24.pddl,tr-select,1,56,9.94149,,,,,,,,,,,,,,
elevators-opt08-strips,p24.pddl,symk,1,56,8.62968,,14,,,,,,,,,,,,
elevators-opt08-strips,p25.pddl,causal,1,63,16.0847,0,13,,4185,901580,2.18854e+07,78537,123991,12173042,2412066,309,112,0,0
elevators-opt08-strips,p25.pddl,comb-w,1,63,16.3479,0,13,0,4185,901580,2.18854e+07,78537,123991,12173042,2412066,309,112,0,0
elevators-opt08-strips,p25.pddl,tr-select,1,63,15.9586,,,,,,,,,,,,,,
elevators-opt08-strips,p25.pddl,symk,1,63,16.8936,,13,,,,,,,,,,,,
elevators-opt08-strips,p26.pddl,causal,1,48,18.8392,0,15,,5818,377411,7.49758e+08,86571,203723,16521652,2913103,190,130,0,0
elevators-opt08-strips,p26.pddl,comb-w,1,48,18.9078,0,15,0,5818,377411,7.49758e+08,86571,203723,16521652,2913103,190,130,0,0
elevators-opt08-strips,p26.pddl,tr-select,1,48,22.0987,,,,,,,,,,,,,,
elevators-opt08-strips,p26.pddl,symk,1,48,25.3659,,15,,,,,,,,,,,,
elevators-opt08-strips,p27.pddl,causal,1,82,438.683,0,14,,5231,8.36663e+06,1.54885e+08,897234,942625,65824976,42145084,454,198,0,0
elevators-opt08-strips,p27.pddl,comb-w,1,82,495.603,0,14,0,5231,8.36663e+06,1.54885e+08,897234,942625,65824976,42145084,454,198,0,0
elevators-opt08-strips,p27.pddl,tr-select,1,82,454.132,,,,,,,,,,,,,,
elevators-opt08-strips,p27.pddl,symk,1,82,420.706,,14,,,,,,,,,,,,
elevators-opt08-strips,p28.pddl,causal,0,,,0,16,,6809,,,,,,,,,,
elevators-opt08-strips,p28.pddl,comb-w,0,,,0,16,0,6809,,,,,,,,,,
elevators-opt08-strips,p28.pddl,tr-select,0,,,,,,,,,,,,,,,,
elevators-opt08-strips,p28.pddl,symk,0,,,,16,,,,,,,,,,,,
elevators-opt08-strips,p29.pddl,causal,0,,,0,15,,6115,,,,,,,,,,
elevators-opt08-strips,p29.pddl,comb-w,0,,,0,15,0,6115,,,,,,,,,,
elevators-opt08-strips,p29.pddl,tr-select,0,,,,,,,,,,,,,,,,
elevators-opt08-strips,p29.pddl,symk,0,,,,15,,,,,,,,,,,,
elevators-opt08-strips,p30.pddl,causal,0,,,0,17,,8267,,,,,,,,,,
elevators-opt08-strips,p30.pddl,comb-w,0,,,0,17,0,8267,,,,,,,,,,
elevators-opt08-strips,p30.pddl,tr-select,0,,,,,,,,,,,,,,,,
elevators-opt08-strips,p30.pddl,symk,0,,,,17,,,,,,,,,,,,
elevators-opt11-strips,p01.pddl,causal,1,56,0.377609,0,9,,1763,8657,325345,2527,3902,337260,71843,172,92,0,0
elevators-opt11-strips,p01.pddl,comb-w,1,56,0.312863,0,9,0,1763,8657,325345,2527,3902,337260,71843,172,92,0,0
elevators-opt11-strips,p01.pddl,tr-select,1,56,0.312616,,,,,,,,,,,,,,
elevators-opt11-strips,p01.pddl,symk,1,56,0.397818,,9,,,,,,,,,,,,
elevators-opt11-strips,p02.pddl,causal,1,48,0.49988,0,11,,2594,13277,3.91183e+06,3626,3904,665322,129357,118,66,0,0
elevators-opt11-strips,p02.pddl,comb-w,1,48,0.579633,0,11,0,2594,13277,3.91183e+06,3626,3904,665322,129357,118,66,0,0
elevators-opt11-strips,p02.pddl,tr-select,1,48,0.527768,,,,,,,,,,,,,,
elevators-opt11-strips,p02.pddl,symk,1,48,0.535957,,11,,,,,,,,,,,,
elevators-opt11-strips,p03.pddl,causal,1,54,0.738261,0,11,,2836,10814,7.8545e+06,4556,7393,1087408,158402,188,96,0,0
elevators-opt11-strips,p03.pddl,comb-w,1,54,0.741228,0,11,0,2836,10814,7.8545e+06,4556,7393,1087408,158402,188,96,0,0
elevators-opt11-strips,p03.pddl,tr-select,1,54,0.776196,,,,,,,,,,,,,,
elevators-opt11-strips,p03.pddl,symk,1,54,0.952877,,11,,,,,,,,,,,,
elevators-opt11-strips,p04.pddl,causal,1,55,0.926359,0,10,,1814,18053,563373,6832,7812,1251950,235479,168,126,0,0
elevators-opt11-strips,p04.pddl,comb-w,1,55,1.01806,0,10,0,1814,18053,563373,6832,7812,1251950,235479,168,126,0,0
elevators-opt11-strips,p04.pddl,tr-select,1,55,1.02292,,,,,,,,,,,,,,
elevators-opt11-strips,p04.pddl,symk,1,55,1.18886,,10,,,,,,,,,,,,
elevators-opt11-strips,p05.pddl,causal,1,59,2.83095,0,10,,2241,46522,1.00923e+06,10936,13044,2278038,381355,218,128,0,0
elevators-opt11-strips,p05.pddl,comb-w,1,59,2.14555,0,10,0,2241,46522,1.00923e+06,10936,13044,2278038,381355,218,128,0,0
elevators-opt11-strips,p05.pddl,tr-select,1,59,2.94151,,,,,,,,,,,,,,
elevators-opt11-strips,p05.pddl,symk,1,59,1.58946,,10,,,,,,,,,,,,
elevators-opt11-strips,p06.pddl,causal,1,40,0.914385,0,12,,2582,47271,7.88855e+06,13812,16138,1151794,193123,150,62,0,0
elevators-opt11-strips,p06.pddl,comb-w,1,40,0.951274,0,12,0,2582,47271,7.88855e+06,13812,16138,1151794,193123,150,62,0,0
elevators-opt11-strips,p06.pddl,tr-select,1,40,0.944766,,,,,,,,,,,,,,
elevators-opt11-strips,p06.pddl,symk,1,40,1.23373,,12,,,,,,,,,,,,
elevators-opt11-strips,p07.pddl,causal,1,48,18.1627,0,15,,5818,377411,7.49758e+08,86571,203723,16521652,2913103,190,130,0,0
elevators-opt11-strips,p07.pddl,comb-w,1,48,21.8752,0,15,0,5818,377411,7.49758e+08,86571,203723,16521652,2913103,190,130,0,0
elevators-opt11-strips,p07.pddl,tr-select,1,48,17.3384,,,,,,,,,,,,,,
elevators-opt11-strips,p07.pddl,symk,1,48,28.8278,,15,,,,,,,,,,,,
elevators-opt11-strips,p08.pddl,causal,1,55,3.77709,0,11,,2369,334641,1.33446e+06,24084,35475,4429348,799896,270,130,0,0
elevators-opt11-strips,p08.pddl,comb-w,1,55,5.27391,0,11,0,2369,334641,1.33446e+06,24084,35475,4429348,799896,270,130,0,0
elevators-opt11-strips,p08.pddl,tr-select,1,55,4.09485,,,,,,,,,,,,,,
elevators-opt11-strips,p08.pddl,symk,1,55,6.46569,,11,,,,,,,,,,,,
elevators-opt11-strips,p09.pddl,causal,1,54,5.68394,0,13,,3452,220522,9.84665e+07,33719,36428,5250014,661610,256,46,0,0
elevators-opt11-strips,p09.pddl,comb-w,1,54,5.45291,0,13,0,3452,220522,9.84665e+07,33719,36428,5250014,661610,256,46,0,0
elevators-opt11-strips,p09.pddl,tr-select,1,54,4.12886,,,,,,,,,,,,,,
elevators-opt11-strips,p09.pddl,symk,1,54,5.16021,,13,,,,,,,,,,,,
elevators-opt11-strips,p10.pddl,causal,1,63,5.09692,0,12,,3750,205914,2.12547e+07,30947,37936,3241784,701723,310,132,0,0
elevators-opt11-strips,p10.pddl,comb-w,1,63,5.28435,0,12,0,3750,205914,2.12547e+07,30947,37936,3241784,701723,310,132,0,0
elevators-opt11-strips,p10.pddl,tr-select,1,63,4.24031,,,,,,,,,,,,,,
elevators-opt11-strips,p10.pddl,symk,1,63,7.97688,,12,,,,,,,,,,,,
elevators-opt11-strips,p11.pddl,causal,0,,,0,16,,6809,,,,,,,,,,
elevators-opt11-strips,p11.pddl,comb-w,0,,,0,16,0,6809,,,,,,,,,,
elevators-opt11-strips,p11.pddl,tr-select,0,,,,,,,,,,,,,,,,
elevators-opt11-strips,p11.pddl,symk,0,,,,16,,,,,,,,,,,,
elevators-opt11-strips,p12.pddl,causal,1,53,13.7735,0,13,,3288,255490,2.71848e+07,53462,120168,12172020,2304983,242,118,0,0
elevators-opt11-strips,p12.pddl,comb-w,1,53,11.0478,0,13,0,3288,255490,2.71848e+07,53462,120168,12172020,2304983,242,118,0,0
elevators-opt11-strips,p12.pddl,tr-select,1,53,12.0959,,,,,,,,,,,,,,
elevators-opt11-strips,p12.pddl,symk,1,53,8.52583,,13,,,,,,,,,,,,
elevators-opt11-strips,p13.pddl,causal,1,62,49.3292,0,12,,2895,1.5739e+06,9.18242e+06,138585,214219,15240064,4161677,328,168,0,0
elevators-opt11-strips,p13.pddl,comb-w,1,62,41.0551,0,12,0,2895,1.5739e+06,9.18242e+06,138585,214219,15240064,4161677,328,168,0,0
elevators-opt11-strips,p13.pddl,tr-select,1,62,41.5307,,,,,,,,,,,,,,
elevators-opt11-strips,p13.pddl,symk,1,62,44.2072,,12,,,,,,,,,,,,
elevators-opt11-strips,p14.pddl,causal,1,53,62.5757,0,14,,3870,1.7749e+06,6.86844e+07,145003,259760,16857890,6904626,288,124,0,0
elevators-opt11-strips,p14.pddl,comb-w,1,53,70.4962,0,14,0,3870,1.7749e+06,6.86844e+07,145003,259760,16857890,6904626,288,124,0,0
elevators-opt11-strips,p14.pddl,tr-select,1,53,57.609,,,,,,,,,,,,,,
elevators-opt11-strips,p14.pddl,symk,1,53,49.5474,,14,,,,,,,,,,,,
elevators-opt11-strips,p15.pddl,causal,1,78,583.505,0,13,,3274,2.72915e+07,3.25508e+07,1253600,1554091,43606696,31408149,492,248,0,0
elevators-opt11-strips,p15.pddl,comb-w,1,78,583.708,0,13,0,3274,2.72915e+07,3.25508e+07,1253600,1554091,43606696,31408149,492,248,0,0
elevators-opt11-strips,p15.pddl,tr-select,1,78,699.843,,,,,,,,,,,,,,
elevators-opt11-strips,p15.pddl,symk,1,78,362.309,,13,,,,,,,,,,,,
elevators-opt11-strips,p16.pddl,causal,1,66,8.39085,0,11,,3034,106948,5.05945e+06,35692,51720,7880642,1712429,250,188,0,0
elevators-opt11-strips,p16.pddl,comb-w,1,66,9.69101,0,11,0,3034,106948,5.05945e+06,35692,51720,7880642,1712429,250,188,0,0
elevators-opt11-strips,p16.pddl,tr-select,1,66,7.23803,,,,,,,,,,,,,,
elevators-opt11-strips,p16.pddl,symk,1,66,13.9078,,11,,,,,,,,,,,,
elevators-opt11-strips,p17.pddl,causal,1,78,416.439,0,12,,3631,1.05037e+07,3.38811e+07,650807,1024230,44235226,29645072,500,278,0,0
elevators-opt11-strips,p17.pddl,comb-w,1,78,414.833,0,12,0,3631,1.05037e+07,3.38811e+07,650807,1024230,44235226,29645072,500,278,0,0
elevators-opt11-strips,p17.pddl,tr-select,1,78,495.606,,,,,,,,,,,,,,
elevators-opt11-strips,p17.pddl,symk,1,78,543.146,,12,,,,,,,,,,,,
elevators-opt11-strips,p18.pddl,causal,1,61,94.7734,0,14,,5661,1.47632e+06,1.83611e+08,265229,254550,20252974,10251126,332,190,0,0
elevators-opt11-strips,p18.pddl,comb-w,1,61,95.3641,0,14,0,5661,1.47632e+06,1.83611e+08,265229,254550,20252974,10251126,332,190,0,0
elevators-opt11-strips,p18.pddl,tr-select,1,61,78.9303,,,,,,,,,,,,,,
elevators-opt11-strips,p18.pddl,symk,1,61,66.9957,,14,,,,,,,,,,,,
elevators-opt11-strips,p19.pddl,causal,1,69,15.4383,0,12,,3450,598190,4.16078e+07,81291,79314,15035664,2218224,264,206,0,0
elevators-opt11-strips,p19.pddl,comb-w,1,69,15.4571,0,12,0,3450,598190,4.16078e+07,81291,79314,15035664,2218224,264,206,0,0
elevators-opt11-strips,p19.pddl,tr-select,1,69,15.6839,,,,,,,,,,,,,,
elevators-opt11-strips,p19.pddl,symk,1,69,13.9909,,12,,,,,,,,,,,,
elevators-opt11-strips,p20.pddl,causal,1,56,9.89425,0,14,,4508,346915,3.32431e+08,53538,97973,10020710,2395685,216,104,0,0
elevators-opt11-strips,p20.pddl,comb-w,1,56,11.8486,0,14,0,4508,346915,3.32431e+08,53538,97973,10020710,2395685,216,104,0,0
elevators-opt11-strips,p20.pddl,tr-select,1,56,11.293,,,,,,,,,,,,,,
elevators-opt11-strips,p20.pddl,symk,1,56,8.37564,,14,,,,,,,,,,,,
floortile-opt11-strips,opt-p01-001.pddl,causal,1,38,0.145758,2071,16,,3329,2946,13266,2155,2549,221774,35177,19,17,0,0
floortile-opt11-strips,opt-p01-001.pddl,comb-w,1,38,0.156047,1906,16,126,3164,2487,14778,2970,3081,223818,39293,18,18,0,0
floortile-opt11-strips,opt-p01-001.pddl,tr-select,1,38,0.165348,,,,,,,,,,,,,,
floortile-opt11-strips,opt-p01-001.pddl,symk,1,38,0.140352,,16,,,,,,,,,,,,
floortile-opt11-strips,opt-p01-002.pddl,causal,1,33,0.123367,2071,16,,3329,2691,13266,1970,2549,184982,34357,15,17,0,0
floortile-opt11-strips,opt-p01-002.pddl,comb-w,1,33,0.129094,1906,16,126,3164,2337,13266,2906,2909,186004,35087,14,17,0,0
floortile-opt11-strips,opt-p01-002.pddl,tr-select,1,33,0.118255,,,,,,,,,,,,,,
floortile-opt11-strips,opt-p01-002.pddl,symk,1,33,0.121092,,16,,,,,,,,,,,,
floortile-opt11-strips,opt-p02-003.pddl,causal,1,62,0.965832,7278,19,,4543,12680,33766,5200,6141,733796,92646,36,25,0,0
floortile-opt11-strips,opt-p02-003.pddl,comb-w,1,62,0.409529,4181,19,186,4108,9445,42422,5495,7190,453768,68154,33,27,0,0
floortile-opt11-strips,opt-p02-003.pddl,tr-select,1,62,0.518439,,,,,,,,,,,,,,
floortile-opt11-strips,opt-p02-003.pddl,symk,1,62,0.591467,,19,,,,,,,,,,,,
floortile-opt11-strips,opt-p02-004.pddl,causal,1,53,0.526379,7278,19,,4543,10827,33768,4704,6130,614222,89503,27,25,0,0
floortile-opt11-strips,opt-p02-004.pddl,comb-w,1,53,0.456309,4181,19,186,4108,8568,38770,5354,6758,395514,62400,25,26,0,0
floortile-opt11-strips,opt-p02-004.pddl,tr-select,1,53,0.442346,,,,,,,,,,,,,,
floortile-opt11-strips,opt-p02-004.pddl,symk,1,53,0.42815,,19,,,,,,,,,,,,
floortile-opt11-strips,opt-p03-005.pddl,causal,1,58,0.769838,22615,22,,7042,26062,60866,8057,10704,1039374,159901,26,30,0,0
floortile-opt11-strips,opt-p03-005.pddl,comb-w,1,58,0.828727,22493,22,258,6259,20260,79990,10568,13153,832930,138498,24,33,0,0
floortile-opt11-strips,opt-p03-005.pddl,tr-select,1,58,0.809431,,,,,,,,,,,,,,
floortile-opt11-strips,opt-p03-005.pddl,symk,1,58,0.550122,,22,,,,,,,,,,,,
floortile-opt11-strips,opt-p03-006.pddl,causal,1,60,0.883969,22615,22,,7042,25293,66420,8323,11230,1145662,169312,27,31,0,0
floortile-opt11-strips,opt-p03-006.pddl,comb-w,1,60,0.921406,22493,22,258,6259,20537,79990,11121,13153,898338,143528,25,33,0,0
floortile-opt11-strips,opt-p03-006.pddl,tr-select,1,60,0.914546,,,,,,,,,,,,,,
floortile-opt11-strips,opt-p03-006.pddl,symk,1,60,0.654441,,22,,,,,,,,,,,,
floortile-opt11-strips,opt-p04-007.pddl,causal,1,66,3.45641,45794,24,,9418,115326,235854,25648,31834,3872358,483777,35,29,0,0
floortile-opt11-strips,opt-p04-007.pddl,comb-w,1,66,4.2273,42464,24,248,6091,77695,348500,31891,34642,3470712,470706,31,33,0,0
floortile-opt11-strips,opt-p04-007.pddl,tr-select,1,66,4.0094,,,,,,,,,,,,,,
floortile-opt11-strips,opt-p04-007.pddl,symk,1,66,3.66518,,24,,,,,,,,,,,,
floortile-opt11-strips,opt-p04-008.pddl,causal,1,76,4.42825,45794,24,,9418,107383,287510,26792,34440,4573450,557863,43,31,0,0
floortile-opt11-strips,opt-p04-008.pddl,comb-w,1,76,4.96374,42464,24,248,6091,73176,410550,34076,37953,4042010,515605,39,35,0,0
floortile-opt11-strips,opt-p04-008.pddl,tr-select,1,76,4.90121,,,,,,,,,,,,,,
floortile-opt11-strips,opt-p04-008.pddl,symk,1,76,4.19837,,24,,,,,,,,,,,,
floortile-opt11-strips,opt-p05-009.pddl,causal,1,76,6.98913,204276,28,,10974,283158,657808,44392,62617,4121726,741166,35,39,0,0
floortile-opt11-strips,opt-p05-009.pddl,comb-w,1,76,11.6221,92229,28,344,8225,197845,909016,57187,68319,7498414,960989,31,43,0,0
floortile-opt11-strips,opt-p05-009.pddl,tr-select,1,76,10.4902,,,,,,,,,,,,,,
floortile-opt11-strips,opt-p05-009.pddl,symk,1,76,4.82811,,28,,,,,,,,,,,,
floortile-opt11-strips,opt-p05-010.pddl,causal,1,87,6.81852,204276,28,,10974,299866,779856,50246,69335,5386962,878244,45,41,0,0
floortile-opt11-strips,opt-p05-010.pddl,comb-w,1,87,13.5486,92229,28,344,8225,203678,1.05124e+06,65693,74613,9440214,1121120,40,45,0,0
floortile-opt11-strips,opt-p05-010.pddl,tr-select,1,87,13.0483,,,,,,,,,,,,,,
floortile-opt11-strips,opt-p05-010.pddl,symk,1,87,6.3715,,28,,,,,,,,,,,,
floortile-opt11-strips,opt-p06-011.pddl,causal,1,101,25.4284,61548,32,,16466,773068,1.44725e+06,94355,127518,16643270,1896627,51,48,0,0
floortile-opt11-strips,opt-p06-011.pddl,comb-w,1,101,46.6895,220717,32,456,10755,428442,2.48419e+06,120674,137517,8449896,2216274,43,56,0,0
floortile-opt11-strips,opt-p06-011.pddl,tr-select,1,101,39.0988,,,,,,,,,,,,,,
floortile-opt11-strips,opt-p06-011.pddl,symk,1,101,14.4959,,32,,,,,,,,,,,,
floortile-opt11-strips,opt-p06-012.pddl,causal,1,106,30.6112,61548,32,,16466,803291,1.44725e+06,95269,127518,17254426,1983136,56,48,0,0
floortile-opt11-strips,opt-p06-012.pddl,comb-w,1,106,52.0584,220717,32,456,10755,456732,2.63927e+06,119031,142280,8648164,2382713,48,57,0,0
floortile-opt11-strips,opt-p06-012.pddl,tr-select,1,106,43.8396,,,,,,,,,,,,,,
floortile-opt11-strips,opt-p06-012.pddl,symk,1,106,15.8171,,32,,,,,,,,,,,,
floortile-opt11-strips,opt-p07-013.pddl,causal,1,108,124.161,124438,34,,23463,3.1089e+06,5.34976e+06,284593,356105,19860526,5531554,59,47,0,0
floortile-opt11-strips,opt-p07-013.pddl,comb-w,1,108,118.605,235488,34,430,13128,1.41413e+06,1.06912e+07,329510,367586,13684580,5181216,49,57,0,0
floortile-opt11-strips,opt-p07-013.pddl,tr-select,1,108,119.401,,,,,,,,,,,,,,
floortile-opt11-strips,opt-p07-013.pddl,symk,1,108,122.001,,34,,,,,,,,,,,,
floortile-opt11-strips,opt-p07-014.pddl,causal,1,110,132.484,124438,34,,23463,3.07327e+06,5.77864e+06,280593,369585,20468616,5784940,60,48,0,0
floortile-opt11-strips,opt-p07-014.pddl,comb-w,1,110,141.31,235488,34,430,13128,1.56489e+06,1.06912e+07,328256,367586,11646712,5235722,51,57,0,0
floortile-opt11-strips,opt-p07-014.pddl,tr-select,1,110,148.692,,,,,,,,,,,,,,
floortile-opt11-strips,opt-p07-014.pddl,symk,1,110,100.939,,34,,,,,,,,,,,,
floortile-opt11-strips,opt-p08-015.pddl,causal,0,,,586341,41,,80528,,,,,,,,,,
floortile-opt11-strips,opt-p08-015.pddl,comb-w,0,,,522582,41,885,50745,,,,,,,,,,
floortile-opt11-strips,opt-p08-015.pddl,tr-select,0,,,,,,,,,,,,,,,,
floortile-opt11-strips,opt-p08-015.pddl,symk,0,,,,41,,,,,,,,,,,,
floortile-opt11-strips,opt-p08-016.pddl,causal,0,,,586341,41,,80528,,,,,,,,,,
floortile-opt11-strips,opt-p08-016.pddl,comb-w,0,,,522582,41,885,50745,,,,,,,,,,
floortile-opt11-strips,opt-p08-016.pddl,tr-select,0,,,,,,,,,,,,,,,,
floortile-opt11-strips,opt-p08-016.pddl,symk,0,,,,41,,,,,,,,,,,,
floortile-opt11-strips,opt-p09-017.pddl,causal,0,,,862145,48,,288085,,,,,,,,,,
floortile-opt11-strips,opt-p09-017.pddl,comb-w,0,,,797088,48,1570,107198,,,,,,,,,,
floortile-opt11-strips,opt-p09-017.pddl,tr-select,0,,,,,,,,,,,,,,,,
floortile-opt11-strips,opt-p09-017.pddl,symk,0,,,,48,,,,,,,,,,,,
floortile-opt11-strips,opt-p09-018.pddl,causal,0,,,862145,48,,288085,,,,,,,,,,
floortile-opt11-strips,opt-p09-018.pddl,comb-w,0,,,797088,48,1570,107198,,,,,,,,,,
floortile-opt11-strips,opt-p09-018.pddl,tr-select,0,,,,,,,,,,,,,,,,
floortile-opt11-strips,opt-p09-018.pddl,symk,0,,,,48,,,,,,,,,,,,
floortile-opt11-strips,opt-p10-019.pddl,causal,0,,,616065,48,,257579,,,,,,,,,,
floortile-opt11-strips,opt-p10-019.pddl,comb-w,0,,,465895,48,1062,53304,,,,,,,,,,
floortile-opt11-strips,opt-p10-019.pddl,tr-select,0,,,,,,,,,,,,,,,,
floortile-opt11-strips,opt-p10-019.pddl,symk,0,,,,48,,,,,,,,,,,,
floortile-opt11-strips,opt-p10-020.pddl,causal,0,,,616065,48,,257579,,,,,,,,,,
floortile-opt11-strips,opt-p10-020.pddl,comb-w,0,,,465895,48,1062,53304,,,,,,,,,,
floortile-opt11-strips,opt-p10-020.pddl,tr-select,0,,,,,,,,,,,,,,,,
floortile-opt11-strips,opt-p10-020.pddl,symk,0,,,,48,,,,,,,,,,,,
floortile-opt14-strips,p01-4-3-2.pddl,causal,1,56,0.479394,7278,19,,4543,11506,33768,4878,6130,640794,91508,30,25,0,0
floortile-opt14-strips,p01-4-3-2.pddl,comb-w,1,56,0.425815,4181,19,186,4108,8237,42422,5396,7190,426174,66164,27,27,0,0
floortile-opt14-strips,p01-4-3-2.pddl,tr-select,1,56,0.462029,,,,,,,,,,,,,,
floortile-opt14-strips,p01-4-3-2.pddl,symk,1,56,0.473798,,19,,,,,,,,,,,,
floortile-opt14-strips,p01-4-4-2.pddl,causal,1,68,3.61231,45794,24,,9418,107470,261418,25340,33133,4004196,505706,36,30,0,0
floortile-opt14-strips,p01-4-4-2.pddl,comb-w,1,68,5.03529,42464,24,248,6091,72033,379816,32116,36271,3387930,464159,32,34,0,0
floortile-opt14-strips,p01-4-4-2.pddl,tr-select,1,68,3.84999,,,,,,,,,,,,,,
floortile-opt14-strips,p01-4-4-2.pddl,symk,1,68,3.74299,,24,,,,,,,,,,,,
floortile-opt14-strips,p01-5-3-2.pddl,causal,1,63,1.04763,22615,22,,7042,27998,60866,8524,10704,1168146,167627,31,30,0,0
floortile-opt14-strips,p01-5-3-2.pddl,comb-w,1,63,0.9769,22493,22,258,6259,20627,79990,10900,13153,884030,140848,28,33,0,0
floortile-opt14-strips,p01-5-3-2.pddl,tr-select,1,63,0.992379,,,,,,,,,,,,,,
floortile-opt14-strips,p01-5-3-2.pddl,symk,1,63,0.6164,,22,,,,,,,,,,,,
floortile-opt14-strips,p01-5-4-2.pddl,causal,1,91,9.35804,204276,28,,10974,287798,763942,49216,68713,5470766,877409,49,41,0,0
floortile-opt14-strips,p01-5-4-2.pddl,comb-w,1,91,16.3056,92229,28,344,8225,188769,1.05124e+06,67155,74613,9553656,1126597,44,45,0,0
floortile-opt14-strips,p01-5-4-2.pddl,tr-select,1,91,14.5825,,,,,,,,,,,,,,
floortile-opt14-strips,p01-5-4-2.pddl,symk,1,91,8.46252,,28,,,,,,,,,,,,
floortile-opt14-strips,p01-5-5-2.pddl,causal,1,111,137.625,124438,34,,23463,3.13755e+06,5.77864e+06,285982,369585,20045508,5830580,61,48,0,0
floortile-opt14-strips,p01-5-5-2.pddl,comb-w,1,111,154.994,235488,34,430,13128,1.616e+06,1.06912e+07,331668,367586,13770428,5119544,52,57,0,0
floortile-opt14-strips,p01-5-5-2.pddl,tr-select,1,111,140.571,,,,,,,,,,,,,,
floortile-opt14-strips,p01-5-5-2.pddl,symk,1,111,132.512,,34,,,,,,,,,,,,
floortile-opt14-strips,p01-6-4-2.pddl,causal,1,104,28.4379,61548,32,,16466,793024,1.34095e+06,89614,121912,17454738,1862425,55,47,0,0
floortile-opt14-strips,p01-6-4-2.pddl,comb-w,1,104,48.7838,220717,32,456,10755,449191,2.34182e+06,116063,133238,8710506,2173124,47,55,0,0
floortile-opt14-strips,p01-6-4-2.pddl,tr-select,1,104,46.1167,,,,,,,,,,,,,,
floortile-opt14-strips,p01-6-4-2.pddl,symk,1,104,16.6281,,32,,,,,,,,,,,,
floortile-opt14-strips,p01-6-5-2.pddl,causal,1,122,258.527,339657,39,,26753,6.27688e+06,1.99949e+07,597402,773229,16880374,8203649,56,64,0,0
floortile-opt14-strips,p01-6-5-2.pddl,comb-w,1,122,555.13,278229,39,570,19303,4.63233e+06,2.66199e+07,868199,972663,28830620,16841779,52,69,0,0
floortile-opt14-strips,p01-6-5-2.pddl,tr-select,1,122,652.782,,,,,,,,,,,,,,
floortile-opt14-strips,p01-6-5-2.pddl,symk,1,122,236.632,,39,,,,,,,,,,,,
floortile-opt14-strips,p02-4-4-2.pddl,causal,1,75,4.33196,45794,24,,9418,104083,287510,26070,34440,4397666,541987,42,31,0,0
floortile-opt14-strips,p02-4-4-2.pddl,comb-w,1,75,5.68645,42464,24,248,6091,77789,379816,34438,36271,3997042,510202,39,34,0,0
floortile-opt14-strips,p02-4-4-2.pddl,tr-select,1,75,5.92164,,,,,,,,,,,,,,
floortile-opt14-strips,p02-4-4-2.pddl,symk,1,75,4.40931,,24,,,,,,,,,,,,
floortile-opt14-strips,p02-5-3-2.pddl,causal,1,65,1.04713,22615,22,,7042,26519,66420,8651,11230,1235598,175187,32,31,0,0
floortile-opt14-strips,p02-5-3-2.pddl,comb-w,1,65,1.61174,22493,22,258,6259,21978,79990,11355,13153,964768,148212,30,33,0,0
floortile-opt14-strips,p02-5-3-2.pddl,tr-select,1,65,1.02669,,,,,,,,,,,,,,
floortile-opt14-strips,p02-5-3-2.pddl,symk,1,65,0.696249,,22,,,,,,,,,,,,
floortile-opt14-strips,p02-5-4-2.pddl,causal,1,98,8.87313,204276,28,,10974,303728,779856,50012,69335,5785542,887630,55,41,0,0
floortile-opt14-strips,p02-5-4-2.pddl,comb-w,1,98,18.2741,92229,28,344,8225,203514,1.12626e+06,68494,76773,10261902,1179733,50,46,0,0
floortile-opt14-strips,p02-5-4-2.pddl,tr-select,1,98,19.1646,,,,,,,,,,,,,,
floortile-opt14-strips,p02-5-4-2.pddl,symk,1,98,9.53534,,28,,,,,,,,,,,,
floortile-opt14-strips,p02-5-5-2.pddl,causal,1,106,130.221,124438,34,,23463,2.97392e+06,5.77864e+06,285181,369585,19341350,5640048,56,48,0,0
floortile-opt14-strips,p02-5-5-2.pddl,comb-w,1,106,139.904,235488,34,430,13128,1.47608e+06,1.06912e+07,340264,367586,10515358,5239340,47,57,0,0
floortile-opt14-strips,p02-5-5-2.pddl,tr-select,1,106,152.746,,,,,,,,,,,,,,
floortile-opt14-strips,p02-5-5-2.pddl,symk,1,106,113.559,,34,,,,,,,,,,,,
floortile-opt14-strips,p02-6-4-2.pddl,causal,1,109,33.0925,61548,32,,16466,776682,1.44725e+06,92894,127518,17570224,1983633,59,48,0,0
floortile-opt14-strips,p02-6-4-2.pddl,comb-w,1,109,53.956,220717,32,456,10755,450351,2.61389e+06,120378,141331,8652252,2366919,51,57,0,0
floortile-opt14-strips,p02-6-4-2.pddl,tr-select,1,109,51.7904,,,,,,,,,,,,,,
floortile-opt14-strips,p02-6-4-2.pddl,symk,1,109,16.8219,,32,,,,,,,,,,,,
floortile-opt14-strips,p02-6-5-2.pddl,causal,1,141,286.358,339657,39,,26753,6.43348e+06,1.99949e+07,597629,773229,19580498,8630350,75,64,0,0
floortile-opt14-strips,p02-6-5-2.pddl,comb-w,1,141,712.069,278229,39,570,19303,4.27027e+06,2.80801e+07,880558,997187,29889412,17265091,69,70,0,0
floortile-opt14-strips,p02-6-5-2.pddl,tr-select,1,141,703.508,,,,,,,,,,,,,,
floortile-opt14-strips,p02-6-5-2.pddl,symk,1,141,247.574,,39,,,,,,,,,,,,
floortile-opt14-strips,p03-4-3-2.pddl,causal,1,56,0.623692,7278,19,,4543,12194,33766,5029,6141,660212,86633,30,25,0,0
floortile-opt14-strips,p03-4-3-2.pddl,comb-w,1,56,0.436637,4181,19,186,4108,9988,38770,5486,6758,412888,66156,28,26,0,0
floortile-opt14-strips,p03-4-3-2.pddl,tr-select,1,56,0.49014,,,,,,,,,,,,,,
floortile-opt14-strips,p03-4-3-2.pddl,symk,1,56,0.464931,,19,,,,,,,,,,,,
floortile-opt14-strips,p03-4-4-2.pddl,causal,1,72,4.68641,45794,24,,9418,102141,287510,26007,34440,4235168,530245,39,31,0,0
floortile-opt14-strips,p03-4-4-2.pddl,comb-w,1,72,6.02837,42464,24,248,6091,76568,379816,34788,36271,3890754,505889,36,34,0,0
floortile-opt14-strips,p03-4-4-2.pddl,tr-select,1,72,4.28598,,,,,,,,,,,,,,
floortile-opt14-strips,p03-4-4-2.pddl,symk,1,72,5.91511,,24,,,,,,,,,,,,
floortile-opt14-strips,p03-5-3-2.pddl,causal,1,65,1.22692,22615,22,,7042,28997,66420,9257,11230,1286698,180156,32,31,0,0
floortile-opt14-strips,p03-5-3-2.pddl,comb-w,1,65,1.54257,22493,22,258,6259,22005,86970,11198,13971,989296,153056,29,34,0,0
floortile-opt14-strips,p03-5-3-2.pddl,tr-select,1,65,1.02844,,,,,,,,,,,,,,
floortile-opt14-strips,p03-5-3-2.pddl,symk,1,65,0.756397,,22,,,,,,,,,,,,
floortile-opt14-strips,p03-5-4-2.pddl,causal,1,83,8.87527,204276,28,,10974,297214,763942,49719,68713,5192782,860913,41,41,0,0
floortile-opt14-strips,p03-5-4-2.pddl,comb-w,1,83,14.0956,92229,28,344,8225,193464,1.05124e+06,65804,74613,9032436,1098161,36,45,0,0
floortile-opt14-strips,p03-5-4-2.pddl,tr-select,1,83,13.178,,,,,,,,,,,,,,
floortile-opt14-strips,p03-5-4-2.pddl,symk,1,83,8.19581,,28,,,,,,,,,,,,
floortile-opt14-strips,p03-5-5-2.pddl,causal,1,100,109.847,124438,34,,23463,3.08737e+06,5.34976e+06,281200,356105,18834438,5412359,51,47,0,0
floortile-opt14-strips,p03-5-5-2.pddl,comb-w,1,100,153.082,235488,34,430,13128,1.49692e+06,1.06912e+07,333857,367586,10584854,5193243,42,57,0,0
floortile-opt14-strips,p03-5-5-2.pddl,tr-select,1,100,124.566,,,,,,,,,,,,,,
floortile-opt14-strips,p03-5-5-2.pddl,symk,1,100,123.04,,34,,,,,,,,,,,,
floortile-opt14-strips,p03-6-4-2.pddl,causal,1,116,36.3206,61548,32,,16466,806029,1.54162e+06,97440,132139,18233502,2172489,66,49,0,0
floortile-opt14-strips,p03-6-4-2.pddl,comb-w,1,116,57.1741,220717,32,456,10755,464257,2.63927e+06,124156,142280,8777958,2461800,58,57,0,0
floortile-opt14-strips,p03-6-4-2.pddl,tr-select,1,116,53.8628,,,,,,,,,,,,,,
floortile-opt14-strips,p03-6-4-2.pddl,symk,1,116,22.8693,,32,,,,,,,,,,,,
floortile-opt14-strips,p03-6-5-2.pddl,causal,1,130,297.502,339657,39,,26753,6.6945e+06,2.10357e+07,633492,809195,17973914,9157916,64,65,0,0
floortile-opt14-strips,p03-6-5-2.pddl,comb-w,1,130,706.905,278229,39,570,19303,4.42067e+06,2.80801e+07,899723,997187,28358456,17006682,58,70,0,0
floortile-opt14-strips,p03-6-5-2.pddl,tr-select,1,130,671.209,,,,,,,,,,,,,,
floortile-opt14-strips,p03-6-5-2.pddl,symk,1,130,262.59,,39,,,,,,,,,,,,
freecell,p01.pddl,causal,1,8,0.0816601,1518,22,,5823,625,6.1443e+07,2131,2012,147168,22766,4,4,0,0
freecell,p01.pddl,comb-w,1,8,0.111905,1371,22,200,4618,625,6.1443e+07,1971,1856,137970,20336,4,4,0,0
freecell,p01.pddl,tr-select,1,8,0.0861916,,,,,,,,,,,,,,
freecell,p01.pddl,symk,1,8,0.0932349,,22,,,,,,,,,,,,
freecell,p02.pddl,causal,1,14,0.832951,21271,30,,24434,13114,3.90169e+12,31499,24970,1039374,169590,7,7,0,0
freecell,p02.pddl,comb-w,1,14,0.813044,13972,30,425,18667,13114,3.90169e+12,27647,25733,1048572,148282,7,7,0,0
freecell,p02.pddl,tr-select,1,14,0.981394,,,,,,,,,,,,,,
freecell,p02.pddl,symk,1,14,0.76674,,30,,,,,,,,,,,,
freecell,p03.pddl,causal,1,18,4.16989,103676,38,,86302,41878,7.04776e+16,122192,114245,4372116,664155,9,9,0,0
freecell,p03.pddl,comb-w,1,18,3.64952,78565,38,756,71226,41878,7.04776e+16,95274,111536,3717014,556123,10,8,0,0
freecell,p03.pddl,tr-select,1,18,3.86275,,,,,,,,,,,,,,
freecell,p03.pddl,symk,1,18,5.14812,,38,,,,,,,,,,,,
freecell,p04.pddl,causal,1,26,25.6801,102199,46,,158509,306279,2.41738e+21,368482,452404,20015870,2242446,17,9,0,0
freecell,p04.pddl,comb-w,1,26,41.5802,78394,46,1137,233763,211844,2.41738e+21,609547,720032,28068208,3194075,16,10,0,0
freecell,p04.pddl,tr-select,1,26,31.3646,,,,,,,,,,,,,,
freecell,p04.pddl,symk,1,26,20.6958,,46,,,,,,,,,,,,
freecell,p05.pddl,causal,1,30,152.02,202674,54,,446547,735097,1.37637e+26,706317,844265,33845574,4405281,18,12,0,0
freecell,p05.pddl,comb-w,1,30,301.281,174508,54,1986,608542,1.04957e+06,1.37637e+26,2032024,1787637,41328658,9038081,18,13,0,0
freecell,p05.pddl,tr-select,1,30,157.158,,,,,,,,,,,,,,
freecell,p05.pddl,symk,1,30,161.463,,54,,,,,,,,,,,,
freecell,p06.pddl,causal,0,,,220037,62,,531332,,,,,,,,,,
freecell,p06.pddl,comb-w,0,,,213919,62,2485,716200,,,,,,,,,,
freecell,p06.pddl,tr-select,0,,,,,,,,,,,,,,,,
freecell,p06.pddl,symk,1,34,1737.14,,62,,,,,,,,,,,,
freecell,p07.pddl,causal,1,41,1676.91,335506,62,,613504,4.00489e+06,1.38121e+31,2693289,2831018,70952350,19673430,23,31,0,0
freecell,p07.pddl,comb-w,0,,,183792,62,2637,499173,,,,,,,,,,
freecell,p07.pddl,tr-select,0,,,,,,,,,,,,,,,,
freecell,p07.pddl,symk,1,41,1580.86,,62,,,,,,,,,,,,
freecell,p08.pddl,causal,0,,,286718,70,,700988,,,,,,,,,,
freecell,p08.pddl,comb-w,0,,,352515,70,3326,652956,,,,,,,,,,
freecell,p08.pddl,tr-select,0,,,,,,,,,,,,,,,,
freecell,p08.pddl,symk,0,,,,70,,,,,,,,,,,,
freecell,p09.pddl,causal,0,,,326673,70,,704090,,,,,,,,,,
freecell,p09.pddl,comb-w,0,,,223793,70,3463,701209,,,,,,,,,,
freecell,p09.pddl,tr-select,0,,,,,,,,,,,,,,,,
freecell,p09.pddl,symk,0,,,,70,,,,,,,,,,,,
freecell,p10.pddl,causal,0,,,355934,78,,789414,,,,,,,,,,
freecell,p10.pddl,comb-w,0,,,316880,78,4054,795914,,,,,,,,,,
freecell,p10.pddl,tr-select,0,,,,,,,,,,,,,,,,
freecell,p10.pddl,symk,0,,,,78,,,,,,,,,,,,
freecell,p11.pddl,causal,0,,,358952,78,,983382,,,,,,,,,,
freecell,p11.pddl,comb-w,0,,,295929,78,4385,935566,,,,,,,,,,
freecell,p11.pddl,tr-select,0,,,,,,,,,,,,,,,,
freecell,p11.pddl,symk,0,,,,78,,,,,,,,,,,,
freecell,p12.pddl,causal,0,,,447188,78,,1007286,,,,,,,,,,
freecell,p12.pddl,comb-w,0,,,418173,78,4283,882575,,,,,,,,,,
freecell,p12.pddl,tr-select,0,,,,,,,,,,,,,,,,
freecell,p12.pddl,symk,0,,,,78,,,,,,,,,,,,
freecell,p13.pddl,causal,0,,,303561,86,,777468,,,,,,,,,,
freecell,p13.pddl,comb-w,0,,,481584,86,4885,1172800,,,,,,,,,,
freecell,p13.pddl,tr-select,0,,,,,,,,,,,,,,,,
freecell,p13.pddl,symk,0,,,,86,,,,,,,,,,,,
freecell,p14.pddl,causal,0,,,349700,86,,1008606,,,,,,,,,,
freecell,p14.pddl,comb-w,0,,,214182,86,4829,973551,,,,,,,,,,
freecell,p14.pddl,tr-select,0,,,,,,,,,,,,,,,,
freecell,p14.pddl,symk,0,,,,86,,,,,,,,,,,,
freecell,p15.pddl,causal,0,,,435264,94,,853271,,,,,,,,,,
freecell,p15.pddl,comb-w,0,,,562938,94,6078,1270184,,,,,,,,,,
freecell,p15.pddl,tr-select,0,,,,,,,,,,,,,,,,
freecell,p15.pddl,symk,0,,,,94,,,,,,,,,,,,
freecell,p16.pddl,causal,0,,,494211,94,,927576,,,,,,,,,,
freecell,p16.pddl,comb-w,0,,,570008,94,5926,1221858,,,,,,,,,,
freecell,p16.pddl,tr-select,0,,,,,,,,,,,,,,,,
freecell,p16.pddl,symk,0,,,,94,,,,,,,,,,,,
freecell,p17.pddl,causal,0,,,465297,102,,1318298,,,,,,,,,,
freecell,p17.pddl,comb-w,0,,,523082,102,6917,1548609,,,,,,,,,,
freecell,p17.pddl,tr-select,0,,,,,,,,,,,,,,,,
freecell,p17.pddl,symk,0,,,,102,,,,,,,,,,,,
freecell,p18.pddl,causal,0,,,426820,102,,1095849,,,,,,,,,,
freecell,p18.pddl,comb-w,0,,,310013,102,7160,1564966,,,,,,,,,,
freecell,p18.pddl,tr-select,0,,,,,,,,,,,,,,,,
freecell,p18.pddl,symk,0,,,,102,,,,,,,,,,,,
freecell,p19.pddl,causal,0,,,640129,110,,1264750,,,,,,,,,,
freecell,p19.pddl,comb-w,0,,,535577,110,8769,1431368,,,,,,,,,,
freecell,p19.pddl,tr-select,0,,,,,,,,,,,,,,,,
freecell,p19.pddl,symk,0,,,,110,,,,,,,,,,,,
freecell,p20.pddl,causal,0,,,482825,110,,1526960,,,,,,,,,,
freecell,p20.pddl,comb-w,0,,,473260,110,8526,1489651,,,,,,,,,,
freecell,p20.pddl,tr-select,0,,,,,,,,,,,,,,,,
freecell,p20.pddl,symk,0,,,,110,,,,,,,,,,,,
freecell,probfreecell-10-1.pddl,causal,0,,,362258,86,,1222216,,,,,,,,,,
freecell,probfreecell-10-1.pddl,comb-w,0,,,284473,86,5073,1100670,,,,,,,,,,
freecell,probfreecell-10-1.pddl,tr-select,0,,,,,,,,,,,,,,,,
freecell,probfreecell-10-1.pddl,symk,0,,,,86,,,,,,,,,,,,
freecell,probfreecell-10-2.pddl,causal,0,,,378053,86,,916418,,,,,,,,,,
freecell,probfreecell-10-2.pddl,comb-w,0,,,332628,86,5021,1255876,,,,,,,,,,
freecell,probfreecell-10-2.pddl,tr-select,0,,,,,,,,,,,,,,,,
freecell,probfreecell-10-2.pddl,symk,0,,,,86,,,,,,,,,,,,
freecell,probfreecell-10-3.pddl,causal,0,,,377518,86,,1288858,,,,,,,,,,
freecell,probfreecell-10-3.pddl,comb-w,0,,,256341,86,4894,1181675,,,,,,,,,,
freecell,probfreecell-10-3.pddl,tr-select,0,,,,,,,,,,,,,,,,
freecell,probfreecell-10-3.pddl,symk,0,,,,86,,,,,,,,,,,,
freecell,probfreecell-10-4.pddl,causal,0,,,360173,86,,929553,,,,,,,,,,
freecell,probfreecell-10-4.pddl,comb-w,0,,,318040,86,5077,1116679,,,,,,,,,,
freecell,probfreecell-10-4.pddl,tr-select,0,,,,,,,,,,,,,,,,
freecell,probfreecell-10-4.pddl,symk,0,,,,86,,,,,,,,,,,,
freecell,probfreecell-10-5.pddl,causal,0,,,328542,86,,1037119,,,,,,,,,,
freecell,probfreecell-10-5.pddl,comb-w,0,,,298234,86,5107,1108461,,,,,,,,,,
freecell,probfreecell-10-5.pddl,tr-select,0,,,,,,,,,,,,,,,,
freecell,probfreecell-10-5.pddl,symk,0,,,,86,,,,,,,,,,,,
freecell,probfreecell-11-1.pddl,causal,0,,,233135,94,,840590,,,,,,,,,,
freecell,probfreecell-11-1.pddl,comb-w,0,,,353268,94,6185,1586608,,,,,,,,,,
freecell,probfreecell-11-1.pddl,tr-select,0,,,,,,,,,,,,,,,,
freecell,probfreecell-11-1.pddl,symk,0,,,,94,,,,,,,,,,,,
freecell,probfreecell-11-2.pddl,causal,0,,,456105,94,,1054325,,,,,,,,,,
freecell,probfreecell-11-2.pddl,comb-w,0,,,315362,94,6110,1349660,,,,,,,,,,
freecell,probfreecell-11-2.pddl,tr-select,0,,,,,,,,,,,,,,,,
freecell,probfreecell-11-2.pddl,symk,0,,,,94,,,,,,,,,,,,
freecell,probfreecell-11-3.pddl,causal,0,,,415042,94,,1189543,,,,,,,,,,
freecell,probfreecell-11-3.pddl,comb-w,0,,,376710,94,6099,1501744,,,,,,,,,,
freecell,probfreecell-11-3.pddl,tr-select,0,,,,,,,,,,,,,,,,
freecell,probfreecell-11-3.pddl,symk,0,,,,94,,,,,,,,,,,,
freecell,probfreecell-11-4.pddl,causal,0,,,489388,94,,1345267,,,,,,,,,,
freecell,probfreecell-11-4.pddl,comb-w,0,,,390923,94,6223,1342289,,,,,,,,,,
freecell,probfreecell-11-4.pddl,tr-select,0,,,,,,,,,,,,,,,,
freecell,probfreecell-11-4.pddl,symk,0,,,,94,,,,,,,,,,,,
freecell,probfreecell-11-5.pddl,causal,0,,,508845,94,,1422097,,,,,,,,,,
freecell,probfreecell-11-5.pddl,comb-w,0,,,397642,94,6264,1396702,,,,,,,,,,
freecell,probfreecell-11-5.pddl,tr-select,0,,,,,,,,,,,,,,,,
freecell,probfreecell-11-5.pddl,symk,0,,,,94,,,,,,,,,,,,
freecell,probfreecell-12-1.pddl,causal,0,,,459802,102,,1112285,,,,,,,,,,
freecell,probfreecell-12-1.pddl,comb-w,0,,,407331,102,7367,1121915,,,,,,,,,,
freecell,probfreecell-12-1.pddl,tr-select,0,,,,,,,,,,,,,,,,
freecell,probfreecell-12-1.pddl,symk,0,,,,102,,,,,,,,,,,,
freecell,probfreecell-12-2.pddl,causal,0,,,570652,102,,1205869,,,,,,,,,,
freecell,probfreecell-12-2.pddl,comb-w,0,,,447064,102,7286,1477229,,,,,,,,,,
freecell,probfreecell-12-2.pddl,tr-select,0,,,,,,,,,,,,,,,,
freecell,probfreecell-12-2.pddl,symk,0,,,,102,,,,,,,,,,,,
freecell,probfreecell-12-3.pddl,causal,0,,,532736,102,,1196474,,,,,,,,,,
freecell,probfreecell-12-3.pddl,comb-w,0,,,390930,102,7294,1453977,,,,,,,,,,
freecell,probfreecell-12-3.pddl,tr-select,0,,,,,,,,,,,,,,,,
freecell,probfreecell-12-3.pddl,symk,0,,,,102,,,,,,,,,,,,
freecell,probfreecell-12-4.pddl,causal,0,,,363053,102,,1175966,,,,,,,,,,
freecell,probfreecell-12-4.pddl,comb-w,0,,,429058,102,7504,1366046,,,,,,,,,,
freecell,probfreecell-12-4.pddl,tr-select,0,,,,,,,,,,,,,,,,
freecell,probfreecell-12-4.pddl,symk,0,,,,102,,,,,,,,,,,,
freecell,probfreecell-12-5.pddl,causal,0,,,508559,102,,1602768,,,,,,,,,,
freecell,probfreecell-12-5.pddl,comb-w,0,,,513211,102,7535,1578013,,,,,,,,,,
freecell,probfreecell-12-5.pddl,tr-select,0,,,,,,,,,,,,,,,,
freecell,probfreecell-12-5.pddl,symk,0,,,,102,,,,,,,,,,,,
freecell,probfreecell-13-1.pddl,causal,0,,,508983,110,,1231557,,,,,,,,,,
freecell,probfreecell-13-1.pddl,comb-w,0,,,617521,110,8655,1513986,,,,,,,,,,
freecell,probfreecell-13-1.pddl,tr-select,0,,,,,,,,,,,,,,,,
freecell,probfreecell-13-1.pddl,symk,0,,,,110,,,,,,,,,,,,
freecell,probfreecell-13-2.pddl,causal,0,,,488868,110,,1410133,,,,,,,,,,
freecell,probfreecell-13-2.pddl,comb-w,0,,,329000,110,8571,1657850,,,,,,,,,,
freecell,probfreecell-13-2.pddl,tr-select,0,,,,,,,,,,,,,,,,
freecell,probfreecell-13-2.pddl,symk,0,,,,110,,,,,,,,,,,,
freecell,probfreecell-13-3.pddl,causal,0,,,435525,110,,1581778,,,,,,,,,,
freecell,probfreecell-13-3.pddl,comb-w,0,,,422910,110,8614,1506856,,,,,,,,,,
freecell,probfreecell-13-3.pddl,tr-select,0,,,,,,,,,,,,,,,,
freecell,probfreecell-13-3.pddl,symk,0,,,,110,,,,,,,,,,,,
freecell,probfreecell-13-4.pddl,causal,0,,,551422,110,,1716506,,,,,,,,,,
freecell,probfreecell-13-4.pddl,comb-w,0,,,531332,110,8796,1639832,,,,,,,,,,
freecell,probfreecell-13-4.pddl,tr-select,0,,,,,,,,,,,,,,,,
freecell,probfreecell-13-4.pddl,symk,0,,,,110,,,,,,,,,,,,
freecell,probfreecell-13-5.pddl,causal,0,,,525575,110,,1640254,,,,,,,,,,
freecell,probfreecell-13-5.pddl,comb-w,0,,,497004,110,8844,1310224,,,,,,,,,,
freecell,probfreecell-13-5.pddl,tr-select,0,,,,,,,,,,,,,,,,
freecell,probfreecell-13-5.pddl,symk,0,,,,110,,,,,,,,,,,,
freecell,probfreecell-2-1.pddl,causal,1,9,0.425504,1967,22,,6366,2826,8.09271e+08,2906,2384,349524,62401,5,4,0,0
freecell,probfreecell-2-1.pddl,comb-w,1,9,0.411591,1176,22,200,6925,2826,8.09271e+08,2618,2232,343392,65701,5,4,0,0
freecell,probfreecell-2-1.pddl,tr-select,1,9,0.422569,,,,,,,,,,,,,,
freecell,probfreecell-2-1.pddl,symk,1,9,0.388665,,22,,,,,,,,,,,,
freecell,probfreecell-2-2.pddl,causal,1,8,0.419437,1633,22,,6343,1788,5.39523e+08,2693,2121,328062,62527,4,4,0,0
freecell,probfreecell-2-2.pddl,comb-w,1,8,0.385526,1005,22,176,5226,591,5.39583e+08,1925,2213,302512,54810,4,4,0,0
freecell,probfreecell-2-2.pddl,tr-select,1,8,0.418333,,,,,,,,,,,,,,
freecell,probfreecell-2-2.pddl,symk,1,8,0.424606,,22,,,,,,,,,,,,
freecell,probfreecell-2-3.pddl,causal,1,8,0.401289,2190,22,,7269,1186,6.74396e+08,2135,2273,339304,61911,4,4,0,0
freecell,probfreecell-2-3.pddl,comb-w,1,8,0.330802,1044,22,208,5626,392,6.74456e+08,1361,2671,321930,53628,4,4,0,0
freecell,probfreecell-2-3.pddl,tr-select,1,8,0.34821,,,,,,,,,,,,,,
freecell,probfreecell-2-3.pddl,symk,1,8,0.319579,,22,,,,,,,,,,,,
freecell,probfreecell-2-4.pddl,causal,1,8,0.406823,1231,22,,5162,1984,2.05555e+08,3087,2602,331128,58884,4,4,0,0
freecell,probfreecell-2-4.pddl,comb-w,1,8,0.376844,909,22,163,4896,645,2.05624e+08,1829,2226,305578,54336,4,4,0,0
freecell,probfreecell-2-4.pddl,tr-select,1,8,0.407375,,,,,,,,,,,,,,
freecell,probfreecell-2-4.pddl,symk,1,8,0.386162,,22,,,,,,,,,,,,
freecell,probfreecell-2-5.pddl,causal,1,9,0.44788,1894,22,,6495,1611,8.09338e+08,4664,5533,390404,74338,5,4,0,0
freecell,probfreecell-2-5.pddl,comb-w,1,9,0.331637,1140,22,187,5446,1611,8.09338e+08,2971,2355,320908,59505,4,5,0,0
freecell,probfreecell-2-5.pddl,tr-select,1,9,0.534232,,,,,,,,,,,,,,
freecell,probfreecell-2-5.pddl,symk,1,9,0.404922,,22,,,,,,,,,,,,
freecell,probfreecell-3-1.pddl,causal,1,14,2.26393,8384,30,,32795,40233,1.01511e+13,25932,41057,1533000,246846,7,7,0,0
freecell,probfreecell-3-1.pddl,comb-w,1,14,1.79588,13555,30,397,17992,40233,1.01511e+13,42303,41732,1638266,239118,6,8,0,0
freecell,probfreecell-3-1.pddl,tr-select,1,14,1.55293,,,,,,,,,,,,,,
freecell,probfreecell-3-1.pddl,symk,1,14,1.98947,,30,,,,,,,,,,,,
freecell,probfreecell-3-2.pddl,causal,1,13,1.66697,25429,30,,25073,55893,6.21495e+12,26053,23926,1303050,215153,6,7,0,0
freecell,probfreecell-3-2.pddl,comb-w,1,13,1.54796,11841,30,372,16307,18653,6.21496e+12,25711,29102,1232532,205455,6,7,0,0
freecell,probfreecell-3-2.pddl,tr-select,1,13,1.49569,,,,,,,,,,,,,,
freecell,probfreecell-3-2.pddl,symk,1,13,2.07476,,30,,,,,,,,,,,,
freecell,probfreecell-3-3.pddl,causal,1,12,1.39893,14553,30,,20520,20399,1.63143e+13,20707,26881,1257060,206880,6,6,0,0
freecell,probfreecell-3-3.pddl,comb-w,1,12,1.1896,14182,30,410,22940,20399,1.63143e+13,27452,19670,1225378,197950,5,7,0,0
freecell,probfreecell-3-3.pddl,tr-select,1,12,1.28108,,,,,,,,,,,,,,
freecell,probfreecell-3-3.pddl,symk,1,12,1.75685,,30,,,,,,,,,,,,
freecell,probfreecell-3-4.pddl,causal,1,12,1.54767,9027,30,,16501,31675,5.80062e+12,23413,22539,1140552,183690,5,7,0,0
freecell,probfreecell-3-4.pddl,comb-w,1,12,1.54541,16779,30,399,16631,31675,5.80062e+12,35302,25659,1218224,182925,5,7,0,0
freecell,probfreecell-3-4.pddl,tr-select,1,12,1.5341,,,,,,,,,,,,,,
freecell,probfreecell-3-4.pddl,symk,1,12,1.69127,,30,,,,,,,,,,,,
freecell,probfreecell-3-5.pddl,causal,1,13,1.58543,8013,30,,15467,64712,9.32243e+12,33090,25486,1276478,205368,6,7,0,0
freecell,probfreecell-3-5.pddl,comb-w,1,13,1.68945,8749,30,346,19365,64712,9.32243e+12,34362,27624,1369480,216202,6,7,0,0
freecell,probfreecell-3-5.pddl,tr-select,1,13,1.52759,,,,,,,,,,,,,,
freecell,probfreecell-3-5.pddl,symk,1,13,1.51061,,30,,,,,,,,,,,,
freecell,probfreecell-4-1.pddl,causal,1,19,51.7287,40793,38,,149120,3.84164e+06,8.6335e+17,459946,489341,11555754,1951683,9,10,0,0
freecell,probfreecell-4-1.pddl,comb-w,1,19,28.4326,36934,38,752,41805,1.4827e+06,8.6335e+17,392679,412787,11315584,1676170,8,11,0,0
freecell,probfreecell-4-1.pddl,tr-select,1,19,43.9683,,,,,,,,,,,,,,
freecell,probfreecell-4-1.pddl,symk,1,19,57.7876,,38,,,,,,,,,,,,
freecell,probfreecell-4-2.pddl,causal,1,17,26.441,63373,38,,171757,433745,2.04646e+17,221247,373782,14375452,1441342,8,9,0,0
freecell,probfreecell-4-2.pddl,comb-w,1,17,18.9216,57147,38,727,84174,433745,2.04646e+17,324626,303564,10268034,1285164,7,10,0,0
freecell,probfreecell-4-2.pddl,tr-select,1,17,17.8317,,,,,,,,,,,,,,
freecell,probfreecell-4-2.pddl,symk,1,17,27.9916,,38,,,,,,,,,,,,
freecell,probfreecell-4-3.pddl,causal,1,18,34.8038,49927,38,,84246,1.16942e+06,8.77054e+17,434026,431522,11495456,1819581,8,10,0,0
freecell,probfreecell-4-3.pddl,comb-w,1,18,18.5229,54109,38,739,64290,408066,8.77054e+17,250196,443364,11305364,1471126,8,10,0,0
freecell,probfreecell-4-3.pddl,tr-select,1,18,16.1665,,,,,,,,,,,,,,
freecell,probfreecell-4-3.pddl,symk,1,18,33.3363,,38,,,,,,,,,,,,
freecell,probfreecell-4-4.pddl,causal,1,18,21.6579,46310,38,,90715,1.25388e+06,2.98442e+17,311133,309201,9922598,1405896,8,10,0,0
freecell,probfreecell-4-4.pddl,comb-w,1,18,18.3117,40921,38,774,66901,431371,2.98442e+17,257804,421923,10203648,1415197,8,10,0,0
freecell,probfreecell-4-4.pddl,tr-select,1,18,13.1666,,,,,,,,,,,,,,
freecell,probfreecell-4-4.pddl,symk,1,18,21.9199,,38,,,,,,,,,,,,
freecell,probfreecell-4-5.pddl,causal,1,18,20.2573,35004,38,,76886,441110,3.19759e+17,236597,369337,10949708,1313979,8,10,0,0
freecell,probfreecell-4-5.pddl,comb-w,1,18,27.7699,33601,38,674,76862,441110,3.19759e+17,434943,520124,13183800,1828893,8,10,0,0
freecell,probfreecell-4-5.pddl,tr-select,1,18,84.3991,,,,,,,,,,,,,,
freecell,probfreecell-4-5.pddl,symk,1,18,20.9144,,38,,,,,,,,,,,,
freecell,probfreecell-5-1.pddl,causal,0,,,137586,46,,229854,,,,,,,,,,
freecell,probfreecell-5-1.pddl,comb-w,0,,,97303,46,1131,181965,,,,,,,,,,
freecell,probfreecell-5-1.pddl,tr-select,0,,,,,,,,,,,,,,,,
freecell,probfreecell-5-1.pddl,symk,0,,,,46,,,,,,,,,,,,
freecell,probfreecell-5-2.pddl,causal,0,,,102888,46,,368080,,,,,,,,,,
freecell,probfreecell-5-2.pddl,comb-w,0,,,99793,46,1232,353948,,,,,,,,,,
freecell,probfreecell-5-2.pddl,tr-select,0,,,,,,,,,,,,,,,,
freecell,probfreecell-5-2.pddl,symk,1,23,1789.23,,46,,,,,,,,,,,,
freecell,probfreecell-5-3.pddl,causal,1,24,79.3838,86808,46,,82746,2.97768e+06,1.0529e+22,446453,484461,16884462,2719274,9,15,0,0
freecell,probfreecell-5-3.pddl,comb-w,0,,,103057,46,1207,208564,,,,,,,,,,
freecell,probfreecell-5-3.pddl,tr-select,1,24,90.6895,,,,,,,,,,,,,,
freecell,probfreecell-5-3.pddl,symk,1,24,97.0854,,46,,,,,,,,,,,,
freecell,probfreecell-5-4.pddl,causal,0,,,52678,46,,275465,,,,,,,,,,
freecell,probfreecell-5-4.pddl,comb-w,0,,,82653,46,1161,354649,,,,,,,,,,
freecell,probfreecell-5-4.pddl,tr-select,0,,,,,,,,,,,,,,,,
freecell,probfreecell-5-4.pddl,symk,1,23,1028.06,,46,,,,,,,,,,,,
freecell,probfreecell-5-5.pddl,causal,0,,,116666,46,,364774,,,,,,,,,,
freecell,probfreecell-5-5.pddl,comb-w,0,,,123667,46,1180,200731,,,,,,,,,,
freecell,probfreecell-5-5.pddl,tr-select,0,,,,,,,,,,,,,,,,
freecell,probfreecell-5-5.pddl,symk,0,,,,46,,,,,,,,,,,,
freecell,probfreecell-6-1.pddl,causal,0,,,78581,54,,284915,,,,,,,,,,
freecell,probfreecell-6-1.pddl,comb-w,0,,,138837,54,1655,372682,,,,,,,,,,
freecell,probfreecell-6-1.pddl,tr-select,0,,,,,,,,,,,,,,,,
freecell,probfreecell-6-1.pddl,symk,0,,,,54,,,,,,,,,,,,
freecell,probfreecell-6-2.pddl,causal,0,,,107207,54,,393683,,,,,,,,,,
freecell,probfreecell-6-2.pddl,comb-w,0,,,155584,54,1796,415591,,,,,,,,,,
freecell,probfreecell-6-2.pddl,tr-select,0,,,,,,,,,,,,,,,,
freecell,probfreecell-6-2.pddl,symk,0,,,,54,,,,,,,,,,,,
freecell,probfreecell-6-3.pddl,causal,0,,,71914,54,,249902,,,,,,,,,,
freecell,probfreecell-6-3.pddl,comb-w,0,,,188395,54,1699,405602,,,,,,,,,,
freecell,probfreecell-6-3.pddl,tr-select,0,,,,,,,,,,,,,,,,
freecell,probfreecell-6-3.pddl,symk,0,,,,54,,,,,,,,,,,,
freecell,probfreecell-6-4.pddl,causal,0,,,78706,54,,224262,,,,,,,,,,
freecell,probfreecell-6-4.pddl,comb-w,0,,,64324,54,1603,456124,,,,,,,,,,
freecell,probfreecell-6-4.pddl,tr-select,0,,,,,,,,,,,,,,,,
freecell,probfreecell-6-4.pddl,symk,0,,,,54,,,,,,,,,,,,
freecell,probfreecell-6-5.pddl,causal,0,,,155967,54,,480257,,,,,,,,,,
freecell,probfreecell-6-5.pddl,comb-w,0,,,195192,54,1740,371912,,,,,,,,,,
freecell,probfreecell-6-5.pddl,tr-select,0,,,,,,,,,,,,,,,,
freecell,probfreecell-6-5.pddl,symk,0,,,,54,,,,,,,,,,,,
freecell,probfreecell-7-1.pddl,causal,0,,,174573,62,,641477,,,,,,,,,,
freecell,probfreecell-7-1.pddl,comb-w,0,,,177287,62,2349,539918,,,,,,,,,,
freecell,probfreecell-7-1.pddl,tr-select,0,,,,,,,,,,,,,,,,
freecell,probfreecell-7-1.pddl,symk,0,,,,62,,,,,,,,,,,,
freecell,probfreecell-7-2.pddl,causal,0,,,157829,62,,615332,,,,,,,,,,
freecell,probfreecell-7-2.pddl,comb-w,0,,,199245,62,2464,535360,,,,,,,,,,
freecell,probfreecell-7-2.pddl,tr-select,0,,,,,,,,,,,,,,,,
freecell,probfreecell-7-2.pddl,symk,0,,,,62,,,,,,,,,,,,
freecell,probfreecell-7-3.pddl,causal,0,,,154601,62,,439101,,,,,,,,,,
freecell,probfreecell-7-3.pddl,comb-w,0,,,188666,62,2334,611281,,,,,,,,,,
freecell,probfreecell-7-3.pddl,tr-select,0,,,,,,,,,,,,,,,,
freecell,probfreecell-7-3.pddl,symk,0,,,,62,,,,,,,,,,,,
freecell,probfreecell-7-4.pddl,causal,0,,,127239,62,,569460,,,,,,,,,,
freecell,probfreecell-7-4.pddl,comb-w,0,,,240318,62,2366,652194,,,,,,,,,,
freecell,probfreecell-7-4.pddl,tr-select,0,,,,,,,,,,,,,,,,
freecell,probfreecell-7-4.pddl,symk,0,,,,62,,,,,,,,,,,,
freecell,probfreecell-7-5.pddl,causal,0,,,139881,62,,705188,,,,,,,,,,
freecell,probfreecell-7-5.pddl,comb-w,0,,,215803,62,2425,469905,,,,,,,,,,
freecell,probfreecell-7-5.pddl,tr-select,0,,,,,,,,,,,,,,,,
freecell,probfreecell-7-5.pddl,symk,0,,,,62,,,,,,,,,,,,
freecell,probfreecell-8-1.pddl,causal,0,,,345394,70,,831972,,,,,,,,,,
freecell,probfreecell-8-1.pddl,comb-w,0,,,270136,70,3180,656209,,,,,,,,,,
freecell,probfreecell-8-1.pddl,tr-select,0,,,,,,,,,,,,,,,,
freecell,probfreecell-8-1.pddl,symk,0,,,,70,,,,,,,,,,,,
freecell,probfreecell-8-2.pddl,causal,0,,,275884,70,,727426,,,,,,,,,,
freecell,probfreecell-8-2.pddl,comb-w,0,,,245111,70,3216,775871,,,,,,,,,,
freecell,probfreecell-8-2.pddl,tr-select,0,,,,,,,,,,,,,,,,
freecell,probfreecell-8-2.pddl,symk,0,,,,70,,,,,,,,,,,,
freecell,probfreecell-8-3.pddl,causal,0,,,106315,70,,472966,,,,,,,,,,
freecell,probfreecell-8-3.pddl,comb-w,0,,,238735,70,3068,705852,,,,,,,,,,
freecell,probfreecell-8-3.pddl,tr-select,0,,,,,,,,,,,,,,,,
freecell,probfreecell-8-3.pddl,symk,0,,,,70,,,,,,,,,,,,
freecell,probfreecell-8-4.pddl,causal,0,,,241995,70,,563606,,,,,,,,,,
freecell,probfreecell-8-4.pddl,comb-w,0,,,303867,70,3190,889578,,,,,,,,,,
freecell,probfreecell-8-4.pddl,tr-select,0,,,,,,,,,,,,,,,,
freecell,probfreecell-8-4.pddl,symk,0,,,,70,,,,,,,,,,,,
freecell,probfreecell-8-5.pddl,causal,0,,,290240,70,,826393,,,,,,,,,,
freecell,probfreecell-8-5.pddl,comb-w,0,,,158791,70,3194,647966,,,,,,,,,,
freecell,probfreecell-8-5.pddl,tr-select,0,,,,,,,,,,,,,,,,
freecell,probfreecell-8-5.pddl,symk,0,,,,70,,,,,,,,,,,,
freecell,probfreecell-9-1.pddl,causal,0,,,401497,78,,741610,,,,,,,,,,
freecell,probfreecell-9-1.pddl,comb-w,0,,,270803,78,4065,831065,,,,,,,,,,
freecell,probfreecell-9-1.pddl,tr-select,0,,,,,,,,,,,,,,,,
freecell,probfreecell-9-1.pddl,symk,0,,,,78,,,,,,,,,,,,
freecell,probfreecell-9-2.pddl,causal,0,,,202288,78,,863027,,,,,,,,,,
freecell,probfreecell-9-2.pddl,comb-w,0,,,350218,78,4039,849454,,,,,,,,,,
freecell,probfreecell-9-2.pddl,tr-select,0,,,,,,,,,,,,,,,,
freecell,probfreecell-9-2.pddl,symk,0,,,,78,,,,,,,,,,,,
freecell,probfreecell-9-3.pddl,causal,0,,,257503,78,,628721,,,,,,,,,,
freecell,probfreecell-9-3.pddl,comb-w,0,,,312168,78,3965,927775,,,,,,,,,,
freecell,probfreecell-9-3.pddl,tr-select,0,,,,,,,,,,,,,,,,
freecell,probfreecell-9-3.pddl,symk,0,,,,78,,,,,,,,,,,,
freecell,probfreecell-9-4.pddl,causal,0,,,328432,78,,840191,,,,,,,,,,
freecell,probfreecell-9-4.pddl,comb-w,0,,,321373,78,4074,922859,,,,,,,,,,
freecell,probfreecell-9-4.pddl,tr-select,0,,,,,,,,,,,,,,,,
freecell,probfreecell-9-4.pddl,symk,0,,,,78,,,,,,,,,,,,
freecell,probfreecell-9-5.pddl,causal,0,,,360417,78,,917621,,,,,,,,,,
freecell,probfreecell-9-5.pddl,comb-w,0,,,171394,78,4070,1038320,,,,,,,,,,
freecell,probfreecell-9-5.pddl,tr-select,0,,,,,,,,,,,,,,,,
freecell,probfreecell-9-5.pddl,symk,0,,,,78,,,,,,,,,,,,
ged-opt14-strips,d-1-2.pddl,causal,1,1,0.0206272,1034,10,,3871,22,1478,181,207,54166,10585,10,4,0,0
ged-opt14-strips,d-1-2.pddl,comb-w,1,1,0.0181844,777,10,400,3866,22,1478,194,213,48034,10286,10,4,0,0
ged-opt14-strips,d-1-2.pddl,tr-select,1,1,0.0209196,,,,,,,,,,,,,,
ged-opt14-strips,d-1-2.pddl,symk,1,1,0.0222641,,10,,,,,,,,,,,,
ged-opt14-strips,d-1-3.pddl,causal,1,4,0.930284,65752,16,,35206,4400,107805,27046,33210,1291808,279556,54,62,0,0
ged-opt14-strips,d-1-3.pddl,comb-w,1,4,1.05747,78912,16,1357,39941,4400,107805,26070,39162,1450218,312086,54,62,0,0
ged-opt14-strips,d-1-3.pddl,tr-select,1,4,0.87381,,,,,,,,,,,,,,
ged-opt14-strips,d-1-3.pddl,symk,1,4,0.897499,,16,,,,,,,,,,,,
ged-opt14-strips,d-1-4.pddl,causal,1,1,0.0206267,1034,10,,3871,22,1478,181,207,54166,10585,10,4,0,0
ged-opt14-strips,d-1-4.pddl,comb-w,1,1,0.0199528,777,10,400,3866,22,1478,194,213,48034,10286,10,4,0,0
ged-opt14-strips,d-1-4.pddl,tr-select,1,1,0.0198753,,,,,,,,,,,,,,
ged-opt14-strips,d-1-4.pddl,symk,1,1,0.0214273,,10,,,,,,,,,,,,
ged-opt14-strips,d-1-8.pddl,causal,1,4,6.50629,133284,18,,128409,8346,1.13436e+06,76100,113399,5886720,714153,62,72,0,0
ged-opt14-strips,d-1-8.pddl,comb-w,1,4,3.24203,85695,18,1848,101201,8346,1.13436e+06,61362,97785,3818192,653899,62,72,0,0
ged-opt14-strips,d-1-8.pddl,tr-select,1,4,3.09645,,,,,,,,,,,,,,
ged-opt14-strips,d-1-8.pddl,symk,1,4,7.84807,,18,,,,,,,,,,,,
ged-opt14-strips,d-2-1.pddl,causal,1,1,0.0223515,1034,10,,3871,22,1478,181,207,54166,10585,10,4,0,0
ged-opt14-strips,d-2-1.pddl,comb-w,1,1,0.0207643,777,10,400,3866,22,1478,194,213,48034,10286,10,4,0,0
ged-opt14-strips,d-2-1.pddl,tr-select,1,1,0.0211632,,,,,,,,,,,,,,
ged-opt14-strips,d-2-1.pddl,symk,1,1,0.0209968,,10,,,,,,,,,,,,
ged-opt14-strips,d-2-3.pddl,causal,1,3,0.240426,24143,14,,20694,1612,22494,7994,5837,433328,95589,46,34,0,0
ged-opt14-strips,d-2-3.pddl,comb-w,1,3,0.30104,24947,14,958,21369,1612,22494,9938,6841,476252,101033,46,34,0,0
ged-opt14-strips,d-2-3.pddl,tr-select,1,3,0.221116,,,,,,,,,,,,,,
ged-opt14-strips,d-2-3.pddl,symk,1,3,0.210099,,14,,,,,,,,,,,,
ged-opt14-strips,d-2-4.pddl,causal,1,2,0.063631,7727,12,,10453,85,4070,887,735,148190,32189,14,16,0,0
ged-opt14-strips,d-2-4.pddl,comb-w,1,2,0.0525979,3576,12,642,10219,85,4082,888,976,132860,27552,14,16,0,0
ged-opt14-strips,d-2-4.pddl,tr-select,1,2,0.0597782,,,,,,,,,,,,,,
ged-opt14-strips,d-2-4.pddl,symk,1,2,0.0584749,,12,,,,,,,,,,,,
ged-opt14-strips,d-2-8.pddl,causal,1,5,95.8282,156567,22,,323551,474286,4.22815e+07,2765796,1787365,24398206,12542089,118,102,0,0
ged-opt14-strips,d-2-8.pddl,comb-w,1,5,90.517,284268,22,3142,611775,474286,4.22815e+07,1477619,1271300,28813246,8871425,118,102,0,0
ged-opt14-strips,d-2-8.pddl,tr-select,1,5,93.5493,,,,,,,,,,,,,,
ged-opt14-strips,d-2-8.pddl,symk,1,5,136.164,,22,,,,,,,,,,,,
ged-opt14-strips,d-3-1.pddl,causal,1,4,0.949861,65752,16,,35206,4400,107805,27269,33015,1291808,279925,54,62,0,0
ged-opt14-strips,d-3-1.pddl,comb-w,1,4,1.05442,78912,16,1357,39941,4400,107805,28539,36044,1438976,309626,54,62,0,0
ged-opt14-strips,d-3-1.pddl,tr-select,1,4,1.04281,,,,,,,,,,,,,,
ged-opt14-strips,d-3-1.pddl,symk,1,4,1.21223,,16,,,,,,,,,,,,
ged-opt14-strips,d-3-2.pddl,causal,1,3,0.241116,24143,14,,20694,1611,22494,7975,5842,432306,95457,46,34,0,0
ged-opt14-strips,d-3-2.pddl,comb-w,1,3,0.243544,24947,14,958,21369,1611,22494,10129,6654,477274,101190,46,34,0,0
ged-opt14-strips,d-3-2.pddl,tr-select,1,3,0.23703,,,,,,,,,,,,,,
ged-opt14-strips,d-3-2.pddl,symk,1,3,0.212464,,14,,,,,,,,,,,,
ged-opt14-strips,d-3-4.pddl,causal,1,5,13.6757,133284,18,,128409,101378,1.60451e+06,421733,288473,10690120,2014895,94,78,0,0
ged-opt14-strips,d-3-4.pddl,comb-w,1,5,9.41434,85695,18,1848,101201,101378,1.60451e+06,408440,231378,8741166,1916883,94,78,0,0
ged-opt14-strips,d-3-4.pddl,tr-select,1,5,9.24848,,,,,,,,,,,,,,
ged-opt14-strips,d-3-4.pddl,symk,1,5,15.6715,,18,,,,,,,,,,,,
ged-opt14-strips,d-4-2.pddl,causal,1,2,0.0578717,7727,12,,10453,85,4082,772,922,148190,32251,14,16,0,0
ged-opt14-strips,d-4-2.pddl,comb-w,1,2,0.0643949,3576,12,642,10219,85,4082,812,1047,132860,27609,14,16,0,0
ged-opt14-strips,d-4-2.pddl,tr-select,1,2,0.0577706,,,,,,,,,,,,,,
ged-opt14-strips,d-4-2.pddl,symk,1,2,0.0615175,,12,,,,,,,,,,,,
ged-opt14-strips,d-4-3.pddl,causal,1,5,15.1549,133284,18,,128409,101404,1.39259e+06,412483,244760,10152548,1877299,94,76,0,0
ged-opt14-strips,d-4-3.pddl,comb-w,1,5,10.3188,85695,18,1848,101201,101378,3.59936e+06,466834,261242,9452478,2101949,94,80,0,0
ged-opt14-strips,d-4-3.pddl,tr-select,1,5,10.5182,,,,,,,,,,,,,,
ged-opt14-strips,d-4-3.pddl,symk,1,5,15.8716,,18,,,,,,,,,,,,
ged-opt14-strips,d-4-8.pddl,causal,1,5,95.7384,156567,22,,323551,474286,4.22815e+07,2690412,1763334,24254104,12399378,118,102,0,0
ged-opt14-strips,d-4-8.pddl,comb-w,1,5,74.9596,284268,22,3142,611775,474286,2.97661e+07,1137055,971923,28540372,7530837,118,100,0,0
ged-opt14-strips,d-4-8.pddl,tr-select,1,5,109.521,,,,,,,,,,,,,,
ged-opt14-strips,d-4-8.pddl,symk,1,5,118.417,,22,,,,,,,,,,,,
ged-opt14-strips,d-7-5.pddl,causal,1,4,7.38729,133284,18,,128409,8346,1.13436e+06,82084,119682,5948040,742376,62,72,0,0
ged-opt14-strips,d-7-5.pddl,comb-w,1,4,4.09994,85695,18,1848,101201,12028,1.13054e+06,67204,97668,3883600,677370,64,72,0,0
ged-opt14-strips,d-7-5.pddl,tr-select,1,4,3.57567,,,,,,,,,,,,,,
ged-opt14-strips,d-7-5.pddl,symk,1,4,7.26886,,18,,,,,,,,,,,,
ged-opt14-strips,d-7-6.pddl,causal,1,4,1.24161,65752,16,,35206,12272,221901,51328,53377,1584100,426785,61,66,0,0
ged-opt14-strips,d-7-6.pddl,comb-w,1,4,1.47493,78912,16,1357,39941,12272,221901,45520,69288,1823248,476094,61,66,0,0
ged-opt14-strips,d-7-6.pddl,tr-select,1,4,1.51147,,,,,,,,,,,,,,
ged-opt14-strips,d-7-6.pddl,symk,1,4,1.37545,,16,,,,,,,,,,,,
ged-opt14-strips,d-8-1.pddl,causal,1,4,5.75647,133284,18,,128409,8346,1.13436e+06,77379,111821,5870368,712585,62,72,0,0
ged-opt14-strips,d-8-1.pddl,comb-w,1,4,3.15295,85695,18,1848,101201,8346,1.13436e+06,70561,85647,3783444,644472,62,72,0,0
ged-opt14-strips,d-8-1.pddl,tr-select,1,4,3.17166,,,,,,,,,,,,,,
ged-opt14-strips,d-8-1.pddl,symk,1,4,7.52954,,18,,,,,,,,,,,,
ged-opt14-strips,d-8-2.pddl,causal,1,5,88.8194,156567,22,,323551,474286,2.97661e+07,2510133,1543321,24934756,11348738,118,100,0,0
ged-opt14-strips,d-8-2.pddl,comb-w,1,5,90.853,284268,22,3142,611775,474286,4.22815e+07,1771802,1069122,28461678,8945171,118,102,0,0
ged-opt14-strips,d-8-2.pddl,tr-select,1,5,98.7098,,,,,,,,,,,,,,
ged-opt14-strips,d-8-2.pddl,symk,1,5,112.837,,22,,,,,,,,,,,,
ged-opt14-strips,d-8-4.pddl,causal,1,5,88.2629,156567,22,,323551,474286,2.97661e+07,2465240,1499670,24831534,11271552,118,100,0,0
ged-opt14-strips,d-8-4.pddl,comb-w,1,5,83.7799,284268,22,3142,611775,474285,7.23204e+07,1921955,1247930,29426446,9769162,118,104,0,0
ged-opt14-strips,d-8-4.pddl,tr-select,1,5,105.625,,,,,,,,,,,,,,
ged-opt14-strips,d-8-4.pddl,symk,1,5,97.4084,,22,,,,,,,,,,,,
ged-opt14-strips,d-8-9.pddl,causal,0,,,156567,22,,323551,,,,,,,,,,
ged-opt14-strips,d-8-9.pddl,comb-w,1,6,1172.84,284268,22,3142,611775,7.96386e+06,5.03622e+08,10906492,7990262,73777158,58135681,158,118,0,0
ged-opt14-strips,d-8-9.pddl,tr-select,1,6,1616.74,,,,,,,,,,,,,,
ged-opt14-strips,d-8-9.pddl,symk,1,6,1329.31,,22,,,,,,,,,,,,
grid,prob01.pddl,causal,1,14,1.50008,37744,19,,254355,4177,2.67386e+15,3425,8725,3000592,390319,13,1,0,0
grid,prob01.pddl,comb-w,1,14,60.8802,35604,19,245,72593,8108,2.67299e+15,8053,43,9688560,216360,14,1,0,0
grid,prob01.pddl,tr-select,1,14,2.45619,,,,,,,,,,,,,,
grid,prob01.pddl,symk,1,14,1.55666,,19,,,,,,,,,,,,
grid,prob02.pddl,causal,1,26,24.7057,60722,20,,171070,1.44551e+06,5.51736e+15,574349,699722,20874350,3354323,19,7,0,0
grid,prob02.pddl,comb-w,1,26,29.7557,68188,20,213,41057,1.44551e+06,5.51736e+15,818251,954401,19345438,4400704,18,8,0,0
grid,prob02.pddl,tr-select,1,26,25.8262,,,,,,,,,,,,,,
grid,prob02.pddl,symk,1,26,22.6548,,20,,,,,,,,,,,,
grid,prob03.pddl,causal,0,,,18898,23,,163136,,,,,,,,,,
grid,prob03.pddl,comb-w,0,,,34715,23,330,108664,,,,,,,,,,
grid,prob03.pddl,tr-select,0,,,,,,,,,,,,,,,,
grid,prob03.pddl,symk,0,,,,23,,,,,,,,,,,,
grid,prob04.pddl,causal,1,36,989.014,80687,22,,622235,2.87499e+07,8.67738e+21,7377985,5862919,88359054,40309283,24,18,0,0
grid,prob04.pddl,comb-w,0,,,97612,22,371,96702,,,,,,,,,,
grid,prob04.pddl,tr-select,0,,,,,,,,,,,,,,,,
grid,prob04.pddl,symk,0,,,,22,,,,,,,,,,,,
grid,prob05.pddl,causal,0,,,86186,35,,578008,,,,,,,,,,
grid,prob05.pddl,comb-w,0,,,107146,35,611,343736,,,,,,,,,,
grid,prob05.pddl,tr-select,0,,,,,,,,,,,,,,,,
grid,prob05.pddl,symk,0,,,,35,,,,,,,,,,,,
gripper,prob01.pddl,causal,1,11,0.00386096,63,7,,450,104,288,116,122,6132,1732,5,6,0,0
gripper,prob01.pddl,comb-w,1,11,0.0046074,63,7,20,406,104,288,130,136,7154,1870,5,6,0,0
gripper,prob01.pddl,tr-select,1,11,0.00380493,,,,,,,,,,,,,,
gripper,prob01.pddl,symk,1,11,0.00398411,,7,,,,,,,,,,,,
gripper,prob02.pddl,causal,1,17,0.0147858,141,9,,735,908,2828,379,403,20440,3962,8,9,0,0
gripper,prob02.pddl,comb-w,1,17,0.0147583,141,9,30,647,908,2828,375,386,20440,4097,8,9,0,0
gripper,prob02.pddl,tr-select,1,17,0.0151955,,,,,,,,,,,,,,
gripper,prob02.pddl,symk,1,17,0.0166958,,9,,,,,,,,,,,,
gripper,prob03.pddl,causal,1,23,0.0313396,425,11,,1336,4138,18918,882,1042,38836,8713,11,12,0,0
gripper,prob03.pddl,comb-w,1,23,0.0387806,426,11,40,1160,3522,24518,748,1039,47012,9255,10,13,0,0
gripper,prob03.pddl,tr-select,1,23,0.0360314,,,,,,,,,,,,,,
gripper,prob03.pddl,symk,1,23,0.0469016,,11,,,,,,,,,,,,
gripper,prob04.pddl,causal,1,29,0.102574,873,13,,1778,34052,113652,1897,1969,100156,15456,14,15,0,0
gripper,prob04.pddl,comb-w,1,29,0.0854282,873,13,50,1588,34052,113652,1996,2076,82782,13087,14,15,0,0
gripper,prob04.pddl,tr-select,1,29,0.102111,,,,,,,,,,,,,,
gripper,prob04.pddl,symk,1,29,0.0932131,,13,,,,,,,,,,,,
gripper,prob05.pddl,causal,1,35,0.130663,1809,15,,2259,143140,644332,2775,3217,117530,23236,17,18,0,0
gripper,prob05.pddl,comb-w,1,35,0.159431,1725,15,60,1983,131260,799564,2532,3100,151256,25234,16,19,0,0
gripper,prob05.pddl,tr-select,1,35,0.132413,,,,,,,,,,,,,,
gripper,prob05.pddl,symk,1,35,0.308592,,15,,,,,,,,,,,,
gripper,prob06.pddl,causal,1,41,0.358924,3553,17,,2788,987800,3.45404e+06,4859,4991,281050,36737,20,21,0,0
gripper,prob06.pddl,comb-w,1,41,0.421183,3493,17,70,2464,987800,3.45404e+06,4757,4811,292292,38613,20,21,0,0
gripper,prob06.pddl,tr-select,1,41,0.428961,,,,,,,,,,,,,,
gripper,prob06.pddl,symk,1,41,0.455781,,17,,,,,,,,,,,,
gripper,prob07.pddl,causal,1,47,0.511979,10596,19,,3886,3.78644e+06,2.16113e+07,7126,8156,358722,63725,22,25,0,0
gripper,prob07.pddl,comb-w,1,47,0.533961,10353,19,80,3403,3.78644e+06,2.16113e+07,7112,8161,440482,67700,22,25,0,0
gripper,prob07.pddl,tr-select,1,47,0.506025,,,,,,,,,,,,,,
gripper,prob07.pddl,symk,1,47,0.672091,,19,,,,,,,,,,,,
gripper,prob08.pddl,causal,1,53,1.14089,21191,21,,4550,2.49861e+07,8.98675e+07,11693,11936,692916,95992,26,27,0,0
gripper,prob08.pddl,comb-w,1,53,0.959073,21224,21,90,4099,2.49861e+07,8.98675e+07,11984,12232,761390,84622,26,27,0,0
gripper,prob08.pddl,tr-select,1,53,1.09529,,,,,,,,,,,,,,
gripper,prob08.pddl,symk,1,53,1.13575,,21,,,,,,,,,,,,
gripper,prob09.pddl,causal,1,59,1.32126,43271,23,,5312,9.54163e+07,5.22929e+08,14335,15984,933086,143067,28,31,0,0
gripper,prob09.pddl,comb-w,1,59,1.05464,43125,23,100,4804,9.54163e+07,5.22929e+08,14390,16503,666344,127175,28,31,0,0
gripper,prob09.pddl,tr-select,1,59,1.29292,,,,,,,,,,,,,,
gripper,prob09.pddl,symk,1,59,2.49682,,23,,,,,,,,,,,,
gripper,prob10.pddl,causal,1,65,2.8121,88410,25,,6105,5.80206e+08,2.12581e+09,22221,22578,1773170,223028,32,33,0,0
gripper,prob10.pddl,comb-w,1,65,2.67836,89008,25,110,5426,5.80206e+08,2.12581e+09,21232,21360,1474746,229462,32,33,0,0
gripper,prob10.pddl,tr-select,1,65,2.77047,,,,,,,,,,,,,,
gripper,prob10.pddl,symk,1,65,2.47682,,25,,,,,,,,,,,,
gripper,prob11.pddl,causal,1,71,2.7284,16909,27,,6931,2.21029e+09,1.17732e+10,25501,27763,1429778,186029,34,37,0,0
gripper,prob11.pddl,comb-w,1,71,3.01564,190497,27,120,6216,2.21029e+09,1.17732e+10,26282,28585,2784950,375483,34,37,0,0
gripper,prob11.pddl,tr-select,1,71,2.61181,,,,,,,,,,,,,,
gripper,prob11.pddl,symk,1,71,4.89611,,27,,,,,,,,,,,,
gripper,prob12.pddl,causal,1,77,5.64733,33661,29,,7823,1.27067e+10,4.71671e+10,37645,38098,2759400,255703,38,39,0,0
gripper,prob12.pddl,comb-w,1,77,5.12518,156370,29,130,7106,1.27067e+10,4.71671e+10,38553,39006,3043516,350258,38,39,0,0
gripper,prob12.pddl,tr-select,1,77,3.73893,,,,,,,,,,,,,,
gripper,prob12.pddl,symk,1,77,5.22101,,29,,,,,,,,,,,,
gripper,prob13.pddl,causal,1,83,5.18504,176613,31,,8739,4.8332e+10,2.51976e+11,41964,44894,2690926,443449,40,43,0,0
gripper,prob13.pddl,comb-w,1,83,4.63314,66536,31,140,7977,4.8332e+10,2.51976e+11,42860,47553,2845248,302429,40,43,0,0
gripper,prob13.pddl,tr-select,1,83,5.73188,,,,,,,,,,,,,,
gripper,prob13.pddl,symk,1,83,5.2671,,31,,,,,,,,,,,,
gripper,prob14.pddl,causal,1,89,6.54186,177082,33,,9731,2.27115e+11,1.13926e+12,55533,55573,3426766,510910,43,46,0,0
gripper,prob14.pddl,comb-w,1,89,5.79102,167780,33,150,8898,2.27115e+11,1.13926e+12,56238,54876,3393040,457299,43,46,0,0
gripper,prob14.pddl,tr-select,1,89,7.53408,,,,,,,,,,,,,,
gripper,prob14.pddl,symk,1,89,7.00818,,33,,,,,,,,,,,,
gripper,prob15.pddl,causal,1,95,11.3637,263950,35,,11750,1.01337e+12,5.19436e+12,72846,76857,5186650,710327,46,49,0,0
gripper,prob15.pddl,comb-w,1,95,8.86533,235140,35,160,10729,1.01337e+12,5.19436e+12,72696,79363,4268894,622690,46,49,0,0
gripper,prob15.pddl,tr-select,1,95,10.2467,,,,,,,,,,,,,,
gripper,prob15.pddl,symk,1,95,19.351,,35,,,,,,,,,,,,
gripper,prob16.pddl,causal,1,101,12.3344,240652,37,,12869,4.66416e+12,2.31589e+13,91468,91585,4572428,779432,49,52,0,0
gripper,prob16.pddl,comb-w,1,101,12.6872,498284,37,170,11576,4.66416e+12,2.31589e+13,91342,91471,5278630,1074327,49,52,0,0
gripper,prob16.pddl,tr-select,1,101,8.6577,,,,,,,,,,,,,,
gripper,prob16.pddl,symk,1,101,8.0154,,37,,,,,,,,,,,,
gripper,prob17.pddl,causal,1,107,16.3638,246058,39,,14056,2.05778e+13,1.04027e+14,108117,113583,5712980,892919,52,55,0,0
gripper,prob17.pddl,comb-w,1,107,16.8705,269236,39,180,12676,2.05778e+13,1.04027e+14,108153,113544,6137110,962427,52,55,0,0
gripper,prob17.pddl,tr-select,1,107,26.1482,,,,,,,,,,,,,,
gripper,prob17.pddl,symk,1,107,17.2202,,39,,,,,,,,,,,,
gripper,prob18.pddl,causal,1,113,21.4895,287886,41,,15285,9.32017e+13,4.58682e+14,132970,133085,6517294,1056091,55,58,0,0
gripper,prob18.pddl,comb-w,1,113,17.1006,298881,41,190,14044,9.32017e+13,4.58682e+14,137448,134703,6448820,979341,55,58,0,0
gripper,prob18.pddl,tr-select,1,113,12.7003,,,,,,,,,,,,,,
gripper,prob18.pddl,symk,1,113,22.0099,,41,,,,,,,,,,,,
gripper,prob19.pddl,causal,1,119,47.107,277193,43,,16560,4.07454e+14,2.03602e+15,155169,161855,8212792,1187249,58,61,0,0
gripper,prob19.pddl,comb-w,1,119,41.2679,332653,43,200,15230,3.54941e+14,2.25657e+15,163886,168362,12134206,1146153,56,63,0,0
gripper,prob19.pddl,tr-select,1,119,65.7564,,,,,,,,,,,,,,
gripper,prob19.pddl,symk,1,119,48.5998,,43,,,,,,,,,,,,
gripper,prob20.pddl,causal,1,125,93.8824,370191,45,,17893,1.82196e+15,8.89676e+15,186705,186724,7544404,1429743,61,64,0,0
gripper,prob20.pddl,comb-w,1,125,77.1626,370338,45,210,16290,1.82196e+15,8.89676e+15,186744,187060,7610834,1503449,61,64,0,0
gripper,prob20.pddl,tr-select,1,125,74.3084,,,,,,,,,,,,,,
gripper,prob20.pddl,symk,1,125,29.4131,,45,,,,,,,,,,,,
hiking-opt14-strips,ptesting-1-2-3.pddl,causal,1,11,0.00795944,0,7,,290,232,867,87,92,8176,1453,4,7,0,0
hiking-opt14-strips,ptesting-1-2-3.pddl,comb-w,1,11,0.00666342,0,7,0,290,232,867,87,92,8176,1453,4,7,0,0
hiking-opt14-strips,ptesting-1-2-3.pddl,tr-select,1,11,0.0066626,,,,,,,,,,,,,,
hiking-opt14-strips,ptesting-1-2-3.pddl,symk,1,11,0.0061824,,7,,,,,,,,,,,,
hiking-opt14-strips,ptesting-1-2-4.pddl,causal,1,17,0.0203244,0,7,,491,2052,3356,171,153,20440,2900,11,6,0,0
hiking-opt14-strips,ptesting-1-2-4.pddl,comb-w,1,17,0.0191568,0,7,0,491,2052,3356,171,153,20440,2900,11,6,0,0
hiking-opt14-strips,ptesting-1-2-4.pddl,tr-select,1,17,0.0197622,,,,,,,,,,,,,,
hiking-opt14-strips,ptesting-1-2-4.pddl,symk,1,17,0.0175184,,7,,,,,,,,,,,,
hiking-opt14-strips,ptesting-1-2-5.pddl,causal,1,25,0.0651116,0,7,,1160,8737,9523,517,531,71540,8713,19,6,0,0
hiking-opt14-strips,ptesting-1-2-5.pddl,comb-w,1,25,0.0669105,0,7,0,1160,8737,9523,517,531,71540,8713,19,6,0,0
hiking-opt14-strips,ptesting-1-2-5.pddl,tr-select,1,25,0.0645276,,,,,,,,,,,,,,
hiking-opt14-strips,ptesting-1-2-5.pddl,symk,1,25,0.0551716,,7,,,,,,,,,,,,
hiking-opt14-strips,ptesting-1-2-7.pddl,causal,1,38,0.274644,0,7,,2211,65817,46139,1087,1287,282072,23310,32,6,0,0
hiking-opt14-strips,ptesting-1-2-7.pddl,comb-w,1,38,0.263994,0,7,0,2211,65817,46139,1087,1287,282072,23310,32,6,0,0
hiking-opt14-strips,ptesting-1-2-7.pddl,tr-select,1,38,0.293338,,,,,,,,,,,,,,
hiking-opt14-strips,ptesting-1-2-7.pddl,symk,1,38,0.228992,,7,,,,,,,,,,,,
hiking-opt14-strips,ptesting-1-2-8.pddl,causal,1,45,0.462056,0,7,,2845,141556,86692,1253,1603,494648,34415,39,6,0,0
hiking-opt14-strips,ptesting-1-2-8.pddl,comb-w,1,45,0.483468,0,7,0,2845,141556,86692,1253,1603,494648,34415,39,6,0,0
hiking-opt14-strips,ptesting-1-2-8.pddl,tr-select,1,45,0.46445,,,,,,,,,,,,,,
hiking-opt14-strips,ptesting-1-2-8.pddl,symk,1,45,0.386061,,7,,,,,,,,,,,,
hiking-opt14-strips,ptesting-2-2-3.pddl,causal,1,10,0.0922439,0,12,,2054,19000,71817,1682,2526,133882,15201,6,4,0,0
hiking-opt14-strips,ptesting-2-2-3.pddl,comb-w,1,10,0.0891804,0,12,0,2054,19000,71817,1682,2526,133882,15201,6,4,0,0
hiking-opt14-strips,ptesting-2-2-3.pddl,tr-select,1,10,0.0898693,,,,,,,,,,,,,,
hiking-opt14-strips,ptesting-2-2-3.pddl,symk,1,10,0.0929953,,12,,,,,,,,,,,,
hiking-opt14-strips,ptesting-2-2-4.pddl,causal,1,16,1.00274,0,12,,3688,516280,987057,10843,11602,1470658,90665,10,6,0,0
hiking-opt14-strips,ptesting-2-2-4.pddl,comb-w,1,16,0.992261,0,12,0,3688,516280,987057,10843,11602,1470658,90665,10,6,0,0
hiking-opt14-strips,ptesting-2-2-4.pddl,tr-select,1,16,0.997941,,,,,,,,,,,,,,
hiking-opt14-strips,ptesting-2-2-4.pddl,symk,1,16,0.954578,,12,,,,,,,,,,,,
hiking-opt14-strips,ptesting-2-2-5.pddl,causal,1,22,15.4324,0,12,,10187,5.96958e+06,7.27406e+06,76548,73642,11640580,693374,13,9,0,0
hiking-opt14-strips,ptesting-2-2-5.pddl,comb-w,1,22,15.8539,0,12,0,10187,5.96958e+06,7.27406e+06,76548,73642,11640580,693374,13,9,0,0
hiking-opt14-strips,ptesting-2-2-5.pddl,tr-select,1,22,16.6044,,,,,,,,,,,,,,
hiking-opt14-strips,ptesting-2-2-5.pddl,symk,1,22,15.0157,,12,,,,,,,,,,,,
hiking-opt14-strips,ptesting-2-2-6.pddl,causal,1,30,109.746,0,12,,16137,3.79551e+07,4.48407e+07,244353,253166,14127106,3018112,19,11,0,0
hiking-opt14-strips,ptesting-2-2-6.pddl,comb-w,1,30,145.689,0,12,0,16137,3.79551e+07,4.48407e+07,244353,253166,14127106,3018112,19,11,0,0
hiking-opt14-strips,ptesting-2-2-6.pddl,tr-select,1,30,193.891,,,,,,,,,,,,,,
hiking-opt14-strips,ptesting-2-2-6.pddl,symk,1,30,108.355,,12,,,,,,,,,,,,
hiking-opt14-strips,ptesting-2-2-7.pddl,causal,1,34,650.06,0,12,,24365,1.91713e+08,1.77608e+08,689481,623460,21282128,8789810,20,14,0,0
hiking-opt14-strips,ptesting-2-2-7.pddl,comb-w,1,34,653.923,0,12,0,24365,1.91713e+08,1.77608e+08,689481,623460,21282128,8789810,20,14,0,0
hiking-opt14-strips,ptesting-2-2-7.pddl,tr-select,0,,,,,,,,,,,,,,,,
hiking-opt14-strips,ptesting-2-2-7.pddl,symk,1,34,635.332,,12,,,,,,,,,,,,
hiking-opt14-strips,ptesting-2-2-8.pddl,causal,0,,,0,12,,32842,,,,,,,,,,
hiking-opt14-strips,ptesting-2-2-8.pddl,comb-w,0,,,0,12,0,32842,,,,,,,,,,
hiking-opt14-strips,ptesting-2-2-8.pddl,tr-select,0,,,,,,,,,,,,,,,,
hiking-opt14-strips,ptesting-2-2-8.pddl,symk,0,,,,12,,,,,,,,,,,,
hiking-opt14-strips,ptesting-2-3-4.pddl,causal,1,17,4.67017,0,13,,4682,1.75628e+06,4.33167e+06,25893,26770,5003712,213770,11,6,0,0
hiking-opt14-strips,ptesting-2-3-4.pddl,comb-w,1,17,4.71643,0,13,0,4682,1.75628e+06,4.33167e+06,25893,26770,5003712,213770,11,6,0,0
hiking-opt14-strips,ptesting-2-3-4.pddl,tr-select,1,17,4.47203,,,,,,,,,,,,,,
hiking-opt14-strips,ptesting-2-3-4.pddl,symk,1,17,7.36861,,13,,,,,,,,,,,,
hiking-opt14-strips,ptesting-2-3-5.pddl,causal,1,24,132.153,0,13,,12484,2.6084e+07,4.1195e+07,229277,196337,13710130,2074084,15,9,0,0
hiking-opt14-strips,ptesting-2-3-5.pddl,comb-w,1,24,111.972,0,13,0,12484,2.6084e+07,4.1195e+07,229277,196337,13710130,2074084,15,9,0,0
hiking-opt14-strips,ptesting-2-3-5.pddl,tr-select,1,24,62.3436,,,,,,,,,,,,,,
hiking-opt14-strips,ptesting-2-3-5.pddl,symk,1,24,126.959,,13,,,,,,,,,,,,
hiking-opt14-strips,ptesting-2-3-6.pddl,causal,0,,,0,13,,19062,,,,,,,,,,
hiking-opt14-strips,ptesting-2-3-6.pddl,comb-w,0,,,0,13,0,19062,,,,,,,,,,
hiking-opt14-strips,ptesting-2-3-6.pddl,tr-select,0,,,,,,,,,,,,,,,,
hiking-opt14-strips,ptesting-2-3-6.pddl,symk,1,28,1334.33,,13,,,,,,,,,,,,
hiking-opt14-strips,ptesting-2-3-7.pddl,causal,0,,,0,13,,27594,,,,,,,,,,
hiking-opt14-strips,ptesting-2-3-7.pddl,comb-w,0,,,0,13,0,27594,,,,,,,,,,
hiking-opt14-strips,ptesting-2-3-7.pddl,tr-select,0,,,,,,,,,,,,,,,,
hiking-opt14-strips,ptesting-2-3-7.pddl,symk,0,,,,13,,,,,,,,,,,,
hiking-opt14-strips,ptesting-2-4-3.pddl,causal,1,10,0.236854,0,14,,1993,111418,719737,3350,3122,292292,23106,5,5,0,0
hiking-opt14-strips,ptesting-2-4-3.pddl,comb-w,1,10,0.246816,0,14,0,1993,111418,719737,3350,3122,292292,23106,5,5,0,0
hiking-opt14-strips,ptesting-2-4-3.pddl,tr-select,1,10,0.263268,,,,,,,,,,,,,,
hiking-opt14-strips,ptesting-2-4-3.pddl,symk,1,10,0.226127,,14,,,,,,,,,,,,
hiking-opt14-strips,ptesting-2-4-4.pddl,causal,1,17,5.00653,0,14,,3595,3.99259e+06,2.26336e+07,28178,31919,4834060,211781,10,7,0,0
hiking-opt14-strips,ptesting-2-4-4.pddl,comb-w,1,17,4.75923,0,14,0,3595,3.99259e+06,2.26336e+07,28178,31919,4834060,211781,10,7,0,0
hiking-opt14-strips,ptesting-2-4-4.pddl,tr-select,1,17,2.80626,,,,,,,,,,,,,,
hiking-opt14-strips,ptesting-2-4-4.pddl,symk,1,17,4.71558,,14,,,,,,,,,,,,
hiking-opt14-strips,ptesting-2-4-5.pddl,causal,1,23,137.643,0,14,,8643,7.37966e+07,2.6701e+08,238608,265530,15315692,1987973,14,9,0,0
hiking-opt14-strips,ptesting-2-4-5.pddl,comb-w,1,23,155.228,0,14,0,8643,7.37966e+07,2.6701e+08,238608,265530,15315692,1987973,14,9,0,0
hiking-opt14-strips,ptesting-2-4-5.pddl,tr-select,1,23,90.2462,,,,,,,,,,,,,,
hiking-opt14-strips,ptesting-2-4-5.pddl,symk,1,23,149.797,,14,,,,,,,,,,,,
hiking-opt14-strips,ptesting-2-4-6.pddl,causal,0,,,0,14,,12652,,,,,,,,,,
hiking-opt14-strips,ptesting-2-4-6.pddl,comb-w,0,,,0,14,0,12652,,,,,,,,,,
hiking-opt14-strips,ptesting-2-4-6.pddl,tr-select,0,,,,,,,,,,,,,,,,
hiking-opt14-strips,ptesting-2-4-6.pddl,symk,0,,,,14,,,,,,,,,,,,
hiking-opt14-strips,ptesting-2-4-7.pddl,causal,0,,,0,14,,17550,,,,,,,,,,
hiking-opt14-strips,ptesting-2-4-7.pddl,comb-w,0,,,0,14,0,17550,,,,,,,,,,
hiking-opt14-strips,ptesting-2-4-7.pddl,tr-select,0,,,,,,,,,,,,,,,,
hiking-opt14-strips,ptesting-2-4-7.pddl,symk,0,,,,14,,,,,,,,,,,,
logistics00,probLOGISTICS-10-0.pddl,causal,1,45,107.891,0,17,,5948,9.55985e+09,1.22267e+08,403219,484411,17697974,1980484,30,15,0,0
logistics00,probLOGISTICS-10-0.pddl,comb-w,1,45,107.671,0,17,0,5948,9.55985e+09,1.22267e+08,403219,484411,17696952,1980484,30,15,0,0
logistics00,probLOGISTICS-10-0.pddl,tr-select,1,45,102.979,,,,,,,,,,,,,,
logistics00,probLOGISTICS-10-0.pddl,symk,1,45,772.676,,15,,,,,,,,,,,,
logistics00,probLOGISTICS-10-1.pddl,causal,1,42,95.5261,0,17,,5948,4.06879e+09,1.90249e+08,443056,432016,21749182,1947305,28,14,0,0
logistics00,probLOGISTICS-10-1.pddl,comb-w,1,42,94.9958,0,17,0,5948,4.06879e+09,1.90249e+08,443056,432016,21749182,1947305,28,14,0,0
logistics00,probLOGISTICS-10-1.pddl,tr-select,1,42,94.0442,,,,,,,,,,,,,,
logistics00,probLOGISTICS-10-1.pddl,symk,1,42,190.29,,15,,,,,,,,,,,,
logistics00,probLOGISTICS-11-0.pddl,causal,0,,,0,17,,7032,,,,,,,,,,
logistics00,probLOGISTICS-11-0.pddl,comb-w,0,,,0,17,0,7032,,,,,,,,,,
logistics00,probLOGISTICS-11-0.pddl,tr-select,0,,,,,,,,,,,,,,,,
logistics00,probLOGISTICS-11-0.pddl,symk,1,48,1193.01,,16,,,,,,,,,,,,
logistics00,probLOGISTICS-11-1.pddl,causal,0,,,0,17,,7032,,,,,,,,,,
logistics00,probLOGISTICS-11-1.pddl,comb-w,0,,,0,17,0,7032,,,,,,,,,,
logistics00,probLOGISTICS-11-1.pddl,tr-select,0,,,,,,,,,,,,,,,,
logistics00,probLOGISTICS-11-1.pddl,symk,0,,,,16,,,,,,,,,,,,
logistics00,probLOGISTICS-12-0.pddl,causal,1,42,208.49,0,17,,7250,2.96531e+10,5.0118e+08,632046,689398,27223014,2794516,27,15,0,0
logistics00,probLOGISTICS-12-0.pddl,comb-w,1,42,207.516,0,17,0,7250,2.96531e+10,5.0118e+08,632046,689398,27223014,2794516,27,15,0,0
logistics00,probLOGISTICS-12-0.pddl,tr-select,1,42,209.236,,,,,,,,,,,,,,
logistics00,probLOGISTICS-12-0.pddl,symk,1,42,1043.36,,17,,,,,,,,,,,,
logistics00,probLOGISTICS-12-1.pddl,causal,0,,,0,17,,7250,,,,,,,,,,
logistics00,probLOGISTICS-12-1.pddl,comb-w,0,,,0,17,0,7250,,,,,,,,,,
logistics00,probLOGISTICS-12-1.pddl,tr-select,0,,,,,,,,,,,,,,,,
logistics00,probLOGISTICS-12-1.pddl,symk,0,,,,17,,,,,,,,,,,,
logistics00,probLOGISTICS-13-0.pddl,causal,0,,,0,22,,47339,,,,,,,,,,
logistics00,probLOGISTICS-13-0.pddl,comb-w,0,,,0,22,0,47339,,,,,,,,,,
logistics00,probLOGISTICS-13-0.pddl,tr-select,0,,,,,,,,,,,,,,,,
logistics00,probLOGISTICS-13-0.pddl,symk,0,,,,20,,,,,,,,,,,,
logistics00,probLOGISTICS-13-1.pddl,causal,0,,,0,22,,47339,,,,,,,,,,
logistics00,probLOGISTICS-13-1.pddl,comb-w,0,,,0,22,0,47339,,,,,,,,,,
logistics00,probLOGISTICS-13-1.pddl,tr-select,0,,,,,,,,,,,,,,,,
logistics00,probLOGISTICS-13-1.pddl,symk,0,,,,20,,,,,,,,,,,,
logistics00,probLOGISTICS-14-0.pddl,causal,0,,,0,22,,103180,,,,,,,,,,
logistics00,probLOGISTICS-14-0.pddl,comb-w,0,,,0,22,0,103180,,,,,,,,,,
logistics00,probLOGISTICS-14-0.pddl,tr-select,0,,,,,,,,,,,,,,,,
logistics00,probLOGISTICS-14-0.pddl,symk,0,,,,21,,,,,,,,,,,,
logistics00,probLOGISTICS-14-1.pddl,causal,0,,,0,22,,103180,,,,,,,,,,
logistics00,probLOGISTICS-14-1.pddl,comb-w,0,,,0,22,0,103180,,,,,,,,,,
logistics00,probLOGISTICS-14-1.pddl,tr-select,0,,,,,,,,,,,,,,,,
logistics00,probLOGISTICS-14-1.pddl,symk,0,,,,21,,,,,,,,,,,,
logistics00,probLOGISTICS-15-0.pddl,causal,0,,,0,22,,93599,,,,,,,,,,
logistics00,probLOGISTICS-15-0.pddl,comb-w,0,,,0,22,0,93599,,,,,,,,,,
logistics00,probLOGISTICS-15-0.pddl,tr-select,0,,,,,,,,,,,,,,,,
logistics00,probLOGISTICS-15-0.pddl,symk,0,,,,22,,,,,,,,,,,,
logistics00,probLOGISTICS-15-1.pddl,causal,0,,,0,22,,93599,,,,,,,,,,
logistics00,probLOGISTICS-15-1.pddl,comb-w,0,,,0,22,0,93599,,,,,,,,,,
logistics00,probLOGISTICS-15-1.pddl,tr-select,0,,,,,,,,,,,,,,,,
logistics00,probLOGISTICS-15-1.pddl,symk,0,,,,22,,,,,,,,,,,,
logistics00,probLOGISTICS-4-0.pddl,causal,1,20,0.0122703,0,9,,361,2919,1658,314,286,14308,2561,13,7,0,0
logistics00,probLOGISTICS-4-0.pddl,comb-w,1,20,0.011428,0,9,0,361,2919,1658,314,286,14308,2561,13,7,0,0
logistics00,probLOGISTICS-4-0.pddl,tr-select,1,20,0.012643,,,,,,,,,,,,,,
logistics00,probLOGISTICS-4-0.pddl,symk,1,20,0.0114372,,7,,,,,,,,,,,,
logistics00,probLOGISTICS-4-1.pddl,causal,1,19,0.00989861,0,9,,361,3735,845,247,263,12264,2235,14,5,0,0
logistics00,probLOGISTICS-4-1.pddl,comb-w,1,19,0.00988952,0,9,0,361,3735,845,247,263,12264,2235,14,5,0,0
logistics00,probLOGISTICS-4-1.pddl,tr-select,1,19,0.00990596,,,,,,,,,,,,,,
logistics00,probLOGISTICS-4-1.pddl,symk,1,19,0.00959254,,7,,,,,,,,,,,,
logistics00,probLOGISTICS-4-2.pddl,causal,1,15,0.00649509,0,9,,361,575,981,164,199,8176,1686,8,7,0,0
logistics00,probLOGISTICS-4-2.pddl,comb-w,1,15,0.00597879,0,9,0,361,575,981,164,199,8176,1686,8,7,0,0
logistics00,probLOGISTICS-4-2.pddl,tr-select,1,15,0.00622871,,,,,,,,,,,,,,
logistics00,probLOGISTICS-4-2.pddl,symk,1,15,0.00692802,,7,,,,,,,,,,,,
logistics00,probLOGISTICS-5-0.pddl,causal,1,27,0.0404984,0,9,,491,44942,6863,801,831,41902,6075,19,8,0,0
logistics00,probLOGISTICS-5-0.pddl,comb-w,1,27,0.0385404,0,9,0,491,44942,6863,801,831,41902,6075,19,8,0,0
logistics00,probLOGISTICS-5-0.pddl,tr-select,1,27,0.0351171,,,,,,,,,,,,,,
logistics00,probLOGISTICS-5-0.pddl,symk,1,27,0.0269028,,8,,,,,,,,,,,,
logistics00,probLOGISTICS-5-1.pddl,causal,1,17,0.0155866,0,9,,491,3933,2383,482,461,17374,3320,11,6,0,0
logistics00,probLOGISTICS-5-1.pddl,comb-w,1,17,0.0145196,0,9,0,491,3933,2383,482,461,17374,3320,11,6,0,0
logistics00,probLOGISTICS-5-1.pddl,tr-select,1,17,0.0130172,,,,,,,,,,,,,,
logistics00,probLOGISTICS-5-1.pddl,symk,1,17,0.0120117,,8,,,,,,,,,,,,
logistics00,probLOGISTICS-5-2.pddl,causal,1,8,0.00606249,0,9,,491,206,291,116,169,7154,1595,5,3,0,0
logistics00,probLOGISTICS-5-2.pddl,comb-w,1,8,0.00560872,0,9,0,491,206,291,116,169,7154,1595,5,3,0,0
logistics00,probLOGISTICS-5-2.pddl,tr-select,1,8,0.00426149,,,,,,,,,,,,,,
logistics00,probLOGISTICS-5-2.pddl,symk,1,8,0.00478901,,8,,,,,,,,,,,,
logistics00,probLOGISTICS-6-0.pddl,causal,1,25,0.0451633,0,9,,571,86342,18956,1090,1219,47012,7408,17,8,0,0
logistics00,probLOGISTICS-6-0.pddl,comb-w,1,25,0.0437328,0,9,0,571,86342,18956,1090,1219,47012,7408,17,8,0,0
logistics00,probLOGISTICS-6-0.pddl,tr-select,1,25,0.040416,,,,,,,,,,,,,,
logistics00,probLOGISTICS-6-0.pddl,symk,1,25,0.0333391,,9,,,,,,,,,,,,
logistics00,probLOGISTICS-6-1.pddl,causal,1,14,0.0106828,0,9,,571,2214,2855,346,332,15330,2869,8,6,0,0
logistics00,probLOGISTICS-6-1.pddl,comb-w,1,14,0.01231,0,9,0,571,2214,2855,346,332,15330,2869,8,6,0,0
logistics00,probLOGISTICS-6-1.pddl,tr-select,1,14,0.0109517,,,,,,,,,,,,,,
logistics00,probLOGISTICS-6-1.pddl,symk,1,14,0.0119315,,9,,,,,,,,,,,,
logistics00,probLOGISTICS-6-2.pddl,causal,1,25,0.0387192,0,9,,571,86342,17535,1102,1204,49056,7616,17,8,0,0
logistics00,probLOGISTICS-6-2.pddl,comb-w,1,25,0.0420926,0,9,0,571,86342,17535,1102,1204,49056,7616,17,8,0,0
logistics00,probLOGISTICS-6-2.pddl,tr-select,1,25,0.0441059,,,,,,,,,,,,,,
logistics00,probLOGISTICS-6-2.pddl,symk,1,25,0.0367546,,9,,,,,,,,,,,,
logistics00,probLOGISTICS-6-9.pddl,causal,1,24,0.0433918,0,9,,571,43920,13815,982,1065,41902,6802,15,9,0,0
logistics00,probLOGISTICS-6-9.pddl,comb-w,1,24,0.0403396,0,9,0,571,43920,13815,982,1065,41902,6802,15,9,0,0
logistics00,probLOGISTICS-6-9.pddl,tr-select,1,24,0.0371867,,,,,,,,,,,,,,
logistics00,probLOGISTICS-6-9.pddl,symk,1,24,0.029156,,9,,,,,,,,,,,,
logistics00,probLOGISTICS-7-0.pddl,causal,1,36,1.15058,0,13,,2184,6.91422e+06,1.63995e+06,22162,24065,1001560,119688,23,13,0,0
logistics00,probLOGISTICS-7-0.pddl,comb-w,1,36,1.17452,0,13,0,2184,6.91422e+06,1.63995e+06,22162,24065,1001560,119688,23,13,0,0
logistics00,probLOGISTICS-7-0.pddl,tr-select,1,36,1.10236,,,,,,,,,,,,,,
logistics00,probLOGISTICS-7-0.pddl,symk,1,36,0.879362,,11,,,,,,,,,,,,
logistics00,probLOGISTICS-7-1.pddl,causal,1,44,2.33246,0,13,,2184,7.34108e+07,963270,17166,20274,1310204,119765,32,12,0,0
logistics00,probLOGISTICS-7-1.pddl,comb-w,1,44,1.76883,0,13,0,2184,7.34108e+07,963270,17166,20274,1310204,119765,32,12,0,0
logistics00,probLOGISTICS-7-1.pddl,tr-select,1,44,1.78571,,,,,,,,,,,,,,
logistics00,probLOGISTICS-7-1.pddl,symk,1,44,2.42296,,11,,,,,,,,,,,,
logistics00,probLOGISTICS-8-0.pddl,causal,1,31,0.862011,0,13,,2827,1.50358e+07,277953,22194,19684,886074,101507,21,10,0,0
logistics00,probLOGISTICS-8-0.pddl,comb-w,1,31,0.893619,0,13,0,2827,1.50358e+07,277953,22194,19684,886074,101507,21,10,0,0
logistics00,probLOGISTICS-8-0.pddl,tr-select,1,31,0.898783,,,,,,,,,,,,,,
logistics00,probLOGISTICS-8-0.pddl,symk,1,31,1.11637,,12,,,,,,,,,,,,
logistics00,probLOGISTICS-8-1.pddl,causal,1,44,3.37122,0,13,,2827,2.79075e+08,3.43637e+06,38579,47946,2398634,229026,31,13,0,0
logistics00,probLOGISTICS-8-1.pddl,comb-w,1,44,3.29729,0,13,0,2827,2.79075e+08,3.43637e+06,38579,47946,2398634,229026,31,13,0,0
logistics00,probLOGISTICS-8-1.pddl,tr-select,1,44,3.46029,,,,,,,,,,,,,,
logistics00,probLOGISTICS-8-1.pddl,symk,1,44,3.40014,,12,,,,,,,,,,,,
logistics00,probLOGISTICS-9-0.pddl,causal,1,36,2.41118,0,13,,3001,6.08538e+07,4.94167e+06,29781,33926,1375612,157941,23,13,0,0
logistics00,probLOGISTICS-9-0.pddl,comb-w,1,36,1.75048,0,13,0,3001,6.08538e+07,4.94167e+06,29781,33926,1375612,157941,23,13,0,0
logistics00,probLOGISTICS-9-0.pddl,tr-select,1,36,1.62588,,,,,,,,,,,,,,
logistics00,probLOGISTICS-9-0.pddl,symk,1,36,2.02107,,13,,,,,,,,,,,,
logistics00,probLOGISTICS-9-1.pddl,causal,1,30,0.690817,0,13,,3001,1.00901e+07,2.17934e+06,17069,16712,618310,84956,18,12,0,0
logistics00,probLOGISTICS-9-1.pddl,comb-w,1,30,0.693351,0,13,0,3001,1.00901e+07,2.17934e+06,17069,16712,618310,84956,18,12,0,0
logistics00,probLOGISTICS-9-1.pddl,tr-select,1,30,0.646397,,,,,,,,,,,,,,
logistics00,probLOGISTICS-9-1.pddl,symk,1,30,0.893542,,13,,,,,,,,,,,,
logistics98,prob01.pddl,causal,1,26,16.6518,0,14,,11804,4.61974e+07,7.0756e+07,219429,237237,7667044,1004175,16,10,0,0
logistics98,prob01.pddl,comb-w,1,26,13.7722,0,14,0,11804,4.61974e+07,7.0756e+07,219429,237237,7667044,1004175,16,10,0,0
logistics98,prob01.pddl,tr-select,1,26,13.813,,,,,,,,,,,,,,
logistics98,prob01.pddl,symk,1,26,20.3747,,14,,,,,,,,,,,,
logistics98,prob02.pddl,causal,0,,,0,19,,366119,,,,,,,,,,
logistics98,prob02.pddl,comb-w,0,,,0,19,0,366119,,,,,,,,,,
logistics98,prob02.pddl,tr-select,0,,,,,,,,,,,,,,,,
logistics98,prob02.pddl,symk,0,,,,19,,,,,,,,,,,,
logistics98,prob03.pddl,causal,0,,,0,27,,590553,,,,,,,,,,
logistics98,prob03.pddl,comb-w,0,,,0,27,0,590553,,,,,,,,,,
logistics98,prob03.pddl,tr-select,0,,,,,,,,,,,,,,,,
logistics98,prob03.pddl,symk,0,,,,25,,,,,,,,,,,,
logistics98,prob04.pddl,causal,0,,,0,35,,1317236,,,,,,,,,,
logistics98,prob04.pddl,comb-w,0,,,0,35,0,1317236,,,,,,,,,,
logistics98,prob04.pddl,tr-select,0,,,,,,,,,,,,,,,,
logistics98,prob04.pddl,symk,0,,,,35,,,,,,,,,,,,
logistics98,prob05.pddl,causal,1,22,5.62285,0,16,,35517,1.19316e+07,6.8783e+07,86416,108119,4058362,534976,13,9,0,0
logistics98,prob05.pddl,comb-w,1,22,4.12165,0,16,0,35517,1.19316e+07,6.8783e+07,86416,108119,4058362,534976,13,9,0,0
logistics98,prob05.pddl,tr-select,1,22,4.17314,,,,,,,,,,,,,,
logistics98,prob05.pddl,symk,1,22,1.79547,,16,,,,,,,,,,,,
logistics98,prob06.pddl,causal,0,,,0,44,,952966,,,,,,,,,,
logistics98,prob06.pddl,comb-w,0,,,0,44,0,952966,,,,,,,,,,
logistics98,prob06.pddl,tr-select,0,,,,,,,,,,,,,,,,
logistics98,prob06.pddl,symk,0,,,,38,,,,,,,,,,,,
logistics98,prob07.pddl,causal,0,,,0,27,,353566,,,,,,,,,,
logistics98,prob07.pddl,comb-w,0,,,0,27,0,353566,,,,,,,,,,
logistics98,prob07.pddl,tr-select,0,,,,,,,,,,,,,,,,
logistics98,prob07.pddl,symk,0,,,,23,,,,,,,,,,,,
logistics98,prob08.pddl,causal,0,,,0,61,,1030742,,,,,,,,,,
logistics98,prob08.pddl,comb-w,0,,,0,61,0,1030742,,,,,,,,,,
logistics98,prob08.pddl,tr-select,0,,,,,,,,,,,,,,,,
logistics98,prob08.pddl,symk,0,,,,43,,,,,,,,,,,,
logistics98,prob09.pddl,causal,0,,,0,44,,1511691,,,,,,,,,,
logistics98,prob09.pddl,comb-w,0,,,0,44,0,1511691,,,,,,,,,,
logistics98,prob09.pddl,tr-select,0,,,,,,,,,,,,,,,,
logistics98,prob09.pddl,symk,0,,,,44,,,,,,,,,,,,
logistics98,prob10.pddl,causal,0,,,0,44,,914388,,,,,,,,,,
logistics98,prob10.pddl,comb-w,0,,,0,44,0,914388,,,,,,,,,,
logistics98,prob10.pddl,tr-select,0,,,,,,,,,,,,,,,,
logistics98,prob10.pddl,symk,0,,,,44,,,,,,,,,,,,
logistics98,prob11.pddl,causal,0,,,0,36,,659253,,,,,,,,,,
logistics98,prob11.pddl,comb-w,0,,,0,36,0,659253,,,,,,,,,,
logistics98,prob11.pddl,tr-select,0,,,,,,,,,,,,,,,,
logistics98,prob11.pddl,symk,0,,,,36,,,,,,,,,,,,
logistics98,prob12.pddl,causal,0,,,0,69,,2004814,,,,,,,,,,
logistics98,prob12.pddl,comb-w,0,,,0,69,0,2004814,,,,,,,,,,
logistics98,prob12.pddl,tr-select,0,,,,,,,,,,,,,,,,
logistics98,prob12.pddl,symk,0,,,,69,,,,,,,,,,,,
logistics98,prob13.pddl,causal,0,,,0,61,,1850404,,,,,,,,,,
logistics98,prob13.pddl,comb-w,0,,,0,61,0,1850404,,,,,,,,,,
logistics98,prob13.pddl,tr-select,0,,,,,,,,,,,,,,,,
logistics98,prob13.pddl,symk,0,,,,46,,,,,,,,,,,,
logistics98,prob14.pddl,causal,0,,,0,84,,2580790,,,,,,,,,,
logistics98,prob14.pddl,comb-w,0,,,0,84,0,2580790,,,,,,,,,,
logistics98,prob14.pddl,tr-select,0,,,,,,,,,,,,,,,,
logistics98,prob14.pddl,symk,0,,,,74,,,,,,,,,,,,
logistics98,prob15.pddl,causal,0,,,0,35,,894818,,,,,,,,,,
logistics98,prob15.pddl,comb-w,0,,,0,35,0,894818,,,,,,,,,,
logistics98,prob15.pddl,tr-select,0,,,,,,,,,,,,,,,,
logistics98,prob15.pddl,symk,0,,,,26,,,,,,,,,,,,
logistics98,prob16.pddl,causal,0,,,0,72,,1819539,,,,,,,,,,
logistics98,prob16.pddl,comb-w,0,,,0,72,0,1819539,,,,,,,,,,
logistics98,prob16.pddl,tr-select,0,,,,,,,,,,,,,,,,
logistics98,prob16.pddl,symk,0,,,,72,,,,,,,,,,,,
logistics98,prob17.pddl,causal,0,,,0,65,,921105,,,,,,,,,,
logistics98,prob17.pddl,comb-w,0,,,0,65,0,921105,,,,,,,,,,
logistics98,prob17.pddl,tr-select,0,,,,,,,,,,,,,,,,
logistics98,prob17.pddl,symk,0,,,,58,,,,,,,,,,,,
logistics98,prob18.pddl,causal,0,,,0,60,,4312794,,,,,,,,,,
logistics98,prob18.pddl,comb-w,0,,,0,60,0,4312794,,,,,,,,,,
logistics98,prob18.pddl,tr-select,0,,,,,,,,,,,,,,,,
logistics98,prob18.pddl,symk,0,,,,60,,,,,,,,,,,,
logistics98,prob19.pddl,causal,0,,,0,60,,5640170,,,,,,,,,,
logistics98,prob19.pddl,comb-w,0,,,0,60,0,5640170,,,,,,,,,,
logistics98,prob19.pddl,tr-select,0,,,,,,,,,,,,,,,,
logistics98,prob19.pddl,symk,0,,,,60,,,,,,,,,,,,
logistics98,prob20.pddl,causal,0,,,0,50,,3216733,,,,,,,,,,
logistics98,prob20.pddl,comb-w,0,,,0,50,0,3249889,,,,,,,,,,
logistics98,prob20.pddl,tr-select,0,,,,,,,,,,,,,,,,
logistics98,prob20.pddl,symk,0,,,,50,,,,,,,,,,,,
logistics98,prob21.pddl,causal,0,,,0,64,,5120837,,,,,,,,,,
logistics98,prob21.pddl,comb-w,0,,,0,64,0,5120837,,,,,,,,,,
logistics98,prob21.pddl,tr-select,0,,,,,,,,,,,,,,,,
logistics98,prob21.pddl,symk,0,,,,64,,,,,,,,,,,,
logistics98,prob22.pddl,causal,0,,,0,124,,4792978,,,,,,,,,,
logistics98,prob22.pddl,comb-w,0,,,0,124,0,4846380,,,,,,,,,,
logistics98,prob22.pddl,tr-select,0,,,,,,,,,,,,,,,,
logistics98,prob22.pddl,symk,0,,,,116,,,,,,,,,,,,
logistics98,prob23.pddl,causal,0,,,0,53,,2013387,,,,,,,,,,
logistics98,prob23.pddl,comb-w,0,,,0,53,0,2013387,,,,,,,,,,
logistics98,prob23.pddl,tr-select,0,,,,,,,,,,,,,,,,
logistics98,prob23.pddl,symk,0,,,,53,,,,,,,,,,,,
logistics98,prob24.pddl,causal,0,,,0,73,,1684569,,,,,,,,,,
logistics98,prob24.pddl,comb-w,0,,,0,73,0,1684569,,,,,,,,,,
logistics98,prob24.pddl,tr-select,0,,,,,,,,,,,,,,,,
logistics98,prob24.pddl,symk,0,,,,66,,,,,,,,,,,,
logistics98,prob25.pddl,causal,0,,,0,60,,6061737,,,,,,,,,,
logistics98,prob25.pddl,comb-w,0,,,0,60,0,6061737,,,,,,,,,,
logistics98,prob25.pddl,tr-select,0,,,,,,,,,,,,,,,,
logistics98,prob25.pddl,symk,0,,,,60,,,,,,,,,,,,
logistics98,prob26.pddl,causal,0,,,0,141,,4441656,,,,,,,,,,
logistics98,prob26.pddl,comb-w,0,,,0,141,0,4612676,,,,,,,,,,
logistics98,prob26.pddl,tr-select,0,,,,,,,,,,,,,,,,
logistics98,prob26.pddl,symk,0,,,,139,,,,,,,,,,,,
logistics98,prob27.pddl,causal,0,,,0,94,,4853815,,,,,,,,,,
logistics98,prob27.pddl,comb-w,0,,,0,94,0,4853815,,,,,,,,,,
logistics98,prob27.pddl,tr-select,0,,,,,,,,,,,,,,,,
logistics98,prob27.pddl,symk,0,,,,54,,,,,,,,,,,,
logistics98,prob28.pddl,causal,0,,,0,130,,10513634,,,,,,,,,,
logistics98,prob28.pddl,comb-w,0,,,0,130,0,10889623,,,,,,,,,,
logistics98,prob28.pddl,tr-select,0,,,,,,,,,,,,,,,,
logistics98,prob28.pddl,symk,0,,,,118,,,,,,,,,,,,
logistics98,prob29.pddl,causal,0,,,0,109,,6199094,,,,,,,,,,
logistics98,prob29.pddl,comb-w,0,,,0,109,0,6167530,,,,,,,,,,
logistics98,prob29.pddl,tr-select,0,,,,,,,,,,,,,,,,
logistics98,prob29.pddl,symk,0,,,,101,,,,,,,,,,,,
logistics98,prob30.pddl,causal,0,,,0,98,,7222845,,,,,,,,,,
logistics98,prob30.pddl,comb-w,0,,,0,98,0,7222845,,,,,,,,,,
logistics98,prob30.pddl,tr-select,0,,,,,,,,,,,,,,,,
logistics98,prob30.pddl,symk,0,,,,98,,,,,,,,,,,,
logistics98,prob31.pddl,causal,1,13,0.0406454,0,10,,3959,18799,67048,1431,1593,75628,12650,8,5,0,0
logistics98,prob31.pddl,comb-w,1,13,0.041294,0,10,0,3959,18799,67048,1431,1593,75628,12650,8,5,0,0
logistics98,prob31.pddl,tr-select,1,13,0.0409443,,,,,,,,,,,,,,
logistics98,prob31.pddl,symk,1,13,0.028235,,10,,,,,,,,,,,,
logistics98,prob32.pddl,causal,1,20,0.0407264,0,12,,1626,32911,42428,1264,1140,58254,9726,12,8,0,0
logistics98,prob32.pddl,comb-w,1,20,0.0388923,0,12,0,1626,32911,42428,1264,1140,58254,9726,12,8,0,0
logistics98,prob32.pddl,tr-select,1,20,0.0384746,,,,,,,,,,,,,,
logistics98,prob32.pddl,symk,1,20,0.043974,,10,,,,,,,,,,,,
logistics98,prob33.pddl,causal,1,27,37.6497,0,17,,13206,1.58416e+09,2.00366e+08,287560,370132,13570116,1463224,18,9,0,0
logistics98,prob33.pddl,comb-w,1,27,37.858,0,17,0,13206,1.58416e+09,2.00366e+08,287560,370132,13570116,1463224,18,9,0,0
logistics98,prob33.pddl,tr-select,1,27,35.9613,,,,,,,,,,,,,,
logistics98,prob33.pddl,symk,1,27,23.8205,,17,,,,,,,,,,,,
logistics98,prob34.pddl,causal,0,,,0,22,,453391,,,,,,,,,,
logistics98,prob34.pddl,comb-w,0,,,0,22,0,453391,,,,,,,,,,
logistics98,prob34.pddl,tr-select,0,,,,,,,,,,,,,,,,
logistics98,prob34.pddl,symk,0,,,,22,,,,,,,,,,,,
logistics98,prob35.pddl,causal,0,,,0,21,,412822,,,,,,,,,,
logistics98,prob35.pddl,comb-w,0,,,0,21,0,412822,,,,,,,,,,
logistics98,prob35.pddl,tr-select,0,,,,,,,,,,,,,,,,
logistics98,prob35.pddl,symk,0,,,,21,,,,,,,,,,,,
miconic,s1-0.pddl,causal,1,4,0.000291693,0,3,,11,3,5,4,4,1022,31,3,1,0,0
miconic,s1-0.pddl,comb-w,1,4,0.000330069,0,3,0,11,3,5,4,4,1022,31,3,1,0,0
miconic,s1-0.pddl,tr-select,1,4,0.000318626,,,,,,,,,,,,,,
miconic,s1-0.pddl,symk,1,4,0.000735399,,3,,,,,,,,,,,,
miconic,s1-1.pddl,causal,1,3,0.000273871,0,3,,11,3,5,4,4,1022,32,1,2,0,0
miconic,s1-1.pddl,comb-w,1,3,0.000276186,0,3,0,11,3,5,4,4,1022,32,1,2,0,0
miconic,s1-1.pddl,tr-select,1,3,0.000314631,,,,,,,,,,,,,,
miconic,s1-1.pddl,symk,1,3,0.00066737,,3,,,,,,,,,,,,
miconic,s1-2.pddl,causal,1,4,0.000295738,0,3,,11,3,5,4,4,1022,31,3,1,0,0
miconic,s1-2.pddl,comb-w,1,4,0.000308712,0,3,0,11,3,5,4,4,1022,31,3,1,0,0
miconic,s1-2.pddl,tr-select,1,4,0.000292421,,,,,,,,,,,,,,
miconic,s1-2.pddl,symk,1,4,0.000685395,,3,,,,,,,,,,,,
miconic,s1-3.pddl,causal,1,4,0.000372354,0,3,,11,3,5,4,4,1022,31,3,1,0,0
miconic,s1-3.pddl,comb-w,1,4,0.000307554,0,3,0,11,3,5,4,4,1022,31,3,1,0,0
miconic,s1-3.pddl,tr-select,1,4,0.00033064,,,,,,,,,,,,,,
miconic,s1-3.pddl,symk,1,4,0.000676104,,3,,,,,,,,,,,,
miconic,s1-4.pddl,causal,1,4,0.000297421,0,3,,11,3,5,4,4,1022,31,3,1,0,0
miconic,s1-4.pddl,comb-w,1,4,0.000292873,0,3,0,11,3,5,4,4,1022,31,3,1,0,0
miconic,s1-4.pddl,tr-select,1,4,0.000293388,,,,,,,,,,,,,,
miconic,s1-4.pddl,symk,1,4,0.000766624,,3,,,,,,,,,,,,
miconic,s10-0.pddl,causal,1,33,0.217118,0,21,,763,135595,1.96112e+07,4209,3332,133882,25133,12,21,0,0
miconic,s10-0.pddl,comb-w,1,33,0.164197,0,21,0,763,135595,1.96112e+07,4209,3332,133882,25133,12,21,0,0
miconic,s10-0.pddl,tr-select,1,33,0.182307,,,,,,,,,,,,,,
miconic,s10-0.pddl,symk,1,33,0.156572,,21,,,,,,,,,,,,
miconic,s10-1.pddl,causal,1,32,0.285873,0,21,,620,1.06917e+06,1.37649e+07,6240,5818,209510,35147,16,16,0,0
miconic,s10-1.pddl,comb-w,1,32,0.246023,0,21,0,620,1.06917e+06,1.37649e+07,6240,5818,209510,35147,16,16,0,0
miconic,s10-1.pddl,tr-select,1,32,0.284171,,,,,,,,,,,,,,
miconic,s10-1.pddl,symk,1,32,0.233519,,21,,,,,,,,,,,,
miconic,s10-2.pddl,causal,1,32,0.310664,0,21,,789,338646,1.69613e+07,8760,7238,287182,47287,14,18,0,0
miconic,s10-2.pddl,comb-w,1,32,0.300492,0,21,0,789,338646,1.69613e+07,8760,7238,287182,47287,14,18,0,0
miconic,s10-2.pddl,tr-select,1,32,0.314306,,,,,,,,,,,,,,
miconic,s10-2.pddl,symk,1,32,0.205187,,21,,,,,,,,,,,,
miconic,s10-3.pddl,causal,1,34,0.12206,0,21,,670,175712,1.95055e+07,2416,2013,86870,17507,13,21,0,0
miconic,s10-3.pddl,comb-w,1,34,0.119933,0,21,0,670,175712,1.95055e+07,2416,2013,86870,17507,13,21,0,0
miconic,s10-3.pddl,tr-select,1,34,0.121728,,,,,,,,,,,,,,
miconic,s10-3.pddl,symk,1,34,0.155222,,21,,,,,,,,,,,,
miconic,s10-4.pddl,causal,1,33,0.15755,0,21,,753,558660,1.67195e+07,4179,3567,119574,22604,15,18,0,0
miconic,s10-4.pddl,comb-w,1,33,0.156675,0,21,0,753,558660,1.67195e+07,4179,3567,119574,22604,15,18,0,0
miconic,s10-4.pddl,tr-select,1,33,0.160161,,,,,,,,,,,,,,
miconic,s10-4.pddl,symk,1,33,0.208008,,21,,,,,,,,,,,,
miconic,s11-0.pddl,causal,1,37,0.512747,0,23,,985,2.86173e+06,6.81185e+07,11375,9604,369964,68347,18,19,0,0
miconic,s11-0.pddl,comb-w,1,37,0.477146,0,23,0,985,2.86173e+06,6.81185e+07,11375,9604,369964,68347,18,19,0,0
miconic,s11-0.pddl,tr-select,1,37,0.559899,,,,,,,,,,,,,,
miconic,s11-0.pddl,symk,1,37,0.441262,,23,,,,,,,,,,,,
miconic,s11-1.pddl,causal,1,34,0.410558,0,23,,743,674139,7.82366e+07,5082,4339,170674,29347,14,20,0,0
miconic,s11-1.pddl,comb-w,1,34,0.236668,0,23,0,743,674139,7.82366e+07,5082,4339,170674,29347,14,20,0,0
miconic,s11-1.pddl,tr-select,1,34,0.217791,,,,,,,,,,,,,,
miconic,s11-1.pddl,symk,1,34,0.203377,,23,,,,,,,,,,,,
miconic,s11-2.pddl,causal,1,38,0.20107,0,23,,985,465189,8.737e+07,3512,3233,133882,27306,14,24,0,0
miconic,s11-2.pddl,comb-w,1,38,0.1945,0,23,0,985,465189,8.737e+07,3512,3233,133882,27306,14,24,0,0
miconic,s11-2.pddl,tr-select,1,38,0.198099,,,,,,,,,,,,,,
miconic,s11-2.pddl,symk,1,38,0.192664,,23,,,,,,,,,,,,
miconic,s11-3.pddl,causal,1,38,0.601144,0,23,,1080,783075,8.55698e+07,11966,11223,502824,86115,15,23,0,0
miconic,s11-3.pddl,comb-w,1,38,0.616947,0,23,0,1080,783075,8.55698e+07,11966,11223,502824,86115,15,23,0,0
miconic,s11-3.pddl,tr-select,1,38,0.59558,,,,,,,,,,,,,,
miconic,s11-3.pddl,symk,1,38,0.531574,,23,,,,,,,,,,,,
miconic,s11-4.pddl,causal,1,35,0.621041,0,23,,874,1.3928e+06,7.35063e+07,14314,12999,571298,89662,16,19,0,0
miconic,s11-4.pddl,comb-w,1,35,0.602868,0,23,0,874,1.3928e+06,7.35063e+07,14314,12999,571298,89662,16,19,0,0
miconic,s11-4.pddl,tr-select,1,35,0.61452,,,,,,,,,,,,,,
miconic,s11-4.pddl,symk,1,35,0.453875,,23,,,,,,,,,,,,
miconic,s12-0.pddl,causal,1,40,0.777057,0,25,,1046,2.24135e+06,3.68899e+08,17700,14531,580496,101843,16,24,0,0
miconic,s12-0.pddl,comb-w,1,40,0.744191,0,25,0,1046,2.24135e+06,3.68899e+08,17700,14531,580496,101843,16,24,0,0
miconic,s12-0.pddl,tr-select,1,40,0.782206,,,,,,,,,,,,,,
miconic,s12-0.pddl,symk,1,40,0.589135,,25,,,,,,,,,,,,
miconic,s12-1.pddl,causal,1,40,0.480119,0,25,,1202,1.3826e+06,3.79403e+08,8335,6154,276962,53006,15,25,0,0
miconic,s12-1.pddl,comb-w,1,40,0.488027,0,25,0,1202,1.3826e+06,3.79403e+08,8335,6154,276962,53006,15,25,0,0
miconic,s12-1.pddl,tr-select,1,40,0.445119,,,,,,,,,,,,,,
miconic,s12-1.pddl,symk,1,40,0.543197,,25,,,,,,,,,,,,
miconic,s12-2.pddl,causal,1,40,0.78438,0,25,,1072,6.36311e+06,3.39144e+08,14410,13628,501802,86808,18,22,0,0
miconic,s12-2.pddl,comb-w,1,40,0.819168,0,25,0,1072,6.36311e+06,3.39144e+08,14410,13628,501802,86808,18,22,0,0
miconic,s12-2.pddl,tr-select,1,40,0.759551,,,,,,,,,,,,,,
miconic,s12-2.pddl,symk,1,40,0.866724,,25,,,,,,,,,,,,
miconic,s12-3.pddl,causal,1,39,0.962251,0,25,,1247,2.67561e+06,3.59041e+08,22303,16532,741972,119487,16,23,0,0
miconic,s12-3.pddl,comb-w,1,39,0.947819,0,25,0,1247,2.67561e+06,3.59041e+08,22303,16532,741972,119487,16,23,0,0
miconic,s12-3.pddl,tr-select,1,39,1.31536,,,,,,,,,,,,,,
miconic,s12-3.pddl,symk,1,39,0.946064,,25,,,,,,,,,,,,
miconic,s12-4.pddl,causal,1,41,0.424164,0,25,,966,2.03891e+06,3.808e+08,8107,6728,289226,57143,16,25,0,0
miconic,s12-4.pddl,comb-w,1,41,0.738793,0,25,0,966,2.03891e+06,3.808e+08,8107,6728,289226,57143,16,25,0,0
miconic,s12-4.pddl,tr-select,1,41,0.452159,,,,,,,,,,,,,,
miconic,s12-4.pddl,symk,1,41,0.378739,,25,,,,,,,,,,,,
miconic,s13-0.pddl,causal,1,44,2.67534,0,27,,1216,9.98015e+06,1.59471e+09,43455,38440,1582056,270678,18,26,0,0
miconic,s13-0.pddl,comb-w,1,44,2.58427,0,27,0,1216,9.98015e+06,1.59471e+09,43455,38440,1582056,270678,18,26,0,0
miconic,s13-0.pddl,tr-select,1,44,2.67184,,,,,,,,,,,,,,
miconic,s13-0.pddl,symk,1,44,2.04648,,27,,,,,,,,,,,,
miconic,s13-1.pddl,causal,1,42,1.64122,0,27,,1580,4.49318e+06,1.66834e+09,28184,19325,1027110,160104,16,26,0,0
miconic,s13-1.pddl,comb-w,1,42,1.62812,0,27,0,1580,4.49318e+06,1.66834e+09,28184,19325,1027110,160104,16,26,0,0
miconic,s13-1.pddl,tr-select,1,42,1.56955,,,,,,,,,,,,,,
miconic,s13-1.pddl,symk,1,42,1.87059,,27,,,,,,,,,,,,
miconic,s13-2.pddl,causal,1,46,1.19006,0,27,,1659,3.57711e+06,1.70363e+09,17262,13478,824754,163161,16,30,0,0
miconic,s13-2.pddl,comb-w,1,46,1.20625,0,27,0,1659,3.57711e+06,1.70363e+09,17262,13478,824754,163161,16,30,0,0
miconic,s13-2.pddl,tr-select,1,46,1.19555,,,,,,,,,,,,,,
miconic,s13-2.pddl,symk,1,46,0.730207,,27,,,,,,,,,,,,
miconic,s13-3.pddl,causal,1,43,1.31433,0,27,,1289,4.33106e+06,1.65234e+09,25717,21622,829864,146313,16,27,0,0
miconic,s13-3.pddl,comb-w,1,43,1.37772,0,27,0,1289,4.33106e+06,1.65234e+09,25717,21622,829864,146313,16,27,0,0
miconic,s13-3.pddl,tr-select,1,43,1.35299,,,,,,,,,,,,,,
miconic,s13-3.pddl,symk,1,43,0.913594,,27,,,,,,,,,,,,
miconic,s13-4.pddl,causal,1,41,2.20949,0,27,,1513,1.3117e+07,1.43686e+09,39475,36600,1148728,197563,18,23,0,0
miconic,s13-4.pddl,comb-w,1,41,2.15108,0,27,0,1513,1.3117e+07,1.43686e+09,39475,36600,1148728,197563,18,23,0,0
miconic,s13-4.pddl,tr-select,1,41,2.06382,,,,,,,,,,,,,,
miconic,s13-4.pddl,symk,1,41,3.25225,,27,,,,,,,,,,,,
miconic,s14-0.pddl,causal,1,45,2.0121,0,29,,2065,1.33552e+07,7.09776e+09,27412,22760,1067990,215898,17,28,0,0
miconic,s14-0.pddl,comb-w,1,45,1.92678,0,29,0,2065,1.33552e+07,7.09776e+09,27412,22760,1067990,215898,17,28,0,0
miconic,s14-0.pddl,tr-select,1,45,1.93856,,,,,,,,,,,,,,
miconic,s14-0.pddl,symk,1,45,2.82053,,29,,,,,,,,,,,,
miconic,s14-1.pddl,causal,1,47,1.63345,0,29,,1452,1.60458e+07,7.17719e+09,28482,22721,787962,154253,18,29,0,0
miconic,s14-1.pddl,comb-w,1,47,1.64491,0,29,0,1452,1.60458e+07,7.17719e+09,28482,22721,787962,154253,18,29,0,0
miconic,s14-1.pddl,tr-select,1,47,1.55828,,,,,,,,,,,,,,
miconic,s14-1.pddl,symk,1,47,2.26461,,29,,,,,,,,,,,,
miconic,s14-2.pddl,causal,1,49,2.33216,0,29,,1912,2.89901e+07,7.17914e+09,30740,25585,1268302,254333,19,30,0,0
miconic,s14-2.pddl,comb-w,1,49,2.36886,0,29,0,1912,2.89901e+07,7.17914e+09,30740,25585,1268302,254333,19,30,0,0
miconic,s14-2.pddl,tr-select,1,49,2.39841,,,,,,,,,,,,,,
miconic,s14-2.pddl,symk,1,49,1.56822,,29,,,,,,,,,,,,
miconic,s14-3.pddl,causal,1,42,1.84842,0,29,,1997,9.29079e+06,6.78109e+09,39558,32355,1077188,188968,16,26,0,0
miconic,s14-3.pddl,comb-w,1,42,1.81424,0,29,0,1997,9.29079e+06,6.78109e+09,39558,32355,1077188,188968,16,26,0,0
miconic,s14-3.pddl,tr-select,1,42,1.85921,,,,,,,,,,,,,,
miconic,s14-3.pddl,symk,1,42,0.892416,,29,,,,,,,,,,,,
miconic,s14-4.pddl,causal,1,45,2.70286,0,29,,2009,1.90002e+07,6.96174e+09,43116,32986,1659728,251354,18,27,0,0
miconic,s14-4.pddl,comb-w,1,45,2.7665,0,29,0,2009,1.90002e+07,6.96174e+09,43116,32986,1659728,251354,18,27,0,0
miconic,s14-4.pddl,tr-select,1,45,2.65936,,,,,,,,,,,,,,
miconic,s14-4.pddl,symk,1,45,3.37057,,29,,,,,,,,,,,,
miconic,s15-0.pddl,causal,1,46,5.01112,0,31,,2168,4.58773e+07,2.95705e+10,67287,57685,2395568,413916,18,28,0,0
miconic,s15-0.pddl,comb-w,1,46,4.95331,0,31,0,2168,4.58773e+07,2.95705e+10,67287,57685,2395568,413916,18,28,0,0
miconic,s15-0.pddl,tr-select,1,46,3.02027,,,,,,,,,,,,,,
miconic,s15-0.pddl,symk,1,46,4.8534,,31,,,,,,,,,,,,
miconic,s15-1.pddl,causal,1,50,2.10942,0,31,,1868,2.58014e+07,3.15211e+10,28022,23321,896294,175390,18,32,0,0
miconic,s15-1.pddl,comb-w,1,50,2.11935,0,31,0,1868,2.58014e+07,3.15211e+10,28022,23321,896294,175390,18,32,0,0
miconic,s15-1.pddl,tr-select,1,50,2.1462,,,,,,,,,,,,,,
miconic,s15-1.pddl,symk,1,50,2.585,,31,,,,,,,,,,,,
miconic,s15-2.pddl,causal,1,50,4.46743,0,31,,2742,4.66239e+07,3.1135e+10,59168,43440,2337314,409439,19,31,0,0
miconic,s15-2.pddl,comb-w,1,50,4.68397,0,31,0,2742,4.66239e+07,3.1135e+10,59168,43440,2337314,409439,19,31,0,0
miconic,s15-2.pddl,tr-select,1,50,3.34017,,,,,,,,,,,,,,
miconic,s15-2.pddl,symk,1,50,3.02718,,31,,,,,,,,,,,,
miconic,s15-3.pddl,causal,1,50,3.29883,0,31,,2682,4.80482e+07,3.09966e+10,38302,31920,1611694,332058,19,31,0,0
miconic,s15-3.pddl,comb-w,1,50,3.1798,0,31,0,2682,4.80482e+07,3.09966e+10,38302,31920,1611694,332058,19,31,0,0
miconic,s15-3.pddl,tr-select,1,50,3.227,,,,,,,,,,,,,,
miconic,s15-3.pddl,symk,1,50,3.70578,,31,,,,,,,,,,,,
miconic,s15-4.pddl,causal,1,47,9.84496,0,31,,2793,6.28811e+07,2.93343e+10,134435,107517,4676672,683285,19,28,0,0
miconic,s15-4.pddl,comb-w,1,47,9.63331,0,31,0,2793,6.28811e+07,2.93343e+10,134435,107517,4676672,683285,19,28,0,0
miconic,s15-4.pddl,tr-select,1,47,6.87754,,,,,,,,,,,,,,
miconic,s15-4.pddl,symk,1,47,5.83458,,31,,,,,,,,,,,,
miconic,s16-0.pddl,causal,1,53,12.6292,0,33,,3051,2.10854e+08,1.30566e+11,126468,105513,4680760,896797,21,32,0,0
miconic,s16-0.pddl,comb-w,1,53,11.5892,0,33,0,3051,2.10854e+08,1.30566e+11,126468,105513,4680760,896797,21,32,0,0
miconic,s16-0.pddl,tr-select,1,53,9.07861,,,,,,,,,,,,,,
miconic,s16-0.pddl,symk,1,53,12.0702,,33,,,,,,,,,,,,
miconic,s16-1.pddl,causal,1,52,16.9252,0,33,,3670,1.20742e+08,1.32511e+11,182246,143001,6725782,1099605,19,33,0,0
miconic,s16-1.pddl,comb-w,1,52,15.9248,0,33,0,3670,1.20742e+08,1.32511e+11,182246,143001,6725782,1099605,19,33,0,0
miconic,s16-1.pddl,tr-select,1,52,10.2398,,,,,,,,,,,,,,
miconic,s16-1.pddl,symk,1,52,9.41718,,33,,,,,,,,,,,,
miconic,s16-2.pddl,causal,1,55,10.0712,0,33,,3598,1.10083e+08,1.34815e+11,110208,84441,4141144,785668,20,35,0,0
miconic,s16-2.pddl,comb-w,1,55,9.76821,0,33,0,3598,1.10083e+08,1.34815e+11,110208,84441,4141144,785668,20,35,0,0
miconic,s16-2.pddl,tr-select,1,55,4.43764,,,,,,,,,,,,,,
miconic,s16-2.pddl,symk,1,55,5.39543,,33,,,,,,,,,,,,
miconic,s16-3.pddl,causal,1,52,4.25117,0,33,,2972,4.96644e+07,1.35715e+11,48792,34587,1789522,331083,17,35,0,0
miconic,s16-3.pddl,comb-w,1,52,4.40332,0,33,0,2972,4.96644e+07,1.35715e+11,48792,34587,1789522,331083,17,35,0,0
miconic,s16-3.pddl,tr-select,1,52,4.11771,,,,,,,,,,,,,,
miconic,s16-3.pddl,symk,1,52,4.70699,,33,,,,,,,,,,,,
miconic,s16-4.pddl,causal,1,53,4.51352,0,33,,1787,1.58303e+08,1.32277e+11,48702,43977,1725136,380288,20,33,0,0
miconic,s16-4.pddl,comb-w,1,53,4.33296,0,33,0,1787,1.58303e+08,1.32277e+11,48702,43977,1725136,380288,20,33,0,0
miconic,s16-4.pddl,tr-select,1,53,4.36993,,,,,,,,,,,,,,
miconic,s16-4.pddl,symk,1,53,2.7819,,33,,,,,,,,,,,,
miconic,s17-0.pddl,causal,1,56,12.5222,0,35,,3123,1.98818e+08,5.7382e+11,122332,85123,4000108,726600,20,36,0,0
miconic,s17-0.pddl,comb-w,1,56,12.2641,0,35,0,3123,1.98818e+08,5.7382e+11,122332,85123,4000108,726600,20,36,0,0
miconic,s17-0.pddl,tr-select,1,56,8.74646,,,,,,,,,,,,,,
miconic,s17-0.pddl,symk,1,56,8.59247,,35,,,,,,,,,,,,
miconic,s17-1.pddl,causal,1,54,19.6197,0,35,,2946,1.84689e+08,5.72169e+11,180187,131324,6670594,1019108,19,35,0,0
miconic,s17-1.pddl,comb-w,1,54,19.7389,0,35,0,2946,1.84689e+08,5.72169e+11,180187,131324,6670594,1019108,19,35,0,0
miconic,s17-1.pddl,tr-select,1,54,13.635,,,,,,,,,,,,,,
miconic,s17-1.pddl,symk,1,54,14.2041,,35,,,,,,,,,,,,
miconic,s17-2.pddl,causal,1,54,12.5625,0,35,,4668,3.86511e+08,5.52307e+11,143878,125398,4219838,745023,21,33,0,0
miconic,s17-2.pddl,comb-w,1,54,12.3925,0,35,0,4668,3.86511e+08,5.52307e+11,143878,125398,4219838,745023,21,33,0,0
miconic,s17-2.pddl,tr-select,1,54,12.513,,,,,,,,,,,,,,
miconic,s17-2.pddl,symk,1,54,21.4647,,35,,,,,,,,,,,,
miconic,s17-3.pddl,causal,1,60,29.108,0,35,,3056,1.32909e+08,5.80569e+11,219814,173837,9110108,1720996,19,41,0,0
miconic,s17-3.pddl,comb-w,1,60,27.525,0,35,0,3056,1.32909e+08,5.80569e+11,219814,173837,9110108,1720996,19,41,0,0
miconic,s17-3.pddl,tr-select,1,60,12.8073,,,,,,,,,,,,,,
miconic,s17-3.pddl,symk,1,60,27.1124,,35,,,,,,,,,,,,
miconic,s17-4.pddl,causal,1,55,19.3923,0,35,,2267,5.69946e+08,5.59372e+11,185388,142079,5905116,1024034,21,34,0,0
miconic,s17-4.pddl,comb-w,1,55,19.6106,0,35,0,2267,5.69946e+08,5.59372e+11,185388,142079,5905116,1024034,21,34,0,0
miconic,s17-4.pddl,tr-select,1,55,14.3331,,,,,,,,,,,,,,
miconic,s17-4.pddl,symk,1,55,74.8427,,35,,,,,,,,,,,,
miconic,s18-0.pddl,causal,1,59,57.7688,0,37,,3987,5.96477e+08,2.43403e+12,290201,233097,11257330,1946008,21,38,0,0
miconic,s18-0.pddl,comb-w,1,59,51.4904,0,37,0,3987,5.96477e+08,2.43403e+12,290201,233097,11257330,1946008,21,38,0,0
miconic,s18-0.pddl,tr-select,1,59,30.7937,,,,,,,,,,,,,,
miconic,s18-0.pddl,symk,1,59,21.3675,,37,,,,,,,,,,,,
miconic,s18-1.pddl,causal,1,58,60.3519,0,37,,6166,3.09777e+08,2.44753e+12,358504,214164,11127536,2515030,19,39,0,0
miconic,s18-1.pddl,comb-w,1,58,65.5951,0,37,0,6166,3.09777e+08,2.44753e+12,358504,214164,11127536,2515030,19,39,0,0
miconic,s18-1.pddl,tr-select,1,58,22.4034,,,,,,,,,,,,,,
miconic,s18-1.pddl,symk,1,58,19.5534,,37,,,,,,,,,,,,
miconic,s18-2.pddl,causal,1,58,32.3841,0,37,,5506,2.14704e+08,2.45339e+12,228700,158666,9408532,1383448,19,39,0,0
miconic,s18-2.pddl,comb-w,1,58,31.1542,0,37,0,5506,2.14704e+08,2.45339e+12,228700,158666,9408532,1383448,19,39,0,0
miconic,s18-2.pddl,tr-select,1,58,34.5958,,,,,,,,,,,,,,
miconic,s18-2.pddl,symk,1,58,82.7405,,37,,,,,,,,,,,,
miconic,s18-3.pddl,causal,1,60,28.3484,0,37,,6133,7.09796e+08,2.44119e+12,234998,169066,8032920,1529206,21,39,0,0
miconic,s18-3.pddl,comb-w,1,60,31.7646,0,37,0,6133,7.09796e+08,2.44119e+12,234998,169066,8032920,1529206,21,39,0,0
miconic,s18-3.pddl,tr-select,1,60,17.35,,,,,,,,,,,,,,
miconic,s18-3.pddl,symk,1,60,22.4909,,37,,,,,,,,,,,,
miconic,s18-4.pddl,causal,1,57,9.74098,0,37,,3815,9.0186e+07,2.467e+12,82237,48894,3050670,512573,17,40,0,0
miconic,s18-4.pddl,comb-w,1,57,9.47755,0,37,0,3815,9.0186e+07,2.467e+12,82237,48894,3050670,512573,17,40,0,0
miconic,s18-4.pddl,tr-select,1,57,9.18345,,,,,,,,,,,,,,
miconic,s18-4.pddl,symk,1,57,12.4219,,37,,,,,,,,,,,,
miconic,s19-0.pddl,causal,1,62,757.095,0,39,,8685,6.24154e+09,9.94643e+12,1421392,1050027,22946966,7302231,25,37,0,0
miconic,s19-0.pddl,comb-w,1,62,592.462,0,39,0,8685,3.97574e+09,1.00955e+13,1231266,1023121,24179498,6882759,24,38,0,0
miconic,s19-0.pddl,tr-select,1,62,388.613,,,,,,,,,,,,,,
miconic,s19-0.pddl,symk,1,62,208.943,,39,,,,,,,,,,,,
miconic,s19-1.pddl,causal,1,65,78.3766,0,39,,6610,1.44628e+09,1.03598e+13,323076,261660,11635470,3236635,22,43,0,0
miconic,s19-1.pddl,comb-w,1,65,79.0644,0,39,0,6610,1.44628e+09,1.03598e+13,323076,261660,11635470,3236635,22,43,0,0
miconic,s19-1.pddl,tr-select,1,65,38.9074,,,,,,,,,,,,,,
miconic,s19-1.pddl,symk,1,65,100.478,,39,,,,,,,,,,,,
miconic,s19-2.pddl,causal,1,63,74.3183,0,39,,5743,1.70821e+09,1.03386e+13,418714,320940,13542522,2430177,22,41,0,0
miconic,s19-2.pddl,comb-w,1,63,75.5556,0,39,0,5743,1.70821e+09,1.03386e+13,418714,320940,13542522,2430177,22,41,0,0
miconic,s19-2.pddl,tr-select,1,63,23.6924,,,,,,,,,,,,,,
miconic,s19-2.pddl,symk,1,63,80.5676,,39,,,,,,,,,,,,
miconic,s19-3.pddl,causal,1,64,48.9784,0,39,,5136,1.08915e+09,1.03964e+13,245837,174484,9261364,1884756,21,43,0,0
miconic,s19-3.pddl,comb-w,1,64,53.8649,0,39,0,5136,1.08915e+09,1.03964e+13,245837,174484,9261364,1884756,21,43,0,0
miconic,s19-3.pddl,tr-select,1,64,14.9217,,,,,,,,,,,,,,
miconic,s19-3.pddl,symk,1,64,49.8432,,39,,,,,,,,,,,,
miconic,s19-4.pddl,causal,1,63,104.965,0,39,,8684,9.88407e+08,1.0374e+13,472962,332668,15024422,3337399,21,42,0,0
miconic,s19-4.pddl,comb-w,1,63,112.687,0,39,0,8684,9.88407e+08,1.0374e+13,472962,332668,15024422,3337399,21,42,0,0
miconic,s19-4.pddl,tr-select,1,63,51.1833,,,,,,,,,,,,,,
miconic,s19-4.pddl,symk,1,63,152.071,,39,,,,,,,,,,,,
miconic,s2-0.pddl,causal,1,7,0.000635663,0,5,,36,12,38,5,10,1022,146,4,3,0,0
miconic,s2-0.pddl,comb-w,1,7,0.000634653,0,5,0,36,12,38,5,10,1022,146,4,3,0,0
miconic,s2-0.pddl,tr-select,1,7,0.000631135,,,,,,,,,,,,,,
miconic,s2-0.pddl,symk,1,7,0.00106916,,5,,,,,,,,,,,,
miconic,s2-1.pddl,causal,1,7,0.000621171,0,5,,36,14,38,10,10,1022,155,4,3,0,0
miconic,s2-1.pddl,comb-w,1,7,0.000638536,0,5,0,36,14,38,10,10,1022,155,4,3,0,0
miconic,s2-1.pddl,tr-select,1,7,0.000613012,,,,,,,,,,,,,,
miconic,s2-1.pddl,symk,1,7,0.0010627,,5,,,,,,,,,,,,
miconic,s2-2.pddl,causal,1,7,0.000629011,0,5,,39,14,38,10,10,1022,152,3,4,0,0
miconic,s2-2.pddl,comb-w,1,7,0.000604086,0,5,0,39,14,38,10,10,1022,152,3,4,0,0
miconic,s2-2.pddl,tr-select,1,7,0.000617608,,,,,,,,,,,,,,
miconic,s2-2.pddl,symk,1,7,0.00100039,,5,,,,,,,,,,,,
miconic,s2-3.pddl,causal,1,7,0.000600992,0,5,,35,12,40,5,9,1022,146,4,3,0,0
miconic,s2-3.pddl,comb-w,1,7,0.000593706,0,5,0,35,12,40,5,9,1022,146,4,3,0,0
miconic,s2-3.pddl,tr-select,1,7,0.000706323,,,,,,,,,,,,,,
miconic,s2-3.pddl,symk,1,7,0.0010143,,5,,,,,,,,,,,,
miconic,s2-4.pddl,causal,1,7,0.000633031,0,5,,39,12,38,5,10,1022,153,4,3,0,0
miconic,s2-4.pddl,comb-w,1,7,0.00065805,0,5,0,39,12,38,5,10,1022,153,4,3,0,0
miconic,s2-4.pddl,tr-select,1,7,0.000641293,,,,,,,,,,,,,,
miconic,s2-4.pddl,symk,1,7,0.00129114,,5,,,,,,,,,,,,
miconic,s20-0.pddl,causal,1,64,620.397,0,41,,10200,3.19291e+09,4.34341e+13,991063,734138,23256632,5427170,22,42,0,0
miconic,s20-0.pddl,comb-w,1,64,793.639,0,41,0,10200,8.70508e+09,4.27561e+13,1359618,801520,23256632,6260136,24,40,0,0
miconic,s20-0.pddl,tr-select,1,64,487.436,,,,,,,,,,,,,,
miconic,s20-0.pddl,symk,1,64,1227.64,,41,,,,,,,,,,,,
miconic,s20-1.pddl,causal,1,66,53.9445,0,41,,5122,1.76166e+09,4.38118e+13,213223,143409,9246034,1807569,21,45,0,0
miconic,s20-1.pddl,comb-w,1,66,54.9555,0,41,0,5122,1.76166e+09,4.38118e+13,213223,143409,9246034,1807569,21,45,0,0
miconic,s20-1.pddl,tr-select,1,66,27.3154,,,,,,,,,,,,,,
miconic,s20-1.pddl,symk,1,66,47.0607,,41,,,,,,,,,,,,
miconic,s20-2.pddl,causal,1,63,142.963,0,41,,10064,1.9285e+09,4.38114e+13,481794,260098,14703514,2388225,20,43,0,0
miconic,s20-2.pddl,comb-w,1,63,120.242,0,41,0,10064,1.9285e+09,4.38114e+13,481794,260098,14703514,2388225,20,43,0,0
miconic,s20-2.pddl,tr-select,1,63,88.788,,,,,,,,,,,,,,
miconic,s20-2.pddl,symk,1,63,35.6797,,41,,,,,,,,,,,,
miconic,s20-3.pddl,causal,1,63,226.461,0,41,,11522,1.8188e+09,4.36429e+13,614455,428141,14871122,4301061,21,42,0,0
miconic,s20-3.pddl,comb-w,1,63,235.864,0,41,0,11522,1.8188e+09,4.36429e+13,614455,428141,14871122,4301061,21,42,0,0
miconic,s20-3.pddl,tr-select,1,63,120.798,,,,,,,,,,,,,,
miconic,s20-3.pddl,symk,1,63,87.4434,,41,,,,,,,,,,,,
miconic,s20-4.pddl,causal,1,65,102.575,0,41,,8317,2.02291e+09,4.37512e+13,354218,259144,11245066,2259689,21,44,0,0
miconic,s20-4.pddl,comb-w,1,65,100.454,0,41,0,8317,2.02291e+09,4.37512e+13,354218,259144,11245066,2259689,21,44,0,0
miconic,s20-4.pddl,tr-select,1,65,84.8548,,,,,,,,,,,,,,
miconic,s20-4.pddl,symk,1,65,214.996,,41,,,,,,,,,,,,
miconic,s21-0.pddl,causal,1,70,319.845,0,43,,15891,2.66622e+09,1.84412e+14,616789,471008,16343824,6989777,21,49,0,0
miconic,s21-0.pddl,comb-w,1,70,318.126,0,43,0,15891,2.66622e+09,1.84412e+14,616789,471008,16343824,6989777,21,49,0,0
miconic,s21-0.pddl,tr-select,1,70,164.171,,,,,,,,,,,,,,
miconic,s21-0.pddl,symk,0,,,,43,,,,,,,,,,,,
miconic,s21-1.pddl,causal,1,69,127.752,0,43,,8852,3.47956e+09,1.84269e+14,525274,335185,10390674,3266824,21,48,0,0
miconic,s21-1.pddl,comb-w,1,69,159.012,0,43,0,8852,3.47956e+09,1.84269e+14,525274,335185,10390674,3266824,21,48,0,0
miconic,s21-1.pddl,tr-select,1,69,65.88,,,,,,,,,,,,,,
miconic,s21-1.pddl,symk,1,69,568.502,,43,,,,,,,,,,,,
miconic,s21-2.pddl,causal,1,69,172.759,0,43,,5774,8.31969e+09,1.83491e+14,430604,337131,12274220,3171060,23,46,0,0
miconic,s21-2.pddl,comb-w,1,69,165.084,0,43,0,5774,8.31969e+09,1.83491e+14,430604,337131,12274220,3171060,23,46,0,0
miconic,s21-2.pddl,tr-select,1,69,114.952,,,,,,,,,,,,,,
miconic,s21-2.pddl,symk,1,69,238.565,,43,,,,,,,,,,,,
miconic,s21-3.pddl,causal,1,67,117.434,0,43,,11431,1.09208e+09,1.84468e+14,449594,240798,12016676,2945069,19,48,0,0
miconic,s21-3.pddl,comb-w,1,67,108.055,0,43,0,11431,1.09208e+09,1.84468e+14,449594,240798,12016676,2945069,19,48,0,0
miconic,s21-3.pddl,tr-select,1,67,92.7886,,,,,,,,,,,,,,
miconic,s21-3.pddl,symk,1,67,229.664,,43,,,,,,,,,,,,
miconic,s21-4.pddl,causal,1,70,328.783,0,43,,10735,1.04796e+10,1.83744e+14,687457,507838,15371902,4912188,23,47,0,0
miconic,s21-4.pddl,comb-w,1,70,416.203,0,43,0,10735,1.04796e+10,1.83744e+14,687457,507838,15371902,4912188,23,47,0,0
miconic,s21-4.pddl,tr-select,1,70,155.778,,,,,,,,,,,,,,
miconic,s21-4.pddl,symk,1,70,137.654,,43,,,,,,,,,,,,
miconic,s22-0.pddl,causal,1,73,746.174,0,45,,21396,3.83817e+09,7.73487e+14,971534,630501,21442582,10839194,21,52,0,0
miconic,s22-0.pddl,comb-w,1,73,1034.89,0,45,0,21396,3.27086e+10,7.69986e+14,2016134,772262,26935832,13474300,25,48,0,0
miconic,s22-0.pddl,tr-select,1,73,195.874,,,,,,,,,,,,,,
miconic,s22-0.pddl,symk,1,73,686.037,,45,,,,,,,,,,,,
miconic,s22-1.pddl,causal,1,70,1784.39,0,45,,21382,1.43063e+10,7.70407e+14,1746128,864104,27128990,10292006,23,53,0,0
miconic,s22-1.pddl,comb-w,1,70,1647.63,0,45,0,21382,1.43063e+10,7.70407e+14,1746128,864104,27128990,10292006,23,51,0,0
miconic,s22-1.pddl,tr-select,1,70,607.617,,,,,,,,,,,,,,
miconic,s22-1.pddl,symk,1,70,858.864,,45,,,,,,,,,,,,
miconic,s22-2.pddl,causal,1,71,1405.33,0,45,,21311,2.01429e+10,7.69605e+14,2011892,815655,24506538,9156784,24,47,0,0
miconic,s22-2.pddl,comb-w,1,71,1401,0,45,0,21311,2.01429e+10,7.69605e+14,2011892,815655,24505516,9156784,24,47,0,0
miconic,s22-2.pddl,tr-select,1,71,643.303,,,,,,,,,,,,,,
miconic,s22-2.pddl,symk,1,71,1725.99,,45,,,,,,,,,,,,
miconic,s22-3.pddl,causal,1,76,328.828,0,45,,11800,4.42924e+09,7.73734e+14,596407,400207,15337154,7249738,21,55,0,0
miconic,s22-3.pddl,comb-w,1,76,345.163,0,45,0,11800,4.42924e+09,7.73734e+14,596407,400207,15337154,7249738,21,55,0,0
miconic,s22-3.pddl,tr-select,1,76,27.4338,,,,,,,,,,,,,,
miconic,s22-3.pddl,symk,1,76,834.903,,45,,,,,,,,,,,,
miconic,s22-4.pddl,causal,1,72,766.133,0,45,,21391,2.10269e+09,7.73629e+14,929474,552872,17622346,7960475,20,52,0,0
miconic,s22-4.pddl,comb-w,1,72,799.827,0,45,0,21391,2.10269e+09,7.73629e+14,929474,552872,17622346,7960475,20,52,0,0
miconic,s22-4.pddl,tr-select,1,72,388.058,,,,,,,,,,,,,,
miconic,s22-4.pddl,symk,1,72,339.197,,45,,,,,,,,,,,,
miconic,s23-0.pddl,causal,0,,,0,47,,29133,,,,,,,,,,
miconic,s23-0.pddl,comb-w,0,,,0,47,0,29133,,,,,,,,,,
miconic,s23-0.pddl,tr-select,1,76,433.421,,,,,,,,,,,,,,
miconic,s23-0.pddl,symk,0,,,,47,,,,,,,,,,,,
miconic,s23-1.pddl,causal,1,76,844.385,0,47,,29248,6.07215e+09,3.23594e+15,1033505,681115,18776184,7474580,21,55,0,0
miconic,s23-1.pddl,comb-w,1,76,770.703,0,47,0,29248,6.07215e+09,3.23594e+15,1033505,681115,18776184,7474580,21,55,0,0
miconic,s23-1.pddl,tr-select,1,76,146.618,,,,,,,,,,,,,,
miconic,s23-1.pddl,symk,1,76,855.938,,47,,,,,,,,,,,,
miconic,s23-2.pddl,causal,0,,,0,47,,17493,,,,,,,,,,
miconic,s23-2.pddl,comb-w,0,,,0,47,0,17493,,,,,,,,,,
miconic,s23-2.pddl,tr-select,1,73,978.302,,,,,,,,,,,,,,
miconic,s23-2.pddl,symk,0,,,,47,,,,,,,,,,,,
miconic,s23-3.pddl,causal,0,,,0,47,,15749,,,,,,,,,,
miconic,s23-3.pddl,comb-w,0,,,0,47,0,15749,,,,,,,,,,
miconic,s23-3.pddl,tr-select,1,72,841.468,,,,,,,,,,,,,,
miconic,s23-3.pddl,symk,0,,,,47,,,,,,,,,,,,
miconic,s23-4.pddl,causal,0,,,0,47,,12591,,,,,,,,,,
miconic,s23-4.pddl,comb-w,0,,,0,47,0,12591,,,,,,,,,,
miconic,s23-4.pddl,tr-select,0,,,,,,,,,,,,,,,,
miconic,s23-4.pddl,symk,0,,,,47,,,,,,,,,,,,
miconic,s24-0.pddl,causal,0,,,0,49,,35549,,,,,,,,,,
miconic,s24-0.pddl,comb-w,0,,,0,49,0,35549,,,,,,,,,,
miconic,s24-0.pddl,tr-select,0,,,,,,,,,,,,,,,,
miconic,s24-0.pddl,symk,0,,,,49,,,,,,,,,,,,
miconic,s24-1.pddl,causal,0,,,0,49,,39968,,,,,,,,,,
miconic,s24-1.pddl,comb-w,0,,,0,49,0,39968,,,,,,,,,,
miconic,s24-1.pddl,tr-select,0,,,,,,,,,,,,,,,,
miconic,s24-1.pddl,symk,0,,,,49,,,,,,,,,,,,
miconic,s24-2.pddl,causal,0,,,0,49,,20973,,,,,,,,,,
miconic,s24-2.pddl,comb-w,0,,,0,49,0,20973,,,,,,,,,,
miconic,s24-2.pddl,tr-select,1,78,960.128,,,,,,,,,,,,,,
miconic,s24-2.pddl,symk,0,,,,49,,,,,,,,,,,,
miconic,s24-3.pddl,causal,0,,,0,49,,21704,,,,,,,,,,
miconic,s24-3.pddl,comb-w,0,,,0,49,0,21704,,,,,,,,,,
miconic,s24-3.pddl,tr-select,1,80,526.567,,,,,,,,,,,,,,
miconic,s24-3.pddl,symk,0,,,,49,,,,,,,,,,,,
miconic,s24-4.pddl,causal,1,78,1280.43,0,49,,20718,2.64164e+11,1.34522e+16,1808414,702952,20795656,9215088,27,51,0,0
miconic,s24-4.pddl,comb-w,1,78,873.322,0,49,0,20718,1.74303e+10,1.35061e+16,815825,584185,16180304,7174805,22,56,0,0
miconic,s24-4.pddl,tr-select,1,78,148.061,,,,,,,,,,,,,,
miconic,s24-4.pddl,symk,1,78,1152.51,,49,,,,,,,,,,,,
miconic,s25-0.pddl,causal,0,,,0,51,,35420,,,,,,,,,,
miconic,s25-0.pddl,comb-w,0,,,0,51,0,35420,,,,,,,,,,
miconic,s25-0.pddl,tr-select,0,,,,,,,,,,,,,,,,
miconic,s25-0.pddl,symk,0,,,,51,,,,,,,,,,,,
miconic,s25-1.pddl,causal,0,,,0,51,,31879,,,,,,,,,,
miconic,s25-1.pddl,comb-w,0,,,0,51,0,31879,,,,,,,,,,
miconic,s25-1.pddl,tr-select,1,85,603.44,,,,,,,,,,,,,,
miconic,s25-1.pddl,symk,0,,,,51,,,,,,,,,,,,
miconic,s25-2.pddl,causal,0,,,0,51,,31072,,,,,,,,,,
miconic,s25-2.pddl,comb-w,0,,,0,51,0,31072,,,,,,,,,,
miconic,s25-2.pddl,tr-select,1,79,190.973,,,,,,,,,,,,,,
miconic,s25-2.pddl,symk,0,,,,51,,,,,,,,,,,,
miconic,s25-3.pddl,causal,0,,,0,51,,57515,,,,,,,,,,
miconic,s25-3.pddl,comb-w,0,,,0,51,0,57515,,,,,,,,,,
miconic,s25-3.pddl,tr-select,0,,,,,,,,,,,,,,,,
miconic,s25-3.pddl,symk,0,,,,51,,,,,,,,,,,,
miconic,s25-4.pddl,causal,0,,,0,51,,30070,,,,,,,,,,
miconic,s25-4.pddl,comb-w,0,,,0,51,0,30070,,,,,,,,,,
miconic,s25-4.pddl,tr-select,1,83,373.285,,,,,,,,,,,,,,
miconic,s25-4.pddl,symk,0,,,,51,,,,,,,,,,,,
miconic,s26-0.pddl,causal,0,,,0,53,,27185,,,,,,,,,,
miconic,s26-0.pddl,comb-w,0,,,0,53,0,27185,,,,,,,,,,
miconic,s26-0.pddl,tr-select,0,,,,,,,,,,,,,,,,
miconic,s26-0.pddl,symk,0,,,,53,,,,,,,,,,,,
miconic,s26-1.pddl,causal,0,,,0,53,,70605,,,,,,,,,,
miconic,s26-1.pddl,comb-w,0,,,0,53,0,70605,,,,,,,,,,
miconic,s26-1.pddl,tr-select,1,84,1461.87,,,,,,,,,,,,,,
miconic,s26-1.pddl,symk,0,,,,53,,,,,,,,,,,,
miconic,s26-2.pddl,causal,0,,,0,53,,70578,,,,,,,,,,
miconic,s26-2.pddl,comb-w,0,,,0,53,0,70578,,,,,,,,,,
miconic,s26-2.pddl,tr-select,0,,,,,,,,,,,,,,,,
miconic,s26-2.pddl,symk,0,,,,53,,,,,,,,,,,,
miconic,s26-3.pddl,causal,0,,,0,53,,48007,,,,,,,,,,
miconic,s26-3.pddl,comb-w,0,,,0,53,0,48007,,,,,,,,,,
miconic,s26-3.pddl,tr-select,1,88,335.811,,,,,,,,,,,,,,
miconic,s26-3.pddl,symk,0,,,,53,,,,,,,,,,,,
miconic,s26-4.pddl,causal,0,,,0,53,,34126,,,,,,,,,,
miconic,s26-4.pddl,comb-w,0,,,0,53,0,34126,,,,,,,,,,
miconic,s26-4.pddl,tr-select,0,,,,,,,,,,,,,,,,
miconic,s26-4.pddl,symk,0,,,,53,,,,,,,,,,,,
miconic,s27-0.pddl,causal,0,,,0,55,,35286,,,,,,,,,,
miconic,s27-0.pddl,comb-w,0,,,0,55,0,35286,,,,,,,,,,
miconic,s27-0.pddl,tr-select,0,,,,,,,,,,,,,,,,
miconic,s27-0.pddl,symk,0,,,,55,,,,,,,,,,,,
miconic,s27-1.pddl,causal,0,,,0,55,,47415,,,,,,,,,,
miconic,s27-1.pddl,comb-w,0,,,0,55,0,47415,,,,,,,,,,
miconic,s27-1.pddl,tr-select,1,91,1025.94,,,,,,,,,,,,,,
miconic,s27-1.pddl,symk,0,,,,55,,,,,,,,,,,,
miconic,s27-2.pddl,causal,0,,,0,55,,63075,,,,,,,,,,
miconic,s27-2.pddl,comb-w,0,,,0,55,0,63075,,,,,,,,,,
miconic,s27-2.pddl,tr-select,0,,,,,,,,,,,,,,,,
miconic,s27-2.pddl,symk,0,,,,55,,,,,,,,,,,,
miconic,s27-3.pddl,causal,0,,,0,55,,69798,,,,,,,,,,
miconic,s27-3.pddl,comb-w,0,,,0,55,0,69798,,,,,,,,,,
miconic,s27-3.pddl,tr-select,0,,,,,,,,,,,,,,,,
miconic,s27-3.pddl,symk,0,,,,55,,,,,,,,,,,,
miconic,s27-4.pddl,causal,0,,,0,55,,43639,,,,,,,,,,
miconic,s27-4.pddl,comb-w,0,,,0,55,0,43639,,,,,,,,,,
miconic,s27-4.pddl,tr-select,0,,,,,,,,,,,,,,,,
miconic,s27-4.pddl,symk,0,,,,55,,,,,,,,,,,,
miconic,s28-0.pddl,causal,0,,,0,57,,68385,,,,,,,,,,
miconic,s28-0.pddl,comb-w,0,,,0,57,0,68385,,,,,,,,,,
miconic,s28-0.pddl,tr-select,0,,,,,,,,,,,,,,,,
miconic,s28-0.pddl,symk,0,,,,57,,,,,,,,,,,,
miconic,s28-1.pddl,causal,0,,,0,57,,58133,,,,,,,,,,
miconic,s28-1.pddl,comb-w,0,,,0,57,0,58133,,,,,,,,,,
miconic,s28-1.pddl,tr-select,0,,,,,,,,,,,,,,,,
miconic,s28-1.pddl,symk,0,,,,57,,,,,,,,,,,,
miconic,s28-2.pddl,causal,0,,,0,57,,57799,,,,,,,,,,
miconic,s28-2.pddl,comb-w,0,,,0,57,0,57799,,,,,,,,,,
miconic,s28-2.pddl,tr-select,0,,,,,,,,,,,,,,,,
miconic,s28-2.pddl,symk,0,,,,57,,,,,,,,,,,,
miconic,s28-3.pddl,causal,0,,,0,57,,82866,,,,,,,,,,
miconic,s28-3.pddl,comb-w,0,,,0,57,0,82866,,,,,,,,,,
miconic,s28-3.pddl,tr-select,0,,,,,,,,,,,,,,,,
miconic,s28-3.pddl,symk,0,,,,57,,,,,,,,,,,,
miconic,s28-4.pddl,causal,0,,,0,57,,61711,,,,,,,,,,
miconic,s28-4.pddl,comb-w,0,,,0,57,0,61711,,,,,,,,,,
miconic,s28-4.pddl,tr-select,0,,,,,,,,,,,,,,,,
miconic,s28-4.pddl,symk,0,,,,57,,,,,,,,,,,,
miconic,s29-0.pddl,causal,0,,,0,59,,40230,,,,,,,,,,
miconic,s29-0.pddl,comb-w,0,,,0,59,0,40230,,,,,,,,,,
miconic,s29-0.pddl,tr-select,0,,,,,,,,,,,,,,,,
miconic,s29-0.pddl,symk,0,,,,59,,,,,,,,,,,,
miconic,s29-1.pddl,causal,0,,,0,59,,7277,,,,,,,,,,
miconic,s29-1.pddl,comb-w,0,,,0,59,0,7277,,,,,,,,,,
miconic,s29-1.pddl,tr-select,0,,,,,,,,,,,,,,,,
miconic,s29-1.pddl,symk,0,,,,59,,,,,,,,,,,,
miconic,s29-2.pddl,causal,0,,,0,59,,93502,,,,,,,,,,
miconic,s29-2.pddl,comb-w,0,,,0,59,0,93502,,,,,,,,,,
miconic,s29-2.pddl,tr-select,0,,,,,,,,,,,,,,,,
miconic,s29-2.pddl,symk,0,,,,59,,,,,,,,,,,,
miconic,s29-3.pddl,causal,0,,,0,59,,79189,,,,,,,,,,
miconic,s29-3.pddl,comb-w,0,,,0,59,0,79189,,,,,,,,,,
miconic,s29-3.pddl,tr-select,0,,,,,,,,,,,,,,,,
miconic,s29-3.pddl,symk,0,,,,59,,,,,,,,,,,,
miconic,s29-4.pddl,causal,0,,,0,59,,78332,,,,,,,,,,
miconic,s29-4.pddl,comb-w,0,,,0,59,0,78332,,,,,,,,,,
miconic,s29-4.pddl,tr-select,0,,,,,,,,,,,,,,,,
miconic,s29-4.pddl,symk,0,,,,59,,,,,,,,,,,,
miconic,s3-0.pddl,causal,1,10,0.00189224,0,7,,91,86,152,40,39,2044,462,6,4,0,0
miconic,s3-0.pddl,comb-w,1,10,0.00149917,0,7,0,91,86,152,40,39,2044,462,6,4,0,0
miconic,s3-0.pddl,tr-select,1,10,0.00173323,,,,,,,,,,,,,,
miconic,s3-0.pddl,symk,1,10,0.00178229,,7,,,,,,,,,,,,
miconic,s3-1.pddl,causal,1,11,0.00220678,0,7,,97,86,232,49,29,2044,482,6,5,0,0
miconic,s3-1.pddl,comb-w,1,11,0.00219243,0,7,0,97,86,232,49,29,2044,482,6,5,0,0
miconic,s3-1.pddl,tr-select,1,11,0.00219585,,,,,,,,,,,,,,
miconic,s3-1.pddl,symk,1,11,0.00200788,,7,,,,,,,,,,,,
miconic,s3-2.pddl,causal,1,10,0.00154437,0,7,,89,78,169,43,33,2044,438,6,4,0,0
miconic,s3-2.pddl,comb-w,1,10,0.00152118,0,7,0,89,78,169,43,33,2044,438,6,4,0,0
miconic,s3-2.pddl,tr-select,1,10,0.00178571,,,,,,,,,,,,,,
miconic,s3-2.pddl,symk,1,10,0.00164685,,7,,,,,,,,,,,,
miconic,s3-3.pddl,causal,1,10,0.00157484,0,7,,95,73,232,33,33,2044,446,6,4,0,0
miconic,s3-3.pddl,comb-w,1,10,0.00157242,0,7,0,95,73,232,33,33,2044,446,6,4,0,0
miconic,s3-3.pddl,tr-select,1,10,0.0015489,,,,,,,,,,,,,,
miconic,s3-3.pddl,symk,1,10,0.00183607,,7,,,,,,,,,,,,
miconic,s3-4.pddl,causal,1,10,0.00151511,0,7,,99,102,152,31,31,2044,436,6,4,0,0
miconic,s3-4.pddl,comb-w,1,10,0.00155946,0,7,0,99,102,152,31,31,2044,436,6,4,0,0
miconic,s3-4.pddl,tr-select,1,10,0.00154405,,,,,,,,,,,,,,
miconic,s3-4.pddl,symk,1,10,0.0017312,,7,,,,,,,,,,,,
miconic,s30-0.pddl,causal,0,,,0,61,,71298,,,,,,,,,,
miconic,s30-0.pddl,comb-w,0,,,0,61,0,71298,,,,,,,,,,
miconic,s30-0.pddl,tr-select,0,,,,,,,,,,,,,,,,
miconic,s30-0.pddl,symk,0,,,,61,,,,,,,,,,,,
miconic,s30-1.pddl,causal,0,,,0,61,,68276,,,,,,,,,,
miconic,s30-1.pddl,comb-w,0,,,0,61,0,68276,,,,,,,,,,
miconic,s30-1.pddl,tr-select,0,,,,,,,,,,,,,,,,
miconic,s30-1.pddl,symk,0,,,,61,,,,,,,,,,,,
miconic,s30-2.pddl,causal,0,,,0,61,,31409,,,,,,,,,,
miconic,s30-2.pddl,comb-w,0,,,0,61,0,31409,,,,,,,,,,
miconic,s30-2.pddl,tr-select,0,,,,,,,,,,,,,,,,
miconic,s30-2.pddl,symk,0,,,,61,,,,,,,,,,,,
miconic,s30-3.pddl,causal,0,,,0,61,,5851,,,,,,,,,,
miconic,s30-3.pddl,comb-w,0,,,0,61,0,5851,,,,,,,,,,
miconic,s30-3.pddl,tr-select,1,102,1693.09,,,,,,,,,,,,,,
miconic,s30-3.pddl,symk,0,,,,61,,,,,,,,,,,,
miconic,s30-4.pddl,causal,0,,,0,61,,5990,,,,,,,,,,
miconic,s30-4.pddl,comb-w,0,,,0,61,0,5990,,,,,,,,,,
miconic,s30-4.pddl,tr-select,0,,,,,,,,,,,,,,,,
miconic,s30-4.pddl,symk,0,,,,61,,,,,,,,,,,,
miconic,s4-0.pddl,causal,1,14,0.00320554,0,9,,124,189,1472,77,77,4088,825,7,7,0,0
miconic,s4-0.pddl,comb-w,1,14,0.00330081,0,9,0,124,189,1472,77,77,4088,825,7,7,0,0
miconic,s4-0.pddl,tr-select,1,14,0.00326674,,,,,,,,,,,,,,
miconic,s4-0.pddl,symk,1,14,0.00333147,,9,,,,,,,,,,,,
miconic,s4-1.pddl,causal,1,13,0.00311203,0,9,,123,177,1472,59,71,4088,753,6,7,0,0
miconic,s4-1.pddl,comb-w,1,13,0.00309589,0,9,0,123,177,1472,59,71,4088,753,6,7,0,0
miconic,s4-1.pddl,tr-select,1,13,0.00314028,,,,,,,,,,,,,,
miconic,s4-1.pddl,symk,1,13,0.00342653,,9,,,,,,,,,,,,
miconic,s4-2.pddl,causal,1,15,0.00338094,0,9,,112,166,1691,73,36,3066,729,6,9,0,0
miconic,s4-2.pddl,comb-w,1,15,0.00333869,0,9,0,112,166,1691,73,36,3066,729,6,9,0,0
miconic,s4-2.pddl,tr-select,1,15,0.00315523,,,,,,,,,,,,,,
miconic,s4-2.pddl,symk,1,15,0.00322144,,9,,,,,,,,,,,,
miconic,s4-3.pddl,causal,1,15,0.00342216,0,9,,124,166,1691,76,41,4088,804,6,9,0,0
miconic,s4-3.pddl,comb-w,1,15,0.00313126,0,9,0,124,166,1691,76,41,4088,804,6,9,0,0
miconic,s4-3.pddl,tr-select,1,15,0.00323321,,,,,,,,,,,,,,
miconic,s4-3.pddl,symk,1,15,0.00335736,,9,,,,,,,,,,,,
miconic,s4-4.pddl,causal,1,15,0.00389392,0,9,,117,166,1691,75,33,4088,776,6,9,0,0
miconic,s4-4.pddl,comb-w,1,15,0.00401556,0,9,0,117,166,1691,75,33,4088,776,6,9,0,0
miconic,s4-4.pddl,tr-select,1,15,0.00328401,,,,,,,,,,,,,,
miconic,s4-4.pddl,symk,1,15,0.00323216,,9,,,,,,,,,,,,
miconic,s5-0.pddl,causal,1,17,0.0087701,0,11,,229,882,7102,220,199,9198,2039,9,8,0,0
miconic,s5-0.pddl,comb-w,1,17,0.0083668,0,11,0,229,882,7102,220,199,9198,2039,9,8,0,0
miconic,s5-0.pddl,tr-select,1,17,0.0080957,,,,,,,,,,,,,,
miconic,s5-0.pddl,symk,1,17,0.0074085,,11,,,,,,,,,,,,
miconic,s5-1.pddl,causal,1,17,0.00848977,0,11,,198,1024,7234,209,204,10220,1988,9,8,0,0
miconic,s5-1.pddl,comb-w,1,17,0.0082817,0,11,0,198,1024,7234,209,204,10220,1988,9,8,0,0
miconic,s5-1.pddl,tr-select,1,17,0.00832718,,,,,,,,,,,,,,
miconic,s5-1.pddl,symk,1,17,0.00730766,,11,,,,,,,,,,,,
miconic,s5-2.pddl,causal,1,15,0.00737,0,11,,223,1187,5158,262,204,9198,2011,8,7,0,0
miconic,s5-2.pddl,comb-w,1,15,0.00825783,0,11,0,223,1187,5158,262,204,9198,2011,8,7,0,0
miconic,s5-2.pddl,tr-select,1,15,0.00728959,,,,,,,,,,,,,,
miconic,s5-2.pddl,symk,1,15,0.00679733,,11,,,,,,,,,,,,
miconic,s5-3.pddl,causal,1,17,0.00875023,0,11,,240,1278,5912,213,252,10220,2312,9,8,0,0
miconic,s5-3.pddl,comb-w,1,17,0.00905705,0,11,0,240,1278,5912,213,252,10220,2312,9,8,0,0
miconic,s5-3.pddl,tr-select,1,17,0.00902373,,,,,,,,,,,,,,
miconic,s5-3.pddl,symk,1,17,0.00706293,,11,,,,,,,,,,,,
miconic,s5-4.pddl,causal,1,18,0.00854424,0,11,,207,1327,6910,228,145,10220,2156,9,9,0,0
miconic,s5-4.pddl,comb-w,1,18,0.00831588,0,11,0,207,1327,6910,228,145,10220,2156,9,9,0,0
miconic,s5-4.pddl,tr-select,1,18,0.00977401,,,,,,,,,,,,,,
miconic,s5-4.pddl,symk,1,18,0.00786494,,11,,,,,,,,,,,,
miconic,s6-0.pddl,causal,1,19,0.0129904,0,13,,269,2922,34126,412,345,16352,3240,9,10,0,0
miconic,s6-0.pddl,comb-w,1,19,0.0137124,0,13,0,269,2922,34126,412,345,16352,3240,9,10,0,0
miconic,s6-0.pddl,tr-select,1,19,0.0132353,,,,,,,,,,,,,,
miconic,s6-0.pddl,symk,1,19,0.0116896,,13,,,,,,,,,,,,
miconic,s6-1.pddl,causal,1,19,0.0128092,0,13,,220,3343,31126,373,356,15330,3003,9,10,0,0
miconic,s6-1.pddl,comb-w,1,19,0.0134105,0,13,0,220,3343,31126,373,356,15330,3003,9,10,0,0
miconic,s6-1.pddl,tr-select,1,19,0.0132184,,,,,,,,,,,,,,
miconic,s6-1.pddl,symk,1,19,0.00871248,,13,,,,,,,,,,,,
miconic,s6-2.pddl,causal,1,20,0.014887,0,13,,241,2617,37448,255,282,13286,2633,9,11,0,0
miconic,s6-2.pddl,comb-w,1,20,0.0123189,0,13,0,241,2617,37448,255,282,13286,2633,9,11,0,0
miconic,s6-2.pddl,tr-select,1,20,0.012588,,,,,,,,,,,,,,
miconic,s6-2.pddl,symk,1,20,0.0147177,,13,,,,,,,,,,,,
miconic,s6-3.pddl,causal,1,20,0.0200399,0,13,,295,2923,36017,491,454,25550,4531,10,10,0,0
miconic,s6-3.pddl,comb-w,1,20,0.0187152,0,13,0,295,2923,36017,491,454,25550,4531,10,10,0,0
miconic,s6-3.pddl,tr-select,1,20,0.0198483,,,,,,,,,,,,,,
miconic,s6-3.pddl,symk,1,20,0.0145399,,13,,,,,,,,,,,,
miconic,s6-4.pddl,causal,1,21,0.0139772,0,13,,275,2694,38638,332,306,15330,3070,9,12,0,0
miconic,s6-4.pddl,comb-w,1,21,0.0137107,0,13,0,275,2694,38638,332,306,15330,3070,9,12,0,0
miconic,s6-4.pddl,tr-select,1,21,0.0139771,,,,,,,,,,,,,,
miconic,s6-4.pddl,symk,1,21,0.0154054,,13,,,,,,,,,,,,
miconic,s7-0.pddl,causal,1,23,0.0259175,0,15,,355,13234,159729,729,688,26572,5646,11,12,0,0
miconic,s7-0.pddl,comb-w,1,23,0.0255006,0,15,0,355,13234,159729,729,688,26572,5646,11,12,0,0
miconic,s7-0.pddl,tr-select,1,23,0.0251943,,,,,,,,,,,,,,
miconic,s7-0.pddl,symk,1,23,0.0339762,,15,,,,,,,,,,,,
miconic,s7-1.pddl,causal,1,24,0.0311383,0,15,,375,15663,155428,901,779,33726,6724,12,12,0,0
miconic,s7-1.pddl,comb-w,1,24,0.0318918,0,15,0,375,15663,155428,901,779,33726,6724,12,12,0,0
miconic,s7-1.pddl,tr-select,1,24,0.0318865,,,,,,,,,,,,,,
miconic,s7-1.pddl,symk,1,24,0.0291983,,15,,,,,,,,,,,,
miconic,s7-2.pddl,causal,1,22,0.0296383,0,15,,321,11486,160976,860,791,33726,6146,10,12,0,0
miconic,s7-2.pddl,comb-w,1,22,0.0270863,0,15,0,321,11486,160976,860,791,33726,6146,10,12,0,0
miconic,s7-2.pddl,tr-select,1,22,0.0299517,,,,,,,,,,,,,,
miconic,s7-2.pddl,symk,1,22,0.0322414,,15,,,,,,,,,,,,
miconic,s7-3.pddl,causal,1,22,0.0336726,0,15,,406,11697,155016,1013,889,34748,6733,10,12,0,0
miconic,s7-3.pddl,comb-w,1,22,0.0331578,0,15,0,406,11697,155016,1013,889,34748,6733,10,12,0,0
miconic,s7-3.pddl,tr-select,1,22,0.0322424,,,,,,,,,,,,,,
miconic,s7-3.pddl,symk,1,22,0.0252986,,15,,,,,,,,,,,,
miconic,s7-4.pddl,causal,1,25,0.0307947,0,15,,286,12990,183010,587,382,20440,4241,11,14,0,0
miconic,s7-4.pddl,comb-w,1,25,0.0249935,0,15,0,286,12990,183010,587,382,20440,4241,11,14,0,0
miconic,s7-4.pddl,tr-select,1,25,0.0231351,,,,,,,,,,,,,,
miconic,s7-4.pddl,symk,1,25,0.0295459,,15,,,,,,,,,,,,
miconic,s8-0.pddl,causal,1,27,0.0447142,0,17,,395,34495,833047,1192,1090,42924,8425,12,15,0,0
miconic,s8-0.pddl,comb-w,1,27,0.0443975,0,17,0,395,34495,833047,1192,1090,42924,8425,12,15,0,0
miconic,s8-0.pddl,tr-select,1,27,0.045555,,,,,,,,,,,,,,
miconic,s8-0.pddl,symk,1,27,0.0464848,,17,,,,,,,,,,,,
miconic,s8-1.pddl,causal,1,27,0.0421031,0,17,,427,39645,815624,1161,944,38836,7416,12,15,0,0
miconic,s8-1.pddl,comb-w,1,27,0.0425672,0,17,0,427,39645,815624,1161,944,38836,7416,12,15,0,0
miconic,s8-1.pddl,tr-select,1,27,0.0461611,,,,,,,,,,,,,,
miconic,s8-1.pddl,symk,1,27,0.0355124,,17,,,,,,,,,,,,
miconic,s8-2.pddl,causal,1,26,0.0561503,0,17,,444,33992,788820,1696,1474,62342,11918,12,14,0,0
miconic,s8-2.pddl,comb-w,1,26,0.0580999,0,17,0,444,33992,788820,1696,1474,62342,11918,12,14,0,0
miconic,s8-2.pddl,tr-select,1,26,0.0612084,,,,,,,,,,,,,,
miconic,s8-2.pddl,symk,1,26,0.0604783,,17,,,,,,,,,,,,
miconic,s8-3.pddl,causal,1,28,0.0455997,0,17,,427,26809,931624,1053,864,40880,8494,11,17,0,0
miconic,s8-3.pddl,comb-w,1,28,0.0441988,0,17,0,427,26809,931624,1053,864,40880,8494,11,17,0,0
miconic,s8-3.pddl,tr-select,1,28,0.0436959,,,,,,,,,,,,,,
miconic,s8-3.pddl,symk,1,28,0.0402987,,17,,,,,,,,,,,,
miconic,s8-4.pddl,causal,1,27,0.0524993,0,17,,371,36045,853630,1367,1028,41902,8574,12,15,0,0
miconic,s8-4.pddl,comb-w,1,27,0.0505121,0,17,0,371,36045,853630,1367,1028,41902,8574,12,15,0,0
miconic,s8-4.pddl,tr-select,1,27,0.0448664,,,,,,,,,,,,,,
miconic,s8-4.pddl,symk,1,27,0.0365783,,17,,,,,,,,,,,,
miconic,s9-0.pddl,causal,1,31,0.170168,0,19,,619,97790,4.10834e+06,3481,3103,147168,26548,13,18,0,0
miconic,s9-0.pddl,comb-w,1,31,0.172663,0,19,0,619,97790,4.10834e+06,3481,3103,147168,26548,13,18,0,0
miconic,s9-0.pddl,tr-select,1,31,0.151412,,,,,,,,,,,,,,
miconic,s9-0.pddl,symk,1,31,0.122147,,19,,,,,,,,,,,,
miconic,s9-1.pddl,causal,1,30,0.11481,0,19,,598,113451,3.85424e+06,2833,2726,104244,20085,13,17,0,0
miconic,s9-1.pddl,comb-w,1,30,0.117934,0,19,0,598,113451,3.85424e+06,2833,2726,104244,20085,13,17,0,0
miconic,s9-1.pddl,tr-select,1,30,0.114313,,,,,,,,,,,,,,
miconic,s9-1.pddl,symk,1,30,0.109884,,19,,,,,,,,,,,,
miconic,s9-2.pddl,causal,1,30,0.163894,0,19,,672,114009,3.94236e+06,4186,3845,164542,29621,13,17,0,0
miconic,s9-2.pddl,comb-w,1,30,0.168138,0,19,0,672,114009,3.94236e+06,4186,3845,164542,29621,13,17,0,0
miconic,s9-2.pddl,tr-select,1,30,0.157242,,,,,,,,,,,,,,
miconic,s9-2.pddl,symk,1,30,0.128591,,19,,,,,,,,,,,,
miconic,s9-3.pddl,causal,1,32,0.0770104,0,19,,495,107923,4.20261e+06,1656,1406,56210,11920,13,19,0,0
miconic,s9-3.pddl,comb-w,1,32,0.0719091,0,19,0,495,107923,4.20261e+06,1656,1406,56210,11920,13,19,0,0
miconic,s9-3.pddl,tr-select,1,32,0.0714793,,,,,,,,,,,,,,
miconic,s9-3.pddl,symk,1,32,0.0750537,,19,,,,,,,,,,,,
miconic,s9-4.pddl,causal,1,28,0.111363,0,19,,490,271359,3.1623e+06,2605,2334,99134,16558,14,14,0,0
miconic,s9-4.pddl,comb-w,1,28,0.113606,0,19,0,490,271359,3.1623e+06,2605,2334,99134,16558,14,14,0,0
miconic,s9-4.pddl,tr-select,1,28,0.108184,,,,,,,,,,,,,,
miconic,s9-4.pddl,symk,1,28,0.101272,,19,,,,,,,,,,,,
movie,prob01.pddl,causal,1,7,0.000820532,0,7,,49,64,54,17,18,1022,133,4,3,0,0
movie,prob01.pddl,comb-w,1,7,0.0010321,0,7,0,49,64,54,17,18,1022,133,4,3,0,0
movie,prob01.pddl,tr-select,1,7,0.00112655,,,,,,,,,,,,,,
movie,prob01.pddl,symk,1,7,0.00127883,,7,,,,,,,,,,,,
movie,prob02.pddl,causal,1,7,0.00076517,0,7,,49,64,54,17,18,1022,133,4,3,0,0
movie,prob02.pddl,comb-w,1,7,0.000814007,0,7,0,49,64,54,17,18,1022,133,4,3,0,0
movie,prob02.pddl,tr-select,1,7,0.00076656,,,,,,,,,,,,,,
movie,prob02.pddl,symk,1,7,0.00114516,,7,,,,,,,,,,,,
movie,prob03.pddl,causal,1,7,0.000839803,0,7,,49,64,54,17,18,1022,133,4,3,0,0
movie,prob03.pddl,comb-w,1,7,0.000824671,0,7,0,49,64,54,17,18,1022,133,4,3,0,0
movie,prob03.pddl,tr-select,1,7,0.00136215,,,,,,,,,,,,,,
movie,prob03.pddl,symk,1,7,0.00124498,,7,,,,,,,,,,,,
movie,prob04.pddl,causal,1,7,0.00134964,0,7,,49,64,54,17,18,1022,133,4,3,0,0
movie,prob04.pddl,comb-w,1,7,0.000832983,0,7,0,49,64,54,17,18,1022,133,4,3,0,0
movie,prob04.pddl,tr-select,1,7,0.00115704,,,,,,,,,,,,,,
movie,prob04.pddl,symk,1,7,0.00114804,,7,,,,,,,,,,,,
movie,prob05.pddl,causal,1,7,0.00115286,0,7,,49,64,54,17,18,1022,133,4,3,0,0
movie,prob05.pddl,comb-w,1,7,0.0015718,0,7,0,49,64,54,17,18,1022,133,4,3,0,0
movie,prob05.pddl,tr-select,1,7,0.000871769,,,,,,,,,,,,,,
movie,prob05.pddl,symk,1,7,0.00124142,,7,,,,,,,,,,,,
movie,prob06.pddl,causal,1,7,0.000941018,0,7,,49,64,54,17,18,1022,133,4,3,0,0
movie,prob06.pddl,comb-w,1,7,0.000897005,0,7,0,49,64,54,17,18,1022,133,4,3,0,0
movie,prob06.pddl,tr-select,1,7,0.000921208,,,,,,,,,,,,,,
movie,prob06.pddl,symk,1,7,0.0011148,,7,,,,,,,,,,,,
movie,prob07.pddl,causal,1,7,0.000913945,0,7,,49,64,54,17,18,1022,133,4,3,0,0
movie,prob07.pddl,comb-w,1,7,0.00120328,0,7,0,49,64,54,17,18,1022,133,4,3,0,0
movie,prob07.pddl,tr-select,1,7,0.00140975,,,,,,,,,,,,,,
movie,prob07.pddl,symk,1,7,0.00131115,,7,,,,,,,,,,,,
movie,prob08.pddl,causal,1,7,0.000937201,0,7,,49,64,54,17,18,1022,133,4,3,0,0
movie,prob08.pddl,comb-w,1,7,0.000953969,0,7,0,49,64,54,17,18,1022,133,4,3,0,0
movie,prob08.pddl,tr-select,1,7,0.000938824,,,,,,,,,,,,,,
movie,prob08.pddl,symk,1,7,0.00126241,,7,,,,,,,,,,,,
movie,prob09.pddl,causal,1,7,0.00156528,0,7,,49,64,54,17,18,1022,133,4,3,0,0
movie,prob09.pddl,comb-w,1,7,0.000960676,0,7,0,49,64,54,17,18,1022,133,4,3,0,0
movie,prob09.pddl,tr-select,1,7,0.00102514,,,,,,,,,,,,,,
movie,prob09.pddl,symk,1,7,0.00129673,,7,,,,,,,,,,,,
movie,prob10.pddl,causal,1,7,0.00102181,0,7,,49,64,54,17,18,1022,133,4,3,0,0
movie,prob10.pddl,comb-w,1,7,0.00115839,0,7,0,49,64,54,17,18,1022,133,4,3,0,0
movie,prob10.pddl,tr-select,1,7,0.00106872,,,,,,,,,,,,,,
movie,prob10.pddl,symk,1,7,0.0013811,,7,,,,,,,,,,,,
movie,prob11.pddl,causal,1,7,0.00105013,0,7,,49,64,54,17,18,1022,133,4,3,0,0
movie,prob11.pddl,comb-w,1,7,0.00109573,0,7,0,49,64,54,17,18,1022,133,4,3,0,0
movie,prob11.pddl,tr-select,1,7,0.00143245,,,,,,,,,,,,,,
movie,prob11.pddl,symk,1,7,0.00106267,,7,,,,,,,,,,,,
movie,prob12.pddl,causal,1,7,0.00112467,0,7,,49,64,54,17,18,1022,133,4,3,0,0
movie,prob12.pddl,comb-w,1,7,0.00105412,0,7,0,49,64,54,17,18,1022,133,4,3,0,0
movie,prob12.pddl,tr-select,1,7,0.0010712,,,,,,,,,,,,,,
movie,prob12.pddl,symk,1,7,0.00135138,,7,,,,,,,,,,,,
movie,prob13.pddl,causal,1,7,0.00114874,0,7,,49,64,54,17,18,1022,133,4,3,0,0
movie,prob13.pddl,comb-w,1,7,0.00112099,0,7,0,49,64,54,17,18,1022,133,4,3,0,0
movie,prob13.pddl,tr-select,1,7,0.00111859,,,,,,,,,,,,,,
movie,prob13.pddl,symk,1,7,0.00204446,,7,,,,,,,,,,,,
movie,prob14.pddl,causal,1,7,0.00109374,0,7,,49,64,54,17,18,1022,133,4,3,0,0
movie,prob14.pddl,comb-w,1,7,0.0010805,0,7,0,49,64,54,17,18,1022,133,4,3,0,0
movie,prob14.pddl,tr-select,1,7,0.00202195,,,,,,,,,,,,,,
movie,prob14.pddl,symk,1,7,0.00138554,,7,,,,,,,,,,,,
movie,prob15.pddl,causal,1,7,0.00108432,0,7,,49,64,54,17,18,1022,133,4,3,0,0
movie,prob15.pddl,comb-w,1,7,0.00109238,0,7,0,49,64,54,17,18,1022,133,4,3,0,0
movie,prob15.pddl,tr-select,1,7,0.00106954,,,,,,,,,,,,,,
movie,prob15.pddl,symk,1,7,0.00202362,,7,,,,,,,,,,,,
movie,prob16.pddl,causal,1,7,0.00120522,0,7,,49,64,54,17,18,1022,133,4,3,0,0
movie,prob16.pddl,comb-w,1,7,0.00112955,0,7,0,49,64,54,17,18,1022,133,4,3,0,0
movie,prob16.pddl,tr-select,1,7,0.00174488,,,,,,,,,,,,,,
movie,prob16.pddl,symk,1,7,0.00154497,,7,,,,,,,,,,,,
movie,prob17.pddl,causal,1,7,0.00154079,0,7,,49,64,54,17,18,1022,133,4,3,0,0
movie,prob17.pddl,comb-w,1,7,0.0012637,0,7,0,49,64,54,17,18,1022,133,4,3,0,0
movie,prob17.pddl,tr-select,1,7,0.00118708,,,,,,,,,,,,,,
movie,prob17.pddl,symk,1,7,0.00151947,,7,,,,,,,,,,,,
movie,prob18.pddl,causal,1,7,0.0011737,0,7,,49,64,54,17,18,1022,133,4,3,0,0
movie,prob18.pddl,comb-w,1,7,0.001182,0,7,0,49,64,54,17,18,1022,133,4,3,0,0
movie,prob18.pddl,tr-select,1,7,0.0014666,,,,,,,,,,,,,,
movie,prob18.pddl,symk,1,7,0.0015014,,7,,,,,,,,,,,,
movie,prob19.pddl,causal,1,7,0.0011937,0,7,,49,64,54,17,18,1022,133,4,3,0,0
movie,prob19.pddl,comb-w,1,7,0.00119213,0,7,0,49,64,54,17,18,1022,133,4,3,0,0
movie,prob19.pddl,tr-select,1,7,0.0011875,,,,,,,,,,,,,,
movie,prob19.pddl,symk,1,7,0.00151801,,7,,,,,,,,,,,,
movie,prob20.pddl,causal,1,7,0.00142136,0,7,,49,64,54,17,18,1022,133,4,3,0,0
movie,prob20.pddl,comb-w,1,7,0.00120395,0,7,0,49,64,54,17,18,1022,133,4,3,0,0
movie,prob20.pddl,tr-select,1,7,0.00157348,,,,,,,,,,,,,,
movie,prob20.pddl,symk,1,7,0.00147013,,7,,,,,,,,,,,,
movie,prob21.pddl,causal,1,7,0.00134136,0,7,,49,64,54,17,18,1022,133,4,3,0,0
movie,prob21.pddl,comb-w,1,7,0.00123451,0,7,0,49,64,54,17,18,1022,133,4,3,0,0
movie,prob21.pddl,tr-select,1,7,0.00123603,,,,,,,,,,,,,,
movie,prob21.pddl,symk,1,7,0.00262562,,7,,,,,,,,,,,,
movie,prob22.pddl,causal,1,7,0.00223743,0,7,,49,64,54,17,18,1022,133,4,3,0,0
movie,prob22.pddl,comb-w,1,7,0.00130508,0,7,0,49,64,54,17,18,1022,133,4,3,0,0
movie,prob22.pddl,tr-select,1,7,0.00133163,,,,,,,,,,,,,,
movie,prob22.pddl,symk,1,7,0.00167963,,7,,,,,,,,,,,,
movie,prob23.pddl,causal,1,7,0.00133967,0,7,,49,64,54,17,18,1022,133,4,3,0,0
movie,prob23.pddl,comb-w,1,7,0.00146482,0,7,0,49,64,54,17,18,1022,133,4,3,0,0
movie,prob23.pddl,tr-select,1,7,0.00143467,,,,,,,,,,,,,,
movie,prob23.pddl,symk,1,7,0.00197594,,7,,,,,,,,,,,,
movie,prob24.pddl,causal,1,7,0.00190073,0,7,,49,64,54,17,18,1022,133,4,3,0,0
movie,prob24.pddl,comb-w,1,7,0.00136307,0,7,0,49,64,54,17,18,1022,133,4,3,0,0
movie,prob24.pddl,tr-select,1,7,0.00138295,,,,,,,,,,,,,,
movie,prob24.pddl,symk,1,7,0.00235465,,7,,,,,,,,,,,,
movie,prob25.pddl,causal,1,7,0.00276575,0,7,,49,64,54,17,18,1022,133,4,3,0,0
movie,prob25.pddl,comb-w,1,7,0.00141115,0,7,0,49,64,54,17,18,1022,133,4,3,0,0
movie,prob25.pddl,tr-select,1,7,0.00247279,,,,,,,,,,,,,,
movie,prob25.pddl,symk,1,7,0.00172395,,7,,,,,,,,,,,,
movie,prob26.pddl,causal,1,7,0.0029435,0,7,,49,64,54,17,18,1022,133,4,3,0,0
movie,prob26.pddl,comb-w,1,7,0.00146242,0,7,0,49,64,54,17,18,1022,133,4,3,0,0
movie,prob26.pddl,tr-select,1,7,0.00145413,,,,,,,,,,,,,,
movie,prob26.pddl,symk,1,7,0.00176288,,7,,,,,,,,,,,,
movie,prob27.pddl,causal,1,7,0.00142674,0,7,,49,64,54,17,18,1022,133,4,3,0,0
movie,prob27.pddl,comb-w,1,7,0.00144256,0,7,0,49,64,54,17,18,1022,133,4,3,0,0
movie,prob27.pddl,tr-select,1,7,0.00144041,,,,,,,,,,,,,,
movie,prob27.pddl,symk,1,7,0.00261451,,7,,,,,,,,,,,,
movie,prob28.pddl,causal,1,7,0.00213033,0,7,,49,64,54,17,18,1022,133,4,3,0,0
movie,prob28.pddl,comb-w,1,7,0.00179128,0,7,0,49,64,54,17,18,1022,133,4,3,0,0
movie,prob28.pddl,tr-select,1,7,0.00151559,,,,,,,,,,,,,,
movie,prob28.pddl,symk,1,7,0.00179031,,7,,,,,,,,,,,,
movie,prob29.pddl,causal,1,7,0.0027124,0,7,,49,64,54,17,18,1022,133,4,3,0,0
movie,prob29.pddl,comb-w,1,7,0.00238947,0,7,0,49,64,54,17,18,1022,133,4,3,0,0
movie,prob29.pddl,tr-select,1,7,0.00159335,,,,,,,,,,,,,,
movie,prob29.pddl,symk,1,7,0.00278679,,7,,,,,,,,,,,,
movie,prob30.pddl,causal,1,7,0.00156923,0,7,,49,64,54,17,18,1022,133,4,3,0,0
movie,prob30.pddl,comb-w,1,7,0.00152624,0,7,0,49,64,54,17,18,1022,133,4,3,0,0
movie,prob30.pddl,tr-select,1,7,0.00148611,,,,,,,,,,,,,,
movie,prob30.pddl,symk,1,7,0.00186503,,7,,,,,,,,,,,,
mprime,prob01.pddl,causal,1,5,0.0369074,0,11,,1041,25,2.51659e+08,105,268,38836,7991,2,3,0,0
mprime,prob01.pddl,comb-w,1,5,0.0373492,0,11,0,1041,25,2.51659e+08,105,268,38836,7991,2,3,0,0
mprime,prob01.pddl,tr-select,1,5,0.037245,,,,,,,,,,,,,,
mprime,prob01.pddl,symk,1,5,0.0367684,,11,,,,,,,,,,,,
mprime,prob02.pddl,causal,1,7,52.8776,155,35,,988100,136264,2.67117e+29,51738,19992,24112046,9876844,5,3,0,0
mprime,prob02.pddl,comb-w,1,7,25.3072,155,35,210,1693837,136264,2.67117e+29,47707,23939,21005166,1862622,4,3,0,0
mprime,prob02.pddl,tr-select,1,7,63.6235,,,,,,,,,,,,,,
mprime,prob02.pddl,symk,1,7,20.3497,,35,,,,,,,,,,,,
mprime,prob03.pddl,causal,1,4,7.85751,59,27,,727130,1811,7.70573e+21,1440,620,10982412,752829,2,2,0,0
mprime,prob03.pddl,comb-w,1,4,7.01356,59,27,36,543871,1811,7.70573e+21,1501,886,10116778,570582,2,2,0,0
mprime,prob03.pddl,tr-select,1,4,7.86745,,,,,,,,,,,,,,
mprime,prob03.pddl,symk,1,4,3.9794,,27,,,,,,,,,,,,
mprime,prob04.pddl,causal,1,8,0.125716,51,19,,3352,19069,4.28506e+14,1724,1355,173740,18904,4,4,0,0
mprime,prob04.pddl,comb-w,1,8,0.122329,51,19,28,3352,19069,4.28506e+14,1724,1355,173740,18904,4,4,0,0
mprime,prob04.pddl,tr-select,1,8,0.116247,,,,,,,,,,,,,,
mprime,prob04.pddl,symk,1,8,0.109122,,19,,,,,,,,,,,,
mprime,prob05.pddl,causal,1,11,114.013,0,31,,777220,1.61026e+07,2.91329e+25,581982,15105,25801412,9628318,9,3,0,0
mprime,prob05.pddl,comb-w,1,11,113.738,0,31,0,777220,1.61026e+07,2.91329e+25,581982,15105,23956702,9628478,9,3,0,0
mprime,prob05.pddl,tr-select,1,11,96.3072,,,,,,,,,,,,,,
mprime,prob05.pddl,symk,1,11,67.9876,,31,,,,,,,,,,,,
mprime,prob06.pddl,causal,0,,,678,50,,3245426,,,,,,,,,,
mprime,prob06.pddl,comb-w,0,,,678,50,135,3125519,,,,,,,,,,
mprime,prob06.pddl,tr-select,0,,,,,,,,,,,,,,,,
mprime,prob06.pddl,symk,0,,,,50,,,,,,,,,,,,
mprime,prob07.pddl,causal,1,5,3.44363,546,38,,19269,514,2.80792e+33,1042,870,3903018,86368,2,3,0,0
mprime,prob07.pddl,comb-w,1,5,0.353813,557,38,600,16892,514,2.80792e+33,1005,1027,1116024,81595,2,3,0,0
mprime,prob07.pddl,tr-select,1,5,3.75721,,,,,,,,,,,,,,
mprime,prob07.pddl,symk,1,5,4.16302,,38,,,,,,,,,,,,
mprime,prob08.pddl,causal,1,6,30.9312,129,41,,775362,2.43637e+07,2.63541e+34,103353,116,14968212,3359995,6,1,0,0
mprime,prob08.pddl,comb-w,1,6,31.7525,131,41,30,792900,2.43637e+07,2.63541e+34,95265,116,14420420,2634404,6,1,0,0
mprime,prob08.pddl,tr-select,1,6,30.498,,,,,,,,,,,,,,
mprime,prob08.pddl,symk,1,6,37.5628,,41,,,,,,,,,,,,
mprime,prob09.pddl,causal,1,8,15.6031,757,28,,754700,58340,2.44011e+21,16013,120306,8469314,1031893,5,3,0,0
mprime,prob09.pddl,comb-w,1,8,12.297,791,28,273,407707,347811,2.02731e+21,26154,16294,12819968,516018,5,3,0,0
mprime,prob09.pddl,tr-select,1,8,5.88791,,,,,,,,,,,,,,
mprime,prob09.pddl,symk,1,8,9.9313,,28,,,,,,,,,,,,
mprime,prob10.pddl,causal,0,,,3223,76,,5144765,,,,,,,,,,
mprime,prob10.pddl,comb-w,0,,,3277,76,2340,7796725,,,,,,,,,,
mprime,prob10.pddl,tr-select,0,,,,,,,,,,,,,,,,
mprime,prob10.pddl,symk,0,,,,76,,,,,,,,,,,,
mprime,prob11.pddl,causal,1,7,0.0918378,0,18,,2682,3655,5.15769e+13,962,555,105266,14582,3,4,0,0
mprime,prob11.pddl,comb-w,1,7,0.0887355,0,18,0,2682,3655,5.15769e+13,962,555,105266,14582,3,4,0,0
mprime,prob11.pddl,tr-select,1,7,0.0999439,,,,,,,,,,,,,,
mprime,prob11.pddl,symk,1,7,0.102335,,18,,,,,,,,,,,,
mprime,prob12.pddl,causal,1,6,1.04791,109,19,,156830,5436,1.2481e+14,1933,753,2435426,176168,3,3,0,0
mprime,prob12.pddl,comb-w,1,6,0.593666,106,19,18,55314,567,1.90183e+14,673,7710,1052660,86335,3,3,0,0
mprime,prob12.pddl,tr-select,1,6,1.14213,,,,,,,,,,,,,,
mprime,prob12.pddl,symk,1,6,0.502424,,19,,,,,,,,,,,,
mprime,prob13.pddl,causal,0,,,1560,82,,6717072,,,,,,,,,,
mprime,prob13.pddl,comb-w,0,,,1580,82,2162,7060063,,,,,,,,,,
mprime,prob13.pddl,tr-select,0,,,,,,,,,,,,,,,,
mprime,prob13.pddl,symk,0,,,,82,,,,,,,,,,,,
mprime,prob14.pddl,causal,0,,,433,83,,6389174,,,,,,,,,,
mprime,prob14.pddl,comb-w,0,,,433,83,990,5815974,,,,,,,,,,
mprime,prob14.pddl,tr-select,0,,,,,,,,,,,,,,,,
mprime,prob14.pddl,symk,0,,,,83,,,,,,,,,,,,
mprime,prob15.pddl,causal,0,,,2051,52,,3898791,,,,,,,,,,
mprime,prob15.pddl,comb-w,0,,,2060,52,364,2640819,,,,,,,,,,
mprime,prob15.pddl,tr-select,0,,,,,,,,,,,,,,,,
mprime,prob15.pddl,symk,0,,,,52,,,,,,,,,,,,
mprime,prob16.pddl,causal,1,6,90.5557,257,34,,1376241,402025,2.72876e+28,24009,18109,29013558,27288918,5,2,0,0
mprime,prob16.pddl,comb-w,1,6,63.1962,253,34,90,1187825,402025,2.72876e+28,24877,16574,33363190,21235294,5,2,0,0
mprime,prob16.pddl,tr-select,1,6,91.1603,,,,,,,,,,,,,,
mprime,prob16.pddl,symk,1,6,36.8644,,34,,,,,,,,,,,,
mprime,prob17.pddl,causal,1,4,142.599,1570,54,,4198275,538178,2.31105e+54,51875,133,53401544,40324879,4,1,0,0
mprime,prob17.pddl,comb-w,1,4,154.394,1626,54,630,3855830,538178,2.31105e+54,48859,133,50986558,34781399,4,1,0,0
mprime,prob17.pddl,tr-select,1,4,133.613,,,,,,,,,,,,,,
mprime,prob17.pddl,symk,1,4,170.641,,54,,,,,,,,,,,,
mprime,prob18.pddl,causal,0,,,626,45,,2004455,,,,,,,,,,
mprime,prob18.pddl,comb-w,0,,,618,45,135,1969085,,,,,,,,,,
mprime,prob18.pddl,tr-select,0,,,,,,,,,,,,,,,,
mprime,prob18.pddl,symk,0,,,,45,,,,,,,,,,,,
mprime,prob19.pddl,causal,1,6,183.791,434,45,,2703993,1.0445e+06,1.17798e+43,93388,66902,44213764,35267201,5,2,0,0
mprime,prob19.pddl,comb-w,1,6,198.43,447,45,210,2346691,1.0445e+06,1.17798e+43,83569,68732,40392506,32388151,5,2,0,0
mprime,prob19.pddl,tr-select,1,6,226.396,,,,,,,,,,,,,,
mprime,prob19.pddl,symk,1,6,116.713,,45,,,,,,,,,,,,
mprime,prob20.pddl,causal,0,,,716,44,,1048406,,,,,,,,,,
mprime,prob20.pddl,comb-w,0,,,1137,44,50,55538,,,,,,,,,,
mprime,prob20.pddl,tr-select,0,,,,,,,,,,,,,,,,
mprime,prob20.pddl,symk,0,,,,44,,,,,,,,,,,,
mprime,prob21.pddl,causal,1,6,128.664,333,58,,1854052,1.57056e+06,8.62711e+56,285542,174,23886184,7770636,6,1,0,0
mprime,prob21.pddl,comb-w,1,6,158.098,333,58,595,2361821,187921,9.48724e+56,92730,24026,40927012,35511423,5,2,0,0
mprime,prob21.pddl,tr-select,1,6,112.34,,,,,,,,,,,,,,
mprime,prob21.pddl,symk,1,6,165.422,,58,,,,,,,,,,,,
mprime,prob22.pddl,causal,0,,,393378,71,,7727217,,,,,,,,,,
mprime,prob22.pddl,comb-w,0,,,225316,71,1368,7207285,,,,,,,,,,
mprime,prob22.pddl,tr-select,0,,,,,,,,,,,,,,,,
mprime,prob22.pddl,symk,0,,,,71,,,,,,,,,,,,
mprime,prob23.pddl,causal,0,,,413,49,,3240444,,,,,,,,,,
mprime,prob23.pddl,comb-w,0,,,427,49,272,2162441,,,,,,,,,,
mprime,prob23.pddl,tr-select,0,,,,,,,,,,,,,,,,
mprime,prob23.pddl,symk,0,,,,49,,,,,,,,,,,,
mprime,prob24.pddl,causal,0,,,0,58,,960562,,,,,,,,,,
mprime,prob24.pddl,comb-w,0,,,0,58,0,960562,,,,,,,,,,
mprime,prob24.pddl,tr-select,0,,,,,,,,,,,,,,,,
mprime,prob24.pddl,symk,1,8,1684.95,,58,,,,,,,,,,,,
mprime,prob25.pddl,causal,1,4,0.018161,11,10,,986,15,1.73837e+06,60,90,20440,4055,2,2,0,0
mprime,prob25.pddl,comb-w,1,4,0.0167979,9,10,3,853,15,1.73837e+06,60,87,19418,3884,2,2,0,0
mprime,prob25.pddl,tr-select,1,4,0.0176393,,,,,,,,,,,,,,
mprime,prob25.pddl,symk,1,4,0.0152252,,10,,,,,,,,,,,,
mprime,prob26.pddl,causal,1,6,7.61748,239,26,,287910,26584,5.05332e+20,4176,7654,6249530,338098,4,2,0,0
mprime,prob26.pddl,comb-w,1,6,12.9195,244,26,30,513284,26584,5.05332e+20,4283,7904,11057018,563875,4,2,0,0
mprime,prob26.pddl,tr-select,1,6,7.7931,,,,,,,,,,,,,,
mprime,prob26.pddl,symk,1,6,5.38776,,26,,,,,,,,,,,,
mprime,prob27.pddl,causal,1,5,0.785576,0,19,,43750,924,4.3893e+16,955,1575,810446,90185,3,2,0,0
mprime,prob27.pddl,comb-w,1,5,0.759783,0,19,0,43750,924,4.3893e+16,955,1575,810446,90185,3,2,0,0
mprime,prob27.pddl,tr-select,1,5,0.728251,,,,,,,,,,,,,,
mprime,prob27.pddl,symk,1,5,0.788523,,19,,,,,,,,,,,,
mprime,prob28.pddl,causal,1,7,0.0696966,0,14,,1243,457,1.39932e+10,498,623,51100,9733,4,3,0,0
mprime,prob28.pddl,comb-w,1,7,0.0694523,0,14,0,1243,457,1.39932e+10,498,623,51100,9733,4,3,0,0
mprime,prob28.pddl,tr-select,1,7,0.0631272,,,,,,,,,,,,,,
mprime,prob28.pddl,symk,1,7,0.0615144,,14,,,,,,,,,,,,
mprime,prob29.pddl,causal,1,4,0.397357,0,23,,10333,53,1.1435e+20,307,953,476252,41356,2,2,0,0
mprime,prob29.pddl,comb-w,1,4,0.40566,0,23,0,10333,53,1.1435e+20,307,953,476252,41356,2,2,0,0
mprime,prob29.pddl,tr-select,1,4,0.409649,,,,,,,,,,,,,,
mprime,prob29.pddl,symk,1,4,0.391571,,23,,,,,,,,,,,,
mprime,prob30.pddl,causal,0,,,172,30,,811624,,,,,,,,,,
mprime,prob30.pddl,comb-w,0,,,177,30,56,875736,,,,,,,,,,
mprime,prob30.pddl,tr-select,0,,,,,,,,,,,,,,,,
mprime,prob30.pddl,symk,1,9,1763.32,,30,,,,,,,,,,,,
mprime,prob31.pddl,causal,1,4,59.5498,1638,37,,1721485,630,5.70351e+28,1932,139639,16944760,2052440,3,1,0,0
mprime,prob31.pddl,comb-w,1,4,47.6856,1631,37,220,1635914,630,5.70351e+28,1805,29061,17060246,1744657,3,1,0,0
mprime,prob31.pddl,tr-select,1,4,90.4909,,,,,,,,,,,,,,
mprime,prob31.pddl,symk,1,4,63.966,,37,,,,,,,,,,,,
mprime,prob32.pddl,causal,1,7,2.08725,0,27,,17181,1909,1.6278e+21,1874,6561,2068528,48754,4,3,0,0
mprime,prob32.pddl,comb-w,1,7,2.13551,0,27,0,17181,1909,1.6278e+21,1874,6561,2068528,48754,4,3,0,0
mprime,prob32.pddl,tr-select,1,7,3.21165,,,,,,,,,,,,,,
mprime,prob32.pddl,symk,1,7,1.22929,,27,,,,,,,,,,,,
mprime,prob33.pddl,causal,0,,,2898,63,,3286205,,,,,,,,,,
mprime,prob33.pddl,comb-w,0,,,2945,63,2460,6178937,,,,,,,,,,
mprime,prob33.pddl,tr-select,0,,,,,,,,,,,,,,,,
mprime,prob33.pddl,symk,0,,,,63,,,,,,,,,,,,
mprime,prob34.pddl,causal,1,4,40.5326,171,40,,1223285,629,3.10729e+34,2794,4134,11681460,1285005,3,1,0,0
mprime,prob34.pddl,comb-w,1,4,39.6561,171,40,253,3143955,629,3.10729e+34,2433,5537,11901190,3204297,3,1,0,0
mprime,prob34.pddl,tr-select,1,4,36.0766,,,,,,,,,,,,,,
mprime,prob34.pddl,symk,1,4,50.0728,,40,,,,,,,,,,,,
mprime,prob35.pddl,causal,1,5,0.098654,0,16,,2265,215,4.28262e+11,514,221,86870,10770,2,3,0,0
mprime,prob35.pddl,comb-w,1,5,0.101302,0,16,0,2265,215,4.28262e+11,514,221,86870,10770,2,3,0,0
mprime,prob35.pddl,tr-select,1,5,0.098789,,,,,,,,,,,,,,
mprime,prob35.pddl,symk,1,5,0.16409,,16,,,,,,,,,,,,
mystery,prob01.pddl,causal,1,5,0.0151342,33,11,,897,10,7.50456e+06,60,81,11242,2960,3,2,0,0
mystery,prob01.pddl,comb-w,1,5,0.0106297,33,11,38,775,10,7.50456e+06,71,71,13286,2557,2,3,0,0
mystery,prob01.pddl,tr-select,1,5,0.00987687,,,,,,,,,,,,,,
mystery,prob01.pddl,symk,1,5,0.0128078,,11,,,,,,,,,,,,
mystery,prob02.pddl,causal,1,7,60.6608,1063,35,,812636,19735,3.11608e+28,31278,45679,22284710,991463,5,2,0,0
mystery,prob02.pddl,comb-w,1,7,49.4139,241,35,234,1823038,19735,3.11608e+28,39628,25099,19245282,1980122,4,3,0,0
mystery,prob02.pddl,tr-select,1,7,28.5243,,,,,,,,,,,,,,
mystery,prob02.pddl,symk,1,7,20.662,,35,,,,,,,,,,,,
mystery,prob03.pddl,causal,1,4,6.26965,456,26,,601716,114,2.25672e+19,772,1529,6466194,622336,3,1,0,0
mystery,prob03.pddl,comb-w,1,4,9.06771,264,26,115,603278,114,2.25672e+19,644,589,9903180,621506,2,2,0,0
mystery,prob03.pddl,tr-select,1,4,60.3757,,,,,,,,,,,,,,
mystery,prob03.pddl,symk,1,4,5.55047,,26,,,,,,,,,,,,
mystery,prob04.pddl,causal,0,,0.000261297,0,17,,0,1,1,2,2,1022,4,1,0,0,0
mystery,prob04.pddl,comb-w,0,,0.000267613,0,17,0,0,1,1,2,2,1022,4,1,0,0,0
mystery,prob04.pddl,tr-select,0,,,,,,,,,,,,,,,,
mystery,prob04.pddl,symk,0,,0.000885468,,17,,,,,,,,,,,,
mystery,prob05.pddl,causal,0,,0.000274193,0,28,,0,1,1,2,2,1022,4,1,0,0,0
mystery,prob05.pddl,comb-w,0,,0.000260703,0,28,0,0,1,1,2,2,1022,4,1,0,0,0
mystery,prob05.pddl,tr-select,0,,,,,,,,,,,,,,,,
mystery,prob05.pddl,symk,0,,0.000884032,,28,,,,,,,,,,,,
mystery,prob06.pddl,causal,0,,,26487,46,,2064834,,,,,,,,,,
mystery,prob06.pddl,comb-w,0,,,3818,46,694,123637,,,,,,,,,,
mystery,prob06.pddl,tr-select,0,,,,,,,,,,,,,,,,
mystery,prob06.pddl,symk,0,,,,46,,,,,,,,,,,,
mystery,prob07.pddl,causal,0,,0.00028769,0,1,,0,1,1,2,2,1022,4,1,0,0,0
mystery,prob07.pddl,comb-w,0,,0.000239536,0,1,0,0,1,1,2,2,1022,4,1,0,0,0
mystery,prob07.pddl,tr-select,0,,,,,,,,,,,,,,,,
mystery,prob07.pddl,symk,0,,0.000912326,,1,,,,,,,,,,,,
mystery,prob08.pddl,causal,0,,0.00036141,0,32,,0,1,1,2,2,1022,4,1,0,0,0
mystery,prob08.pddl,comb-w,0,,0.000278371,0,32,0,0,1,1,2,2,1022,4,1,0,0,0
mystery,prob08.pddl,tr-select,0,,,,,,,,,,,,,,,,
mystery,prob08.pddl,symk,0,,0.000797375,,32,,,,,,,,,,,,
mystery,prob09.pddl,causal,1,8,20.1154,12226,27,,918325,28082,1.19556e+19,20499,139809,9040612,1270210,6,2,0,0
mystery,prob09.pddl,comb-w,1,8,14.2389,1285,27,392,410817,28082,1.19556e+19,18449,20035,9556722,510226,5,3,0,0
mystery,prob09.pddl,tr-select,1,8,13.5439,,,,,,,,,,,,,,
mystery,prob09.pddl,symk,1,8,14.9599,,27,,,,,,,,,,,,
mystery,prob10.pddl,causal,0,,,57352,74,,3710655,,,,,,,,,,
mystery,prob10.pddl,comb-w,0,,,51930,74,7655,6108089,,,,,,,,,,
mystery,prob10.pddl,tr-select,0,,,,,,,,,,,,,,,,
mystery,prob10.pddl,symk,0,,,,74,,,,,,,,,,,,
mystery,prob11.pddl,causal,1,7,0.0429909,169,17,,4387,37,2.89141e+10,301,715,58254,11531,4,3,0,0
mystery,prob11.pddl,comb-w,1,7,0.0892875,197,17,237,2949,112,2.63585e+10,562,420,74606,9835,4,3,0,0
mystery,prob11.pddl,tr-select,1,7,0.0429877,,,,,,,,,,,,,,
mystery,prob11.pddl,symk,1,7,0.0435104,,17,,,,,,,,,,,,
mystery,prob12.pddl,causal,0,,0.000229217,0,17,,0,1,1,2,2,1022,4,1,0,0,0
mystery,prob12.pddl,comb-w,0,,0.000310675,0,17,0,0,1,1,2,2,1022,4,1,0,0,0
mystery,prob12.pddl,tr-select,0,,,,,,,,,,,,,,,,
mystery,prob12.pddl,symk,0,,0.000757205,,17,,,,,,,,,,,,
mystery,prob13.pddl,causal,0,,,235021,76,,380777,,,,,,,,,,
mystery,prob13.pddl,comb-w,0,,,119226,76,8181,1236728,,,,,,,,,,
mystery,prob13.pddl,tr-select,0,,,,,,,,,,,,,,,,
mystery,prob13.pddl,symk,0,,,,76,,,,,,,,,,,,
mystery,prob14.pddl,causal,0,,,101929,81,,4469716,,,,,,,,,,
mystery,prob14.pddl,comb-w,0,,,21443,81,1867,456463,,,,,,,,,,
mystery,prob14.pddl,tr-select,0,,,,,,,,,,,,,,,,
mystery,prob14.pddl,symk,0,,,,81,,,,,,,,,,,,
mystery,prob15.pddl,causal,1,6,173.164,46226,52,,3545307,703462,3.73085e+47,519922,124,36152228,18016279,6,1,0,0
mystery,prob15.pddl,comb-w,1,6,142.932,6822,52,680,3154847,703462,3.73085e+47,424086,124,27536768,13415378,6,1,0,0
mystery,prob15.pddl,tr-select,1,6,197.772,,,,,,,,,,,,,,
mystery,prob15.pddl,symk,1,6,341.474,,52,,,,,,,,,,,,
mystery,prob16.pddl,causal,0,,0.000290284,0,29,,0,1,1,2,2,1022,4,1,0,0,0
mystery,prob16.pddl,comb-w,0,,0.000209463,0,29,0,0,1,1,2,2,1022,4,1,0,0,0
mystery,prob16.pddl,tr-select,0,,,,,,,,,,,,,,,,
mystery,prob16.pddl,symk,0,,0.000943227,,29,,,,,,,,,,,,
mystery,prob17.pddl,causal,1,4,57.0256,19854,52,,221696,8000,4.97664e+49,24782,130,13216504,2288854,4,1,0,0
mystery,prob17.pddl,comb-w,1,4,117.648,20356,52,993,2976984,8000,4.97664e+49,31848,130,45343074,33882810,4,1,0,0
mystery,prob17.pddl,tr-select,1,4,59.9683,,,,,,,,,,,,,,
mystery,prob17.pddl,symk,1,4,139.375,,52,,,,,,,,,,,,
mystery,prob18.pddl,causal,0,,0.000234362,0,1,,0,1,1,2,2,1022,4,1,0,0,0
mystery,prob18.pddl,comb-w,0,,0.000216414,0,1,0,0,1,1,2,2,1022,4,1,0,0,0
mystery,prob18.pddl,tr-select,0,,,,,,,,,,,,,,,,
mystery,prob18.pddl,symk,0,,0.000790718,,1,,,,,,,,,,,,
mystery,prob19.pddl,causal,1,6,25.6714,98845,41,,93873,142494,2.36384e+32,92197,82,11953312,466330,6,1,0,0
mystery,prob19.pddl,comb-w,1,6,39.6779,17780,41,1582,77579,142494,2.36384e+32,138646,82,12155668,372962,6,1,0,0
mystery,prob19.pddl,tr-select,1,6,43.0911,,,,,,,,,,,,,,
mystery,prob19.pddl,symk,1,6,83.8798,,41,,,,,,,,,,,,
mystery,prob20.pddl,causal,1,7,134.26,36788,42,,1069883,2.63011e+06,6.73407e+35,704167,96,33151636,17605114,7,1,0,0
mystery,prob20.pddl,comb-w,1,7,102.165,13229,42,353,1139493,2.63011e+06,6.73407e+35,388367,96,31509282,18682038,7,1,0,0
mystery,prob20.pddl,tr-select,1,7,19.018,,,,,,,,,,,,,,
mystery,prob20.pddl,symk,1,7,261.712,,42,,,,,,,,,,,,
mystery,prob21.pddl,causal,0,,0.000231591,0,52,,0,1,1,2,2,1022,4,1,0,0,0
mystery,prob21.pddl,comb-w,0,,0.000240167,0,52,0,0,1,1,2,2,1022,4,1,0,0,0
mystery,prob21.pddl,tr-select,0,,,,,,,,,,,,,,,,
mystery,prob21.pddl,symk,0,,0.000983991,,52,,,,,,,,,,,,
mystery,prob22.pddl,causal,0,,0.000307183,0,66,,0,1,1,2,2,1022,4,1,0,0,0
mystery,prob22.pddl,comb-w,0,,0.00021075,0,66,0,0,1,1,2,2,1022,4,1,0,0,0
mystery,prob22.pddl,tr-select,0,,,,,,,,,,,,,,,,
mystery,prob22.pddl,symk,0,,0.000634621,,66,,,,,,,,,,,,
mystery,prob23.pddl,causal,0,,0.000234513,0,47,,0,1,1,2,2,1022,4,1,0,0,0
mystery,prob23.pddl,comb-w,0,,0.000251798,0,47,0,0,1,1,2,2,1022,4,1,0,0,0
mystery,prob23.pddl,tr-select,0,,,,,,,,,,,,,,,,
mystery,prob23.pddl,symk,0,,0.000769115,,47,,,,,,,,,,,,
mystery,prob24.pddl,causal,0,,0.000243324,0,54,,0,1,1,2,2,1022,4,1,0,0,0
mystery,prob24.pddl,comb-w,0,,0.000241332,0,54,0,0,1,1,2,2,1022,4,1,0,0,0
mystery,prob24.pddl,tr-select,0,,,,,,,,,,,,,,,,
mystery,prob24.pddl,symk,0,,0.000698102,,54,,,,,,,,,,,,
mystery,prob25.pddl,causal,1,4,0.00774714,25,10,,874,27,145341,86,68,10220,2294,2,2,0,0
mystery,prob25.pddl,comb-w,1,4,0.00600587,20,10,9,761,27,145341,82,65,9198,2041,2,2,0,0
mystery,prob25.pddl,tr-select,1,4,0.00745457,,,,,,,,,,,,,,
mystery,prob25.pddl,symk,1,4,0.008764,,10,,,,,,,,,,,,
mystery,prob26.pddl,causal,1,6,2.85278,4676,23,,351488,3160,6.63908e+14,4378,4198,4770696,384515,4,2,0,0
mystery,prob26.pddl,comb-w,1,6,2.31524,2001,23,323,404175,3160,6.63908e+14,3187,2006,3940832,427993,4,2,0,0
mystery,prob26.pddl,tr-select,1,6,2.83683,,,,,,,,,,,,,,
mystery,prob26.pddl,symk,1,6,2.09162,,23,,,,,,,,,,,,
mystery,prob27.pddl,causal,1,5,0.443035,47,19,,44235,96,8.60825e+14,452,1670,709268,57971,3,2,0,0
mystery,prob27.pddl,comb-w,1,5,0.503014,26,19,18,51929,96,8.60825e+14,400,1712,724598,65266,3,2,0,0
mystery,prob27.pddl,tr-select,1,5,0.384098,,,,,,,,,,,,,,
mystery,prob27.pddl,symk,1,5,0.377755,,19,,,,,,,,,,,,
mystery,prob28.pddl,causal,1,7,0.021013,77,14,,1720,60,4.54969e+08,267,304,25550,5446,4,3,0,0
mystery,prob28.pddl,comb-w,1,7,0.0204911,87,14,104,1457,60,4.54969e+08,328,488,27594,5560,4,3,0,0
mystery,prob28.pddl,tr-select,1,7,0.016752,,,,,,,,,,,,,,
mystery,prob28.pddl,symk,1,7,0.0160581,,14,,,,,,,,,,,,
mystery,prob29.pddl,causal,1,4,0.187001,298,22,,13745,57,2.67585e+17,526,625,383250,27677,3,1,0,0
mystery,prob29.pddl,comb-w,1,4,1.02668,253,22,83,7217,57,2.67585e+17,495,600,903448,20227,3,1,0,0
mystery,prob29.pddl,tr-select,1,4,0.228793,,,,,,,,,,,,,,
mystery,prob29.pddl,symk,1,4,0.20108,,22,,,,,,,,,,,,
mystery,prob30.pddl,causal,1,9,54.0229,1350,30,,692449,191184,4.35191e+24,167380,1196112,19220754,3482006,7,2,0,0
mystery,prob30.pddl,comb-w,1,9,33.5644,425,30,171,785137,191184,4.35191e+24,160486,598812,16440914,2353570,7,2,0,0
mystery,prob30.pddl,tr-select,1,9,63.9966,,,,,,,,,,,,,,
mystery,prob30.pddl,symk,1,9,46.3817,,30,,,,,,,,,,,,
nomystery-opt11-strips,p01.pddl,causal,1,11,0.0202149,165,5,,1430,428,761,385,339,23506,6192,6,5,0,0
nomystery-opt11-strips,p01.pddl,comb-w,1,11,0.0191186,148,5,162,1306,428,761,386,379,19418,5571,7,4,0,0
nomystery-opt11-strips,p01.pddl,tr-select,1,11,0.0201418,,,,,,,,,,,,,,
nomystery-opt11-strips,p01.pddl,symk,1,11,0.0166342,,5,,,,,,,,,,,,
nomystery-opt11-strips,p02.pddl,causal,1,14,0.0914594,314,6,,3527,2840,15293,1361,1494,102200,19582,7,7,0,0
nomystery-opt11-strips,p02.pddl,comb-w,1,14,0.110214,450,6,385,2697,6332,9014,1668,1481,84826,17261,8,6,0,0
nomystery-opt11-strips,p02.pddl,tr-select,1,14,0.0856405,,,,,,,,,,,,,,
nomystery-opt11-strips,p02.pddl,symk,1,14,0.0944509,,6,,,,,,,,,,,,
nomystery-opt11-strips,p03.pddl,causal,1,15,0.0862191,337,7,,4546,5436,12556,1698,1637,116508,21682,7,8,0,0
nomystery-opt11-strips,p03.pddl,comb-w,1,15,0.0760417,458,7,479,3106,5436,12556,1949,2005,91980,19443,7,8,0,0
nomystery-opt11-strips,p03.pddl,tr-select,1,15,0.0813888,,,,,,,,,,,,,,
nomystery-opt11-strips,p03.pddl,symk,1,15,0.119853,,7,,,,,,,,,,,,
nomystery-opt11-strips,p04.pddl,causal,1,19,0.524064,519,8,,6148,40535,211665,8811,12705,473186,73531,10,9,0,0
nomystery-opt11-strips,p04.pddl,comb-w,1,19,0.385932,575,8,961,5212,40535,211665,7790,10890,398580,61515,10,9,0,0
nomystery-opt11-strips,p04.pddl,tr-select,1,19,0.368456,,,,,,,,,,,,,,
nomystery-opt11-strips,p04.pddl,symk,1,19,0.563366,,8,,,,,,,,,,,,
nomystery-opt11-strips,p05.pddl,causal,1,23,6.116,828,9,,12881,1.13314e+06,5.35717e+06,107841,98555,5375720,581249,12,11,0,0
nomystery-opt11-strips,p05.pddl,comb-w,1,23,8.34841,1483,9,1017,10326,1.13314e+06,5.35717e+06,133144,127032,6572482,681103,12,11,0,0
nomystery-opt11-strips,p05.pddl,tr-select,1,23,8.71556,,,,,,,,,,,,,,
nomystery-opt11-strips,p05.pddl,symk,1,23,6.09212,,9,,,,,,,,,,,,
nomystery-opt11-strips,p06.pddl,causal,1,26,14.4178,1025,10,,17319,5.11075e+06,2.40684e+07,192488,281573,10546018,1221403,14,12,0,0
nomystery-opt11-strips,p06.pddl,comb-w,1,26,16.1937,1628,10,1886,12624,5.11075e+06,2.40684e+07,188240,274674,10430532,1123288,14,12,0,0
nomystery-opt11-strips,p06.pddl,tr-select,1,26,15.6379,,,,,,,,,,,,,,
nomystery-opt11-strips,p06.pddl,symk,1,26,24.2542,,10,,,,,,,,,,,,
nomystery-opt11-strips,p07.pddl,causal,1,30,506.005,1043,11,,18250,6.49677e+07,5.12139e+08,1533220,1910407,35867090,8423023,18,16,0,0
nomystery-opt11-strips,p07.pddl,comb-w,1,30,130.264,1500,11,1963,14061,6.49677e+07,5.12139e+08,1634733,1007668,30677374,6088175,16,14,0,0
nomystery-opt11-strips,p07.pddl,tr-select,1,30,152.42,,,,,,,,,,,,,,
nomystery-opt11-strips,p07.pddl,symk,1,30,443.942,,11,,,,,,,,,,,,
nomystery-opt11-strips,p08.pddl,causal,0,,,1086,12,,22882,,,,,,,,,,
nomystery-opt11-strips,p08.pddl,comb-w,0,,,1184,12,1869,15153,,,,,,,,,,
nomystery-opt11-strips,p08.pddl,tr-select,0,,,,,,,,,,,,,,,,
nomystery-opt11-strips,p08.pddl,symk,0,,,,12,,,,,,,,,,,,
nomystery-opt11-strips,p09.pddl,causal,0,,,1298,13,,28917,,,,,,,,,,
nomystery-opt11-strips,p09.pddl,comb-w,0,,,1870,13,2493,20078,,,,,,,,,,
nomystery-opt11-strips,p09.pddl,tr-select,0,,,,,,,,,,,,,,,,
nomystery-opt11-strips,p09.pddl,symk,0,,,,13,,,,,,,,,,,,
nomystery-opt11-strips,p10.pddl,causal,0,,,1316,14,,26205,,,,,,,,,,
nomystery-opt11-strips,p10.pddl,comb-w,0,,,1236,14,2434,16210,,,,,,,,,,
nomystery-opt11-strips,p10.pddl,tr-select,0,,,,,,,,,,,,,,,,
nomystery-opt11-strips,p10.pddl,symk,0,,,,14,,,,,,,,,,,,
nomystery-opt11-strips,p11.pddl,causal,1,12,0.0192534,143,5,,1140,324,422,293,232,16352,4525,7,5,0,0
nomystery-opt11-strips,p11.pddl,comb-w,1,12,0.0173272,135,5,142,1094,324,422,306,259,17374,4566,8,4,0,0
nomystery-opt11-strips,p11.pddl,tr-select,1,12,0.0130878,,,,,,,,,,,,,,
nomystery-opt11-strips,p11.pddl,symk,1,12,0.0124314,,5,,,,,,,,,,,,
nomystery-opt11-strips,p12.pddl,causal,1,14,0.0595242,286,6,,3137,2109,4483,1044,1011,65408,14157,7,7,0,0
nomystery-opt11-strips,p12.pddl,comb-w,1,14,0.0685255,434,6,385,2226,3892,3017,1232,958,56210,12139,8,6,0,0
nomystery-opt11-strips,p12.pddl,tr-select,1,14,0.0624037,,,,,,,,,,,,,,
nomystery-opt11-strips,p12.pddl,symk,1,14,0.0540971,,6,,,,,,,,,,,,
nomystery-opt11-strips,p13.pddl,causal,1,15,0.0442462,429,7,,4268,272,2074,509,486,57232,12437,4,11,0,0
nomystery-opt11-strips,p13.pddl,comb-w,1,15,0.0548538,528,7,477,3195,670,1920,562,661,54166,11884,5,10,0,0
nomystery-opt11-strips,p13.pddl,tr-select,1,15,0.0339746,,,,,,,,,,,,,,
nomystery-opt11-strips,p13.pddl,symk,1,15,0.0638459,,7,,,,,,,,,,,,
nomystery-opt11-strips,p14.pddl,causal,1,19,0.2244,475,8,,5543,11749,37927,4073,4104,197246,37050,8,11,0,0
nomystery-opt11-strips,p14.pddl,comb-w,1,19,0.211915,535,8,851,4635,11749,37927,3566,3631,179872,32167,8,11,0,0
nomystery-opt11-strips,p14.pddl,tr-select,1,19,0.231496,,,,,,,,,,,,,,
nomystery-opt11-strips,p14.pddl,symk,1,19,0.228306,,8,,,,,,,,,,,,
nomystery-opt11-strips,p15.pddl,causal,1,23,4.9737,789,9,,12039,972047,1.88407e+06,90221,84979,3944920,497532,12,11,0,0
nomystery-opt11-strips,p15.pddl,comb-w,1,23,6.4754,1440,9,1017,9369,972047,1.88407e+06,108862,87930,4053252,519134,12,11,0,0
nomystery-opt11-strips,p15.pddl,tr-select,1,23,4.08531,,,,,,,,,,,,,,
nomystery-opt11-strips,p15.pddl,symk,1,23,4.04751,,9,,,,,,,,,,,,
nomystery-opt11-strips,p16.pddl,causal,1,26,9.58251,1025,10,,16588,4.92826e+06,7.04097e+06,179152,210908,8482600,1020672,14,12,0,0
nomystery-opt11-strips,p16.pddl,comb-w,1,26,13.5843,1630,10,1886,11923,4.92826e+06,7.04097e+06,181273,204080,8266958,938706,14,12,0,0
nomystery-opt11-strips,p16.pddl,tr-select,1,26,13.0733,,,,,,,,,,,,,,
nomystery-opt11-strips,p16.pddl,symk,1,26,12.8729,,10,,,,,,,,,,,,
nomystery-opt11-strips,p17.pddl,causal,1,30,169.322,1042,11,,17833,5.35235e+07,2.13222e+08,1236539,1717522,37247812,7337265,17,13,0,0
nomystery-opt11-strips,p17.pddl,comb-w,1,30,88.9961,1520,11,1963,13377,2.23546e+07,4.6467e+08,892830,1335617,27989514,5170575,16,14,0,0
nomystery-opt11-strips,p17.pddl,tr-select,1,30,93.2522,,,,,,,,,,,,,,
nomystery-opt11-strips,p17.pddl,symk,1,30,162.419,,11,,,,,,,,,,,,
nomystery-opt11-strips,p18.pddl,causal,0,,,1086,12,,22222,,,,,,,,,,
nomystery-opt11-strips,p18.pddl,comb-w,0,,,1183,12,1869,14523,,,,,,,,,,
nomystery-opt11-strips,p18.pddl,tr-select,0,,,,,,,,,,,,,,,,
nomystery-opt11-strips,p18.pddl,symk,0,,,,12,,,,,,,,,,,,
nomystery-opt11-strips,p19.pddl,causal,0,,,1302,13,,27720,,,,,,,,,,
nomystery-opt11-strips,p19.pddl,comb-w,0,,,1862,13,2493,18680,,,,,,,,,,
nomystery-opt11-strips,p19.pddl,tr-select,0,,,,,,,,,,,,,,,,
nomystery-opt11-strips,p19.pddl,symk,0,,,,13,,,,,,,,,,,,
nomystery-opt11-strips,p20.pddl,causal,0,,,1281,14,,24979,,,,,,,,,,
nomystery-opt11-strips,p20.pddl,comb-w,0,,,1203,14,2434,14960,,,,,,,,,,
nomystery-opt11-strips,p20.pddl,tr-select,0,,,,,,,,,,,,,,,,
nomystery-opt11-strips,p20.pddl,symk,0,,,,14,,,,,,,,,,,,
openstacks-opt08-strips,p01.pddl,causal,1,2,0.00537349,27,11,,300,153,493,129,158,7154,1788,25,8,0,0
openstacks-opt08-strips,p01.pddl,comb-w,1,2,0.00567048,28,11,18,290,153,493,122,169,8176,1838,25,8,0,0
openstacks-opt08-strips,p01.pddl,tr-select,1,2,0.00532552,,,,,,,,,,,,,,
openstacks-opt08-strips,p01.pddl,symk,1,2,0.00746518,,11,,,,,,,,,,,,
openstacks-opt08-strips,p02.pddl,causal,1,2,0.00883665,29,13,,302,257,823,79,154,10220,1868,33,6,0,0
openstacks-opt08-strips,p02.pddl,comb-w,1,2,0.00937292,29,13,16,302,257,823,79,154,10220,1868,33,6,0,0
openstacks-opt08-strips,p02.pddl,tr-select,1,2,0.00714898,,,,,,,,,,,,,,
openstacks-opt08-strips,p02.pddl,symk,1,2,0.009824,,13,,,,,,,,,,,,
openstacks-opt08-strips,p03.pddl,causal,1,2,0.0102134,35,15,,336,575,2595,117,280,12264,2526,38,8,0,0
openstacks-opt08-strips,p03.pddl,comb-w,1,2,0.0125401,34,15,18,331,577,1673,92,168,14308,2428,39,6,0,0
openstacks-opt08-strips,p03.pddl,tr-select,1,2,0.0137614,,,,,,,,,,,,,,
openstacks-opt08-strips,p03.pddl,symk,1,2,0.012221,,15,,,,,,,,,,,,
openstacks-opt08-strips,p04.pddl,causal,1,3,0.015649,43,17,,433,6953,3339,196,216,18396,3505,51,6,0,0
openstacks-opt08-strips,p04.pddl,comb-w,1,3,0.0153141,42,17,26,414,6953,3339,184,196,18396,3356,51,6,0,0
openstacks-opt08-strips,p04.pddl,tr-select,1,3,0.0159803,,,,,,,,,,,,,,
openstacks-opt08-strips,p04.pddl,symk,1,3,0.0217349,,17,,,,,,,,,,,,
openstacks-opt08-strips,p05.pddl,causal,1,4,0.0255395,56,19,,614,13535,9176,326,316,33726,5828,60,9,0,0
openstacks-opt08-strips,p05.pddl,comb-w,1,4,0.0254916,61,19,46,605,13535,9176,439,345,28616,5233,60,9,0,0
openstacks-opt08-strips,p05.pddl,tr-select,1,4,0.0294162,,,,,,,,,,,,,,
openstacks-opt08-strips,p05.pddl,symk,1,4,0.0301928,,19,,,,,,,,,,,,
openstacks-opt08-strips,p06.pddl,causal,1,2,0.041309,58,21,,614,3303,24509,500,597,40880,7933,53,10,0,0
openstacks-opt08-strips,p06.pddl,comb-w,1,2,0.0429299,58,21,40,605,3303,24509,532,586,39858,7853,53,10,0,0
openstacks-opt08-strips,p06.pddl,tr-select,1,2,0.049867,,,,,,,,,,,,,,
openstacks-opt08-strips,p06.pddl,symk,1,2,0.0414532,,21,,,,,,,,,,,,
openstacks-opt08-strips,p07.pddl,causal,1,5,0.0440482,65,23,,682,173097,34336,330,445,56210,8353,85,8,0,0
openstacks-opt08-strips,p07.pddl,comb-w,1,5,0.04488,68,23,58,702,171113,50007,518,597,47012,7742,83,10,0,0
openstacks-opt08-strips,p07.pddl,tr-select,1,5,0.0520203,,,,,,,,,,,,,,
openstacks-opt08-strips,p07.pddl,symk,1,5,0.153132,,23,,,,,,,,,,,,
openstacks-opt08-strips,p08.pddl,causal,1,5,0.0643173,73,25,,814,201013,93785,679,664,66430,10439,95,10,0,0
openstacks-opt08-strips,p08.pddl,comb-w,1,5,0.058569,81,25,72,812,201013,93785,719,646,62342,10117,95,10,0,0
openstacks-opt08-strips,p08.pddl,tr-select,1,5,0.0609232,,,,,,,,,,,,,,
openstacks-opt08-strips,p08.pddl,symk,1,5,0.105799,,25,,,,,,,,,,,,
openstacks-opt08-strips,p09.pddl,causal,1,3,0.0681253,79,27,,766,75819,284362,1248,995,67452,11658,76,13,0,0
openstacks-opt08-strips,p09.pddl,comb-w,1,3,0.0702268,78,27,60,774,70277,507608,1082,1366,77672,13837,75,14,0,0
openstacks-opt08-strips,p09.pddl,tr-select,1,3,0.0656979,,,,,,,,,,,,,,
openstacks-opt08-strips,p09.pddl,symk,1,3,0.0932549,,27,,,,,,,,,,,,
openstacks-opt08-strips,p10.pddl,causal,1,3,0.0749222,99,29,,1001,57705,330592,1007,926,77672,11932,79,10,0,0
openstacks-opt08-strips,p10.pddl,comb-w,1,3,0.0719114,117,29,70,1042,57705,330592,1038,922,77672,12035,79,10,0,0
openstacks-opt08-strips,p10.pddl,tr-select,1,3,0.0746341,,,,,,,,,,,,,,
openstacks-opt08-strips,p10.pddl,symk,1,3,0.102192,,29,,,,,,,,,,,,
openstacks-opt08-strips,p11.pddl,causal,1,4,0.107224,96,31,,951,183445,652425,878,964,125706,18466,109,10,0,0
openstacks-opt08-strips,p11.pddl,comb-w,1,4,0.109847,92,31,74,894,507497,563030,1064,629,119574,16406,110,9,0,0
openstacks-opt08-strips,p11.pddl,tr-select,1,4,0.114739,,,,,,,,,,,,,,
openstacks-opt08-strips,p11.pddl,symk,1,4,0.206017,,31,,,,,,,,,,,,
openstacks-opt08-strips,p12.pddl,causal,1,3,0.164642,96,33,,1135,267713,2.61048e+06,2411,2267,146146,23759,91,14,0,0
openstacks-opt08-strips,p12.pddl,comb-w,1,3,0.168289,102,33,74,1052,267713,2.61048e+06,2237,2111,125706,21463,91,14,0,0
openstacks-opt08-strips,p12.pddl,tr-select,1,3,0.174093,,,,,,,,,,,,,,
openstacks-opt08-strips,p12.pddl,symk,1,3,0.18636,,33,,,,,,,,,,,,
openstacks-opt08-strips,p13.pddl,causal,1,4,0.156313,101,35,,1142,762225,2.62695e+06,865,1131,175784,22248,117,10,0,0
openstacks-opt08-strips,p13.pddl,comb-w,1,4,0.159807,101,35,78,1108,762225,2.62695e+06,960,1153,177828,21951,117,10,0,0
openstacks-opt08-strips,p13.pddl,tr-select,1,4,0.153327,,,,,,,,,,,,,,
openstacks-opt08-strips,p13.pddl,symk,1,4,0.227736,,35,,,,,,,,,,,,
openstacks-opt08-strips,p14.pddl,causal,1,4,0.194562,116,37,,1346,304931,6.07457e+06,1144,1707,214620,28614,127,12,0,0
openstacks-opt08-strips,p14.pddl,comb-w,1,4,0.232546,128,37,94,1216,1.00038e+06,5.32087e+06,1565,1150,198268,25587,128,11,0,0
openstacks-opt08-strips,p14.pddl,tr-select,1,4,0.22006,,,,,,,,,,,,,,
openstacks-opt08-strips,p14.pddl,symk,1,4,0.328342,,37,,,,,,,,,,,,
openstacks-opt08-strips,p15.pddl,causal,1,4,0.218034,111,39,,1189,6.38788e+06,1.23353e+07,2355,1772,208488,28199,122,13,0,0
openstacks-opt08-strips,p15.pddl,comb-w,1,4,0.198403,114,39,90,1184,6.38788e+06,1.23353e+07,2276,1766,195202,26151,122,13,0,0
openstacks-opt08-strips,p15.pddl,tr-select,1,4,0.222416,,,,,,,,,,,,,,
openstacks-opt08-strips,p15.pddl,symk,1,4,0.285354,,39,,,,,,,,,,,,
openstacks-opt08-strips,p16.pddl,causal,1,4,0.284957,151,41,,1833,4.5394e+06,2.91729e+07,2955,3002,274918,38488,145,14,0,0
openstacks-opt08-strips,p16.pddl,comb-w,1,4,0.278052,143,41,110,1925,4.5394e+06,2.91729e+07,2871,3053,277984,38036,145,14,0,0
openstacks-opt08-strips,p16.pddl,tr-select,1,4,0.292329,,,,,,,,,,,,,,
openstacks-opt08-strips,p16.pddl,symk,1,4,0.371354,,41,,,,,,,,,,,,
openstacks-opt08-strips,p17.pddl,causal,1,4,0.309714,134,43,,1578,6.06615e+06,5.73385e+07,2842,2763,300468,37867,135,14,0,0
openstacks-opt08-strips,p17.pddl,comb-w,1,4,0.29669,138,43,114,1546,6.06615e+06,5.73385e+07,3890,2874,282072,39944,134,15,0,0
openstacks-opt08-strips,p17.pddl,tr-select,1,4,0.304773,,,,,,,,,,,,,,
openstacks-opt08-strips,p17.pddl,symk,1,4,0.478766,,43,,,,,,,,,,,,
openstacks-opt08-strips,p18.pddl,causal,1,3,0.433357,191,45,,1875,897293,1.10174e+08,3591,3455,343392,48182,125,14,0,0
openstacks-opt08-strips,p18.pddl,comb-w,1,3,0.468269,170,45,118,2009,897293,1.10174e+08,3937,3511,372008,50632,125,14,0,0
openstacks-opt08-strips,p18.pddl,tr-select,1,3,0.50859,,,,,,,,,,,,,,
openstacks-opt08-strips,p18.pddl,symk,1,3,0.481572,,45,,,,,,,,,,,,
openstacks-opt08-strips,p19.pddl,causal,1,4,0.37847,187,47,,1814,9.39371e+06,2.23967e+08,4076,3312,355656,47346,143,14,0,0
openstacks-opt08-strips,p19.pddl,comb-w,1,4,0.415104,161,47,124,1784,9.39371e+06,2.23967e+08,3765,3327,350546,46473,143,14,0,0
openstacks-opt08-strips,p19.pddl,tr-select,1,4,0.424573,,,,,,,,,,,,,,
openstacks-opt08-strips,p19.pddl,symk,1,4,0.522907,,47,,,,,,,,,,,,
openstacks-opt08-strips,p20.pddl,causal,1,4,0.445162,210,49,,2115,4.09511e+07,4.27296e+08,2800,2822,401646,48036,147,12,0,0
openstacks-opt08-strips,p20.pddl,comb-w,1,4,0.405042,176,49,118,1882,4.16607e+07,4.21282e+08,2630,1919,365876,42161,148,11,0,0
openstacks-opt08-strips,p20.pddl,tr-select,1,4,0.478174,,,,,,,,,,,,,,
openstacks-opt08-strips,p20.pddl,symk,1,4,0.74606,,49,,,,,,,,,,,,
openstacks-opt08-strips,p21.pddl,causal,1,3,0.662337,147,51,,1697,9.86589e+06,1.00236e+09,2284,4944,426174,55527,143,16,0,0
openstacks-opt08-strips,p21.pddl,comb-w,1,3,0.541716,149,51,110,1532,1.11038e+07,9.10587e+08,3112,3577,423108,56585,145,14,0,0
openstacks-opt08-strips,p21.pddl,tr-select,1,3,0.628552,,,,,,,,,,,,,,
openstacks-opt08-strips,p21.pddl,symk,1,3,0.9,,51,,,,,,,,,,,,
openstacks-opt08-strips,p22.pddl,causal,1,4,0.586883,582,53,,4511,1.7416e+06,1.8226e+09,5040,3674,528374,78377,151,12,0,0
openstacks-opt08-strips,p22.pddl,comb-w,1,4,0.677272,500,53,170,4428,1.73541e+06,1.85101e+09,5454,4851,568232,81739,149,14,0,0
openstacks-opt08-strips,p22.pddl,tr-select,1,4,0.6239,,,,,,,,,,,,,,
openstacks-opt08-strips,p22.pddl,symk,1,4,0.888298,,53,,,,,,,,,,,,
openstacks-opt08-strips,p23.pddl,causal,1,4,1.61005,216,55,,2120,1.03473e+08,1.07386e+10,11247,10992,1036308,116013,179,22,0,0
openstacks-opt08-strips,p23.pddl,comb-w,1,4,1.13654,181,55,150,1820,1.05978e+08,6.30334e+09,8116,8549,729708,101477,181,20,0,0
openstacks-opt08-strips,p23.pddl,tr-select,1,4,1.50384,,,,,,,,,,,,,,
openstacks-opt08-strips,p23.pddl,symk,1,4,1.67335,,55,,,,,,,,,,,,
openstacks-opt08-strips,p24.pddl,causal,1,5,0.810973,300,57,,2917,9.19894e+08,7.80677e+09,4797,3519,700070,86383,194,13,0,0
openstacks-opt08-strips,p24.pddl,comb-w,1,5,0.801823,244,57,150,2303,9.19894e+08,7.80677e+09,4123,3378,635684,69404,194,13,0,0
openstacks-opt08-strips,p24.pddl,tr-select,1,5,0.832119,,,,,,,,,,,,,,
openstacks-opt08-strips,p24.pddl,symk,1,5,1.15388,,57,,,,,,,,,,,,
openstacks-opt08-strips,p25.pddl,causal,1,4,1.07772,366,59,,3438,2.44144e+07,1.62204e+10,6887,5222,839062,107880,189,14,0,0
openstacks-opt08-strips,p25.pddl,comb-w,1,4,1.14769,300,59,176,2817,2.44144e+07,1.62204e+10,6613,4875,777742,104111,189,14,0,0
openstacks-opt08-strips,p25.pddl,tr-select,1,4,1.15138,,,,,,,,,,,,,,
openstacks-opt08-strips,p25.pddl,symk,1,4,1.50617,,59,,,,,,,,,,,,
openstacks-opt08-strips,p26.pddl,causal,1,5,1.41802,237,61,,2328,3.86295e+08,3.39278e+10,7738,6044,954548,112397,232,16,0,0
openstacks-opt08-strips,p26.pddl,comb-w,1,5,1.49938,202,61,162,2021,3.86295e+08,3.39278e+10,7671,5596,940240,105251,232,16,0,0
openstacks-opt08-strips,p26.pddl,tr-select,1,5,1.41581,,,,,,,,,,,,,,
openstacks-opt08-strips,p26.pddl,symk,1,5,1.77673,,61,,,,,,,,,,,,
openstacks-opt08-strips,p27.pddl,causal,1,6,1.91954,610,63,,4480,5.70398e+08,7.15531e+10,12310,11571,1280566,161498,209,18,0,0
openstacks-opt08-strips,p27.pddl,comb-w,1,6,1.81327,521,63,224,4228,5.70398e+08,7.15531e+10,13130,11689,1244796,161258,209,18,0,0
openstacks-opt08-strips,p27.pddl,tr-select,1,6,1.8296,,,,,,,,,,,,,,
openstacks-opt08-strips,p27.pddl,symk,1,6,2.22167,,63,,,,,,,,,,,,
openstacks-opt08-strips,p28.pddl,causal,1,4,1.37263,363,65,,3137,1.41482e+07,1.4279e+11,3733,7293,843150,112791,200,16,0,0
openstacks-opt08-strips,p28.pddl,comb-w,1,4,1.34456,243,65,174,2819,1.41489e+07,1.41986e+11,3480,5448,762412,96016,200,14,0,0
openstacks-opt08-strips,p28.pddl,tr-select,1,4,1.40382,,,,,,,,,,,,,,
openstacks-opt08-strips,p28.pddl,symk,1,4,2.66323,,65,,,,,,,,,,,,
openstacks-opt08-strips,p29.pddl,causal,1,5,1.4767,460,67,,3967,2.15284e+07,2.92346e+11,4926,5715,1022000,114391,213,14,0,0
openstacks-opt08-strips,p29.pddl,comb-w,1,5,1.58072,515,67,220,4230,2.15284e+07,2.92346e+11,5854,6831,1205960,122935,213,14,0,0
openstacks-opt08-strips,p29.pddl,tr-select,1,5,1.52374,,,,,,,,,,,,,,
openstacks-opt08-strips,p29.pddl,symk,1,5,2.16801,,67,,,,,,,,,,,,
openstacks-opt08-strips,p30.pddl,causal,1,4,2.66091,366,69,,3560,3.7873e+07,6.08554e+11,5917,10541,1453284,153714,216,18,0,0
openstacks-opt08-strips,p30.pddl,comb-w,1,4,2.25697,265,69,184,2483,3.7873e+07,6.08554e+11,5602,9321,1166102,124832,216,18,0,0
openstacks-opt08-strips,p30.pddl,tr-select,1,4,2.62562,,,,,,,,,,,,,,
openstacks-opt08-strips,p30.pddl,symk,1,4,2.83976,,69,,,,,,,,,,,,
openstacks-opt11-strips,p01.pddl,causal,1,2,0.0332733,58,21,,614,3303,24509,500,597,40880,7933,53,10,0,0
openstacks-opt11-strips,p01.pddl,comb-w,1,2,0.034669,58,21,40,605,3303,24509,532,586,39858,7853,53,10,0,0
openstacks-opt11-strips,p01.pddl,tr-select,1,2,0.0351011,,,,,,,,,,,,,,
openstacks-opt11-strips,p01.pddl,symk,1,2,0.0392737,,21,,,,,,,,,,,,
openstacks-opt11-strips,p02.pddl,causal,1,5,0.0445359,65,23,,682,173097,34336,330,445,56210,8353,85,8,0,0
openstacks-opt11-strips,p02.pddl,comb-w,1,5,0.050612,68,23,58,702,171113,50007,518,597,47012,7742,83,10,0,0
openstacks-opt11-strips,p02.pddl,tr-select,1,5,0.0435928,,,,,,,,,,,,,,
openstacks-opt11-strips,p02.pddl,symk,1,5,0.0717865,,23,,,,,,,,,,,,
openstacks-opt11-strips,p03.pddl,causal,1,5,0.0588713,73,25,,814,201013,93785,679,664,66430,10439,95,10,0,0
openstacks-opt11-strips,p03.pddl,comb-w,1,5,0.054752,81,25,72,812,201013,93785,719,646,62342,10117,95,10,0,0
openstacks-opt11-strips,p03.pddl,tr-select,1,5,0.0581978,,,,,,,,,,,,,,
openstacks-opt11-strips,p03.pddl,symk,1,5,0.1105,,25,,,,,,,,,,,,
openstacks-opt11-strips,p04.pddl,causal,1,3,0.0687928,79,27,,766,75819,284362,1248,995,67452,11658,76,13,0,0
openstacks-opt11-strips,p04.pddl,comb-w,1,3,0.0675023,78,27,60,774,70277,507608,1082,1366,77672,13837,75,14,0,0
openstacks-opt11-strips,p04.pddl,tr-select,1,3,0.0662136,,,,,,,,,,,,,,
openstacks-opt11-strips,p04.pddl,symk,1,3,0.087064,,27,,,,,,,,,,,,
openstacks-opt11-strips,p05.pddl,causal,1,3,0.0739713,99,29,,1001,57705,330592,1007,926,77672,11932,79,10,0,0
openstacks-opt11-strips,p05.pddl,comb-w,1,3,0.0733998,117,29,70,1042,57705,330592,1038,922,77672,12035,79,10,0,0
openstacks-opt11-strips,p05.pddl,tr-select,1,3,0.0764049,,,,,,,,,,,,,,
openstacks-opt11-strips,p05.pddl,symk,1,3,0.104046,,29,,,,,,,,,,,,
openstacks-opt11-strips,p06.pddl,causal,1,4,0.104662,96,31,,951,183445,652425,878,964,125706,18466,109,10,0,0
openstacks-opt11-strips,p06.pddl,comb-w,1,4,0.104818,92,31,74,894,507497,563030,1064,629,119574,16406,110,9,0,0
openstacks-opt11-strips,p06.pddl,tr-select,1,4,0.108694,,,,,,,,,,,,,,
openstacks-opt11-strips,p06.pddl,symk,1,4,0.239671,,31,,,,,,,,,,,,
openstacks-opt11-strips,p07.pddl,causal,1,3,0.19799,96,33,,1135,267713,2.61048e+06,2411,2267,146146,23759,91,14,0,0
openstacks-opt11-strips,p07.pddl,comb-w,1,3,0.143927,102,33,74,1052,267713,2.61048e+06,2237,2111,125706,21463,91,14,0,0
openstacks-opt11-strips,p07.pddl,tr-select,1,3,0.151204,,,,,,,,,,,,,,
openstacks-opt11-strips,p07.pddl,symk,1,3,0.186823,,33,,,,,,,,,,,,
openstacks-opt11-strips,p08.pddl,causal,1,4,0.154799,101,35,,1142,762225,2.62695e+06,865,1131,175784,22248,117,10,0,0
openstacks-opt11-strips,p08.pddl,comb-w,1,4,0.161671,101,35,78,1108,762225,2.62695e+06,960,1153,177828,21951,117,10,0,0
openstacks-opt11-strips,p08.pddl,tr-select,1,4,0.151995,,,,,,,,,,,,,,
openstacks-opt11-strips,p08.pddl,symk,1,4,0.236647,,35,,,,,,,,,,,,
openstacks-opt11-strips,p09.pddl,causal,1,4,0.197748,116,37,,1346,304931,6.07457e+06,1144,1707,214620,28614,127,12,0,0
openstacks-opt11-strips,p09.pddl,comb-w,1,4,0.20276,128,37,94,1216,1.00038e+06,5.32087e+06,1565,1150,198268,25587,128,11,0,0
openstacks-opt11-strips,p09.pddl,tr-select,1,4,0.216601,,,,,,,,,,,,,,
openstacks-opt11-strips,p09.pddl,symk,1,4,0.279005,,37,,,,,,,,,,,,
openstacks-opt11-strips,p10.pddl,causal,1,4,0.617288,582,53,,4511,1.7416e+06,1.8226e+09,5040,3674,528374,78377,151,12,0,0
openstacks-opt11-strips,p10.pddl,comb-w,1,4,0.647216,500,53,170,4428,1.73541e+06,1.85101e+09,5454,4851,568232,81739,149,14,0,0
openstacks-opt11-strips,p10.pddl,tr-select,1,4,0.64633,,,,,,,,,,,,,,
openstacks-opt11-strips,p10.pddl,symk,1,4,0.915238,,53,,,,,,,,,,,,
openstacks-opt11-strips,p11.pddl,causal,1,4,0.213926,111,39,,1189,6.38788e+06,1.23353e+07,2355,1772,208488,28199,122,13,0,0
openstacks-opt11-strips,p11.pddl,comb-w,1,4,0.201004,114,39,90,1184,6.38788e+06,1.23353e+07,2276,1766,195202,26151,122,13,0,0
openstacks-opt11-strips,p11.pddl,tr-select,1,4,0.21727,,,,,,,,,,,,,,
openstacks-opt11-strips,p11.pddl,symk,1,4,0.332452,,39,,,,,,,,,,,,
openstacks-opt11-strips,p12.pddl,causal,1,4,0.313392,151,41,,1833,4.5394e+06,2.91729e+07,2955,3002,274918,38488,145,14,0,0
openstacks-opt11-strips,p12.pddl,comb-w,1,4,0.295729,143,41,110,1925,4.5394e+06,2.91729e+07,2871,3053,277984,38036,145,14,0,0
openstacks-opt11-strips,p12.pddl,tr-select,1,4,0.308955,,,,,,,,,,,,,,
openstacks-opt11-strips,p12.pddl,symk,1,4,0.400045,,41,,,,,,,,,,,,
openstacks-opt11-strips,p13.pddl,causal,1,4,0.31131,134,43,,1578,6.06615e+06,5.73385e+07,2842,2763,300468,37867,135,14,0,0
openstacks-opt11-strips,p13.pddl,comb-w,1,4,0.298637,138,43,114,1546,6.06615e+06,5.73385e+07,3890,2874,282072,39944,134,15,0,0
openstacks-opt11-strips,p13.pddl,tr-select,1,4,0.313701,,,,,,,,,,,,,,
openstacks-opt11-strips,p13.pddl,symk,1,4,0.58723,,43,,,,,,,,,,,,
openstacks-opt11-strips,p14.pddl,causal,1,3,0.475159,191,45,,1875,897293,1.10174e+08,3591,3455,343392,48182,125,14,0,0
openstacks-opt11-strips,p14.pddl,comb-w,1,3,0.539796,170,45,118,2009,897293,1.10174e+08,3937,3511,372008,50632,125,14,0,0
openstacks-opt11-strips,p14.pddl,tr-select,1,3,0.399275,,,,,,,,,,,,,,
openstacks-opt11-strips,p14.pddl,symk,1,3,0.48251,,45,,,,,,,,,,,,
openstacks-opt11-strips,p15.pddl,causal,1,4,0.445911,187,47,,1814,9.39371e+06,2.23967e+08,4076,3312,355656,47346,143,14,0,0
openstacks-opt11-strips,p15.pddl,comb-w,1,4,0.40089,161,47,124,1784,9.39371e+06,2.23967e+08,3765,3327,350546,46473,143,14,0,0
openstacks-opt11-strips,p15.pddl,tr-select,1,4,0.391611,,,,,,,,,,,,,,
openstacks-opt11-strips,p15.pddl,symk,1,4,0.561623,,47,,,,,,,,,,,,
openstacks-opt11-strips,p16.pddl,causal,1,3,0.613925,147,51,,1697,9.86589e+06,1.00236e+09,2284,4944,426174,55527,143,16,0,0
openstacks-opt11-strips,p16.pddl,comb-w,1,3,0.539396,149,51,110,1532,1.11038e+07,9.10587e+08,3112,3577,423108,56585,145,14,0,0
openstacks-opt11-strips,p16.pddl,tr-select,1,3,0.597023,,,,,,,,,,,,,,
openstacks-opt11-strips,p16.pddl,symk,1,3,0.835443,,51,,,,,,,,,,,,
openstacks-opt11-strips,p17.pddl,causal,1,4,0.450499,210,49,,2115,4.09511e+07,4.27296e+08,2800,2822,401646,48036,147,12,0,0
openstacks-opt11-strips,p17.pddl,comb-w,1,4,0.422247,176,49,118,1882,4.16607e+07,4.21282e+08,2630,1919,365876,42161,148,11,0,0
openstacks-opt11-strips,p17.pddl,tr-select,1,4,0.442709,,,,,,,,,,,,,,
openstacks-opt11-strips,p17.pddl,symk,1,4,0.593599,,49,,,,,,,,,,,,
openstacks-opt11-strips,p18.pddl,causal,1,4,2.30424,216,55,,2120,1.03473e+08,1.07386e+10,11247,10992,1036308,116013,179,22,0,0
openstacks-opt11-strips,p18.pddl,comb-w,1,4,1.03324,181,55,150,1820,1.05978e+08,6.30334e+09,8116,8549,729708,101477,181,20,0,0
openstacks-opt11-strips,p18.pddl,tr-select,1,4,1.66332,,,,,,,,,,,,,,
openstacks-opt11-strips,p18.pddl,symk,1,4,1.89154,,55,,,,,,,,,,,,
openstacks-opt11-strips,p19.pddl,causal,1,5,0.905992,300,57,,2917,9.19894e+08,7.80677e+09,4797,3519,700070,86383,194,13,0,0
openstacks-opt11-strips,p19.pddl,comb-w,1,5,0.823728,244,57,150,2303,9.19894e+08,7.80677e+09,4123,3378,635684,69404,194,13,0,0
openstacks-opt11-strips,p19.pddl,tr-select,1,5,0.822812,,,,,,,,,,,,,,
openstacks-opt11-strips,p19.pddl,symk,1,5,1.16693,,57,,,,,,,,,,,,
openstacks-opt11-strips,p20.pddl,causal,1,4,1.14844,366,59,,3438,2.44144e+07,1.62204e+10,6887,5222,839062,107880,189,14,0,0
openstacks-opt11-strips,p20.pddl,comb-w,1,4,1.11092,300,59,176,2817,2.44144e+07,1.62204e+10,6613,4875,777742,104111,189,14,0,0
openstacks-opt11-strips,p20.pddl,tr-select,1,4,1.12166,,,,,,,,,,,,,,
openstacks-opt11-strips,p20.pddl,symk,1,4,2.44141,,59,,,,,,,,,,,,
openstacks-opt14-strips,p20_1.pddl,causal,1,3,0.233284,112,41,,1311,1.54014e+06,2.45699e+07,943,2154,199290,27062,118,12,0,0
openstacks-opt14-strips,p20_1.pddl,comb-w,1,3,0.28933,110,41,74,1213,1.54014e+06,2.45699e+07,834,2091,183960,24049,118,12,0,0
openstacks-opt14-strips,p20_1.pddl,tr-select,1,3,0.245481,,,,,,,,,,,,,,
openstacks-opt14-strips,p20_1.pddl,symk,1,3,0.518112,,41,,,,,,,,,,,,
openstacks-opt14-strips,p20_2.pddl,causal,1,4,0.292373,146,41,,1362,2.59373e+06,2.2663e+07,1154,1438,285138,34059,149,10,0,0
openstacks-opt14-strips,p20_2.pddl,comb-w,1,4,0.293495,131,41,96,1304,2.59373e+06,2.2663e+07,1463,1495,263676,31845,149,10,0,0
openstacks-opt14-strips,p20_2.pddl,tr-select,1,4,0.32499,,,,,,,,,,,,,,
openstacks-opt14-strips,p20_2.pddl,symk,1,4,0.516288,,41,,,,,,,,,,,,
openstacks-opt14-strips,p20_3.pddl,causal,1,6,0.445881,615,41,,5152,373826,2.97984e+07,4245,3959,320908,56013,127,16,0,0
openstacks-opt14-strips,p20_3.pddl,comb-w,1,6,0.552143,848,41,216,5926,373826,2.97984e+07,5218,5051,384272,69168,127,16,0,0
openstacks-opt14-strips,p20_3.pddl,tr-select,1,6,0.443851,,,,,,,,,,,,,,
openstacks-opt14-strips,p20_3.pddl,symk,1,6,0.393405,,41,,,,,,,,,,,,
openstacks-opt14-strips,p25_1.pddl,causal,1,4,0.617854,146,51,,1522,6.54363e+07,8.83692e+08,3358,2804,501802,49407,166,12,0,0
openstacks-opt14-strips,p25_1.pddl,comb-w,1,4,0.553667,139,51,108,1520,6.54363e+07,8.83692e+08,3238,2698,446614,50026,166,12,0,0
openstacks-opt14-strips,p25_1.pddl,tr-select,1,4,0.655843,,,,,,,,,,,,,,
openstacks-opt14-strips,p25_1.pddl,symk,1,4,0.834941,,51,,,,,,,,,,,,
openstacks-opt14-strips,p25_3.pddl,causal,1,9,0.93528,3391,51,,18002,1.28263e+08,1.29496e+09,15177,15665,856436,160851,209,20,0,0
openstacks-opt14-strips,p25_3.pddl,comb-w,1,9,0.999711,3551,51,334,17181,1.28263e+08,1.29496e+09,16498,17588,883008,169602,209,20,0,0
openstacks-opt14-strips,p25_3.pddl,tr-select,1,9,0.940125,,,,,,,,,,,,,,
openstacks-opt14-strips,p25_3.pddl,symk,1,9,1.27328,,51,,,,,,,,,,,,
openstacks-opt14-strips,p30_1.pddl,causal,1,4,0.941711,174,61,,1935,1.29841e+10,3.3328e+10,5505,3377,538594,57639,190,13,0,0
openstacks-opt14-strips,p30_1.pddl,comb-w,1,4,0.925855,176,61,124,1828,1.13516e+10,3.34868e+10,4857,4448,574364,63122,189,14,0,0
openstacks-opt14-strips,p30_1.pddl,tr-select,1,4,0.877784,,,,,,,,,,,,,,
openstacks-opt14-strips,p30_1.pddl,symk,1,4,1.25516,,61,,,,,,,,,,,,
openstacks-opt14-strips,p30_2.pddl,causal,1,4,1.22095,233,61,,2687,8.43117e+08,3.40136e+10,6317,6359,740950,85584,183,16,0,0
openstacks-opt14-strips,p30_2.pddl,comb-w,1,4,1.47897,189,61,146,2106,8.43117e+08,3.40136e+10,6989,6397,712334,82028,183,16,0,0
openstacks-opt14-strips,p30_2.pddl,tr-select,1,4,0.978819,,,,,,,,,,,,,,
openstacks-opt14-strips,p30_2.pddl,symk,1,4,1.39355,,61,,,,,,,,,,,,
openstacks-opt14-strips,p30_3.pddl,causal,1,12,7.00879,11291,61,,30842,2.58544e+09,5.18129e+10,77423,74565,4401754,676508,237,26,0,0
openstacks-opt14-strips,p30_3.pddl,comb-w,1,12,6.33985,13800,61,496,46689,2.58527e+09,6.63603e+10,87149,78558,5198914,788312,235,28,0,0
openstacks-opt14-strips,p30_3.pddl,tr-select,1,12,6.62523,,,,,,,,,,,,,,
openstacks-opt14-strips,p30_3.pddl,symk,1,12,6.33014,,61,,,,,,,,,,,,
openstacks-opt14-strips,p35_1.pddl,causal,1,4,1.91802,283,71,,2810,3.93903e+09,1.2375e+12,4669,6182,1148728,111245,218,14,0,0
openstacks-opt14-strips,p35_1.pddl,comb-w,1,4,1.68864,227,71,156,2312,3.93903e+09,1.2375e+12,3525,5378,891184,89971,218,14,0,0
openstacks-opt14-strips,p35_1.pddl,tr-select,1,4,1.85035,,,,,,,,,,,,,,
openstacks-opt14-strips,p35_1.pddl,symk,1,4,2.59903,,71,,,,,,,,,,,,
openstacks-opt14-strips,p35_2.pddl,causal,1,5,2.02124,224,71,,2390,8.95976e+09,1.23748e+12,4211,5256,1388898,117963,248,14,0,0
openstacks-opt14-strips,p35_2.pddl,comb-w,1,5,1.94039,217,71,180,2598,8.89785e+09,1.23941e+12,5177,7111,1251950,129406,248,16,0,0
openstacks-opt14-strips,p35_2.pddl,tr-select,1,5,3.12509,,,,,,,,,,,,,,
openstacks-opt14-strips,p35_2.pddl,symk,1,5,3.38106,,71,,,,,,,,,,,,
openstacks-opt14-strips,p35_3.pddl,causal,1,14,24.5086,43644,71,,96590,1.40939e+11,2.59483e+12,196963,319719,13642678,2230191,299,32,0,0
openstacks-opt14-strips,p35_3.pddl,comb-w,1,14,40.2672,57035,71,638,113451,1.40939e+11,2.59483e+12,251627,437022,16727074,2840103,299,32,0,0
openstacks-opt14-strips,p35_3.pddl,tr-select,1,14,24.7481,,,,,,,,,,,,,,
openstacks-opt14-strips,p35_3.pddl,symk,1,14,23.8235,,71,,,,,,,,,,,,
openstacks-opt14-strips,p40_1.pddl,causal,1,3,3.1064,251,81,,2807,1.58412e+10,4.51189e+13,9904,11931,1592276,152734,229,18,0,0
openstacks-opt14-strips,p40_1.pddl,comb-w,1,3,2.79567,232,81,168,2784,1.76478e+10,4.50882e+13,10665,8545,1398096,141312,230,17,0,0
openstacks-opt14-strips,p40_1.pddl,tr-select,1,3,3.15007,,,,,,,,,,,,,,
openstacks-opt14-strips,p40_1.pddl,symk,1,3,5.13005,,81,,,,,,,,,,,,
openstacks-opt14-strips,p40_2.pddl,causal,1,4,3.41072,370,81,,4056,3.11674e+10,4.5779e+13,22597,20483,2026626,232669,239,22,0,0
openstacks-opt14-strips,p40_2.pddl,comb-w,1,4,3.43651,278,81,202,3168,3.11674e+10,4.5779e+13,20602,19281,1920338,211247,239,22,0,0
openstacks-opt14-strips,p40_2.pddl,tr-select,1,4,3.63868,,,,,,,,,,,,,,
openstacks-opt14-strips,p40_2.pddl,symk,1,4,5.60665,,81,,,,,,,,,,,,
openstacks-opt14-strips,p40_3.pddl,causal,1,15,84.0041,55250,81,,78088,1.91662e+12,7.20412e+13,613668,445560,14094402,3834664,363,34,0,0
openstacks-opt14-strips,p40_3.pddl,comb-w,1,15,167.006,91444,81,742,80436,1.91662e+12,9.44038e+13,1124423,744615,15771504,8042889,361,36,0,0
openstacks-opt14-strips,p40_3.pddl,tr-select,1,15,73.8827,,,,,,,,,,,,,,
openstacks-opt14-strips,p40_3.pddl,symk,1,15,71.498,,81,,,,,,,,,,,,
openstacks-opt14-strips,p45_1.pddl,causal,1,4,4.28049,304,91,,3352,5.80678e+12,1.61917e+15,20568,16510,2195256,213420,273,20,0,0
openstacks-opt14-strips,p45_1.pddl,comb-w,1,4,4.63329,281,91,198,2929,5.80678e+12,1.61917e+15,16254,16098,2272928,203623,273,20,0,0
openstacks-opt14-strips,p45_1.pddl,tr-select,1,4,4.14802,,,,,,,,,,,,,,
openstacks-opt14-strips,p45_1.pddl,symk,1,4,6.15593,,91,,,,,,,,,,,,
openstacks-opt14-strips,p45_2.pddl,causal,1,5,10.6989,714,91,,6096,1.82932e+10,1.6206e+15,28924,28895,6396698,600589,317,22,0,0
openstacks-opt14-strips,p45_2.pddl,comb-w,1,5,7.82507,474,91,282,4350,1.82932e+10,1.6206e+15,15560,22245,4452854,406502,317,22,0,0
openstacks-opt14-strips,p45_2.pddl,tr-select,1,5,10.3235,,,,,,,,,,,,,,
openstacks-opt14-strips,p45_2.pddl,symk,1,5,15.5125,,91,,,,,,,,,,,,
openstacks-opt14-strips,p45_3.pddl,causal,1,19,359.957,123936,91,,155635,1.2377e+14,2.23878e+15,1163619,1503815,20280568,11568681,371,38,0,0
openstacks-opt14-strips,p45_3.pddl,comb-w,0,,,114055,91,1080,238205,,,,,,,,,,
openstacks-opt14-strips,p45_3.pddl,tr-select,0,,,,,,,,,,,,,,,,
openstacks-opt14-strips,p45_3.pddl,symk,1,19,379.38,,91,,,,,,,,,,,,
openstacks-opt14-strips,p50_1.pddl,causal,1,4,10.6676,370,101,,3952,6.46324e+12,5.74645e+16,7568,29958,3828412,341358,301,24,0,0
openstacks-opt14-strips,p50_1.pddl,comb-w,1,4,8.92733,337,101,228,3701,6.48063e+12,5.74305e+16,6121,23680,3592330,302712,303,22,0,0
openstacks-opt14-strips,p50_1.pddl,tr-select,1,4,7.36792,,,,,,,,,,,,,,
openstacks-opt14-strips,p50_1.pddl,symk,1,4,12.2547,,101,,,,,,,,,,,,
openstacks-opt14-strips,p50_2.pddl,causal,1,5,16.571,1273,101,,11455,1.32807e+11,5.91944e+16,114557,87829,9725352,1039944,329,30,0,0
openstacks-opt14-strips,p50_2.pddl,comb-w,1,5,12.0151,637,101,304,6674,1.32807e+11,5.91944e+16,86727,71696,6656286,779977,328,31,0,0
openstacks-opt14-strips,p50_2.pddl,tr-select,1,5,14.5627,,,,,,,,,,,,,,
openstacks-opt14-strips,p50_2.pddl,symk,1,5,23.0154,,101,,,,,,,,,,,,
openstacks-opt14-strips,p50_3.pddl,causal,1,18,540.748,129509,101,,166083,4.471e+14,6.84309e+16,1272580,2487798,32781672,23250536,379,40,0,0
openstacks-opt14-strips,p50_3.pddl,comb-w,0,,,119472,101,1168,223885,,,,,,,,,,
openstacks-opt14-strips,p50_3.pddl,tr-select,0,,,,,,,,,,,,,,,,
openstacks-opt14-strips,p50_3.pddl,symk,1,18,418.65,,101,,,,,,,,,,,,
openstacks-strips,p01.pddl,causal,1,23,0.019853,179,17,,1206,1478,37835,356,651,25550,5252,12,11,0,0
openstacks-strips,p01.pddl,comb-w,1,23,0.0203071,144,17,80,1205,2155,37535,368,489,24528,5217,13,10,0,0
openstacks-strips,p01.pddl,tr-select,1,23,0.0178922,,,,,,,,,,,,,,
openstacks-strips,p01.pddl,symk,1,23,0.0181128,,17,,,,,,,,,,,,
openstacks-strips,p02.pddl,causal,1,23,0.0165326,102,17,,739,2355,37774,302,431,21462,4545,13,10,0,0
openstacks-strips,p02.pddl,comb-w,1,23,0.0158096,102,17,78,717,2355,37774,298,400,21462,4507,13,10,0,0
openstacks-strips,p02.pddl,tr-select,1,23,0.0176015,,,,,,,,,,,,,,
openstacks-strips,p02.pddl,symk,1,23,0.013753,,17,,,,,,,,,,,,
openstacks-strips,p03.pddl,causal,1,23,0.0174673,147,17,,1217,2155,37535,377,498,24528,5291,13,10,0,0
openstacks-strips,p03.pddl,comb-w,1,23,0.0173417,147,17,80,1217,2155,37535,377,498,24528,5291,13,10,0,0
openstacks-strips,p03.pddl,tr-select,1,23,0.0169616,,,,,,,,,,,,,,
openstacks-strips,p03.pddl,symk,1,23,0.0184484,,17,,,,,,,,,,,,
openstacks-strips,p04.pddl,causal,1,23,0.017358,144,17,,1208,2155,37535,368,489,24528,5220,13,10,0,0
openstacks-strips,p04.pddl,comb-w,1,23,0.0201892,179,17,80,1201,1478,37835,350,638,25550,5225,12,11,0,0
openstacks-strips,p04.pddl,tr-select,1,23,0.0182513,,,,,,,,,,,,,,
openstacks-strips,p04.pddl,symk,1,23,0.0226664,,17,,,,,,,,,,,,
openstacks-strips,p05.pddl,causal,1,23,0.0304479,181,17,,1206,1478,37835,350,648,25550,5241,12,11,0,0
openstacks-strips,p05.pddl,comb-w,1,23,0.0183709,182,17,80,1211,1478,37835,353,654,25550,5262,12,11,0,0
openstacks-strips,p05.pddl,tr-select,1,23,0.0185714,,,,,,,,,,,,,,
openstacks-strips,p05.pddl,symk,1,23,0.0169883,,17,,,,,,,,,,,,
openstacks-strips,p06.pddl,causal,1,45,0.227773,1088,32,,14504,385076,1.2695e+08,5107,7353,307622,57431,27,18,0,0
openstacks-strips,p06.pddl,comb-w,1,45,0.234156,1119,32,238,11440,385076,1.2695e+08,5337,7750,281050,55449,27,18,0,0
openstacks-strips,p06.pddl,tr-select,1,45,0.238961,,,,,,,,,,,,,,
openstacks-strips,p06.pddl,symk,1,45,0.220813,,32,,,,,,,,,,,,
openstacks-strips,p07.pddl,causal,1,46,0.306944,1690,32,,41695,342898,1.26954e+08,5597,9166,542682,93298,26,20,0,0
openstacks-strips,p07.pddl,comb-w,1,46,0.266385,1505,32,242,26504,407462,1.26942e+08,5877,8394,435372,70136,27,19,0,0
openstacks-strips,p07.pddl,tr-select,1,46,0.349121,,,,,,,,,,,,,,
openstacks-strips,p07.pddl,symk,1,46,0.262429,,32,,,,,,,,,,,,
openstacks-strips,p08.pddl,causal,1,87,2.75384,2839,107,,11237,8.42998e+09,4.95176e+27,38585,44611,1982680,286237,62,25,0,0
openstacks-strips,p08.pddl,comb-w,1,87,18.6716,31794,107,1101,88187,7.25081e+09,4.95176e+27,123185,125348,9449412,1971994,60,27,0,0
openstacks-strips,p08.pddl,tr-select,1,87,2.63241,,,,,,,,,,,,,,
openstacks-strips,p08.pddl,symk,1,87,3.68462,,107,,,,,,,,,,,,
openstacks-strips,p09.pddl,causal,1,87,3.97963,8861,107,,30716,4.69767e+09,4.95176e+27,59183,67962,3113012,485226,59,28,0,0
openstacks-strips,p09.pddl,comb-w,1,87,28.2129,55225,107,1174,103780,4.22284e+09,4.95176e+27,150409,164324,9854124,2751608,58,29,0,0
openstacks-strips,p09.pddl,tr-select,1,87,73.694,,,,,,,,,,,,,,
openstacks-strips,p09.pddl,symk,1,87,6.09005,,107,,,,,,,,,,,,
openstacks-strips,p10.pddl,causal,1,89,145.03,58058,102,,47972,1.64074e+10,4.8357e+24,781509,936369,20897856,4964110,63,26,0,0
openstacks-strips,p10.pddl,comb-w,1,89,303.183,91082,102,912,86131,1.64074e+10,4.8357e+24,1110325,1417638,33613580,6906705,63,26,0,0
openstacks-strips,p10.pddl,tr-select,1,89,409.253,,,,,,,,,,,,,,
openstacks-strips,p10.pddl,symk,1,89,126.888,,102,,,,,,,,,,,,
openstacks-strips,p11.pddl,causal,1,89,137.86,67369,102,,95655,1.66889e+10,4.8357e+24,804133,854847,33605404,4992735,63,26,0,0
openstacks-strips,p11.pddl,comb-w,1,89,313.727,98889,102,912,47645,1.66889e+10,4.8357e+24,1072055,1288606,36318814,6558677,63,26,0,0
openstacks-strips,p11.pddl,tr-select,1,89,315.876,,,,,,,,,,,,,,
openstacks-strips,p11.pddl,symk,1,89,128.604,,102,,,,,,,,,,,,
openstacks-strips,p12.pddl,causal,1,92,96.9126,94465,102,,61692,3.37239e+09,4.8357e+24,562099,718613,20660752,4474959,60,32,0,0
openstacks-strips,p12.pddl,comb-w,1,92,205.87,152314,102,1090,73036,3.37239e+09,4.8357e+24,808764,1173775,33110756,5854302,60,32,0,0
openstacks-strips,p12.pddl,tr-select,1,92,90.6479,,,,,,,,,,,,,,
openstacks-strips,p12.pddl,symk,1,92,77.7397,,102,,,,,,,,,,,,
openstacks-strips,p13.pddl,causal,1,96,275.299,138158,102,,119242,9.38336e+08,4.8357e+24,1036032,1668414,26848962,10969504,47,49,0,0
openstacks-strips,p13.pddl,comb-w,1,96,332.614,166491,102,1298,120079,9.71282e+08,4.8357e+24,1113152,1882832,27399820,12623147,49,47,0,0
openstacks-strips,p13.pddl,tr-select,1,96,250.619,,,,,,,,,,,,,,
openstacks-strips,p13.pddl,symk,1,96,272.133,,102,,,,,,,,,,,,
openstacks-strips,p14.pddl,causal,1,95,144.833,133570,102,,85396,1.10766e+09,4.8357e+24,670044,1128715,25781994,6427032,52,43,0,0
openstacks-strips,p14.pddl,comb-w,1,95,237.107,166389,102,1268,143038,9.98632e+08,4.8357e+24,797479,1437154,33424510,9325428,49,46,0,0
openstacks-strips,p14.pddl,tr-select,1,95,98.7653,,,,,,,,,,,,,,
openstacks-strips,p14.pddl,symk,1,95,99.3354,,102,,,,,,,,,,,,
openstacks-strips,p15.pddl,causal,1,93,28.9899,56334,102,,95047,1.58792e+09,4.8357e+24,234611,331909,18566674,2167765,61,32,0,0
openstacks-strips,p15.pddl,comb-w,1,93,34.676,92547,102,1346,134629,1.44989e+09,4.8357e+24,429615,582410,18811954,2984088,59,34,0,0
openstacks-strips,p15.pddl,tr-select,1,93,73.5214,,,,,,,,,,,,,,
openstacks-strips,p15.pddl,symk,1,93,36.0598,,102,,,,,,,,,,,,
openstacks-strips,p16.pddl,causal,1,94,53.2164,69151,102,,59755,1.29321e+09,4.8357e+24,380097,544424,17241140,3619294,58,36,0,0
openstacks-strips,p16.pddl,comb-w,1,94,63.7521,89012,102,1366,110972,1.40681e+09,4.8357e+24,359050,540291,26351248,3431071,60,34,0,0
openstacks-strips,p16.pddl,tr-select,1,94,32.9608,,,,,,,,,,,,,,
openstacks-strips,p16.pddl,symk,1,94,33.2903,,102,,,,,,,,,,,,
openstacks-strips,p17.pddl,causal,1,112,16.0534,19408,132,,81409,2.01248e+11,5.1923e+33,206924,274227,8403906,1444480,75,37,0,0
openstacks-strips,p17.pddl,comb-w,1,112,276.378,65240,132,1842,132771,1.84334e+11,5.1923e+33,641112,778001,23772742,13274078,74,38,0,0
openstacks-strips,p17.pddl,tr-select,1,112,544.135,,,,,,,,,,,,,,
openstacks-strips,p17.pddl,symk,1,112,13.0139,,132,,,,,,,,,,,,
openstacks-strips,p18.pddl,causal,1,178,571.617,24077,232,,50349,1.00052e+21,1.02844e+62,1092348,786122,15793988,6542399,135,43,0,0
openstacks-strips,p18.pddl,comb-w,0,,,135020,232,3779,188891,,,,,,,,,,
openstacks-strips,p18.pddl,tr-select,1,178,506.877,,,,,,,,,,,,,,
openstacks-strips,p18.pddl,symk,1,178,383.084,,231,,,,,,,,,,,,
openstacks-strips,p19.pddl,causal,1,109,1044.98,31374,127,,88392,6.51433e+13,5.0706e+30,2452263,2382980,26984888,13768449,77,32,0,0
openstacks-strips,p19.pddl,comb-w,1,109,1332.38,97857,127,1231,41863,7.12599e+13,5.0706e+30,1982504,2123848,41397132,23671701,80,29,0,0
openstacks-strips,p19.pddl,tr-select,0,,,,,,,,,,,,,,,,
openstacks-strips,p19.pddl,symk,1,109,180.504,,127,,,,,,,,,,,,
openstacks-strips,p20.pddl,causal,0,,,189778,152,,89197,,,,,,,,,,
openstacks-strips,p20.pddl,comb-w,0,,,237925,152,1666,121018,,,,,,,,,,
openstacks-strips,p20.pddl,tr-select,0,,,,,,,,,,,,,,,,
openstacks-strips,p20.pddl,symk,0,,,,152,,,,,,,,,,,,
openstacks-strips,p21.pddl,causal,0,,,140351,152,,120194,,,,,,,,,,
openstacks-strips,p21.pddl,comb-w,0,,,213508,152,1658,113970,,,,,,,,,,
openstacks-strips,p21.pddl,tr-select,0,,,,,,,,,,,,,,,,
openstacks-strips,p21.pddl,symk,0,,,,152,,,,,,,,,,,,
openstacks-strips,p22.pddl,causal,0,,,211326,152,,142518,,,,,,,,,,
openstacks-strips,p22.pddl,comb-w,0,,,251956,152,1962,191724,,,,,,,,,,
openstacks-strips,p22.pddl,tr-select,0,,,,,,,,,,,,,,,,
openstacks-strips,p22.pddl,symk,0,,,,152,,,,,,,,,,,,
openstacks-strips,p23.pddl,causal,0,,,278723,152,,252246,,,,,,,,,,
openstacks-strips,p23.pddl,comb-w,0,,,351563,152,2270,150220,,,,,,,,,,
openstacks-strips,p23.pddl,tr-select,0,,,,,,,,,,,,,,,,
openstacks-strips,p23.pddl,symk,0,,,,152,,,,,,,,,,,,
openstacks-strips,p24.pddl,causal,0,,,176775,252,,301212,,,,,,,,,,
openstacks-strips,p24.pddl,comb-w,0,,,232140,252,12977,206675,,,,,,,,,,
openstacks-strips,p24.pddl,tr-select,0,,,,,,,,,,,,,,,,
openstacks-strips,p24.pddl,symk,0,,,,252,,,,,,,,,,,,
openstacks-strips,p25.pddl,causal,1,230,898.759,124280,252,,164421,6.23244e+18,6.42775e+60,1074356,2067033,23203488,11295989,153,77,0,0
openstacks-strips,p25.pddl,comb-w,0,,,118209,252,11507,303801,,,,,,,,,,
openstacks-strips,p25.pddl,tr-select,1,230,919.409,,,,,,,,,,,,,,
openstacks-strips,p25.pddl,symk,1,230,826.569,,252,,,,,,,,,,,,
openstacks-strips,p26.pddl,causal,0,,,216031,252,,178363,,,,,,,,,,
openstacks-strips,p26.pddl,comb-w,0,,,428140,252,4119,240405,,,,,,,,,,
openstacks-strips,p26.pddl,tr-select,0,,,,,,,,,,,,,,,,
openstacks-strips,p26.pddl,symk,0,,,,252,,,,,,,,,,,,
openstacks-strips,p27.pddl,causal,0,,,817895,377,,652035,,,,,,,,,,
openstacks-strips,p27.pddl,comb-w,0,,,755047,377,8660,885032,,,,,,,,,,
openstacks-strips,p27.pddl,tr-select,0,,,,,,,,,,,,,,,,
openstacks-strips,p27.pddl,symk,0,,,,377,,,,,,,,,,,,
openstacks-strips,p28.pddl,causal,0,,,455498,502,,1156776,,,,,,,,,,
openstacks-strips,p28.pddl,comb-w,0,,,4058083,502,53631,1255479,,,,,,,,,,
openstacks-strips,p28.pddl,tr-select,0,,,,,,,,,,,,,,,,
openstacks-strips,p28.pddl,symk,0,,,,502,,,,,,,,,,,,
openstacks-strips,p29.pddl,causal,0,,,426669,502,,1025923,,,,,,,,,,
openstacks-strips,p29.pddl,comb-w,0,,,434851,502,45907,1129571,,,,,,,,,,
openstacks-strips,p29.pddl,tr-select,0,,,,,,,,,,,,,,,,
openstacks-strips,p29.pddl,symk,0,,,,502,,,,,,,,,,,,
openstacks-strips,p30.pddl,causal,0,,,2106679,502,,1310676,,,,,,,,,,
openstacks-strips,p30.pddl,comb-w,0,,,3422587,502,15025,1343632,,,,,,,,,,
openstacks-strips,p30.pddl,tr-select,0,,,,,,,,,,,,,,,,
openstacks-strips,p30.pddl,symk,0,,,,502,,,,,,,,,,,,
organic-synthesis-opt18-strips,p01.pddl,causal,1,1,0.000714571,17,13,,19,1,8,10,7,1022,159,1,0,0,0
organic-synthesis-opt18-strips,p01.pddl,comb-w,1,1,0.000814505,17,13,72,19,1,8,10,7,1022,159,1,0,0,0
organic-synthesis-opt18-strips,p01.pddl,tr-select,1,1,0.000744543,,,,,,,,,,,,,,
organic-synthesis-opt18-strips,p01.pddl,symk,1,1,0.00125532,,11,,,,,,,,,,,,
organic-synthesis-opt18-strips,p02.pddl,causal,1,1,0.000777631,36,14,,19,1,8,10,7,1022,187,1,0,0,0
organic-synthesis-opt18-strips,p02.pddl,comb-w,1,1,0.000718131,36,14,72,19,1,8,10,7,1022,187,1,0,0,0
organic-synthesis-opt18-strips,p02.pddl,tr-select,1,1,0.00071599,,,,,,,,,,,,,,
organic-synthesis-opt18-strips,p02.pddl,symk,1,1,0.00131438,,12,,,,,,,,,,,,
organic-synthesis-opt18-strips,p03.pddl,causal,1,2,0.00110192,53,32,,47,2,64,19,7,2044,299,1,1,0,0
organic-synthesis-opt18-strips,p03.pddl,comb-w,1,2,0.00117624,53,32,85,47,2,64,19,7,2044,299,1,1,0,0
organic-synthesis-opt18-strips,p03.pddl,tr-select,1,2,0.00112601,,,,,,,,,,,,,,
organic-synthesis-opt18-strips,p03.pddl,symk,1,2,0.00189242,,22,,,,,,,,,,,,
organic-synthesis-opt18-strips,p04.pddl,causal,0,,,,,,,,,,,,,,,,
organic-synthesis-opt18-strips,p04.pddl,comb-w,0,,,,,,,,,,,,,,,,
organic-synthesis-opt18-strips,p04.pddl,tr-select,0,,,,,,,,,,,,,,,,
organic-synthesis-opt18-strips,p04.pddl,symk,0,,,,,,,,,,,,,,,,
organic-synthesis-opt18-strips,p05.pddl,causal,0,,,,,,,,,,,,,,,,
organic-synthesis-opt18-strips,p05.pddl,comb-w,0,,,,,,,,,,,,,,,,
organic-synthesis-opt18-strips,p05.pddl,tr-select,0,,,,,,,,,,,,,,,,
organic-synthesis-opt18-strips,p05.pddl,symk,0,,,,,,,,,,,,,,,,
organic-synthesis-opt18-strips,p06.pddl,causal,0,,,,,,,,,,,,,,,,
organic-synthesis-opt18-strips,p06.pddl,comb-w,0,,,,,,,,,,,,,,,,
organic-synthesis-opt18-strips,p06.pddl,tr-select,0,,,,,,,,,,,,,,,,
organic-synthesis-opt18-strips,p06.pddl,symk,0,,,,,,,,,,,,,,,,
organic-synthesis-opt18-strips,p07.pddl,causal,1,2,0.000754247,35,36,,47,3,64,19,5,1022,224,1,1,0,0
organic-synthesis-opt18-strips,p07.pddl,comb-w,1,2,0.000612629,35,36,40,47,3,64,19,5,1022,224,1,1,0,0
organic-synthesis-opt18-strips,p07.pddl,tr-select,1,2,0.000693313,,,,,,,,,,,,,,
organic-synthesis-opt18-strips,p07.pddl,symk,1,2,0.00108779,,14,,,,,,,,,,,,
organic-synthesis-opt18-strips,p08.pddl,causal,0,,,,,,,,,,,,,,,,
organic-synthesis-opt18-strips,p08.pddl,comb-w,0,,,,,,,,,,,,,,,,
organic-synthesis-opt18-strips,p08.pddl,tr-select,0,,,,,,,,,,,,,,,,
organic-synthesis-opt18-strips,p08.pddl,symk,0,,,,,,,,,,,,,,,,
organic-synthesis-opt18-strips,p09.pddl,causal,1,2,0.000678125,25,86,,27,2,32,10,3,1022,134,1,1,0,0
organic-synthesis-opt18-strips,p09.pddl,comb-w,1,2,0.000872193,25,86,30,27,2,32,10,3,1022,134,1,1,0,0
organic-synthesis-opt18-strips,p09.pddl,tr-select,1,2,0.000734159,,,,,,,,,,,,,,
organic-synthesis-opt18-strips,p09.pddl,symk,1,2,0.00139312,,65,,,,,,,,,,,,
organic-synthesis-opt18-strips,p10.pddl,causal,1,2,0.000793523,25,86,,27,2,32,10,3,1022,134,1,1,0,0
organic-synthesis-opt18-strips,p10.pddl,comb-w,1,2,0.000700742,25,86,30,27,2,32,10,3,1022,134,1,1,0,0
organic-synthesis-opt18-strips,p10.pddl,tr-select,1,2,0.000675639,,,,,,,,,,,,,,
organic-synthesis-opt18-strips,p10.pddl,symk,1,2,0.00124709,,65,,,,,,,,,,,,
organic-synthesis-opt18-strips,p11.pddl,causal,0,,,,,,,,,,,,,,,,
organic-synthesis-opt18-strips,p11.pddl,comb-w,0,,,,,,,,,,,,,,,,
organic-synthesis-opt18-strips,p11.pddl,tr-select,0,,,,,,,,,,,,,,,,
organic-synthesis-opt18-strips,p11.pddl,symk,0,,,,,,,,,,,,,,,,
organic-synthesis-opt18-strips,p12.pddl,causal,0,,,,,,,,,,,,,,,,
organic-synthesis-opt18-strips,p12.pddl,comb-w,0,,,,,,,,,,,,,,,,
organic-synthesis-opt18-strips,p12.pddl,tr-select,0,,,,,,,,,,,,,,,,
organic-synthesis-opt18-strips,p12.pddl,symk,0,,,,,,,,,,,,,,,,
organic-synthesis-opt18-strips,p13.pddl,causal,0,,,,,,,,,,,,,,,,
organic-synthesis-opt18-strips,p13.pddl,comb-w,0,,,,,,,,,,,,,,,,
organic-synthesis-opt18-strips,p13.pddl,tr-select,0,,,,,,,,,,,,,,,,
organic-synthesis-opt18-strips,p13.pddl,symk,0,,,,,,,,,,,,,,,,
organic-synthesis-opt18-strips,p14.pddl,causal,1,2,0.00242518,89,36,,87,3,64,35,13,3066,602,1,1,0,0
organic-synthesis-opt18-strips,p14.pddl,comb-w,1,2,0.00182199,98,36,144,87,3,64,35,13,3066,619,1,1,0,0
organic-synthesis-opt18-strips,p14.pddl,tr-select,1,2,0.00191929,,,,,,,,,,,,,,
organic-synthesis-opt18-strips,p14.pddl,symk,1,2,0.00251478,,34,,,,,,,,,,,,
organic-synthesis-opt18-strips,p15.pddl,causal,0,,,,,,,,,,,,,,,,
organic-synthesis-opt18-strips,p15.pddl,comb-w,0,,,,,,,,,,,,,,,,
organic-synthesis-opt18-strips,p15.pddl,tr-select,0,,,,,,,,,,,,,,,,
organic-synthesis-opt18-strips,p15.pddl,symk,0,,,,,,,,,,,,,,,,
organic-synthesis-opt18-strips,p16.pddl,causal,0,,,,,,,,,,,,,,,,
organic-synthesis-opt18-strips,p16.pddl,comb-w,0,,,,,,,,,,,,,,,,
organic-synthesis-opt18-strips,p16.pddl,tr-select,0,,,,,,,,,,,,,,,,
organic-synthesis-opt18-strips,p16.pddl,symk,0,,,,,,,,,,,,,,,,
organic-synthesis-opt18-strips,p17.pddl,causal,0,,,,,,,,,,,,,,,,
organic-synthesis-opt18-strips,p17.pddl,comb-w,0,,,,,,,,,,,,,,,,
organic-synthesis-opt18-strips,p17.pddl,tr-select,0,,,,,,,,,,,,,,,,
organic-synthesis-opt18-strips,p17.pddl,symk,0,,,,,,,,,,,,,,,,
organic-synthesis-opt18-strips,p18.pddl,causal,0,,,,,,,,,,,,,,,,
organic-synthesis-opt18-strips,p18.pddl,comb-w,0,,,,,,,,,,,,,,,,
organic-synthesis-opt18-strips,p18.pddl,tr-select,0,,,,,,,,,,,,,,,,
organic-synthesis-opt18-strips,p18.pddl,symk,0,,,,,,,,,,,,,,,,
organic-synthesis-opt18-strips,p19.pddl,causal,0,,,,,,,,,,,,,,,,
organic-synthesis-opt18-strips,p19.pddl,comb-w,0,,,,,,,,,,,,,,,,
organic-synthesis-opt18-strips,p19.pddl,tr-select,0,,,,,,,,,,,,,,,,
organic-synthesis-opt18-strips,p19.pddl,symk,0,,,,,,,,,,,,,,,,
organic-synthesis-opt18-strips,p20.pddl,causal,0,,,,,,,,,,,,,,,,
organic-synthesis-opt18-strips,p20.pddl,comb-w,0,,,,,,,,,,,,,,,,
organic-synthesis-opt18-strips,p20.pddl,tr-select,0,,,,,,,,,,,,,,,,
organic-synthesis-opt18-strips,p20.pddl,symk,0,,,,,,,,,,,,,,,,
organic-synthesis-split-opt18-strips,p01.pddl,causal,1,41,0.00529563,226,256,,318,6,1.04858e+06,61,71,10220,1623,5,5,0,0
organic-synthesis-split-opt18-strips,p01.pddl,comb-w,1,41,0.00490962,225,256,325,319,6,1.04858e+06,49,78,10220,1557,5,5,0,0
organic-synthesis-split-opt18-strips,p01.pddl,tr-select,1,41,0.0038768,,,,,,,,,,,,,,
organic-synthesis-split-opt18-strips,p01.pddl,symk,1,41,0.00449226,,201,,,,,,,,,,,,
organic-synthesis-split-opt18-strips,p02.pddl,causal,1,41,0.0159501,361,314,,580,20,5.36871e+08,133,115,21462,3258,7,8,0,0
organic-synthesis-split-opt18-strips,p02.pddl,comb-w,1,41,0.00762573,566,314,536,662,20,5.36871e+08,114,146,21462,3355,7,8,0,0
organic-synthesis-split-opt18-strips,p02.pddl,tr-select,1,41,0.00692424,,,,,,,,,,,,,,
organic-synthesis-split-opt18-strips,p02.pddl,symk,1,41,0.00611558,,241,,,,,,,,,,,,
organic-synthesis-split-opt18-strips,p03.pddl,causal,1,252,0.0623984,2586,1010,,2534,126,3.77789e+22,567,291,180894,15898,29,8,0,0
organic-synthesis-split-opt18-strips,p03.pddl,comb-w,1,252,0.0779857,5469,1010,2608,5424,85,3.77789e+22,683,828,289226,22030,18,19,0,0
organic-synthesis-split-opt18-strips,p03.pddl,tr-select,1,252,0.0504487,,,,,,,,,,,,,,
organic-synthesis-split-opt18-strips,p03.pddl,symk,1,252,0.0484416,,948,,,,,,,,,,,,
organic-synthesis-split-opt18-strips,p04.pddl,causal,1,252,0.016383,949,953,,1104,68,1.40737e+14,189,131,52122,5914,14,7,0,0
organic-synthesis-split-opt18-strips,p04.pddl,comb-w,1,252,0.0267438,984,953,1132,1038,103,1.40737e+14,258,85,53144,6031,19,2,0,0
organic-synthesis-split-opt18-strips,p04.pddl,tr-select,1,252,0.0251896,,,,,,,,,,,,,,
organic-synthesis-split-opt18-strips,p04.pddl,symk,1,252,0.0172019,,818,,,,,,,,,,,,
organic-synthesis-split-opt18-strips,p05.pddl,causal,1,252,0.0123007,564,1491,,853,32,3.51844e+13,220,78,37814,4737,22,1,0,0
organic-synthesis-split-opt18-strips,p05.pddl,comb-w,1,252,0.0137472,892,1491,914,954,21,3.51844e+13,144,228,43946,5118,12,11,0,0
organic-synthesis-split-opt18-strips,p05.pddl,tr-select,1,252,0.0167882,,,,,,,,,,,,,,
organic-synthesis-split-opt18-strips,p05.pddl,symk,1,252,0.013858,,1384,,,,,,,,,,,,
organic-synthesis-split-opt18-strips,p06.pddl,causal,1,252,0.0299874,1994,1311,,1554,56,5.76461e+17,276,254,101178,11436,16,16,0,0
organic-synthesis-split-opt18-strips,p06.pddl,comb-w,1,252,0.044763,5242,1311,2215,2467,56,5.76461e+17,658,505,141036,16127,17,15,0,0
organic-synthesis-split-opt18-strips,p06.pddl,tr-select,1,252,0.0300066,,,,,,,,,,,,,,
organic-synthesis-split-opt18-strips,p06.pddl,symk,1,252,0.0434734,,1226,,,,,,,,,,,,
organic-synthesis-split-opt18-strips,p07.pddl,causal,1,252,0.0113,387,257,,1191,24,1.34218e+08,205,235,17374,3358,8,10,0,0
organic-synthesis-split-opt18-strips,p07.pddl,comb-w,1,252,0.0107003,479,257,179,1447,12,1.34218e+08,118,261,19418,3680,5,13,0,0
organic-synthesis-split-opt18-strips,p07.pddl,tr-select,1,252,0.0112399,,,,,,,,,,,,,,
organic-synthesis-split-opt18-strips,p07.pddl,symk,1,252,0.00915759,,58,,,,,,,,,,,,
organic-synthesis-split-opt18-strips,p08.pddl,causal,0,,,1551364,2091,,,,,,,,,,,,
organic-synthesis-split-opt18-strips,p08.pddl,comb-w,0,,,9549217,2091,482584,,,,,,,,,,,
organic-synthesis-split-opt18-strips,p08.pddl,tr-select,0,,,,,,,,,,,,,,,,
organic-synthesis-split-opt18-strips,p08.pddl,symk,0,,,,1909,,,,,,,,,,,,
organic-synthesis-split-opt18-strips,p09.pddl,causal,1,82,0.0374171,718,461,,2252,247,2.95148e+20,452,368,105266,10871,18,10,0,0
organic-synthesis-split-opt18-strips,p09.pddl,comb-w,1,82,0.0667144,953,461,1506,10355,343,2.95148e+20,778,774,283094,20375,21,7,0,0
organic-synthesis-split-opt18-strips,p09.pddl,tr-select,1,82,0.0329664,,,,,,,,,,,,,,
organic-synthesis-split-opt18-strips,p09.pddl,symk,1,82,0.0611511,,430,,,,,,,,,,,,
organic-synthesis-split-opt18-strips,p10.pddl,causal,1,82,0.0345623,715,473,,2628,247,2.95148e+20,442,348,126728,10789,18,10,0,0
organic-synthesis-split-opt18-strips,p10.pddl,comb-w,1,82,0.0842465,1136,473,1506,10114,55,2.95148e+20,703,1000,284116,20851,13,15,0,0
organic-synthesis-split-opt18-strips,p10.pddl,tr-select,1,82,0.0502491,,,,,,,,,,,,,,
organic-synthesis-split-opt18-strips,p10.pddl,symk,1,82,0.037817,,440,,,,,,,,,,,,
organic-synthesis-split-opt18-strips,p11.pddl,causal,1,82,2.38033,14657,1485,,119623,858990,7.66248e+53,19505,8620,7938896,278382,68,14,0,0
organic-synthesis-split-opt18-strips,p11.pddl,comb-w,1,82,2.43918,42423,1485,7340,255025,860142,7.66248e+53,52384,8235,6969018,441080,70,12,0,0
organic-synthesis-split-opt18-strips,p11.pddl,tr-select,1,82,5.06345,,,,,,,,,,,,,,
organic-synthesis-split-opt18-strips,p11.pddl,symk,1,82,2.62132,,1382,,,,,,,,,,,,
organic-synthesis-split-opt18-strips,p12.pddl,causal,1,82,1.1621,67045,1776,,45712,189475,1.49658e+51,9105,12612,3919370,223265,25,51,0,0
organic-synthesis-split-opt18-strips,p12.pddl,comb-w,1,82,3.3928,82565,1776,8140,104660,189475,1.49658e+51,10287,16322,5395138,291490,25,51,0,0
organic-synthesis-split-opt18-strips,p12.pddl,tr-select,1,82,1.11719,,,,,,,,,,,,,,
organic-synthesis-split-opt18-strips,p12.pddl,symk,1,82,1.24358,,1601,,,,,,,,,,,,
organic-synthesis-split-opt18-strips,p13.pddl,causal,0,,,,3172,,,,,,,,,,,,
organic-synthesis-split-opt18-strips,p13.pddl,comb-w,0,,,,3172,,,,,,,,,,,,
organic-synthesis-split-opt18-strips,p13.pddl,tr-select,0,,,,,,,,,,,,,,,,
organic-synthesis-split-opt18-strips,p13.pddl,symk,0,,,,2973,,,,,,,,,,,,
organic-synthesis-split-opt18-strips,p14.pddl,causal,1,82,0.0217703,908,507,,1108,61,1.1259e+15,317,250,66430,7803,28,16,0,0
organic-synthesis-split-opt18-strips,p14.pddl,comb-w,1,82,0.0234165,694,507,1354,1135,66,1.1259e+15,367,283,74606,7261,28,16,0,0
organic-synthesis-split-opt18-strips,p14.pddl,tr-select,1,82,0.0227398,,,,,,,,,,,,,,
organic-synthesis-split-opt18-strips,p14.pddl,symk,1,82,0.0187053,,390,,,,,,,,,,,,
organic-synthesis-split-opt18-strips,p15.pddl,causal,0,,,,3498,,,,,,,,,,,,
organic-synthesis-split-opt18-strips,p15.pddl,comb-w,0,,,,3498,,,,,,,,,,,,
organic-synthesis-split-opt18-strips,p15.pddl,tr-select,0,,,,,,,,,,,,,,,,
organic-synthesis-split-opt18-strips,p15.pddl,symk,0,,,,3406,,,,,,,,,,,,
organic-synthesis-split-opt18-strips,p16.pddl,causal,0,,,0,4877,,51926414,,,,,,,,,,
organic-synthesis-split-opt18-strips,p16.pddl,comb-w,0,,,0,4877,0,50942090,,,,,,,,,,
organic-synthesis-split-opt18-strips,p16.pddl,tr-select,0,,,,,,,,,,,,,,,,
organic-synthesis-split-opt18-strips,p16.pddl,symk,0,,,,4771,,,,,,,,,,,,
organic-synthesis-split-opt18-strips,p17.pddl,causal,0,,,0,5932,,,,,,,,,,,,
organic-synthesis-split-opt18-strips,p17.pddl,comb-w,0,,,0,5932,0,,,,,,,,,,,
organic-synthesis-split-opt18-strips,p17.pddl,tr-select,0,,,,,,,,,,,,,,,,
organic-synthesis-split-opt18-strips,p17.pddl,symk,0,,,,5750,,,,,,,,,,,,
organic-synthesis-split-opt18-strips,p18.pddl,causal,0,,,,4322,,,,,,,,,,,,
organic-synthesis-split-opt18-strips,p18.pddl,comb-w,0,,,,4322,,,,,,,,,,,,
organic-synthesis-split-opt18-strips,p18.pddl,tr-select,0,,,,,,,,,,,,,,,,
organic-synthesis-split-opt18-strips,p18.pddl,symk,0,,,,4207,,,,,,,,,,,,
organic-synthesis-split-opt18-strips,p19.pddl,causal,1,504,4.39267,186371,2663,,223821,5814,1.3037e+92,13707,17518,7046690,708201,82,1,0,0
organic-synthesis-split-opt18-strips,p19.pddl,comb-w,0,,,3824945,2663,202828,2510026,,,,,,,,,,
organic-synthesis-split-opt18-strips,p19.pddl,tr-select,0,,,,,,,,,,,,,,,,
organic-synthesis-split-opt18-strips,p19.pddl,symk,1,504,9.22924,,2516,,,,,,,,,,,,
organic-synthesis-split-opt18-strips,p20.pddl,causal,0,,,,3085,,,,,,,,,,,,
organic-synthesis-split-opt18-strips,p20.pddl,comb-w,0,,,,3085,,,,,,,,,,,,
organic-synthesis-split-opt18-strips,p20.pddl,tr-select,0,,,,,,,,,,,,,,,,
organic-synthesis-split-opt18-strips,p20.pddl,symk,0,,,,2797,,,,,,,,,,,,
parcprinter-08-strips,p01.pddl,causal,1,169009,0.00438186,72,23,,296,4,262155,41,32,10220,1515,4,22,0,0
parcprinter-08-strips,p01.pddl,comb-w,1,169009,0.00415646,88,23,474,311,4,262155,47,36,10220,1396,4,22,0,0
parcprinter-08-strips,p01.pddl,tr-select,1,169009,0.00448259,,,,,,,,,,,,,,
parcprinter-08-strips,p01.pddl,symk,1,169009,0.00441784,,21,,,,,,,,,,,,
parcprinter-08-strips,p02.pddl,causal,1,438047,0.0146202,229,40,,581,54,4.19435e+06,92,83,23506,3865,78,68,0,0
parcprinter-08-strips,p02.pddl,comb-w,1,438047,0.0136171,169,40,694,631,54,4.19435e+06,104,109,19418,3229,78,68,0,0
parcprinter-08-strips,p02.pddl,tr-select,1,438047,0.0138911,,,,,,,,,,,,,,
parcprinter-08-strips,p02.pddl,symk,1,438047,0.0121664,,32,,,,,,,,,,,,
parcprinter-08-strips,p03.pddl,causal,1,807114,0.0184235,157,38,,780,113,524575,185,224,22484,4995,44,116,0,0
parcprinter-08-strips,p03.pddl,comb-w,1,807114,0.0207925,161,38,456,792,113,524575,206,242,23506,5163,44,116,0,0
parcprinter-08-strips,p03.pddl,tr-select,1,807114,0.0194822,,,,,,,,,,,,,,
parcprinter-08-strips,p03.pddl,symk,1,807114,0.016557,,25,,,,,,,,,,,,
parcprinter-08-strips,p04.pddl,causal,1,876094,0.402049,498,82,,1546,4090,2.14749e+09,446,727,239148,49079,794,1278,0,0
parcprinter-08-strips,p04.pddl,comb-w,1,876094,0.504363,628,82,1368,2075,5301,2.14749e+09,885,848,361788,76113,948,1118,0,0
parcprinter-08-strips,p04.pddl,tr-select,1,876094,0.429395,,,,,,,,,,,,,,
parcprinter-08-strips,p04.pddl,symk,1,876094,0.26738,,50,,,,,,,,,,,,
parcprinter-08-strips,p05.pddl,causal,1,1145132,1.87047,965,109,,3084,48335,3.43598e+10,949,1387,1174278,259749,2442,2058,0,0
parcprinter-08-strips,p05.pddl,comb-w,1,1145132,2.39399,1256,109,1638,2651,24177,3.43598e+10,1921,2104,1113980,235171,1450,3046,0,0
parcprinter-08-strips,p05.pddl,tr-select,1,1145132,1.98359,,,,,,,,,,,,,,
parcprinter-08-strips,p05.pddl,symk,1,1145132,2.13108,,59,,,,,,,,,,,,
parcprinter-08-strips,p06.pddl,causal,1,1514199,3.68633,1158,140,,2213,155547,2.74878e+11,2394,2907,801248,190334,2110,2454,0,0
parcprinter-08-strips,p06.pddl,comb-w,1,1514199,7.59252,1658,140,1746,3208,149917,2.74878e+11,2279,2814,2902480,597927,2052,2514,0,0
parcprinter-08-strips,p06.pddl,tr-select,1,1514199,3.50854,,,,,,,,,,,,,,
parcprinter-08-strips,p06.pddl,symk,1,1514199,9.12078,,68,,,,,,,,,,,,
parcprinter-08-strips,p07.pddl,causal,1,1383121,153.979,2372,175,,6158,1.35101e+07,7.03688e+13,13252,17494,10396806,4420657,9132,17670,0,0
parcprinter-08-strips,p07.pddl,comb-w,1,1383121,383.032,4995,175,2892,6982,1.33534e+07,7.03688e+13,10991,14581,17528322,9374038,8894,17886,0,0
parcprinter-08-strips,p07.pddl,tr-select,1,1383121,171.336,,,,,,,,,,,,,,
parcprinter-08-strips,p07.pddl,symk,1,1383121,139.362,,77,,,,,,,,,,,,
parcprinter-08-strips,p08.pddl,causal,1,1852217,530.777,2748,214,,5983,2.94312e+07,2.81475e+14,14987,14822,17940188,10943740,13726,17236,0,0
parcprinter-08-strips,p08.pddl,comb-w,1,1852217,1253.48,8144,214,2812,12230,2.85361e+07,2.81475e+14,35171,33845,31811794,25517319,13530,17404,0,0
parcprinter-08-strips,p08.pddl,tr-select,1,1852217,619.446,,,,,,,,,,,,,,
parcprinter-08-strips,p08.pddl,symk,1,1852217,127.274,,86,,,,,,,,,,,,
parcprinter-08-strips,p09.pddl,causal,0,,,7518,257,,9785,,,,,,,,,,
parcprinter-08-strips,p09.pddl,comb-w,1,2121255,1451.12,29381,257,3250,8652,1.76382e+08,4.5036e+15,39890,38875,29996722,22114649,19066,26894,0,0
parcprinter-08-strips,p09.pddl,tr-select,1,2121255,1605.32,,,,,,,,,,,,,,
parcprinter-08-strips,p09.pddl,symk,0,,,,95,,,,,,,,,,,,
parcprinter-08-strips,p10.pddl,causal,0,,,13288,304,,8178,,,,,,,,,,
parcprinter-08-strips,p10.pddl,comb-w,0,,,29765,304,3302,25237,,,,,,,,,,
parcprinter-08-strips,p10.pddl,tr-select,0,,,,,,,,,,,,,,,,
parcprinter-08-strips,p10.pddl,symk,0,,,,104,,,,,,,,,,,,
parcprinter-08-strips,p11.pddl,causal,1,182808,0.0072257,101,23,,677,24,2.75251e+06,69,9,15330,2562,46,1,0,0
parcprinter-08-strips,p11.pddl,comb-w,1,182808,0.00731196,155,23,665,677,24,2.75251e+06,96,9,14308,2216,46,1,0,0
parcprinter-08-strips,p11.pddl,tr-select,1,182808,0.00726915,,,,,,,,,,,,,,
parcprinter-08-strips,p11.pddl,symk,1,182808,0.00699286,,22,,,,,,,,,,,,
parcprinter-08-strips,p12.pddl,causal,1,510256,0.12374,247,39,,1827,127,1.87171e+08,239,179,71540,8893,134,806,0,0
parcprinter-08-strips,p12.pddl,comb-w,1,510256,0.128874,296,39,1082,1797,127,1.87171e+08,187,214,86870,11878,134,806,0,0
parcprinter-08-strips,p12.pddl,tr-select,1,510256,0.120048,,,,,,,,,,,,,,
parcprinter-08-strips,p12.pddl,symk,1,510256,0.0623098,,33,,,,,,,,,,,,
parcprinter-08-strips,p13.pddl,causal,1,693064,2.43919,605,57,,3810,865,1.57224e+10,661,749,1053682,134282,342,9438,0,0
parcprinter-08-strips,p13.pddl,comb-w,1,693064,2.22627,605,57,1629,3684,865,1.57224e+10,580,844,925932,116440,342,9438,0,0
parcprinter-08-strips,p13.pddl,tr-select,1,693064,2.45837,,,,,,,,,,,,,,
parcprinter-08-strips,p13.pddl,symk,1,693064,1.2787,,42,,,,,,,,,,,,
parcprinter-08-strips,p14.pddl,causal,1,1020512,35.7062,1053,79,,5968,17784,1.06912e+12,1962,2714,10224088,1471912,1880,76108,0,0
parcprinter-08-strips,p14.pddl,comb-w,1,1020512,80.1552,1018,79,2154,5385,223822,1.06912e+12,3701,5119,12859826,2342560,29148,31776,0,0
parcprinter-08-strips,p14.pddl,tr-select,1,1020512,80.9128,,,,,,,,,,,,,,
parcprinter-08-strips,p14.pddl,symk,1,1020512,27.0016,,51,,,,,,,,,,,,
parcprinter-08-strips,p15.pddl,causal,0,,,2269,115,,8721,,,,,,,,,,
parcprinter-08-strips,p15.pddl,comb-w,0,,,1979,115,2747,7864,,,,,,,,,,
parcprinter-08-strips,p15.pddl,tr-select,0,,,,,,,,,,,,,,,,
parcprinter-08-strips,p15.pddl,symk,0,,,,61,,,,,,,,,,,,
parcprinter-08-strips,p16.pddl,causal,0,,,4304,135,,9026,,,,,,,,,,
parcprinter-08-strips,p16.pddl,comb-w,0,,,3680,135,3290,10439,,,,,,,,,,
parcprinter-08-strips,p16.pddl,tr-select,0,,,,,,,,,,,,,,,,
parcprinter-08-strips,p16.pddl,symk,0,,,,69,,,,,,,,,,,,
parcprinter-08-strips,p17.pddl,causal,0,,,6543,169,,14052,,,,,,,,,,
parcprinter-08-strips,p17.pddl,comb-w,0,,,15066,169,4149,15637,,,,,,,,,,
parcprinter-08-strips,p17.pddl,tr-select,0,,,,,,,,,,,,,,,,
parcprinter-08-strips,p17.pddl,symk,0,,,,78,,,,,,,,,,,,
parcprinter-08-strips,p18.pddl,causal,0,,,28216,207,,23282,,,,,,,,,,
parcprinter-08-strips,p18.pddl,comb-w,0,,,20554,207,4602,18285,,,,,,,,,,
parcprinter-08-strips,p18.pddl,tr-select,0,,,,,,,,,,,,,,,,
parcprinter-08-strips,p18.pddl,symk,0,,,,87,,,,,,,,,,,,
parcprinter-08-strips,p19.pddl,causal,0,,,35732,285,,28281,,,,,,,,,,
parcprinter-08-strips,p19.pddl,comb-w,0,,,77937,285,5321,30324,,,,,,,,,,
parcprinter-08-strips,p19.pddl,tr-select,0,,,,,,,,,,,,,,,,
parcprinter-08-strips,p19.pddl,symk,0,,,,98,,,,,,,,,,,,
parcprinter-08-strips,p20.pddl,causal,0,,,29976,315,,24051,,,,,,,,,,
parcprinter-08-strips,p20.pddl,comb-w,0,,,121768,315,6536,32676,,,,,,,,,,
parcprinter-08-strips,p20.pddl,tr-select,0,,,,,,,,,,,,,,,,
parcprinter-08-strips,p20.pddl,symk,0,,,,106,,,,,,,,,,,,
parcprinter-08-strips,p21.pddl,causal,1,143411,0.00264686,95,16,,254,9,12291,44,23,5110,1033,14,4,0,0
parcprinter-08-strips,p21.pddl,comb-w,1,143411,0.00243342,98,16,255,247,9,12291,47,23,4088,812,14,4,0,0
parcprinter-08-strips,p21.pddl,tr-select,1,143411,0.00262939,,,,,,,,,,,,,,
parcprinter-08-strips,p21.pddl,symk,1,143411,0.0027871,,15,,,,,,,,,,,,
parcprinter-08-strips,p22.pddl,causal,1,375821,0.00997817,187,32,,590,36,393255,79,100,12264,2495,50,56,0,0
parcprinter-08-strips,p22.pddl,comb-w,1,375821,0.0101068,182,32,426,598,36,393255,77,89,13286,2395,50,56,0,0
parcprinter-08-strips,p22.pddl,tr-select,1,375821,0.00973416,,,,,,,,,,,,,,
parcprinter-08-strips,p22.pddl,symk,1,375821,0.0079893,,26,,,,,,,,,,,,
parcprinter-08-strips,p23.pddl,causal,1,519232,0.0552333,620,50,,1383,263,1.88749e+07,266,359,50078,8141,128,316,0,0
parcprinter-08-strips,p23.pddl,comb-w,1,519232,0.0645164,618,50,681,1380,263,1.88749e+07,275,391,51100,8181,128,316,0,0
parcprinter-08-strips,p23.pddl,tr-select,1,519232,0.0556585,,,,,,,,,,,,,,
parcprinter-08-strips,p23.pddl,symk,1,519232,0.0359803,,35,,,,,,,,,,,,
parcprinter-08-strips,p24.pddl,causal,1,751642,0.297594,814,72,,1881,3145,6.03982e+08,794,874,197246,33047,682,660,0,0
parcprinter-08-strips,p24.pddl,comb-w,1,751642,0.366819,1002,72,924,1935,2101,6.03984e+08,709,657,300468,41055,412,1018,0,0
parcprinter-08-strips,p24.pddl,tr-select,1,751642,0.292357,,,,,,,,,,,,,,
parcprinter-08-strips,p24.pddl,symk,1,751642,0.186181,,44,,,,,,,,,,,,
parcprinter-08-strips,p25.pddl,causal,1,1215839,6.80139,834,108,,2339,80358,3.86548e+10,2521,2469,1363348,220467,7414,5420,0,0
parcprinter-08-strips,p25.pddl,comb-w,1,1215839,7.87143,2254,108,1203,2754,45287,3.86548e+10,2454,2118,1794632,252185,4354,9092,0,0
parcprinter-08-strips,p25.pddl,tr-select,1,1215839,7.13688,,,,,,,,,,,,,,
parcprinter-08-strips,p25.pddl,symk,1,1215839,4.24872,,54,,,,,,,,,,,,
parcprinter-08-strips,p26.pddl,causal,1,1216462,7.76276,2270,128,,3157,180248,6.18475e+11,3707,3740,2254532,387390,4032,3274,0,0
parcprinter-08-strips,p26.pddl,comb-w,1,1216462,10.549,6565,128,1442,4059,112889,6.18475e+11,3580,2951,4201442,670871,2712,4780,0,0
parcprinter-08-strips,p26.pddl,tr-select,1,1216462,7.73762,,,,,,,,,,,,,,
parcprinter-08-strips,p26.pddl,symk,1,1216462,5.82198,,62,,,,,,,,,,,,
parcprinter-08-strips,p27.pddl,causal,1,1270874,90.3565,3455,162,,4862,2.57948e+06,4.45302e+13,11878,8010,7272552,1654918,10162,10502,0,0
parcprinter-08-strips,p27.pddl,comb-w,1,1270874,116.324,14965,162,1909,5566,1.96437e+06,4.45302e+13,14933,17712,8123878,3273495,7882,13602,0,0
parcprinter-08-strips,p27.pddl,tr-select,1,1270874,84.5476,,,,,,,,,,,,,,
parcprinter-08-strips,p27.pddl,symk,1,1270874,69.8681,,71,,,,,,,,,,,,
parcprinter-08-strips,p28.pddl,causal,1,1681282,135.749,13769,200,,4836,5.11449e+06,6.33319e+14,9586,11880,8356894,1951694,9378,16966,0,0
parcprinter-08-strips,p28.pddl,comb-w,1,1681282,237.04,57496,200,2064,6086,5.16902e+06,6.33319e+14,42592,44366,9487226,4401535,9442,16902,0,0
parcprinter-08-strips,p28.pddl,tr-select,1,1681282,135.106,,,,,,,,,,,,,,
parcprinter-08-strips,p28.pddl,symk,1,1681282,151.358,,80,,,,,,,,,,,,
parcprinter-08-strips,p29.pddl,causal,0,,,16252,278,,5836,,,,,,,,,,
parcprinter-08-strips,p29.pddl,comb-w,0,,,124653,278,2411,7887,,,,,,,,,,
parcprinter-08-strips,p29.pddl,tr-select,0,,,,,,,,,,,,,,,,
parcprinter-08-strips,p29.pddl,symk,0,,,,91,,,,,,,,,,,,
parcprinter-08-strips,p30.pddl,causal,0,,,9599,308,,8632,,,,,,,,,,
parcprinter-08-strips,p30.pddl,comb-w,0,,,66112,308,3110,34534,,,,,,,,,,
parcprinter-08-strips,p30.pddl,tr-select,0,,,,,,,,,,,,,,,,
parcprinter-08-strips,p30.pddl,symk,0,,,,99,,,,,,,,,,,,
parcprinter-opt11-strips,p01.pddl,causal,1,375821,0.00971782,187,32,,590,36,393255,79,100,12264,2495,50,56,0,0
parcprinter-opt11-strips,p01.pddl,comb-w,1,375821,0.010473,182,32,426,598,36,393255,77,89,13286,2395,50,56,0,0
parcprinter-opt11-strips,p01.pddl,tr-select,1,375821,0.00966942,,,,,,,,,,,,,,
parcprinter-opt11-strips,p01.pddl,symk,1,375821,0.00680369,,26,,,,,,,,,,,,
parcprinter-opt11-strips,p02.pddl,causal,1,438047,0.0135916,229,40,,581,54,4.19435e+06,92,83,23506,3865,78,68,0,0
parcprinter-opt11-strips,p02.pddl,comb-w,1,438047,0.014384,169,40,694,631,54,4.19435e+06,104,109,19418,3229,78,68,0,0
parcprinter-opt11-strips,p02.pddl,tr-select,1,438047,0.0132761,,,,,,,,,,,,,,
parcprinter-opt11-strips,p02.pddl,symk,1,438047,0.0125174,,32,,,,,,,,,,,,
parcprinter-opt11-strips,p03.pddl,causal,1,510256,0.121175,247,39,,1827,127,1.87171e+08,239,179,71540,8893,134,806,0,0
parcprinter-opt11-strips,p03.pddl,comb-w,1,510256,0.126882,296,39,1082,1797,127,1.87171e+08,187,214,86870,11878,134,806,0,0
parcprinter-opt11-strips,p03.pddl,tr-select,1,510256,0.123162,,,,,,,,,,,,,,
parcprinter-opt11-strips,p03.pddl,symk,1,510256,0.0628163,,33,,,,,,,,,,,,
parcprinter-opt11-strips,p04.pddl,causal,1,876094,0.372127,498,82,,1546,4090,2.14749e+09,446,727,239148,49079,794,1278,0,0
parcprinter-opt11-strips,p04.pddl,comb-w,1,876094,0.508512,628,82,1368,2075,5301,2.14749e+09,885,848,361788,76113,948,1118,0,0
parcprinter-opt11-strips,p04.pddl,tr-select,1,876094,0.39067,,,,,,,,,,,,,,
parcprinter-opt11-strips,p04.pddl,symk,1,876094,0.251726,,50,,,,,,,,,,,,
parcprinter-opt11-strips,p05.pddl,causal,1,519232,0.054137,620,50,,1383,263,1.88749e+07,266,359,50078,8141,128,316,0,0
parcprinter-opt11-strips,p05.pddl,comb-w,1,519232,0.0603698,618,50,681,1380,263,1.88749e+07,275,391,51100,8181,128,316,0,0
parcprinter-opt11-strips,p05.pddl,tr-select,1,519232,0.0571169,,,,,,,,,,,,,,
parcprinter-opt11-strips,p05.pddl,symk,1,519232,0.0345436,,35,,,,,,,,,,,,
parcprinter-opt11-strips,p06.pddl,causal,1,1514199,2.76413,1158,140,,2213,155547,2.74878e+11,2394,2907,801248,190334,2110,2454,0,0
parcprinter-opt11-strips,p06.pddl,comb-w,1,1514199,5.48515,1658,140,1746,3208,149917,2.74878e+11,2279,2814,2902480,597927,2052,2514,0,0
parcprinter-opt11-strips,p06.pddl,tr-select,1,1514199,3.84906,,,,,,,,,,,,,,
parcprinter-opt11-strips,p06.pddl,symk,1,1514199,6.0099,,68,,,,,,,,,,,,
parcprinter-opt11-strips,p07.pddl,causal,1,1145132,1.80639,965,109,,3084,48335,3.43598e+10,949,1387,1174278,259749,2442,2058,0,0
parcprinter-opt11-strips,p07.pddl,comb-w,1,1145132,2.41806,1256,109,1638,2651,24177,3.43598e+10,1921,2104,1113980,235171,1450,3046,0,0
parcprinter-opt11-strips,p07.pddl,tr-select,1,1145132,1.8105,,,,,,,,,,,,,,
parcprinter-opt11-strips,p07.pddl,symk,1,1145132,1.65141,,59,,,,,,,,,,,,
parcprinter-opt11-strips,p08.pddl,causal,1,751642,0.28929,814,72,,1881,3145,6.03982e+08,794,874,197246,33047,682,660,0,0
parcprinter-opt11-strips,p08.pddl,comb-w,1,751642,0.368376,1002,72,924,1935,2101,6.03984e+08,709,657,300468,41055,412,1018,0,0
parcprinter-opt11-strips,p08.pddl,tr-select,1,751642,0.297412,,,,,,,,,,,,,,
parcprinter-opt11-strips,p08.pddl,symk,1,751642,0.183073,,44,,,,,,,,,,,,
parcprinter-opt11-strips,p09.pddl,causal,1,693064,2.53436,605,57,,3810,865,1.57224e+10,661,749,1053682,134282,342,9438,0,0
parcprinter-opt11-strips,p09.pddl,comb-w,1,693064,2.48728,605,57,1629,3684,865,1.57224e+10,580,844,925932,116440,342,9438,0,0
parcprinter-opt11-strips,p09.pddl,tr-select,1,693064,2.57141,,,,,,,,,,,,,,
parcprinter-opt11-strips,p09.pddl,symk,1,693064,1.24889,,42,,,,,,,,,,,,
parcprinter-opt11-strips,p10.pddl,causal,1,1215839,5.35854,834,108,,2339,80358,3.86548e+10,2521,2469,1363348,220467,7414,5420,0,0
parcprinter-opt11-strips,p10.pddl,comb-w,1,1215839,7.13322,2254,108,1203,2754,45287,3.86548e+10,2454,2118,1794632,252185,4354,9092,0,0
parcprinter-opt11-strips,p10.pddl,tr-select,1,1215839,5.112,,,,,,,,,,,,,,
parcprinter-opt11-strips,p10.pddl,symk,1,1215839,4.2022,,54,,,,,,,,,,,,
parcprinter-opt11-strips,p11.pddl,causal,1,1216462,7.5235,2270,128,,3157,180248,6.18475e+11,3707,3740,2254532,387390,4032,3274,0,0
parcprinter-opt11-strips,p11.pddl,comb-w,1,1216462,8.52378,6565,128,1442,4059,112889,6.18475e+11,3580,2951,4201442,670871,2712,4780,0,0
parcprinter-opt11-strips,p11.pddl,tr-select,1,1216462,6.22116,,,,,,,,,,,,,,
parcprinter-opt11-strips,p11.pddl,symk,1,1216462,4.59333,,62,,,,,,,,,,,,
parcprinter-opt11-strips,p12.pddl,causal,1,1020512,34.7336,1053,79,,5968,17784,1.06912e+12,1962,2714,10224088,1471912,1880,76108,0,0
parcprinter-opt11-strips,p12.pddl,comb-w,1,1020512,87.8338,1018,79,2154,5385,223822,1.06912e+12,3701,5119,12859826,2342560,29148,31776,0,0
parcprinter-opt11-strips,p12.pddl,tr-select,1,1020512,89.3747,,,,,,,,,,,,,,
parcprinter-opt11-strips,p12.pddl,symk,1,1020512,35.7579,,51,,,,,,,,,,,,
parcprinter-opt11-strips,p13.pddl,causal,1,1383121,148.247,2372,175,,6158,1.35101e+07,7.03688e+13,13252,17494,10396806,4420657,9132,17670,0,0
parcprinter-opt11-strips,p13.pddl,comb-w,1,1383121,349.998,4995,175,2892,6982,1.33534e+07,7.03688e+13,10991,14581,17528322,9374038,8894,17886,0,0
parcprinter-opt11-strips,p13.pddl,tr-select,1,1383121,149.592,,,,,,,,,,,,,,
parcprinter-opt11-strips,p13.pddl,symk,1,1383121,105.464,,77,,,,,,,,,,,,
parcprinter-opt11-strips,p14.pddl,causal,1,1852217,567.528,2748,214,,5983,2.94312e+07,2.81475e+14,14987,14822,17940188,10943740,13726,17236,0,0
parcprinter-opt11-strips,p14.pddl,comb-w,1,1852217,1160.33,8144,214,2812,12230,2.85361e+07,2.81475e+14,35171,33845,31811794,25517319,13530,17404,0,0
parcprinter-opt11-strips,p14.pddl,tr-select,1,1852217,499.207,,,,,,,,,,,,,,
parcprinter-opt11-strips,p14.pddl,symk,1,1852217,123.072,,86,,,,,,,,,,,,
parcprinter-opt11-strips,p15.pddl,causal,0,,,7518,257,,9785,,,,,,,,,,
parcprinter-opt11-strips,p15.pddl,comb-w,1,2121255,1729.85,29381,257,3250,8652,1.76382e+08,4.5036e+15,39890,38875,29996722,22114649,19066,26894,0,0
parcprinter-opt11-strips,p15.pddl,tr-select,1,2121255,1739.43,,,,,,,,,,,,,,
parcprinter-opt11-strips,p15.pddl,symk,0,,,,95,,,,,,,,,,,,
parcprinter-opt11-strips,p16.pddl,causal,0,,,13288,304,,8178,,,,,,,,,,
parcprinter-opt11-strips,p16.pddl,comb-w,0,,,29765,304,3302,25237,,,,,,,,,,
parcprinter-opt11-strips,p16.pddl,tr-select,0,,,,,,,,,,,,,,,,
parcprinter-opt11-strips,p16.pddl,symk,0,,,,104,,,,,,,,,,,,
parcprinter-opt11-strips,p17.pddl,causal,0,,,2269,115,,8721,,,,,,,,,,
parcprinter-opt11-strips,p17.pddl,comb-w,0,,,1979,115,2747,7864,,,,,,,,,,
parcprinter-opt11-strips,p17.pddl,tr-select,0,,,,,,,,,,,,,,,,
parcprinter-opt11-strips,p17.pddl,symk,0,,,,61,,,,,,,,,,,,
parcprinter-opt11-strips,p18.pddl,causal,0,,,4304,135,,9026,,,,,,,,,,
parcprinter-opt11-strips,p18.pddl,comb-w,0,,,3680,135,3290,10439,,,,,,,,,,
parcprinter-opt11-strips,p18.pddl,tr-select,0,,,,,,,,,,,,,,,,
parcprinter-opt11-strips,p18.pddl,symk,0,,,,69,,,,,,,,,,,,
parcprinter-opt11-strips,p19.pddl,causal,0,,,6543,169,,14052,,,,,,,,,,
parcprinter-opt11-strips,p19.pddl,comb-w,0,,,15066,169,4149,15637,,,,,,,,,,
parcprinter-opt11-strips,p19.pddl,tr-select,0,,,,,,,,,,,,,,,,
parcprinter-opt11-strips,p19.pddl,symk,0,,,,78,,,,,,,,,,,,
parcprinter-opt11-strips,p20.pddl,causal,1,1270874,89.1048,3455,162,,4862,2.57948e+06,4.45302e+13,11878,8010,7272552,1654918,10162,10502,0,0
parcprinter-opt11-strips,p20.pddl,comb-w,1,1270874,114.221,14965,162,1909,5566,1.96437e+06,4.45302e+13,14933,17712,8123878,3273495,7882,13602,0,0
parcprinter-opt11-strips,p20.pddl,tr-select,1,1270874,93.7381,,,,,,,,,,,,,,
parcprinter-opt11-strips,p20.pddl,symk,1,1270874,54.775,,71,,,,,,,,,,,,
parking-opt11-strips,pfile03-011.pddl,causal,1,14,188.291,896040,43,,5758646,338177,2.14757e+09,1724196,509768,25416118,10017867,7,8,0,0
parking-opt11-strips,pfile03-011.pddl,comb-w,1,14,55.5694,480837,43,3216,1164524,85157,2.14782e+09,411415,770952,19390406,3679975,7,7,0,0
parking-opt11-strips,pfile03-011.pddl,tr-select,1,14,51.1371,,,,,,,,,,,,,,
parking-opt11-strips,pfile03-011.pddl,symk,1,14,390.067,,43,,,,,,,,,,,,
parking-opt11-strips,pfile03-012.pddl,causal,0,,,896040,43,,5758646,,,,,,,,,,
parking-opt11-strips,pfile03-012.pddl,comb-w,1,20,1522.03,480837,43,3216,1164524,4.80065e+06,2.15974e+09,4073626,8321645,70664146,22997795,18,19,0,0
parking-opt11-strips,pfile03-012.pddl,tr-select,1,20,1508.21,,,,,,,,,,,,,,
parking-opt11-strips,pfile03-012.pddl,symk,0,,,,43,,,,,,,,,,,,
parking-opt11-strips,pfile04-013.pddl,causal,0,,,1363425,50,,8622609,,,,,,,,,,
parking-opt11-strips,pfile04-013.pddl,comb-w,0,,,995891,50,5061,2336639,,,,,,,,,,
parking-opt11-strips,pfile04-013.pddl,tr-select,0,,,,,,,,,,,,,,,,
parking-opt11-strips,pfile04-013.pddl,symk,0,,,,50,,,,,,,,,,,,
parking-opt11-strips,pfile04-014.pddl,causal,0,,,1363425,50,,8872255,,,,,,,,,,
parking-opt11-strips,pfile04-014.pddl,comb-w,0,,,995891,50,5061,2336639,,,,,,,,,,
parking-opt11-strips,pfile04-014.pddl,tr-select,0,,,,,,,,,,,,,,,,
parking-opt11-strips,pfile04-014.pddl,symk,0,,,,50,,,,,,,,,,,,
parking-opt11-strips,pfile04-015.pddl,causal,0,,,1363425,50,,8622609,,,,,,,,,,
parking-opt11-strips,pfile04-015.pddl,comb-w,0,,,995891,50,5061,2336639,,,,,,,,,,
parking-opt11-strips,pfile04-015.pddl,tr-select,0,,,,,,,,,,,,,,,,
parking-opt11-strips,pfile04-015.pddl,symk,0,,,,50,,,,,,,,,,,,
parking-opt11-strips,pfile04-016.pddl,causal,0,,,1363425,50,,8664797,,,,,,,,,,
parking-opt11-strips,pfile04-016.pddl,comb-w,0,,,995891,50,5061,2336639,,,,,,,,,,
parking-opt11-strips,pfile04-016.pddl,tr-select,0,,,,,,,,,,,,,,,,
parking-opt11-strips,pfile04-016.pddl,symk,0,,,,50,,,,,,,,,,,,
parking-opt11-strips,pfile05-017.pddl,causal,0,,,7352150,57,,13940365,,,,,,,,,,
parking-opt11-strips,pfile05-017.pddl,comb-w,0,,,7357076,57,7504,5280506,,,,,,,,,,
parking-opt11-strips,pfile05-017.pddl,tr-select,0,,,,,,,,,,,,,,,,
parking-opt11-strips,pfile05-017.pddl,symk,0,,,,57,,,,,,,,,,,,
parking-opt11-strips,pfile05-018.pddl,causal,0,,,7352150,57,,13940365,,,,,,,,,,
parking-opt11-strips,pfile05-018.pddl,comb-w,0,,,7357076,57,7504,5280506,,,,,,,,,,
parking-opt11-strips,pfile05-018.pddl,tr-select,0,,,,,,,,,,,,,,,,
parking-opt11-strips,pfile05-018.pddl,symk,0,,,,57,,,,,,,,,,,,
parking-opt11-strips,pfile05-019.pddl,causal,0,,,7352150,57,,14218423,,,,,,,,,,
parking-opt11-strips,pfile05-019.pddl,comb-w,0,,,7357076,57,7504,5280506,,,,,,,,,,
parking-opt11-strips,pfile05-019.pddl,tr-select,0,,,,,,,,,,,,,,,,
parking-opt11-strips,pfile05-019.pddl,symk,0,,,,57,,,,,,,,,,,,
parking-opt11-strips,pfile05-020.pddl,causal,0,,,7352150,57,,13940365,,,,,,,,,,
parking-opt11-strips,pfile05-020.pddl,comb-w,0,,,7357076,57,7504,5280506,,,,,,,,,,
parking-opt11-strips,pfile05-020.pddl,tr-select,0,,,,,,,,,,,,,,,,
parking-opt11-strips,pfile05-020.pddl,symk,0,,,,57,,,,,,,,,,,,
parking-opt11-strips,pfile06-021.pddl,causal,0,,,5952742,64,,23656602,,,,,,,,,,
parking-opt11-strips,pfile06-021.pddl,comb-w,0,,,4242186,64,10629,9952634,,,,,,,,,,
parking-opt11-strips,pfile06-021.pddl,tr-select,0,,,,,,,,,,,,,,,,
parking-opt11-strips,pfile06-021.pddl,symk,0,,,,64,,,,,,,,,,,,
parking-opt11-strips,pfile06-022.pddl,causal,0,,,5952742,64,,23654949,,,,,,,,,,
parking-opt11-strips,pfile06-022.pddl,comb-w,0,,,4242186,64,10629,9992217,,,,,,,,,,
parking-opt11-strips,pfile06-022.pddl,tr-select,0,,,,,,,,,,,,,,,,
parking-opt11-strips,pfile06-022.pddl,symk,0,,,,64,,,,,,,,,,,,
parking-opt11-strips,pfile06-023.pddl,causal,0,,,5952742,64,,23656602,,,,,,,,,,
parking-opt11-strips,pfile06-023.pddl,comb-w,0,,,4242186,64,10629,9884916,,,,,,,,,,
parking-opt11-strips,pfile06-023.pddl,tr-select,0,,,,,,,,,,,,,,,,
parking-opt11-strips,pfile06-023.pddl,symk,0,,,,64,,,,,,,,,,,,
parking-opt11-strips,pfile06-024.pddl,causal,0,,,5952742,64,,23654949,,,,,,,,,,
parking-opt11-strips,pfile06-024.pddl,comb-w,0,,,4242186,64,10629,9884916,,,,,,,,,,
parking-opt11-strips,pfile06-024.pddl,tr-select,0,,,,,,,,,,,,,,,,
parking-opt11-strips,pfile06-024.pddl,symk,0,,,,64,,,,,,,,,,,,
parking-opt11-strips,pfile07-025.pddl,causal,0,,,8138313,71,,34606357,,,,,,,,,,
parking-opt11-strips,pfile07-025.pddl,comb-w,0,,,9485169,71,14520,14389207,,,,,,,,,,
parking-opt11-strips,pfile07-025.pddl,tr-select,0,,,,,,,,,,,,,,,,
parking-opt11-strips,pfile07-025.pddl,symk,0,,,,71,,,,,,,,,,,,
parking-opt11-strips,pfile07-026.pddl,causal,0,,,8138313,71,,37910257,,,,,,,,,,
parking-opt11-strips,pfile07-026.pddl,comb-w,0,,,9485169,71,14520,17108799,,,,,,,,,,
parking-opt11-strips,pfile07-026.pddl,tr-select,0,,,,,,,,,,,,,,,,
parking-opt11-strips,pfile07-026.pddl,symk,0,,,,71,,,,,,,,,,,,
parking-opt11-strips,pfile07-027.pddl,causal,0,,,8138313,71,,32978329,,,,,,,,,,
parking-opt11-strips,pfile07-027.pddl,comb-w,0,,,9485169,71,14520,18197100,,,,,,,,,,
parking-opt11-strips,pfile07-027.pddl,tr-select,0,,,,,,,,,,,,,,,,
parking-opt11-strips,pfile07-027.pddl,symk,0,,,,71,,,,,,,,,,,,
parking-opt11-strips,pfile07-028.pddl,causal,0,,,8138313,71,,32978329,,,,,,,,,,
parking-opt11-strips,pfile07-028.pddl,comb-w,0,,,9485169,71,14520,17029789,,,,,,,,,,
parking-opt11-strips,pfile07-028.pddl,tr-select,0,,,,,,,,,,,,,,,,
parking-opt11-strips,pfile07-028.pddl,symk,0,,,,71,,,,,,,,,,,,
parking-opt11-strips,pfile08-029.pddl,causal,0,,,8488973,78,,34328863,,,,,,,,,,
parking-opt11-strips,pfile08-029.pddl,comb-w,0,,,15517672,78,19261,17848022,,,,,,,,,,
parking-opt11-strips,pfile08-029.pddl,tr-select,0,,,,,,,,,,,,,,,,
parking-opt11-strips,pfile08-029.pddl,symk,0,,,,78,,,,,,,,,,,,
parking-opt11-strips,pfile08-030.pddl,causal,0,,,8488973,78,,35420387,,,,,,,,,,
parking-opt11-strips,pfile08-030.pddl,comb-w,0,,,15517672,78,19261,21151422,,,,,,,,,,
parking-opt11-strips,pfile08-030.pddl,tr-select,0,,,,,,,,,,,,,,,,
parking-opt11-strips,pfile08-030.pddl,symk,0,,,,78,,,,,,,,,,,,
parking-opt14-strips,p_12_7-01.pddl,causal,0,,,896040,43,,5758646,,,,,,,,,,
parking-opt14-strips,p_12_7-01.pddl,comb-w,1,18,527.503,480837,43,3216,1164524,1.41023e+06,2.15149e+09,2150827,4001137,33283474,11733045,11,11,0,0
parking-opt14-strips,p_12_7-01.pddl,tr-select,1,18,541.304,,,,,,,,,,,,,,
parking-opt14-strips,p_12_7-01.pddl,symk,0,,,,43,,,,,,,,,,,,
parking-opt14-strips,p_12_7-02.pddl,causal,0,,,896040,43,,5758646,,,,,,,,,,
parking-opt14-strips,p_12_7-02.pddl,comb-w,1,18,582.201,480837,43,3216,1164524,1.41023e+06,2.15149e+09,2897836,4001137,37306066,12858028,12,11,0,0
parking-opt14-strips,p_12_7-02.pddl,tr-select,1,18,598.179,,,,,,,,,,,,,,
parking-opt14-strips,p_12_7-02.pddl,symk,0,,,,43,,,,,,,,,,,,
parking-opt14-strips,p_12_7-03.pddl,causal,1,17,1582.46,896040,43,,5758646,1.41023e+06,2.14871e+09,4338020,4038404,62994036,19287375,9,28,0,0
parking-opt14-strips,p_12_7-03.pddl,comb-w,1,17,339.4,480837,43,3216,1164524,1.41023e+06,2.14871e+09,1999689,1813143,29098384,7822515,8,11,0,0
parking-opt14-strips,p_12_7-03.pddl,tr-select,1,17,330.209,,,,,,,,,,,,,,
parking-opt14-strips,p_12_7-03.pddl,symk,0,,,,43,,,,,,,,,,,,
parking-opt14-strips,p_12_7-04.pddl,causal,0,,,896040,43,,5758646,,,,,,,,,,
parking-opt14-strips,p_12_7-04.pddl,comb-w,1,19,1122.79,480837,43,3216,1164524,4.80065e+06,2.15149e+09,4998386,4001137,50391754,16559886,11,19,0,0
parking-opt14-strips,p_12_7-04.pddl,tr-select,1,19,918.663,,,,,,,,,,,,,,
parking-opt14-strips,p_12_7-04.pddl,symk,0,,,,43,,,,,,,,,,,,
parking-opt14-strips,p_14_8-01.pddl,causal,0,,,1363425,50,,8758476,,,,,,,,,,
parking-opt14-strips,p_14_8-01.pddl,comb-w,0,,,995891,50,5061,2336639,,,,,,,,,,
parking-opt14-strips,p_14_8-01.pddl,tr-select,0,,,,,,,,,,,,,,,,
parking-opt14-strips,p_14_8-01.pddl,symk,0,,,,50,,,,,,,,,,,,
parking-opt14-strips,p_14_8-02.pddl,causal,0,,,1363425,50,,8782950,,,,,,,,,,
parking-opt14-strips,p_14_8-02.pddl,comb-w,0,,,995891,50,5061,2336639,,,,,,,,,,
parking-opt14-strips,p_14_8-02.pddl,tr-select,0,,,,,,,,,,,,,,,,
parking-opt14-strips,p_14_8-02.pddl,symk,0,,,,50,,,,,,,,,,,,
parking-opt14-strips,p_14_8-03.pddl,causal,0,,,1363425,50,,8725857,,,,,,,,,,
parking-opt14-strips,p_14_8-03.pddl,comb-w,0,,,995891,50,5061,2336639,,,,,,,,,,
parking-opt14-strips,p_14_8-03.pddl,tr-select,0,,,,,,,,,,,,,,,,
parking-opt14-strips,p_14_8-03.pddl,symk,0,,,,50,,,,,,,,,,,,
parking-opt14-strips,p_14_8-04.pddl,causal,0,,,1363425,50,,8758476,,,,,,,,,,
parking-opt14-strips,p_14_8-04.pddl,comb-w,0,,,995891,50,5061,2336639,,,,,,,,,,
parking-opt14-strips,p_14_8-04.pddl,tr-select,0,,,,,,,,,,,,,,,,
parking-opt14-strips,p_14_8-04.pddl,symk,0,,,,50,,,,,,,,,,,,
parking-opt14-strips,p_16_9-01.pddl,causal,0,,,7352150,57,,13940365,,,,,,,,,,
parking-opt14-strips,p_16_9-01.pddl,comb-w,0,,,7357076,57,7504,5280506,,,,,,,,,,
parking-opt14-strips,p_16_9-01.pddl,tr-select,0,,,,,,,,,,,,,,,,
parking-opt14-strips,p_16_9-01.pddl,symk,0,,,,57,,,,,,,,,,,,
parking-opt14-strips,p_16_9-02.pddl,causal,0,,,7352150,57,,13940365,,,,,,,,,,
parking-opt14-strips,p_16_9-02.pddl,comb-w,0,,,7357076,57,7504,5280506,,,,,,,,,,
parking-opt14-strips,p_16_9-02.pddl,tr-select,0,,,,,,,,,,,,,,,,
parking-opt14-strips,p_16_9-02.pddl,symk,0,,,,57,,,,,,,,,,,,
parking-opt14-strips,p_16_9-03.pddl,causal,0,,,7352150,57,,13940365,,,,,,,,,,
parking-opt14-strips,p_16_9-03.pddl,comb-w,0,,,7357076,57,7504,5280506,,,,,,,,,,
parking-opt14-strips,p_16_9-03.pddl,tr-select,0,,,,,,,,,,,,,,,,
parking-opt14-strips,p_16_9-03.pddl,symk,0,,,,57,,,,,,,,,,,,
parking-opt14-strips,p_16_9-04.pddl,causal,0,,,7352150,57,,13940365,,,,,,,,,,
parking-opt14-strips,p_16_9-04.pddl,comb-w,0,,,7357076,57,7504,5280506,,,,,,,,,,
parking-opt14-strips,p_16_9-04.pddl,tr-select,0,,,,,,,,,,,,,,,,
parking-opt14-strips,p_16_9-04.pddl,symk,0,,,,57,,,,,,,,,,,,
parking-opt14-strips,p_18_10-01.pddl,causal,0,,,5952742,64,,23656602,,,,,,,,,,
parking-opt14-strips,p_18_10-01.pddl,comb-w,0,,,4242186,64,10629,9971605,,,,,,,,,,
parking-opt14-strips,p_18_10-01.pddl,tr-select,0,,,,,,,,,,,,,,,,
parking-opt14-strips,p_18_10-01.pddl,symk,0,,,,64,,,,,,,,,,,,
parking-opt14-strips,p_18_10-02.pddl,causal,0,,,5952742,64,,23656602,,,,,,,,,,
parking-opt14-strips,p_18_10-02.pddl,comb-w,0,,,4242186,64,10629,9884916,,,,,,,,,,
parking-opt14-strips,p_18_10-02.pddl,tr-select,0,,,,,,,,,,,,,,,,
parking-opt14-strips,p_18_10-02.pddl,symk,0,,,,64,,,,,,,,,,,,
parking-opt14-strips,p_18_10-03.pddl,causal,0,,,5952742,64,,23656602,,,,,,,,,,
parking-opt14-strips,p_18_10-03.pddl,comb-w,0,,,4242186,64,10629,9992217,,,,,,,,,,
parking-opt14-strips,p_18_10-03.pddl,tr-select,0,,,,,,,,,,,,,,,,
parking-opt14-strips,p_18_10-03.pddl,symk,0,,,,64,,,,,,,,,,,,
parking-opt14-strips,p_18_10-04.pddl,causal,0,,,5952742,64,,23656602,,,,,,,,,,
parking-opt14-strips,p_18_10-04.pddl,comb-w,0,,,4242186,64,10629,9888375,,,,,,,,,,
parking-opt14-strips,p_18_10-04.pddl,tr-select,0,,,,,,,,,,,,,,,,
parking-opt14-strips,p_18_10-04.pddl,symk,0,,,,64,,,,,,,,,,,,
parking-opt14-strips,p_20_11-01.pddl,causal,0,,,8138313,71,,32978329,,,,,,,,,,
parking-opt14-strips,p_20_11-01.pddl,comb-w,0,,,9485169,71,14520,17174429,,,,,,,,,,
parking-opt14-strips,p_20_11-01.pddl,tr-select,0,,,,,,,,,,,,,,,,
parking-opt14-strips,p_20_11-01.pddl,symk,0,,,,71,,,,,,,,,,,,
parking-opt14-strips,p_20_11-02.pddl,causal,0,,,8138313,71,,32978329,,,,,,,,,,
parking-opt14-strips,p_20_11-02.pddl,comb-w,0,,,9485169,71,14520,18197100,,,,,,,,,,
parking-opt14-strips,p_20_11-02.pddl,tr-select,0,,,,,,,,,,,,,,,,
parking-opt14-strips,p_20_11-02.pddl,symk,0,,,,71,,,,,,,,,,,,
parking-opt14-strips,p_20_11-03.pddl,causal,0,,,8138313,71,,32978329,,,,,,,,,,
parking-opt14-strips,p_20_11-03.pddl,comb-w,0,,,9485169,71,14520,15926333,,,,,,,,,,
parking-opt14-strips,p_20_11-03.pddl,tr-select,0,,,,,,,,,,,,,,,,
parking-opt14-strips,p_20_11-03.pddl,symk,0,,,,71,,,,,,,,,,,,
parking-opt14-strips,p_20_11-04.pddl,causal,0,,,8138313,71,,36345498,,,,,,,,,,
parking-opt14-strips,p_20_11-04.pddl,comb-w,0,,,9485169,71,14520,15970999,,,,,,,,,,
parking-opt14-strips,p_20_11-04.pddl,tr-select,0,,,,,,,,,,,,,,,,
parking-opt14-strips,p_20_11-04.pddl,symk,0,,,,71,,,,,,,,,,,,
pathways,p01.pddl,causal,1,6,0.0121365,179,44,,2571,143,1.40752e+08,108,130,36792,3772,3,3,0,0
pathways,p01.pddl,comb-w,1,6,0.00689664,53,44,37,745,17,1.41683e+08,52,71,18396,1830,2,4,0,0
pathways,p01.pddl,tr-select,1,6,0.0136702,,,,,,,,,,,,,,
pathways,p01.pddl,symk,1,6,0.00988045,,27,,,,,,,,,,,,
pathways,p02.pddl,causal,1,12,0.0187681,152,55,,2206,213,1.72963e+10,179,228,40880,4314,3,9,0,0
pathways,p02.pddl,comb-w,1,12,0.0158609,130,55,82,1339,90,1.72967e+10,150,98,34748,3087,2,10,0,0
pathways,p02.pddl,tr-select,1,12,0.018226,,,,,,,,,,,,,,
pathways,p02.pddl,symk,1,12,0.0144582,,35,,,,,,,,,,,,
pathways,p03.pddl,causal,1,18,0.0610391,460,77,,7224,48318,2.25729e+15,900,568,161476,14055,15,3,0,0
pathways,p03.pddl,comb-w,1,18,0.0473431,160,77,129,2763,23050,2.26012e+15,811,669,108332,9073,14,4,0,0
pathways,p03.pddl,tr-select,1,18,0.0614878,,,,,,,,,,,,,,
pathways,p03.pddl,symk,1,18,0.0746313,,53,,,,,,,,,,,,
pathways,p04.pddl,causal,1,17,0.244488,1429,94,,54861,202445,1.84822e+19,2266,2518,641816,67943,15,2,0,0
pathways,p04.pddl,comb-w,1,17,0.0851437,237,94,145,4734,124749,1.85e+19,1296,994,179872,12578,13,4,0,0
pathways,p04.pddl,tr-select,1,17,0.210351,,,,,,,,,,,,,,
pathways,p04.pddl,symk,1,17,0.150189,,67,,,,,,,,,,,,
pathways,p05.pddl,causal,1,30,13.7872,5007,119,,61235,9.20752e+09,6.05346e+23,86402,140699,7185682,561287,25,5,0,0
pathways,p05.pddl,comb-w,1,30,8.23742,614,119,176,11796,6.6023e+09,6.05491e+23,52362,84986,3495240,334822,24,6,0,0
pathways,p05.pddl,tr-select,1,30,7.16544,,,,,,,,,,,,,,
pathways,p05.pddl,symk,1,30,8.86256,,83,,,,,,,,,,,,
pathways,p06.pddl,causal,0,,,91858,169,,144115,,,,,,,,,,
pathways,p06.pddl,comb-w,1,55,415.374,854,169,347,17364,5.87924e+14,1.82772e+36,131597,119671,16845626,738351,45,10,0,0
pathways,p06.pddl,tr-select,1,55,441.642,,,,,,,,,,,,,,
pathways,p06.pddl,symk,0,,,,126,,,,,,,,,,,,
pathways,p07.pddl,causal,0,,,63506,212,,82664,,,,,,,,,,
pathways,p07.pddl,comb-w,0,,,2351,212,309,79882,,,,,,,,,,
pathways,p07.pddl,tr-select,0,,,,,,,,,,,,,,,,
pathways,p07.pddl,symk,0,,,,143,,,,,,,,,,,,
pathways,p08.pddl,causal,0,,,20175,253,,127552,,,,,,,,,,
pathways,p08.pddl,comb-w,0,,,2368,253,596,64846,,,,,,,,,,
pathways,p08.pddl,tr-select,0,,,,,,,,,,,,,,,,
pathways,p08.pddl,symk,0,,,,179,,,,,,,,,,,,
pathways,p09.pddl,causal,0,,,17978,247,,92176,,,,,,,,,,
pathways,p09.pddl,comb-w,0,,,8556,247,515,83637,,,,,,,,,,
pathways,p09.pddl,tr-select,0,,,,,,,,,,,,,,,,
pathways,p09.pddl,symk,0,,,,175,,,,,,,,,,,,
pathways,p10.pddl,causal,0,,,8325,211,,141640,,,,,,,,,,
pathways,p10.pddl,comb-w,0,,,6992,211,525,88243,,,,,,,,,,
pathways,p10.pddl,tr-select,0,,,,,,,,,,,,,,,,
pathways,p10.pddl,symk,0,,,,159,,,,,,,,,,,,
pathways,p11.pddl,causal,0,,,83377,209,,96436,,,,,,,,,,
pathways,p11.pddl,comb-w,0,,,6722,209,340,91480,,,,,,,,,,
pathways,p11.pddl,tr-select,0,,,,,,,,,,,,,,,,
pathways,p11.pddl,symk,0,,,,164,,,,,,,,,,,,
pathways,p12.pddl,causal,0,,,8218,278,,91386,,,,,,,,,,
pathways,p12.pddl,comb-w,0,,,4725,278,748,109605,,,,,,,,,,
pathways,p12.pddl,tr-select,0,,,,,,,,,,,,,,,,
pathways,p12.pddl,symk,0,,,,178,,,,,,,,,,,,
pathways,p13.pddl,causal,0,,,52860,247,,229975,,,,,,,,,,
pathways,p13.pddl,comb-w,0,,,9691,247,529,101003,,,,,,,,,,
pathways,p13.pddl,tr-select,0,,,,,,,,,,,,,,,,
pathways,p13.pddl,symk,0,,,,181,,,,,,,,,,,,
pathways,p14.pddl,causal,0,,,12660,260,,161666,,,,,,,,,,
pathways,p14.pddl,comb-w,0,,,4656,260,562,85946,,,,,,,,,,
pathways,p14.pddl,tr-select,0,,,,,,,,,,,,,,,,
pathways,p14.pddl,symk,0,,,,191,,,,,,,,,,,,
pathways,p15.pddl,causal,0,,,27330,254,,272532,,,,,,,,,,
pathways,p15.pddl,comb-w,0,,,67374,254,600,68173,,,,,,,,,,
pathways,p15.pddl,tr-select,0,,,,,,,,,,,,,,,,
pathways,p15.pddl,symk,0,,,,194,,,,,,,,,,,,
pathways,p16.pddl,causal,0,,,53366,419,,340409,,,,,,,,,,
pathways,p16.pddl,comb-w,0,,,26825,419,857,188513,,,,,,,,,,
pathways,p16.pddl,tr-select,0,,,,,,,,,,,,,,,,
pathways,p16.pddl,symk,0,,,,252,,,,,,,,,,,,
pathways,p17.pddl,causal,0,,,88720,442,,351318,,,,,,,,,,
pathways,p17.pddl,comb-w,0,,,12571,442,1207,180902,,,,,,,,,,
pathways,p17.pddl,tr-select,0,,,,,,,,,,,,,,,,
pathways,p17.pddl,symk,0,,,,287,,,,,,,,,,,,
pathways,p18.pddl,causal,0,,,14011,351,,211140,,,,,,,,,,
pathways,p18.pddl,comb-w,0,,,28462,351,756,126549,,,,,,,,,,
pathways,p18.pddl,tr-select,0,,,,,,,,,,,,,,,,
pathways,p18.pddl,symk,0,,,,231,,,,,,,,,,,,
pathways,p19.pddl,causal,0,,,145334,465,,344515,,,,,,,,,,
pathways,p19.pddl,comb-w,0,,,71681,465,984,122083,,,,,,,,,,
pathways,p19.pddl,tr-select,0,,,,,,,,,,,,,,,,
pathways,p19.pddl,symk,0,,,,283,,,,,,,,,,,,
pathways,p20.pddl,causal,0,,,69969,385,,361670,,,,,,,,,,
pathways,p20.pddl,comb-w,0,,,32195,385,865,70309,,,,,,,,,,
pathways,p20.pddl,tr-select,0,,,,,,,,,,,,,,,,
pathways,p20.pddl,symk,0,,,,255,,,,,,,,,,,,
pathways,p21.pddl,causal,0,,,44794,417,,340829,,,,,,,,,,
pathways,p21.pddl,comb-w,0,,,21953,417,1025,98844,,,,,,,,,,
pathways,p21.pddl,tr-select,0,,,,,,,,,,,,,,,,
pathways,p21.pddl,symk,0,,,,289,,,,,,,,,,,,
pathways,p22.pddl,causal,0,,,99528,340,,267140,,,,,,,,,,
pathways,p22.pddl,comb-w,0,,,47478,340,796,241794,,,,,,,,,,
pathways,p22.pddl,tr-select,0,,,,,,,,,,,,,,,,
pathways,p22.pddl,symk,0,,,,272,,,,,,,,,,,,
pathways,p23.pddl,causal,0,,,41133,365,,355471,,,,,,,,,,
pathways,p23.pddl,comb-w,0,,,46268,365,653,218004,,,,,,,,,,
pathways,p23.pddl,tr-select,0,,,,,,,,,,,,,,,,
pathways,p23.pddl,symk,0,,,,279,,,,,,,,,,,,
pathways,p24.pddl,causal,0,,,95798,463,,381010,,,,,,,,,,
pathways,p24.pddl,comb-w,0,,,21819,463,1173,141271,,,,,,,,,,
pathways,p24.pddl,tr-select,0,,,,,,,,,,,,,,,,
pathways,p24.pddl,symk,0,,,,292,,,,,,,,,,,,
pathways,p25.pddl,causal,0,,,61081,476,,488769,,,,,,,,,,
pathways,p25.pddl,comb-w,0,,,17879,476,997,143467,,,,,,,,,,
pathways,p25.pddl,tr-select,0,,,,,,,,,,,,,,,,
pathways,p25.pddl,symk,0,,,,329,,,,,,,,,,,,
pathways,p26.pddl,causal,0,,,79465,468,,385184,,,,,,,,,,
pathways,p26.pddl,comb-w,0,,,14038,468,1119,321285,,,,,,,,,,
pathways,p26.pddl,tr-select,0,,,,,,,,,,,,,,,,
pathways,p26.pddl,symk,0,,,,338,,,,,,,,,,,,
pathways,p27.pddl,causal,0,,,144095,553,,691630,,,,,,,,,,
pathways,p27.pddl,comb-w,0,,,56070,553,1398,405508,,,,,,,,,,
pathways,p27.pddl,tr-select,0,,,,,,,,,,,,,,,,
pathways,p27.pddl,symk,0,,,,358,,,,,,,,,,,,
pathways,p28.pddl,causal,0,,,96270,477,,379903,,,,,,,,,,
pathways,p28.pddl,comb-w,0,,,76994,477,997,232184,,,,,,,,,,
pathways,p28.pddl,tr-select,0,,,,,,,,,,,,,,,,
pathways,p28.pddl,symk,0,,,,344,,,,,,,,,,,,
pathways,p29.pddl,causal,0,,,29465,424,,352345,,,,,,,,,,
pathways,p29.pddl,comb-w,0,,,35935,424,989,129980,,,,,,,,,,
pathways,p29.pddl,tr-select,0,,,,,,,,,,,,,,,,
pathways,p29.pddl,symk,0,,,,307,,,,,,,,,,,,
pathways,p30.pddl,causal,0,,,35844,494,,372575,,,,,,,,,,
pathways,p30.pddl,comb-w,0,,,38081,494,1475,199716,,,,,,,,,,
pathways,p30.pddl,tr-select,0,,,,,,,,,,,,,,,,
pathways,p30.pddl,symk,0,,,,356,,,,,,,,,,,,
pegsol-08-strips,p01.pddl,causal,1,2,0.00118683,37,21,,127,4,7,22,19,2044,545,4,5,0,0
pegsol-08-strips,p01.pddl,comb-w,1,2,0.00118905,37,21,74,127,4,7,22,19,2044,545,4,5,0,0
pegsol-08-strips,p01.pddl,tr-select,1,2,0.00115321,,,,,,,,,,,,,,
pegsol-08-strips,p01.pddl,symk,1,2,0.00152546,,21,,,,,,,,,,,,
pegsol-08-strips,p02.pddl,causal,1,5,0.00115409,55,34,,133,3,15,23,37,2044,556,3,14,0,0
pegsol-08-strips,p02.pddl,comb-w,1,5,0.00131447,57,34,40,135,3,15,23,40,2044,559,3,14,0,0
pegsol-08-strips,p02.pddl,tr-select,1,5,0.00118439,,,,,,,,,,,,,,
pegsol-08-strips,p02.pddl,symk,1,5,0.00155367,,34,,,,,,,,,,,,
pegsol-08-strips,p03.pddl,causal,1,4,0.00938515,368,34,,1917,14,59,103,241,26572,4359,4,20,0,0
pegsol-08-strips,p03.pddl,comb-w,1,4,0.0104089,205,34,95,1555,14,59,117,268,20440,3762,4,20,0,0
pegsol-08-strips,p03.pddl,tr-select,1,4,0.00948272,,,,,,,,,,,,,,
pegsol-08-strips,p03.pddl,symk,1,4,0.00961715,,34,,,,,,,,,,,,
pegsol-08-strips,p04.pddl,causal,1,4,0.00357355,136,34,,483,6,33,68,78,8176,1723,2,17,0,0
pegsol-08-strips,p04.pddl,comb-w,1,4,0.00389475,256,34,176,658,6,33,76,102,9198,2139,2,17,0,0
pegsol-08-strips,p04.pddl,tr-select,1,4,0.00389597,,,,,,,,,,,,,,
pegsol-08-strips,p04.pddl,symk,1,4,0.00402817,,34,,,,,,,,,,,,
pegsol-08-strips,p05.pddl,causal,1,4,0.0128253,301,21,,2139,80,128,339,302,33726,5162,12,16,0,0
pegsol-08-strips,p05.pddl,comb-w,1,4,0.0124743,463,21,39,2136,80,128,317,288,36792,5203,12,16,0,0
pegsol-08-strips,p05.pddl,tr-select,1,4,0.0122663,,,,,,,,,,,,,,
pegsol-08-strips,p05.pddl,symk,1,4,0.011208,,21,,,,,,,,,,,,
pegsol-08-strips,p06.pddl,causal,1,4,0.0544738,3081,34,,10794,139,443,697,822,167608,19883,16,23,0,0
pegsol-08-strips,p06.pddl,comb-w,1,4,0.04383,2090,34,136,8378,139,443,781,921,143080,16902,17,22,0,0
pegsol-08-strips,p06.pddl,tr-select,1,4,0.0508641,,,,,,,,,,,,,,
pegsol-08-strips,p06.pddl,symk,1,4,0.101356,,34,,,,,,,,,,,,
pegsol-08-strips,p07.pddl,causal,1,3,0.0325136,1648,34,,5494,18,49,182,191,109354,11174,11,12,0,0
pegsol-08-strips,p07.pddl,comb-w,1,3,0.0237453,976,34,450,3400,44,34,289,178,79716,8674,14,9,0,0
pegsol-08-strips,p07.pddl,tr-select,1,3,0.0326791,,,,,,,,,,,,,,
pegsol-08-strips,p07.pddl,symk,1,3,0.0335932,,34,,,,,,,,,,,,
pegsol-08-strips,p08.pddl,causal,1,6,0.276151,39489,34,,84004,2645,3382,5121,7218,851326,157743,30,30,0,0
pegsol-08-strips,p08.pddl,comb-w,1,6,0.358135,67474,34,49,39049,2645,3382,5031,6860,1111936,139356,30,30,0,0
pegsol-08-strips,p08.pddl,tr-select,1,6,0.272635,,,,,,,,,,,,,,
pegsol-08-strips,p08.pddl,symk,1,6,0.866453,,34,,,,,,,,,,,,
pegsol-08-strips,p09.pddl,causal,1,5,0.397883,21334,34,,56647,665,1010,1723,2266,1225378,90612,34,24,0,0
pegsol-08-strips,p09.pddl,comb-w,1,5,0.37008,24566,34,145,64719,665,1010,1922,2700,1419558,103190,34,24,0,0
pegsol-08-strips,p09.pddl,tr-select,1,5,0.346754,,,,,,,,,,,,,,
pegsol-08-strips,p09.pddl,symk,1,5,0.360206,,34,,,,,,,,,,,,
pegsol-08-strips,p10.pddl,causal,1,6,0.311659,39489,34,,84004,3913,4230,5732,8417,865634,164943,32,32,0,0
pegsol-08-strips,p10.pddl,comb-w,1,6,0.365849,67474,34,49,39049,3913,4230,5513,7859,1126244,145268,32,32,0,0
pegsol-08-strips,p10.pddl,tr-select,1,6,0.308467,,,,,,,,,,,,,,
pegsol-08-strips,p10.pddl,symk,1,6,1.0015,,34,,,,,,,,,,,,
pegsol-08-strips,p11.pddl,causal,1,7,0.236234,6877,34,,20108,1916,5739,3100,5623,600936,53786,36,40,0,0
pegsol-08-strips,p11.pddl,comb-w,1,7,0.150012,7387,34,132,22399,1916,5739,3304,6432,332150,59610,36,40,0,0
pegsol-08-strips,p11.pddl,tr-select,1,7,0.193607,,,,,,,,,,,,,,
pegsol-08-strips,p11.pddl,symk,1,7,0.145193,,34,,,,,,,,,,,,
pegsol-08-strips,p12.pddl,causal,1,8,0.483688,39489,34,,84004,11518,16054,11397,11454,1008714,206355,44,55,0,0
pegsol-08-strips,p12.pddl,comb-w,1,8,1.15641,67474,34,49,39049,5880,72694,7441,21728,1287720,195592,44,56,0,0
pegsol-08-strips,p12.pddl,tr-select,1,8,0.445809,,,,,,,,,,,,,,
pegsol-08-strips,p12.pddl,symk,1,8,0.987194,,34,,,,,,,,,,,,
pegsol-08-strips,p13.pddl,causal,1,9,0.592804,39489,34,,84004,20525,72694,17367,22280,1108870,249354,50,56,0,0
pegsol-08-strips,p13.pddl,comb-w,1,9,0.65747,67474,34,49,39049,20525,72694,15310,21728,1349040,222246,50,56,0,0
pegsol-08-strips,p13.pddl,tr-select,1,9,0.54474,,,,,,,,,,,,,,
pegsol-08-strips,p13.pddl,symk,1,9,1.18299,,34,,,,,,,,,,,,
pegsol-08-strips,p14.pddl,causal,1,7,0.493817,39489,34,,84004,14376,72694,13837,22280,1048572,234871,43,56,0,0
pegsol-08-strips,p14.pddl,comb-w,1,7,0.604131,67474,34,49,39049,14376,72694,13878,21728,1323490,216780,43,56,0,0
pegsol-08-strips,p14.pddl,tr-select,1,7,0.540432,,,,,,,,,,,,,,
pegsol-08-strips,p14.pddl,symk,1,7,1.00216,,34,,,,,,,,,,,,
pegsol-08-strips,p15.pddl,causal,1,8,0.523865,39489,34,,84004,13730,72694,14899,22280,1098650,235217,56,56,0,0
pegsol-08-strips,p15.pddl,comb-w,1,8,0.599902,67474,34,49,39049,13730,72694,11356,21728,1346996,209721,56,56,0,0
pegsol-08-strips,p15.pddl,tr-select,1,8,0.711188,,,,,,,,,,,,,,
pegsol-08-strips,p15.pddl,symk,1,8,1.16582,,34,,,,,,,,,,,,
pegsol-08-strips,p16.pddl,causal,1,8,0.587214,39489,34,,84004,7902,5174,7602,9528,941262,188163,68,34,0,0
pegsol-08-strips,p16.pddl,comb-w,1,8,0.526362,67474,34,49,39049,6073,16054,7519,10761,1252972,177340,52,55,0,0
pegsol-08-strips,p16.pddl,tr-select,1,8,0.388535,,,,,,,,,,,,,,
pegsol-08-strips,p16.pddl,symk,1,8,0.9261,,34,,,,,,,,,,,,
pegsol-08-strips,p17.pddl,causal,1,10,2.95458,39489,34,,84004,143495,314400,63432,91027,3079286,758015,66,85,0,0
pegsol-08-strips,p17.pddl,comb-w,1,10,3.36884,67474,34,49,39049,143495,314400,63764,90388,3465602,731210,66,85,0,0
pegsol-08-strips,p17.pddl,tr-select,1,10,2.92536,,,,,,,,,,,,,,
pegsol-08-strips,p17.pddl,symk,1,10,6.5423,,34,,,,,,,,,,,,
pegsol-08-strips,p18.pddl,causal,1,7,0.45339,39489,34,,84004,6194,72694,8467,22280,997472,217155,45,56,0,0
pegsol-08-strips,p18.pddl,comb-w,1,7,0.537055,67474,34,49,39049,6194,72694,8912,21728,1262170,195991,45,56,0,0
pegsol-08-strips,p18.pddl,tr-select,1,7,0.991067,,,,,,,,,,,,,,
pegsol-08-strips,p18.pddl,symk,1,7,0.975336,,34,,,,,,,,,,,,
pegsol-08-strips,p19.pddl,causal,1,8,0.715515,39489,34,,84004,53562,72694,28515,22280,1237642,279253,42,57,0,0
pegsol-08-strips,p19.pddl,comb-w,1,8,0.891056,67474,34,49,39049,53562,72694,33033,21728,1567748,273535,42,57,0,0
pegsol-08-strips,p19.pddl,tr-select,1,8,0.729328,,,,,,,,,,,,,,
pegsol-08-strips,p19.pddl,symk,1,8,1.44553,,34,,,,,,,,,,,,
pegsol-08-strips,p20.pddl,causal,1,7,0.528988,39489,34,,84004,17375,16054,18769,11454,1053682,223833,42,55,0,0
pegsol-08-strips,p20.pddl,comb-w,1,7,0.644493,67474,34,49,39049,17375,16054,16581,10761,1308160,196660,42,55,0,0
pegsol-08-strips,p20.pddl,tr-select,1,7,0.547387,,,,,,,,,,,,,,
pegsol-08-strips,p20.pddl,symk,1,7,1.13509,,34,,,,,,,,,,,,
pegsol-08-strips,p21.pddl,causal,1,8,0.858575,39489,34,,84004,83511,72694,40832,22280,1401162,325424,46,57,0,0
pegsol-08-strips,p21.pddl,comb-w,1,8,1.0351,67474,34,49,39049,76640,119500,50952,44615,1775214,359685,46,58,0,0
pegsol-08-strips,p21.pddl,tr-select,1,8,1.03184,,,,,,,,,,,,,,
pegsol-08-strips,p21.pddl,symk,1,8,1.81136,,34,,,,,,,,,,,,
pegsol-08-strips,p22.pddl,causal,1,6,0.336264,39489,34,,84004,5594,4230,6477,8417,894250,168017,48,32,0,0
pegsol-08-strips,p22.pddl,comb-w,1,6,0.603206,67474,34,49,39049,5594,4230,6133,7859,1154860,148235,48,32,0,0
pegsol-08-strips,p22.pddl,tr-select,1,6,0.337938,,,,,,,,,,,,,,
pegsol-08-strips,p22.pddl,symk,1,6,1.01371,,34,,,,,,,,,,,,
pegsol-08-strips,p23.pddl,causal,1,8,1.19707,39489,34,,84004,83862,72694,49228,22280,1370502,337815,44,56,0,0
pegsol-08-strips,p23.pddl,comb-w,1,8,0.926329,67474,34,49,39049,83862,72694,49424,21728,1650530,319296,44,56,0,0
pegsol-08-strips,p23.pddl,tr-select,1,8,0.869659,,,,,,,,,,,,,,
pegsol-08-strips,p23.pddl,symk,1,8,1.66613,,34,,,,,,,,,,,,
pegsol-08-strips,p24.pddl,causal,1,8,1.205,39489,34,,84004,61955,119500,35391,45238,1685278,368888,54,58,0,0
pegsol-08-strips,p24.pddl,comb-w,1,8,2.3429,67474,34,49,39049,61955,119500,35323,44615,1980636,349938,54,58,0,0
pegsol-08-strips,p24.pddl,tr-select,1,8,1.1221,,,,,,,,,,,,,,
pegsol-08-strips,p24.pddl,symk,1,8,2.84637,,34,,,,,,,,,,,,
pegsol-08-strips,p25.pddl,causal,1,8,0.846522,39489,34,,84004,74388,72694,48477,22280,1462482,347812,46,57,0,0
pegsol-08-strips,p25.pddl,comb-w,1,8,0.973336,67474,34,49,39049,74388,72694,44958,21728,1714916,317068,46,57,0,0
pegsol-08-strips,p25.pddl,tr-select,1,8,0.889818,,,,,,,,,,,,,,
pegsol-08-strips,p25.pddl,symk,1,8,1.59104,,34,,,,,,,,,,,,
pegsol-08-strips,p26.pddl,causal,1,9,2.56855,39489,34,,84004,147160,314400,68758,91027,2604056,687975,38,85,0,0
pegsol-08-strips,p26.pddl,comb-w,1,9,2.80642,67474,34,49,39049,147160,314400,70398,90388,2999570,664159,38,85,0,0
pegsol-08-strips,p26.pddl,tr-select,1,9,2.49408,,,,,,,,,,,,,,
pegsol-08-strips,p26.pddl,symk,1,9,3.05938,,34,,,,,,,,,,,,
pegsol-08-strips,p27.pddl,causal,1,7,0.639472,39489,34,,84004,59750,72694,29716,22280,1225378,288783,54,56,0,0
pegsol-08-strips,p27.pddl,comb-w,1,7,0.74707,67474,34,49,39049,59750,72694,31783,21728,1520736,274962,54,56,0,0
pegsol-08-strips,p27.pddl,tr-select,1,7,0.637856,,,,,,,,,,,,,,
pegsol-08-strips,p27.pddl,symk,1,7,1.25222,,34,,,,,,,,,,,,
pegsol-08-strips,p28.pddl,causal,1,12,44.7143,39489,34,,84004,3.80764e+06,1.26058e+07,744223,1369406,18399066,7248868,84,118,0,0
pegsol-08-strips,p28.pddl,comb-w,1,12,77.6517,67474,34,49,39049,3.80764e+06,1.26058e+07,771606,1409416,18606532,7473303,84,118,0,0
pegsol-08-strips,p28.pddl,tr-select,1,12,156.305,,,,,,,,,,,,,,
pegsol-08-strips,p28.pddl,symk,1,12,109.156,,34,,,,,,,,,,,,
pegsol-08-strips,p29.pddl,causal,1,11,26.9412,39489,34,,84004,2.00684e+06,3.72942e+06,455720,710577,16589104,4421795,74,117,0,0
pegsol-08-strips,p29.pddl,comb-w,1,11,22.9982,67474,34,49,39049,2.00684e+06,3.72942e+06,339129,717662,13590556,3936658,74,117,0,0
pegsol-08-strips,p29.pddl,tr-select,1,11,111.758,,,,,,,,,,,,,,
pegsol-08-strips,p29.pddl,symk,1,11,40.5646,,34,,,,,,,,,,,,
pegsol-08-strips,p30.pddl,causal,0,,,39489,34,,84004,,,,,,,,,,
pegsol-08-strips,p30.pddl,comb-w,0,,,67474,34,49,39049,,,,,,,,,,
pegsol-08-strips,p30.pddl,tr-select,0,,,,,,,,,,,,,,,,
pegsol-08-strips,p30.pddl,symk,1,18,1574.55,,34,,,,,,,,,,,,
pegsol-opt11-strips,p01.pddl,causal,1,3,0.0668057,1197,34,,6819,47,50,422,216,205422,13164,23,8,0,0
pegsol-opt11-strips,p01.pddl,comb-w,1,3,0.0600355,1168,34,473,5947,47,50,438,282,218708,12463,23,8,0,0
pegsol-opt11-strips,p01.pddl,tr-select,1,3,0.058583,,,,,,,,,,,,,,
pegsol-opt11-strips,p01.pddl,symk,1,3,0.0651665,,34,,,,,,,,,,,,
pegsol-opt11-strips,p02.pddl,causal,1,10,2.96386,39489,34,,84004,143495,314400,63432,91027,3079286,758015,66,85,0,0
pegsol-opt11-strips,p02.pddl,comb-w,1,10,4.00518,67474,34,49,39049,143495,314400,63764,90388,3465602,731210,66,85,0,0
pegsol-opt11-strips,p02.pddl,tr-select,1,10,2.95999,,,,,,,,,,,,,,
pegsol-opt11-strips,p02.pddl,symk,1,10,3.82296,,34,,,,,,,,,,,,
pegsol-opt11-strips,p03.pddl,causal,1,7,0.449735,39489,34,,84004,6194,72694,8467,22280,997472,217155,45,56,0,0
pegsol-opt11-strips,p03.pddl,comb-w,1,7,0.831466,67474,34,49,39049,6194,72694,8912,21728,1262170,195991,45,56,0,0
pegsol-opt11-strips,p03.pddl,tr-select,1,7,0.450066,,,,,,,,,,,,,,
pegsol-opt11-strips,p03.pddl,symk,1,7,1.15581,,34,,,,,,,,,,,,
pegsol-opt11-strips,p04.pddl,causal,1,8,0.732052,39489,34,,84004,53562,72694,28515,22280,1237642,279253,42,57,0,0
pegsol-opt11-strips,p04.pddl,comb-w,1,8,0.843866,67474,34,49,39049,53562,72694,33033,21728,1567748,273535,42,57,0,0
pegsol-opt11-strips,p04.pddl,tr-select,1,8,0.699983,,,,,,,,,,,,,,
pegsol-opt11-strips,p04.pddl,symk,1,8,1.27068,,34,,,,,,,,,,,,
pegsol-opt11-strips,p05.pddl,causal,1,12,1.35536,34644,34,,81213,48495,58342,30439,35801,1582056,337062,58,48,0,0
pegsol-opt11-strips,p05.pddl,comb-w,1,12,2.13878,56115,34,149,55898,48495,58342,41004,46515,4414018,401307,58,48,0,0
pegsol-opt11-strips,p05.pddl,tr-select,1,12,1.002,,,,,,,,,,,,,,
pegsol-opt11-strips,p05.pddl,symk,1,12,1.09012,,34,,,,,,,,,,,,
pegsol-opt11-strips,p06.pddl,causal,1,9,1.08486,39489,34,,84004,92953,119500,37148,45238,1637244,383965,56,58,0,0
pegsol-opt11-strips,p06.pddl,comb-w,1,9,1.34418,67474,34,49,39049,92953,119500,39483,44615,1961218,372172,56,58,0,0
pegsol-opt11-strips,p06.pddl,tr-select,1,9,1.18937,,,,,,,,,,,,,,
pegsol-opt11-strips,p06.pddl,symk,1,9,2.05529,,34,,,,,,,,,,,,
pegsol-opt11-strips,p07.pddl,causal,1,7,0.600466,39489,34,,84004,17828,72694,18453,22280,1115002,245045,41,56,0,0
pegsol-opt11-strips,p07.pddl,comb-w,1,7,0.664051,67474,34,49,39049,17828,72694,16528,21728,1368458,221699,41,56,0,0
pegsol-opt11-strips,p07.pddl,tr-select,1,7,0.547299,,,,,,,,,,,,,,
pegsol-opt11-strips,p07.pddl,symk,1,7,1.14757,,34,,,,,,,,,,,,
pegsol-opt11-strips,p08.pddl,causal,1,7,0.696332,39489,34,,84004,17375,16054,18769,11454,1053682,223833,42,55,0,0
pegsol-opt11-strips,p08.pddl,comb-w,1,7,0.618345,67474,34,49,39049,17375,16054,16581,10761,1308160,196660,42,55,0,0
pegsol-opt11-strips,p08.pddl,tr-select,1,7,0.506435,,,,,,,,,,,,,,
pegsol-opt11-strips,p08.pddl,symk,1,7,1.09545,,34,,,,,,,,,,,,
pegsol-opt11-strips,p09.pddl,causal,1,8,0.706149,39489,34,,84004,27194,72694,21036,22280,1224356,256968,50,56,0,0
pegsol-opt11-strips,p09.pddl,comb-w,1,8,0.790227,67474,34,49,39049,27194,72694,23135,21728,1520736,243811,50,56,0,0
pegsol-opt11-strips,p09.pddl,tr-select,1,8,0.716669,,,,,,,,,,,,,,
pegsol-opt11-strips,p09.pddl,symk,1,8,1.43004,,34,,,,,,,,,,,,
pegsol-opt11-strips,p10.pddl,causal,1,8,0.790486,39489,34,,84004,83511,72694,40832,22280,1401162,325424,46,57,0,0
pegsol-opt11-strips,p10.pddl,comb-w,1,8,1.11154,67474,34,49,39049,76640,119500,50952,44615,1775214,359685,46,58,0,0
pegsol-opt11-strips,p10.pddl,tr-select,1,8,0.889538,,,,,,,,,,,,,,
pegsol-opt11-strips,p10.pddl,symk,1,8,1.68727,,34,,,,,,,,,,,,
pegsol-opt11-strips,p11.pddl,causal,1,6,0.352038,39489,34,,84004,5594,4230,6477,8417,894250,168017,48,32,0,0
pegsol-opt11-strips,p11.pddl,comb-w,1,6,0.436163,67474,34,49,39049,5594,4230,6133,7859,1154860,148235,48,32,0,0
pegsol-opt11-strips,p11.pddl,tr-select,1,6,0.312158,,,,,,,,,,,,,,
pegsol-opt11-strips,p11.pddl,symk,1,6,0.937806,,34,,,,,,,,,,,,
pegsol-opt11-strips,p12.pddl,causal,1,11,1.07734,39717,34,,90931,22696,47394,13028,23885,2503900,257267,68,68,0,0
pegsol-opt11-strips,p12.pddl,comb-w,1,11,1.19379,44292,34,104,49913,22696,47394,15453,24978,3106880,228350,68,68,0,0
pegsol-opt11-strips,p12.pddl,tr-select,1,11,1.07224,,,,,,,,,,,,,,
pegsol-opt11-strips,p12.pddl,symk,1,11,1.32189,,34,,,,,,,,,,,,
pegsol-opt11-strips,p13.pddl,causal,1,8,0.769983,39489,34,,84004,83862,72694,49228,22280,1370502,337815,44,56,0,0
pegsol-opt11-strips,p13.pddl,comb-w,1,8,1.4403,67474,34,49,39049,83862,72694,49424,21728,1650530,319296,44,56,0,0
pegsol-opt11-strips,p13.pddl,tr-select,1,8,0.741748,,,,,,,,,,,,,,
pegsol-opt11-strips,p13.pddl,symk,1,8,1.54556,,34,,,,,,,,,,,,
pegsol-opt11-strips,p14.pddl,causal,1,8,1.12481,39489,34,,84004,61955,119500,35391,45238,1685278,368888,54,58,0,0
pegsol-opt11-strips,p14.pddl,comb-w,1,8,1.92487,67474,34,49,39049,61955,119500,35323,44615,1980636,349938,54,58,0,0
pegsol-opt11-strips,p14.pddl,tr-select,1,8,1.07835,,,,,,,,,,,,,,
pegsol-opt11-strips,p14.pddl,symk,1,8,2.2459,,34,,,,,,,,,,,,
pegsol-opt11-strips,p15.pddl,causal,1,8,0.861258,39489,34,,84004,74388,72694,48477,22280,1462482,347812,46,57,0,0
pegsol-opt11-strips,p15.pddl,comb-w,1,8,0.968169,67474,34,49,39049,74388,72694,44958,21728,1714916,317068,46,57,0,0
pegsol-opt11-strips,p15.pddl,tr-select,1,8,0.935567,,,,,,,,,,,,,,
pegsol-opt11-strips,p15.pddl,symk,1,8,1.76969,,34,,,,,,,,,,,,
pegsol-opt11-strips,p16.pddl,causal,1,9,2.5325,39489,34,,84004,147160,314400,68758,91027,2604056,687975,38,85,0,0
pegsol-opt11-strips,p16.pddl,comb-w,1,9,2.8197,67474,34,49,39049,147160,314400,70398,90388,2999570,664159,38,85,0,0
pegsol-opt11-strips,p16.pddl,tr-select,1,9,3.70714,,,,,,,,,,,,,,
pegsol-opt11-strips,p16.pddl,symk,1,9,3.26537,,34,,,,,,,,,,,,
pegsol-opt11-strips,p17.pddl,causal,1,7,0.63684,39489,34,,84004,59750,72694,29716,22280,1225378,288783,54,56,0,0
pegsol-opt11-strips,p17.pddl,comb-w,1,7,0.803274,67474,34,49,39049,59750,72694,31783,21728,1520736,274962,54,56,0,0
pegsol-opt11-strips,p17.pddl,tr-select,1,7,0.662329,,,,,,,,,,,,,,
pegsol-opt11-strips,p17.pddl,symk,1,7,1.57636,,34,,,,,,,,,,,,
pegsol-opt11-strips,p18.pddl,causal,1,12,63.0983,39489,34,,84004,3.80764e+06,1.26058e+07,744223,1369406,18399066,7248868,84,118,0,0
pegsol-opt11-strips,p18.pddl,comb-w,1,12,52.3,67474,34,49,39049,3.80764e+06,1.26058e+07,771606,1409416,18606532,7473303,84,118,0,0
pegsol-opt11-strips,p18.pddl,tr-select,1,12,211.762,,,,,,,,,,,,,,
pegsol-opt11-strips,p18.pddl,symk,1,12,71.4781,,34,,,,,,,,,,,,
pegsol-opt11-strips,p19.pddl,causal,1,11,32.0594,39489,34,,84004,2.00684e+06,3.72942e+06,455720,710577,16589104,4421795,74,117,0,0
pegsol-opt11-strips,p19.pddl,comb-w,1,11,24.097,67474,34,49,39049,2.00684e+06,3.72942e+06,339129,717662,13590556,3936658,74,117,0,0
pegsol-opt11-strips,p19.pddl,tr-select,1,11,85.1978,,,,,,,,,,,,,,
pegsol-opt11-strips,p19.pddl,symk,1,11,27.0532,,34,,,,,,,,,,,,
pegsol-opt11-strips,p20.pddl,causal,0,,,39489,34,,84004,,,,,,,,,,
pegsol-opt11-strips,p20.pddl,comb-w,0,,,67474,34,49,39049,,,,,,,,,,
pegsol-opt11-strips,p20.pddl,tr-select,0,,,,,,,,,,,,,,,,
pegsol-opt11-strips,p20.pddl,symk,0,,,,34,,,,,,,,,,,,
petri-net-alignment-opt18-strips,p01.pddl,causal,1,16,4.25486,5994,269,,36749,15231,11437,16068,16822,10364102,369545,237,152,0,0
petri-net-alignment-opt18-strips,p01.pddl,comb-w,1,16,3.78263,3145,269,32137,39353,15231,11437,25908,23265,11002852,446520,237,152,0,0
petri-net-alignment-opt18-strips,p01.pddl,tr-select,1,16,3.49913,,,,,,,,,,,,,,
petri-net-alignment-opt18-strips,p01.pddl,symk,1,16,4.05716,,269,,,,,,,,,,,,
petri-net-alignment-opt18-strips,p02.pddl,causal,1,35,4.35103,3682,269,,34892,1.06584e+06,15122,20331,18108,11317628,490697,337,192,0,0
petri-net-alignment-opt18-strips,p02.pddl,comb-w,1,35,5.10617,2525,269,31858,53009,1.06584e+06,15122,27755,57973,13436234,781793,337,192,0,0
petri-net-alignment-opt18-strips,p02.pddl,tr-select,1,35,4.53512,,,,,,,,,,,,,,
petri-net-alignment-opt18-strips,p02.pddl,symk,1,35,7.67181,,269,,,,,,,,,,,,
petri-net-alignment-opt18-strips,p03.pddl,causal,1,64,12.448,6364,269,,52867,9.57779e+06,559774,85094,97879,19329086,1692304,529,298,0,0
petri-net-alignment-opt18-strips,p03.pddl,comb-w,1,64,10.007,3058,269,32106,47084,1.1717e+07,203467,64919,68718,18503310,1434171,561,262,0,0
petri-net-alignment-opt18-strips,p03.pddl,tr-select,1,64,10.0921,,,,,,,,,,,,,,
petri-net-alignment-opt18-strips,p03.pddl,symk,1,64,12.3388,,269,,,,,,,,,,,,
petri-net-alignment-opt18-strips,p04.pddl,causal,1,79,16.3493,3345,269,,48759,2.23333e+07,355060,103216,96270,21106344,1556496,537,282,0,0
petri-net-alignment-opt18-strips,p04.pddl,comb-w,1,79,14.2528,2206,269,31842,45715,2.23333e+07,355060,89995,88900,17008124,1269508,537,282,0,0
petri-net-alignment-opt18-strips,p04.pddl,tr-select,1,79,13.9164,,,,,,,,,,,,,,
petri-net-alignment-opt18-strips,p04.pddl,symk,1,79,53.2722,,269,,,,,,,,,,,,
petri-net-alignment-opt18-strips,p05.pddl,causal,1,66,44.7351,4016,269,,37855,2.37383e+07,5.82186e+06,324483,477540,18021948,4469519,526,289,0,0
petri-net-alignment-opt18-strips,p05.pddl,comb-w,1,66,24.3643,3520,269,32117,43637,2.03922e+07,7.77168e+06,153069,154313,16508366,3652060,512,300,0,0
petri-net-alignment-opt18-strips,p05.pddl,tr-select,1,66,46.7224,,,,,,,,,,,,,,
petri-net-alignment-opt18-strips,p05.pddl,symk,1,66,18.9092,,269,,,,,,,,,,,,
petri-net-alignment-opt18-strips,p06.pddl,causal,1,95,32.1737,5643,269,,51869,4.54956e+07,709386,168411,186277,17678556,2911504,563,304,0,0
petri-net-alignment-opt18-strips,p06.pddl,comb-w,1,95,19.2016,4166,269,32110,47295,4.37109e+07,1.04373e+06,153849,127648,17377066,2174028,518,344,0,0
petri-net-alignment-opt18-strips,p06.pddl,tr-select,1,95,20.2883,,,,,,,,,,,,,,
petri-net-alignment-opt18-strips,p06.pddl,symk,1,95,35.891,,269,,,,,,,,,,,,
petri-net-alignment-opt18-strips,p07.pddl,causal,1,106,42.3186,4706,269,,46045,5.23875e+07,164857,160755,283693,13261472,2489364,654,250,0,0
petri-net-alignment-opt18-strips,p07.pddl,comb-w,1,106,27.6602,3248,269,31842,49914,4.27421e+07,5.81883e+06,202044,223286,15045884,2634447,580,380,0,0
petri-net-alignment-opt18-strips,p07.pddl,tr-select,1,106,34.9791,,,,,,,,,,,,,,
petri-net-alignment-opt18-strips,p07.pddl,symk,1,106,96.5422,,269,,,,,,,,,,,,
petri-net-alignment-opt18-strips,p08.pddl,causal,1,111,551.088,7671,269,,59202,3.78486e+07,4.326e+07,1418568,1667258,21871822,13881197,606,445,0,0
petri-net-alignment-opt18-strips,p08.pddl,comb-w,1,111,52.6861,3215,269,32112,48589,3.78486e+07,4.326e+07,169556,136911,17042872,4672181,606,445,0,0
petri-net-alignment-opt18-strips,p08.pddl,tr-select,1,111,59.4611,,,,,,,,,,,,,,
petri-net-alignment-opt18-strips,p08.pddl,symk,1,111,59.2117,,269,,,,,,,,,,,,
petri-net-alignment-opt18-strips,p09.pddl,causal,1,132,41.0851,4225,269,,45082,1.1482e+07,7.78706e+07,113222,469781,15690766,2623999,454,630,0,0
petri-net-alignment-opt18-strips,p09.pddl,comb-w,1,132,20.598,3138,269,31869,49234,1.34133e+07,7.78685e+07,126010,85626,13359584,2003007,472,620,0,0
petri-net-alignment-opt18-strips,p09.pddl,tr-select,1,132,47.059,,,,,,,,,,,,,,
petri-net-alignment-opt18-strips,p09.pddl,symk,1,132,38.7455,,269,,,,,,,,,,,,
petri-net-alignment-opt18-strips,p10.pddl,causal,1,169,702.723,5751,269,,58826,6.89733e+07,1.00436e+08,825199,4276682,27053362,18254584,726,768,0,0
petri-net-alignment-opt18-strips,p10.pddl,comb-w,1,169,60.4445,3053,269,32096,50482,3.02176e+07,1.33142e+08,143320,167893,14844550,6159259,462,1047,0,0
petri-net-alignment-opt18-strips,p10.pddl,tr-select,1,169,69.8935,,,,,,,,,,,,,,
petri-net-alignment-opt18-strips,p10.pddl,symk,1,169,126.309,,269,,,,,,,,,,,,
petri-net-alignment-opt18-strips,p11.pddl,causal,1,155,76.0711,3781,269,,48130,1.98133e+07,1.00317e+08,291085,924032,17203326,5482853,474,815,0,0
petri-net-alignment-opt18-strips,p11.pddl,comb-w,1,155,39.5323,2696,269,31881,47422,1.05785e+07,1.08749e+08,128222,117737,21715456,4111163,426,870,0,0
petri-net-alignment-opt18-strips,p11.pddl,tr-select,1,155,42.0604,,,,,,,,,,,,,,
petri-net-alignment-opt18-strips,p11.pddl,symk,1,155,44.095,,269,,,,,,,,,,,,
petri-net-alignment-opt18-strips,p12.pddl,causal,0,,,4685,269,,58263,,,,,,,,,,
petri-net-alignment-opt18-strips,p12.pddl,comb-w,1,187,141.059,3906,269,31880,52019,1.16168e+08,8.07894e+07,190958,120267,16012696,6599135,870,813,0,0
petri-net-alignment-opt18-strips,p12.pddl,tr-select,1,187,142.016,,,,,,,,,,,,,,
petri-net-alignment-opt18-strips,p12.pddl,symk,1,187,217.016,,269,,,,,,,,,,,,
petri-net-alignment-opt18-strips,p13.pddl,causal,1,192,421.946,6724,269,,57676,5.8376e+07,1.0818e+08,604260,653235,23435482,13185742,754,806,0,0
petri-net-alignment-opt18-strips,p13.pddl,comb-w,1,192,70.7763,3542,269,31860,50219,2.91342e+07,1.3821e+08,166268,144237,16403100,5106941,534,1020,0,0
petri-net-alignment-opt18-strips,p13.pddl,tr-select,1,192,76.0107,,,,,,,,,,,,,,
petri-net-alignment-opt18-strips,p13.pddl,symk,1,192,139.356,,269,,,,,,,,,,,,
petri-net-alignment-opt18-strips,p14.pddl,causal,1,201,385.035,4564,269,,48875,2.43461e+07,1.65633e+08,468381,3675624,20340866,11660863,470,1000,0,0
petri-net-alignment-opt18-strips,p14.pddl,comb-w,1,201,61.5618,2674,269,31972,46467,2.12448e+07,1.66768e+08,139029,140700,22565760,6138596,459,1008,0,0
petri-net-alignment-opt18-strips,p14.pddl,tr-select,1,201,58.8599,,,,,,,,,,,,,,
petri-net-alignment-opt18-strips,p14.pddl,symk,1,201,82.7835,,269,,,,,,,,,,,,
petri-net-alignment-opt18-strips,p15.pddl,causal,1,216,116.178,7057,269,,53963,6.57254e+07,1.21792e+08,341000,363442,18192622,6683690,550,866,0,0
petri-net-alignment-opt18-strips,p15.pddl,comb-w,1,216,71.4702,2535,269,31899,47681,5.09084e+07,1.33532e+08,152646,136693,14871122,4417167,504,928,0,0
petri-net-alignment-opt18-strips,p15.pddl,tr-select,1,216,69.3042,,,,,,,,,,,,,,
petri-net-alignment-opt18-strips,p15.pddl,symk,1,216,500.932,,269,,,,,,,,,,,,
petri-net-alignment-opt18-strips,p16.pddl,causal,1,237,174.064,5974,269,,55524,3.63949e+07,1.21688e+08,397337,923760,22328656,9093703,608,972,0,0
petri-net-alignment-opt18-strips,p16.pddl,comb-w,1,237,66.4122,2814,269,31880,52564,3.78465e+07,1.21686e+08,240480,228777,15575280,4934936,608,972,0,0
petri-net-alignment-opt18-strips,p16.pddl,tr-select,1,237,71.9255,,,,,,,,,,,,,,
petri-net-alignment-opt18-strips,p16.pddl,symk,1,237,180.734,,269,,,,,,,,,,,,
petri-net-alignment-opt18-strips,p17.pddl,causal,1,252,119.249,6436,269,,53605,5.5984e+07,1.62496e+08,235660,247255,22399174,5572148,648,976,0,0
petri-net-alignment-opt18-strips,p17.pddl,comb-w,1,252,76.6629,4018,269,31912,51309,5.74586e+07,1.6073e+08,184322,147319,26038516,7913427,658,971,0,0
petri-net-alignment-opt18-strips,p17.pddl,tr-select,1,252,77.4452,,,,,,,,,,,,,,
petri-net-alignment-opt18-strips,p17.pddl,symk,1,252,109.72,,269,,,,,,,,,,,,
petri-net-alignment-opt18-strips,p18.pddl,causal,1,261,134.959,4176,269,,46693,4.27394e+07,1.81465e+08,175980,220599,14010598,5921002,480,1217,0,0
petri-net-alignment-opt18-strips,p18.pddl,comb-w,1,261,133.546,2184,269,31998,49059,5.3057e+07,1.74519e+08,180145,189412,22075200,11121406,512,1171,0,0
petri-net-alignment-opt18-strips,p18.pddl,tr-select,1,261,135.986,,,,,,,,,,,,,,
petri-net-alignment-opt18-strips,p18.pddl,symk,1,261,373.545,,269,,,,,,,,,,,,
petri-net-alignment-opt18-strips,p19.pddl,causal,1,268,74.537,3497,269,,48789,1.6484e+07,1.89169e+08,131790,111605,16068906,5244712,448,1285,0,0
petri-net-alignment-opt18-strips,p19.pddl,comb-w,1,268,95.4453,3321,269,32128,49350,1.14866e+07,1.90824e+08,168731,158828,16614654,7357372,434,1304,0,0
petri-net-alignment-opt18-strips,p19.pddl,tr-select,1,268,75.0884,,,,,,,,,,,,,,
petri-net-alignment-opt18-strips,p19.pddl,symk,1,268,661.299,,269,,,,,,,,,,,,
petri-net-alignment-opt18-strips,p20.pddl,causal,1,295,120.851,6845,269,,56829,2.80561e+07,1.98222e+08,207711,199996,13863430,5478950,450,1382,0,0
petri-net-alignment-opt18-strips,p20.pddl,comb-w,1,295,129.412,3653,269,31852,53909,7.41597e+07,1.61256e+08,215926,227260,21895328,10894623,670,1148,0,0
petri-net-alignment-opt18-strips,p20.pddl,tr-select,1,295,126.899,,,,,,,,,,,,,,
petri-net-alignment-opt18-strips,p20.pddl,symk,1,295,197.175,,269,,,,,,,,,,,,
pipesworld-notankage,p01-net1-b6-g2.pddl,causal,1,5,0.0441485,1542,42,,8635,67,1.09951e+12,425,883,164542,15665,4,1,0,0
pipesworld-notankage,p01-net1-b6-g2.pddl,comb-w,1,5,0.0417006,1269,42,258,7992,67,1.09951e+12,408,662,154322,14252,4,1,0,0
pipesworld-notankage,p01-net1-b6-g2.pddl,tr-select,1,5,0.0494997,,,,,,,,,,,,,,
pipesworld-notankage,p01-net1-b6-g2.pddl,symk,1,5,0.0522157,,42,,,,,,,,,,,,
pipesworld-notankage,p02-net1-b6-g4.pddl,causal,1,12,0.0598561,1499,42,,8485,436,2.74878e+11,1229,1483,176806,19169,7,5,0,0
pipesworld-notankage,p02-net1-b6-g4.pddl,comb-w,1,12,0.0576577,1269,42,258,7992,436,2.74878e+11,1047,1192,173740,17330,6,6,0,0
pipesworld-notankage,p02-net1-b6-g4.pddl,tr-select,1,12,0.0576559,,,,,,,,,,,,,,
pipesworld-notankage,p02-net1-b6-g4.pddl,symk,1,12,0.0592741,,42,,,,,,,,,,,,
pipesworld-notankage,p03-net1-b8-g3.pddl,causal,1,8,0.255694,6499,56,,37762,903,9.0072e+15,2778,5135,661234,64860,6,2,0,0
pipesworld-notankage,p03-net1-b8-g3.pddl,comb-w,1,8,0.272589,5593,56,408,35730,903,9.0072e+15,2515,4698,660212,61416,6,2,0,0
pipesworld-notankage,p03-net1-b8-g3.pddl,tr-select,1,8,0.25411,,,,,,,,,,,,,,
pipesworld-notankage,p03-net1-b8-g3.pddl,symk,1,8,0.198204,,56,,,,,,,,,,,,
pipesworld-notankage,p04-net1-b8-g5.pddl,causal,1,11,0.204013,6569,56,,37587,2060,2.2518e+15,4191,4221,641816,65326,6,5,0,0
pipesworld-notankage,p04-net1-b8-g5.pddl,comb-w,1,11,0.207525,5593,56,408,35730,2060,2.2518e+15,3922,3621,662256,63253,6,5,0,0
pipesworld-notankage,p04-net1-b8-g5.pddl,tr-select,1,11,0.196147,,,,,,,,,,,,,,
pipesworld-notankage,p04-net1-b8-g5.pddl,symk,1,11,0.208179,,56,,,,,,,,,,,,
pipesworld-notankage,p05-net1-b10-g4.pddl,causal,1,8,0.898266,20899,70,,198701,8037,7.3787e+19,11434,7704,2896348,260644,6,2,0,0
pipesworld-notankage,p05-net1-b10-g4.pddl,comb-w,1,8,0.892253,107151,70,590,166102,8037,7.3787e+19,9254,6421,2854446,310843,6,2,0,0
pipesworld-notankage,p05-net1-b10-g4.pddl,tr-select,1,8,0.875616,,,,,,,,,,,,,,
pipesworld-notankage,p05-net1-b10-g4.pddl,symk,1,8,1.06813,,70,,,,,,,,,,,,
pipesworld-notankage,p06-net1-b10-g6.pddl,causal,1,10,1.03447,20721,70,,170941,8037,1.84467e+19,10857,15091,2992416,250831,7,3,0,0
pipesworld-notankage,p06-net1-b10-g6.pddl,comb-w,1,10,1.07679,23557,70,590,195647,8037,1.84467e+19,9269,12624,2948470,265638,7,3,0,0
pipesworld-notankage,p06-net1-b10-g6.pddl,tr-select,1,10,1.08178,,,,,,,,,,,,,,
pipesworld-notankage,p06-net1-b10-g6.pddl,symk,1,10,1.06862,,70,,,,,,,,,,,,
pipesworld-notankage,p07-net1-b12-g5.pddl,causal,1,8,3.12833,137191,84,,501081,16804,6.04463e+23,20877,22566,8520414,720045,7,1,0,0
pipesworld-notankage,p07-net1-b12-g5.pddl,comb-w,1,8,3.42196,137401,84,804,515587,16804,6.04463e+23,15148,18189,9247056,722854,7,1,0,0
pipesworld-notankage,p07-net1-b12-g5.pddl,tr-select,1,8,3.20356,,,,,,,,,,,,,,
pipesworld-notankage,p07-net1-b12-g5.pddl,symk,1,8,3.46363,,84,,,,,,,,,,,,
pipesworld-notankage,p08-net1-b12-g7.pddl,causal,1,10,4.01255,140258,84,,519155,47998,1.51116e+23,33219,33815,9331882,781355,7,3,0,0
pipesworld-notankage,p08-net1-b12-g7.pddl,comb-w,1,10,4.22962,16011,84,804,534524,47998,1.51116e+23,26410,26490,9113174,658138,7,3,0,0
pipesworld-notankage,p08-net1-b12-g7.pddl,tr-select,1,10,1.16057,,,,,,,,,,,,,,
pipesworld-notankage,p08-net1-b12-g7.pddl,symk,1,10,5.49325,,84,,,,,,,,,,,,
pipesworld-notankage,p09-net1-b14-g6.pddl,causal,1,13,32.4363,31153,98,,1166122,846291,4.95176e+27,179182,312566,20314294,2101396,10,3,0,0
pipesworld-notankage,p09-net1-b14-g6.pddl,comb-w,1,13,32.3182,33087,98,1050,1128442,846291,4.95176e+27,147004,286305,18397022,1955445,10,3,0,0
pipesworld-notankage,p09-net1-b14-g6.pddl,tr-select,1,13,9.95494,,,,,,,,,,,,,,
pipesworld-notankage,p09-net1-b14-g6.pddl,symk,1,13,36.2324,,98,,,,,,,,,,,,
pipesworld-notankage,p10-net1-b14-g8.pddl,causal,1,18,144.82,72863,98,,1023734,3.8141e+06,1.23794e+27,428500,594353,22542254,3072778,12,6,0,0
pipesworld-notankage,p10-net1-b14-g8.pddl,comb-w,1,18,110.108,99068,98,1050,1118794,7.14564e+06,1.23794e+27,448892,368972,16869132,2952274,12,6,0,0
pipesworld-notankage,p10-net1-b14-g8.pddl,tr-select,1,18,15.9673,,,,,,,,,,,,,,
pipesworld-notankage,p10-net1-b14-g8.pddl,symk,1,18,168.238,,98,,,,,,,,,,,,
pipesworld-notankage,p11-net2-b10-g2.pddl,causal,1,20,211.124,192909,172,,672931,897212,3.28838e+48,1547517,7,29657418,18053978,20,1,0,0
pipesworld-notankage,p11-net2-b10-g2.pddl,comb-w,1,20,90.8131,99712,172,2015,319505,679064,3.28838e+48,911149,1440364,20218226,5001938,19,1,0,0
pipesworld-notankage,p11-net2-b10-g2.pddl,tr-select,1,20,76.8103,,,,,,,,,,,,,,
pipesworld-notankage,p11-net2-b10-g2.pddl,symk,1,20,245.182,,172,,,,,,,,,,,,
pipesworld-notankage,p12-net2-b10-g4.pddl,causal,1,24,137.548,175108,172,,604108,1.30078e+06,8.22095e+47,1585109,1293786,20080256,6454096,20,4,0,0
pipesworld-notankage,p12-net2-b10-g4.pddl,comb-w,1,24,66.6056,131600,172,2015,338682,1.30078e+06,8.22095e+47,1054999,1307024,20907054,5386795,21,3,0,0
pipesworld-notankage,p12-net2-b10-g4.pddl,tr-select,1,24,110.647,,,,,,,,,,,,,,
pipesworld-notankage,p12-net2-b10-g4.pddl,symk,1,24,145.405,,172,,,,,,,,,,,,
pipesworld-notankage,p13-net2-b12-g3.pddl,causal,1,16,73.97,127470,210,,495058,326171,1.12988e+59,719657,1131689,17840032,4301971,15,1,0,0
pipesworld-notankage,p13-net2-b12-g3.pddl,comb-w,1,16,61.4033,171249,210,2614,519980,326171,1.12988e+59,724224,1231044,18186490,3770492,15,1,0,0
pipesworld-notankage,p13-net2-b12-g3.pddl,tr-select,1,16,68.5855,,,,,,,,,,,,,,
pipesworld-notankage,p13-net2-b12-g3.pddl,symk,1,16,90.1192,,210,,,,,,,,,,,,
pipesworld-notankage,p14-net2-b12-g5.pddl,causal,0,,,147516,218,,1037574,,,,,,,,,,
pipesworld-notankage,p14-net2-b12-g5.pddl,comb-w,0,,,208591,218,2826,573177,,,,,,,,,,
pipesworld-notankage,p14-net2-b12-g5.pddl,tr-select,0,,,,,,,,,,,,,,,,
pipesworld-notankage,p14-net2-b12-g5.pddl,symk,0,,,,218,,,,,,,,,,,,
pipesworld-notankage,p15-net2-b14-g4.pddl,causal,1,26,134.137,141297,227,,578980,2.15758e+06,1.85119e+63,1570629,2794371,23360876,9183822,23,3,0,0
pipesworld-notankage,p15-net2-b14-g4.pddl,comb-w,1,26,128.857,153346,227,2753,313847,2.15758e+06,1.85119e+63,1548559,1942978,27855632,8859730,23,3,0,0
pipesworld-notankage,p15-net2-b14-g4.pddl,tr-select,1,26,124.074,,,,,,,,,,,,,,
pipesworld-notankage,p15-net2-b14-g4.pddl,symk,1,26,136.121,,227,,,,,,,,,,,,
pipesworld-notankage,p16-net2-b14-g6.pddl,causal,0,,,160890,227,,374504,,,,,,,,,,
pipesworld-notankage,p16-net2-b14-g6.pddl,comb-w,0,,,207797,227,2753,357959,,,,,,,,,,
pipesworld-notankage,p16-net2-b14-g6.pddl,tr-select,0,,,,,,,,,,,,,,,,
pipesworld-notankage,p16-net2-b14-g6.pddl,symk,0,,,,227,,,,,,,,,,,,
pipesworld-notankage,p17-net2-b16-g5.pddl,causal,0,,,411565,322,,1475934,,,,,,,,,,
pipesworld-notankage,p17-net2-b16-g5.pddl,comb-w,0,,,290751,322,5000,1102396,,,,,,,,,,
pipesworld-notankage,p17-net2-b16-g5.pddl,tr-select,0,,,,,,,,,,,,,,,,
pipesworld-notankage,p17-net2-b16-g5.pddl,symk,0,,,,322,,,,,,,,,,,,
pipesworld-notankage,p18-net2-b16-g7.pddl,causal,0,,,244187,322,,1832424,,,,,,,,,,
pipesworld-notankage,p18-net2-b16-g7.pddl,comb-w,0,,,235700,322,5000,1102897,,,,,,,,,,
pipesworld-notankage,p18-net2-b16-g7.pddl,tr-select,0,,,,,,,,,,,,,,,,
pipesworld-notankage,p18-net2-b16-g7.pddl,symk,0,,,,322,,,,,,,,,,,,
pipesworld-notankage,p19-net2-b18-g6.pddl,causal,0,,,321701,382,,1815130,,,,,,,,,,
pipesworld-notankage,p19-net2-b18-g6.pddl,comb-w,0,,,213517,382,6402,1102292,,,,,,,,,,
pipesworld-notankage,p19-net2-b18-g6.pddl,tr-select,0,,,,,,,,,,,,,,,,
pipesworld-notankage,p19-net2-b18-g6.pddl,symk,0,,,,382,,,,,,,,,,,,
pipesworld-notankage,p20-net2-b18-g8.pddl,causal,0,,,323831,382,,1786302,,,,,,,,,,
pipesworld-notankage,p20-net2-b18-g8.pddl,comb-w,0,,,373071,382,6402,1246750,,,,,,,,,,
pipesworld-notankage,p20-net2-b18-g8.pddl,tr-select,0,,,,,,,,,,,,,,,,
pipesworld-notankage,p20-net2-b18-g8.pddl,symk,0,,,,382,,,,,,,,,,,,
pipesworld-notankage,p21-net3-b12-g2.pddl,causal,1,14,119.303,284397,248,,1516384,208770,6.21157e+70,449081,7,32412730,2884784,14,0,0,0
pipesworld-notankage,p21-net3-b12-g2.pddl,comb-w,1,14,155.353,182923,248,3909,677059,208770,6.21157e+70,593783,7,29903720,16515088,14,1,0,0
pipesworld-notankage,p21-net3-b12-g2.pddl,tr-select,1,14,109.897,,,,,,,,,,,,,,
pipesworld-notankage,p21-net3-b12-g2.pddl,symk,1,14,130.068,,248,,,,,,,,,,,,
pipesworld-notankage,p22-net3-b12-g4.pddl,causal,0,,,297552,248,,1491707,,,,,,,,,,
pipesworld-notankage,p22-net3-b12-g4.pddl,comb-w,0,,,136018,248,3909,599966,,,,,,,,,,
pipesworld-notankage,p22-net3-b12-g4.pddl,tr-select,0,,,,,,,,,,,,,,,,
pipesworld-notankage,p22-net3-b12-g4.pddl,symk,0,,,,248,,,,,,,,,,,,
pipesworld-notankage,p23-net3-b14-g3.pddl,causal,0,,,483172,324,,2730680,,,,,,,,,,
pipesworld-notankage,p23-net3-b14-g3.pddl,comb-w,0,,,445590,324,5978,1478392,,,,,,,,,,
pipesworld-notankage,p23-net3-b14-g3.pddl,tr-select,0,,,,,,,,,,,,,,,,
pipesworld-notankage,p23-net3-b14-g3.pddl,symk,0,,,,324,,,,,,,,,,,,
pipesworld-notankage,p24-net3-b14-g5.pddl,causal,0,,,466000,324,,2525821,,,,,,,,,,
pipesworld-notankage,p24-net3-b14-g5.pddl,comb-w,0,,,334364,324,5978,1375049,,,,,,,,,,
pipesworld-notankage,p24-net3-b14-g5.pddl,tr-select,0,,,,,,,,,,,,,,,,
pipesworld-notankage,p24-net3-b14-g5.pddl,symk,0,,,,324,,,,,,,,,,,,
pipesworld-notankage,p25-net3-b16-g5.pddl,causal,0,,,632383,400,,3877710,,,,,,,,,,
pipesworld-notankage,p25-net3-b16-g5.pddl,comb-w,0,,,600376,400,8223,2918065,,,,,,,,,,
pipesworld-notankage,p25-net3-b16-g5.pddl,tr-select,0,,,,,,,,,,,,,,,,
pipesworld-notankage,p25-net3-b16-g5.pddl,symk,0,,,,400,,,,,,,,,,,,
pipesworld-notankage,p26-net3-b16-g7.pddl,causal,0,,,718232,400,,2107314,,,,,,,,,,
pipesworld-notankage,p26-net3-b16-g7.pddl,comb-w,0,,,559230,400,8223,2582051,,,,,,,,,,
pipesworld-notankage,p26-net3-b16-g7.pddl,tr-select,0,,,,,,,,,,,,,,,,
pipesworld-notankage,p26-net3-b16-g7.pddl,symk,0,,,,400,,,,,,,,,,,,
pipesworld-notankage,p27-net3-b18-g6.pddl,causal,0,,,931838,466,,2537009,,,,,,,,,,
pipesworld-notankage,p27-net3-b18-g6.pddl,comb-w,0,,,499604,466,10185,3649548,,,,,,,,,,
pipesworld-notankage,p27-net3-b18-g6.pddl,tr-select,0,,,,,,,,,,,,,,,,
pipesworld-notankage,p27-net3-b18-g6.pddl,symk,0,,,,466,,,,,,,,,,,,
pipesworld-notankage,p28-net3-b18-g7.pddl,causal,0,,,633809,466,,3559003,,,,,,,,,,
pipesworld-notankage,p28-net3-b18-g7.pddl,comb-w,0,,,684733,466,10185,4708991,,,,,,,,,,
pipesworld-notankage,p28-net3-b18-g7.pddl,tr-select,0,,,,,,,,,,,,,,,,
pipesworld-notankage,p28-net3-b18-g7.pddl,symk,0,,,,466,,,,,,,,,,,,
pipesworld-notankage,p29-net3-b20-g6.pddl,causal,0,,,843485,562,,4173758,,,,,,,,,,
pipesworld-notankage,p29-net3-b20-g6.pddl,comb-w,0,,,710805,562,13510,6781653,,,,,,,,,,
pipesworld-notankage,p29-net3-b20-g6.pddl,tr-select,0,,,,,,,,,,,,,,,,
pipesworld-notankage,p29-net3-b20-g6.pddl,symk,0,,,,562,,,,,,,,,,,,
pipesworld-notankage,p30-net3-b20-g8.pddl,causal,0,,,692629,522,,2602774,,,,,,,,,,
pipesworld-notankage,p30-net3-b20-g8.pddl,comb-w,0,,,615238,522,11710,2415394,,,,,,,,,,
pipesworld-notankage,p30-net3-b20-g8.pddl,tr-select,0,,,,,,,,,,,,,,,,
pipesworld-notankage,p30-net3-b20-g8.pddl,symk,0,,,,522,,,,,,,,,,,,
pipesworld-notankage,p31-net4-b14-g3.pddl,causal,0,,,695109,348,,4152029,,,,,,,,,,
pipesworld-notankage,p31-net4-b14-g3.pddl,comb-w,0,,,274060,348,6510,1838751,,,,,,,,,,
pipesworld-notankage,p31-net4-b14-g3.pddl,tr-select,0,,,,,,,,,,,,,,,,
pipesworld-notankage,p31-net4-b14-g3.pddl,symk,0,,,,348,,,,,,,,,,,,
pipesworld-notankage,p32-net4-b14-g5.pddl,causal,0,,,652197,348,,4203720,,,,,,,,,,
pipesworld-notankage,p32-net4-b14-g5.pddl,comb-w,0,,,227852,348,6510,2051167,,,,,,,,,,
pipesworld-notankage,p32-net4-b14-g5.pddl,tr-select,0,,,,,,,,,,,,,,,,
pipesworld-notankage,p32-net4-b14-g5.pddl,symk,0,,,,348,,,,,,,,,,,,
pipesworld-notankage,p33-net4-b16-g5.pddl,causal,0,,,627922,384,,4459950,,,,,,,,,,
pipesworld-notankage,p33-net4-b16-g5.pddl,comb-w,0,,,459165,384,7131,1120167,,,,,,,,,,
pipesworld-notankage,p33-net4-b16-g5.pddl,tr-select,0,,,,,,,,,,,,,,,,
pipesworld-notankage,p33-net4-b16-g5.pddl,symk,0,,,,384,,,,,,,,,,,,
pipesworld-notankage,p34-net4-b16-g6.pddl,causal,0,,,853595,416,,4041405,,,,,,,,,,
pipesworld-notankage,p34-net4-b16-g6.pddl,comb-w,0,,,546357,416,8419,2103777,,,,,,,,,,
pipesworld-notankage,p34-net4-b16-g6.pddl,tr-select,0,,,,,,,,,,,,,,,,
pipesworld-notankage,p34-net4-b16-g6.pddl,symk,0,,,,416,,,,,,,,,,,,
pipesworld-notankage,p35-net4-b18-g4.pddl,causal,0,,,874846,507,,3524412,,,,,,,,,,
pipesworld-notankage,p35-net4-b18-g4.pddl,comb-w,0,,,490152,507,11439,4213588,,,,,,,,,,
pipesworld-notankage,p35-net4-b18-g4.pddl,tr-select,0,,,,,,,,,,,,,,,,
pipesworld-notankage,p35-net4-b18-g4.pddl,symk,0,,,,507,,,,,,,,,,,,
pipesworld-notankage,p36-net4-b18-g6.pddl,causal,0,,,841294,507,,3531769,,,,,,,,,,
pipesworld-notankage,p36-net4-b18-g6.pddl,comb-w,0,,,436393,507,11439,4459232,,,,,,,,,,
pipesworld-notankage,p36-net4-b18-g6.pddl,tr-select,0,,,,,,,,,,,,,,,,
pipesworld-notankage,p36-net4-b18-g6.pddl,symk,0,,,,507,,,,,,,,,,,,
pipesworld-notankage,p37-net4-b20-g5.pddl,causal,0,,,1230083,574,,4258589,,,,,,,,,,
pipesworld-notankage,p37-net4-b20-g5.pddl,comb-w,0,,,606541,574,13509,3838215,,,,,,,,,,
pipesworld-notankage,p37-net4-b20-g5.pddl,tr-select,0,,,,,,,,,,,,,,,,
pipesworld-notankage,p37-net4-b20-g5.pddl,symk,0,,,,574,,,,,,,,,,,,
pipesworld-notankage,p38-net4-b20-g7.pddl,causal,0,,,1064803,574,,4164913,,,,,,,,,,
pipesworld-notankage,p38-net4-b20-g7.pddl,comb-w,0,,,694073,574,13509,3895867,,,,,,,,,,
pipesworld-notankage,p38-net4-b20-g7.pddl,tr-select,0,,,,,,,,,,,,,,,,
pipesworld-notankage,p38-net4-b20-g7.pddl,symk,0,,,,574,,,,,,,,,,,,
pipesworld-notankage,p39-net4-b22-g7.pddl,causal,0,,,1083849,707,,6848630,,,,,,,,,,
pipesworld-notankage,p39-net4-b22-g7.pddl,comb-w,0,,,913712,707,19041,8206314,,,,,,,,,,
pipesworld-notankage,p39-net4-b22-g7.pddl,tr-select,0,,,,,,,,,,,,,,,,
pipesworld-notankage,p39-net4-b22-g7.pddl,symk,0,,,,707,,,,,,,,,,,,
pipesworld-notankage,p40-net4-b22-g8.pddl,causal,0,,,1185907,707,,6747172,,,,,,,,,,
pipesworld-notankage,p40-net4-b22-g8.pddl,comb-w,0,,,1042795,707,19041,6759861,,,,,,,,,,
pipesworld-notankage,p40-net4-b22-g8.pddl,tr-select,0,,,,,,,,,,,,,,,,
pipesworld-notankage,p40-net4-b22-g8.pddl,symk,0,,,,707,,,,,,,,,,,,
pipesworld-notankage,p41-net5-b22-g2.pddl,causal,0,,,1350208,764,,9362929,,,,,,,,,,
pipesworld-notankage,p41-net5-b22-g2.pddl,comb-w,0,,,1110808,764,21282,9734324,,,,,,,,,,
pipesworld-notankage,p41-net5-b22-g2.pddl,tr-select,0,,,,,,,,,,,,,,,,
pipesworld-notankage,p41-net5-b22-g2.pddl,symk,0,,,,764,,,,,,,,,,,,
pipesworld-notankage,p42-net5-b22-g4.pddl,causal,0,,,1290896,764,,8793015,,,,,,,,,,
pipesworld-notankage,p42-net5-b22-g4.pddl,comb-w,0,,,1131531,764,21282,8716220,,,,,,,,,,
pipesworld-notankage,p42-net5-b22-g4.pddl,tr-select,0,,,,,,,,,,,,,,,,
pipesworld-notankage,p42-net5-b22-g4.pddl,symk,0,,,,764,,,,,,,,,,,,
pipesworld-notankage,p43-net5-b24-g3.pddl,causal,0,,,1320422,874,,11397631,,,,,,,,,,
pipesworld-notankage,p43-net5-b24-g3.pddl,comb-w,0,,,1338741,874,26043,12473645,,,,,,,,,,
pipesworld-notankage,p43-net5-b24-g3.pddl,tr-select,0,,,,,,,,,,,,,,,,
pipesworld-notankage,p43-net5-b24-g3.pddl,symk,0,,,,874,,,,,,,,,,,,
pipesworld-notankage,p44-net5-b24-g5.pddl,causal,0,,,1500278,874,,11145251,,,,,,,,,,
pipesworld-notankage,p44-net5-b24-g5.pddl,comb-w,0,,,1263273,874,26043,10936206,,,,,,,,,,
pipesworld-notankage,p44-net5-b24-g5.pddl,tr-select,0,,,,,,,,,,,,,,,,
pipesworld-notankage,p44-net5-b24-g5.pddl,symk,0,,,,874,,,,,,,,,,,,
pipesworld-notankage,p45-net5-b26-g4.pddl,causal,0,,,1666994,987,,12635330,,,,,,,,,,
pipesworld-notankage,p45-net5-b26-g4.pddl,comb-w,0,,,1394483,987,31064,12661355,,,,,,,,,,
pipesworld-notankage,p45-net5-b26-g4.pddl,tr-select,0,,,,,,,,,,,,,,,,
pipesworld-notankage,p45-net5-b26-g4.pddl,symk,0,,,,987,,,,,,,,,,,,
pipesworld-notankage,p46-net5-b26-g6.pddl,causal,0,,,1972296,987,,12618828,,,,,,,,,,
pipesworld-notankage,p46-net5-b26-g6.pddl,comb-w,0,,,1289282,987,31064,12529650,,,,,,,,,,
pipesworld-notankage,p46-net5-b26-g6.pddl,tr-select,0,,,,,,,,,,,,,,,,
pipesworld-notankage,p46-net5-b26-g6.pddl,symk,0,,,,987,,,,,,,,,,,,
pipesworld-notankage,p47-net5-b28-g5.pddl,causal,0,,,6892417,1097,,13279569,,,,,,,,,,
pipesworld-notankage,p47-net5-b28-g5.pddl,comb-w,0,,,5096900,1097,36167,8124139,,,,,,,,,,
pipesworld-notankage,p47-net5-b28-g5.pddl,tr-select,0,,,,,,,,,,,,,,,,
pipesworld-notankage,p47-net5-b28-g5.pddl,symk,0,,,,1097,,,,,,,,,,,,
pipesworld-notankage,p48-net5-b28-g7.pddl,causal,0,,,6579236,1097,,12973156,,,,,,,,,,
pipesworld-notankage,p48-net5-b28-g7.pddl,comb-w,0,,,2123695,1097,36167,14693527,,,,,,,,,,
pipesworld-notankage,p48-net5-b28-g7.pddl,tr-select,0,,,,,,,,,,,,,,,,
pipesworld-notankage,p48-net5-b28-g7.pddl,symk,0,,,,1097,,,,,,,,,,,,
pipesworld-notankage,p49-net5-b30-g6.pddl,causal,0,,,10835093,1216,,16680192,,,,,,,,,,
pipesworld-notankage,p49-net5-b30-g6.pddl,comb-w,0,,,6046978,1216,42426,8855516,,,,,,,,,,
pipesworld-notankage,p49-net5-b30-g6.pddl,tr-select,0,,,,,,,,,,,,,,,,
pipesworld-notankage,p49-net5-b30-g6.pddl,symk,0,,,,1216,,,,,,,,,,,,
pipesworld-notankage,p50-net5-b30-g8.pddl,causal,0,,,7204301,1216,,13128659,,,,,,,,,,
pipesworld-notankage,p50-net5-b30-g8.pddl,comb-w,0,,,5503695,1216,42426,10864563,,,,,,,,,,
pipesworld-notankage,p50-net5-b30-g8.pddl,tr-select,0,,,,,,,,,,,,,,,,
pipesworld-notankage,p50-net5-b30-g8.pddl,symk,0,,,,1216,,,,,,,,,,,,
pipesworld-tankage,p01-net1-b6-g2-t50.pddl,causal,1,5,0.0246563,1261,35,,4186,67,3.0199e+08,555,354,70518,10334,3,2,0,0
pipesworld-tankage,p01-net1-b6-g2-t50.pddl,comb-w,1,5,0.0227527,537,35,157,2865,67,3.0199e+08,408,346,62342,7819,3,2,0,0
pipesworld-tankage,p01-net1-b6-g2-t50.pddl,tr-select,1,5,0.0263802,,,,,,,,,,,,,,
pipesworld-tankage,p01-net1-b6-g2-t50.pddl,symk,1,5,0.0294467,,23,,,,,,,,,,,,
pipesworld-tankage,p02-net1-b6-g4-t50.pddl,causal,1,12,0.0509487,1439,35,,4263,141,1.88745e+07,819,850,74606,12288,4,8,0,0
pipesworld-tankage,p02-net1-b6-g4-t50.pddl,comb-w,1,12,0.0436502,534,35,157,2864,141,1.88745e+07,612,618,64386,8985,4,8,0,0
pipesworld-tankage,p02-net1-b6-g4-t50.pddl,tr-select,1,12,0.0337966,,,,,,,,,,,,,,
pipesworld-tankage,p02-net1-b6-g4-t50.pddl,symk,1,12,0.0495096,,23,,,,,,,,,,,,
pipesworld-tankage,p03-net1-b8-g3-t80.pddl,causal,1,8,0.264296,1409,47,,9520,8765,1.38746e+11,3668,5050,304556,36797,6,2,0,0
pipesworld-tankage,p03-net1-b8-g3-t80.pddl,comb-w,1,8,0.220364,524,47,77,5102,8765,1.38746e+11,3604,22409,399602,64399,6,2,0,0
pipesworld-tankage,p03-net1-b8-g3-t80.pddl,tr-select,1,8,0.158786,,,,,,,,,,,,,,
pipesworld-tankage,p03-net1-b8-g3-t80.pddl,symk,1,8,0.173631,,31,,,,,,,,,,,,
pipesworld-tankage,p04-net1-b8-g5-t80.pddl,causal,1,11,0.232017,1515,47,,9910,25824,8.81127e+09,6133,6161,386316,46063,6,5,0,0
pipesworld-tankage,p04-net1-b8-g5-t80.pddl,comb-w,1,11,0.205937,273,47,77,5060,25824,8.81127e+09,4996,5916,370986,40363,7,4,0,0
pipesworld-tankage,p04-net1-b8-g5-t80.pddl,tr-select,1,11,0.227949,,,,,,,,,,,,,,
pipesworld-tankage,p04-net1-b8-g5-t80.pddl,symk,1,11,0.209336,,31,,,,,,,,,,,,
pipesworld-tankage,p05-net1-b10-g4-t50.pddl,causal,1,8,0.725341,7072,51,,23176,4657,2.14807e+11,7997,33552,842128,119513,6,2,0,0
pipesworld-tankage,p05-net1-b10-g4-t50.pddl,comb-w,1,8,0.35679,1218,51,149,12289,4657,2.14807e+11,6852,18659,584584,70558,6,2,0,0
pipesworld-tankage,p05-net1-b10-g4-t50.pddl,tr-select,1,8,0.499712,,,,,,,,,,,,,,
pipesworld-tankage,p05-net1-b10-g4-t50.pddl,symk,1,8,0.60482,,31,,,,,,,,,,,,
pipesworld-tankage,p06-net1-b10-g6-t50.pddl,causal,1,10,1.14308,7022,51,,23617,27867,1.34253e+10,27762,25575,1405250,147325,7,3,0,0
pipesworld-tankage,p06-net1-b10-g6-t50.pddl,comb-w,1,10,0.740872,1228,51,149,12346,27867,1.34253e+10,15646,13137,898338,83144,7,3,0,0
pipesworld-tankage,p06-net1-b10-g6-t50.pddl,tr-select,1,10,1.69822,,,,,,,,,,,,,,
pipesworld-tankage,p06-net1-b10-g6-t50.pddl,symk,1,10,0.562026,,31,,,,,,,,,,,,
pipesworld-tankage,p07-net1-b12-g5-t80.pddl,causal,1,8,2.68183,13488,65,,39070,263010,3.94234e+14,34496,183979,3200904,460895,6,2,0,0
pipesworld-tankage,p07-net1-b12-g5-t80.pddl,comb-w,1,8,3.49147,3059,65,84,20644,263010,3.94234e+14,32085,355585,3939810,804712,6,2,0,0
pipesworld-tankage,p07-net1-b12-g5-t80.pddl,tr-select,1,8,3.41138,,,,,,,,,,,,,,
pipesworld-tankage,p07-net1-b12-g5-t80.pddl,symk,1,8,4.59448,,41,,,,,,,,,,,,
pipesworld-tankage,p08-net1-b12-g7-t80.pddl,causal,1,11,9.49894,13488,65,,38672,5.50783e+06,3.4176e+13,144764,307583,7094724,900473,8,3,0,0
pipesworld-tankage,p08-net1-b12-g7-t80.pddl,comb-w,1,11,40.456,3084,65,84,24888,5.50783e+06,3.4176e+13,184623,821330,12643162,2092612,8,3,0,0
pipesworld-tankage,p08-net1-b12-g7-t80.pddl,tr-select,1,11,85.9404,,,,,,,,,,,,,,
pipesworld-tankage,p08-net1-b12-g7-t80.pddl,symk,1,11,7.71711,,41,,,,,,,,,,,,
pipesworld-tankage,p09-net1-b14-g6-t50.pddl,causal,1,18,269.353,31380,68,,44969,8.52887e+08,2.33962e+14,551733,1058533,24492230,3722953,15,5,0,0
pipesworld-tankage,p09-net1-b14-g6-t50.pddl,comb-w,1,18,23.0157,2697,68,129,18249,8.52887e+08,2.33962e+14,186241,330715,17461892,1332692,15,3,0,0
pipesworld-tankage,p09-net1-b14-g6-t50.pddl,tr-select,1,18,21.0251,,,,,,,,,,,,,,
pipesworld-tankage,p09-net1-b14-g6-t50.pddl,symk,1,18,208.434,,40,,,,,,,,,,,,
pipesworld-tankage,p10-net1-b14-g8-t50.pddl,causal,1,19,172.333,49664,68,,47732,8.52887e+08,1.63397e+13,672813,1307860,24676190,4439699,15,4,0,0
pipesworld-tankage,p10-net1-b14-g8-t50.pddl,comb-w,1,19,43.0873,2697,68,129,18249,8.52887e+08,1.63397e+13,193535,526520,21948472,1815727,15,4,0,0
pipesworld-tankage,p10-net1-b14-g8-t50.pddl,tr-select,1,19,38.7592,,,,,,,,,,,,,,
pipesworld-tankage,p10-net1-b14-g8-t50.pddl,symk,1,19,136.493,,40,,,,,,,,,,,,
pipesworld-tankage,p11-net2-b10-g2-t30.pddl,causal,1,22,230.902,162814,44,,765454,3.77552e+06,6.33847e+18,3479839,1477675,27498954,11477548,20,3,0,0
pipesworld-tankage,p11-net2-b10-g2-t30.pddl,comb-w,1,22,408.483,411570,44,1117,681313,3.77552e+06,6.33847e+18,3270062,2206739,30590504,11858098,20,4,0,0
pipesworld-tankage,p11-net2-b10-g2-t30.pddl,tr-select,1,22,99.7436,,,,,,,,,,,,,,
pipesworld-tankage,p11-net2-b10-g2-t30.pddl,symk,1,22,338.87,,44,,,,,,,,,,,,
pipesworld-tankage,p12-net2-b10-g4-t60.pddl,causal,1,24,521.437,250418,50,,921406,3.33367e+07,2.0697e+18,2982118,6560583,32370828,19722313,19,7,0,0
pipesworld-tankage,p12-net2-b10-g4-t60.pddl,comb-w,1,24,492.582,254015,50,1117,869999,3.33367e+07,2.0697e+18,3978480,4451962,38463992,18505606,18,9,0,0
pipesworld-tankage,p12-net2-b10-g4-t60.pddl,tr-select,1,24,184.463,,,,,,,,,,,,,,
pipesworld-tankage,p12-net2-b10-g4-t60.pddl,symk,1,24,402.393,,50,,,,,,,,,,,,
pipesworld-tankage,p13-net2-b12-g3-t70.pddl,causal,1,16,647.554,220844,65,,1119044,3.54711e+07,4.28733e+25,3276422,9604425,62314406,25132798,15,6,0,0
pipesworld-tankage,p13-net2-b12-g3-t70.pddl,comb-w,1,16,835.194,228725,65,1565,996304,3.54711e+07,4.28733e+25,3608215,10093236,62867308,26866659,15,6,0,0
pipesworld-tankage,p13-net2-b12-g3-t70.pddl,tr-select,1,16,644.85,,,,,,,,,,,,,,
pipesworld-tankage,p13-net2-b12-g3-t70.pddl,symk,1,16,588.849,,65,,,,,,,,,,,,
pipesworld-tankage,p14-net2-b12-g5-t30.pddl,causal,0,,,418477,54,,1155553,,,,,,,,,,
pipesworld-tankage,p14-net2-b12-g5-t30.pddl,comb-w,0,,,474197,54,1575,1055877,,,,,,,,,,
pipesworld-tankage,p14-net2-b12-g5-t30.pddl,tr-select,0,,,,,,,,,,,,,,,,
pipesworld-tankage,p14-net2-b12-g5-t30.pddl,symk,0,,,,54,,,,,,,,,,,,
pipesworld-tankage,p15-net2-b14-g4-t30.pddl,causal,1,30,45.6349,170654,60,,191592,1.19923e+07,1.58898e+24,671324,1081223,19935132,4230937,27,3,0,0
pipesworld-tankage,p15-net2-b14-g4-t30.pddl,comb-w,1,30,393.039,379906,60,1641,878899,2.02398e+07,1.58898e+24,3700468,2923091,31966116,15390809,30,2,0,0
pipesworld-tankage,p15-net2-b14-g4-t30.pddl,tr-select,1,30,52.929,,,,,,,,,,,,,,
pipesworld-tankage,p15-net2-b14-g4-t30.pddl,symk,1,30,64.8568,,60,,,,,,,,,,,,
pipesworld-tankage,p16-net2-b14-g6-t80.pddl,causal,0,,,332650,80,,1061751,,,,,,,,,,
pipesworld-tankage,p16-net2-b14-g6-t80.pddl,comb-w,0,,,284740,80,1622,946028,,,,,,,,,,
pipesworld-tankage,p16-net2-b14-g6-t80.pddl,tr-select,0,,,,,,,,,,,,,,,,
pipesworld-tankage,p16-net2-b14-g6-t80.pddl,symk,0,,,,80,,,,,,,,,,,,
pipesworld-tankage,p17-net2-b16-g5-t20.pddl,causal,0,,,890417,66,,1819160,,,,,,,,,,
pipesworld-tankage,p17-net2-b16-g5-t20.pddl,comb-w,0,,,607093,66,2786,1841966,,,,,,,,,,
pipesworld-tankage,p17-net2-b16-g5-t20.pddl,tr-select,0,,,,,,,,,,,,,,,,
pipesworld-tankage,p17-net2-b16-g5-t20.pddl,symk,0,,,,66,,,,,,,,,,,,
pipesworld-tankage,p18-net2-b16-g7-t60.pddl,causal,0,,,4199320,80,,1721809,,,,,,,,,,
pipesworld-tankage,p18-net2-b16-g7-t60.pddl,comb-w,0,,,4096603,80,2770,1848986,,,,,,,,,,
pipesworld-tankage,p18-net2-b16-g7-t60.pddl,tr-select,0,,,,,,,,,,,,,,,,
pipesworld-tankage,p18-net2-b16-g7-t60.pddl,symk,0,,,,80,,,,,,,,,,,,
pipesworld-tankage,p19-net2-b18-g6-t60.pddl,causal,0,,,1270203,86,,1547913,,,,,,,,,,
pipesworld-tankage,p19-net2-b18-g6-t60.pddl,comb-w,0,,,904203,86,3545,2288166,,,,,,,,,,
pipesworld-tankage,p19-net2-b18-g6-t60.pddl,tr-select,0,,,,,,,,,,,,,,,,
pipesworld-tankage,p19-net2-b18-g6-t60.pddl,symk,0,,,,86,,,,,,,,,,,,
pipesworld-tankage,p20-net2-b18-g8-t90.pddl,causal,0,,,1408462,110,,2130125,,,,,,,,,,
pipesworld-tankage,p20-net2-b18-g8-t90.pddl,comb-w,0,,,1401642,110,3539,1921659,,,,,,,,,,
pipesworld-tankage,p20-net2-b18-g8-t90.pddl,tr-select,0,,,,,,,,,,,,,,,,
pipesworld-tankage,p20-net2-b18-g8-t90.pddl,symk,0,,,,110,,,,,,,,,,,,
pipesworld-tankage,p21-net3-b12-g2-t60.pddl,causal,1,14,129.312,264438,78,,1440733,5.90538e+06,6.46217e+27,1196873,54,25834116,4212549,14,0,0,0
pipesworld-tankage,p21-net3-b12-g2-t60.pddl,comb-w,0,,,605277,78,1911,1987158,,,,,,,,,,
pipesworld-tankage,p21-net3-b12-g2-t60.pddl,tr-select,1,14,126.267,,,,,,,,,,,,,,
pipesworld-tankage,p21-net3-b12-g2-t60.pddl,symk,1,14,94.7476,,66,,,,,,,,,,,,
pipesworld-tankage,p22-net3-b12-g4-t60.pddl,causal,0,,,745018,78,,2199115,,,,,,,,,,
pipesworld-tankage,p22-net3-b12-g4-t60.pddl,comb-w,0,,,766441,78,1911,1917512,,,,,,,,,,
pipesworld-tankage,p22-net3-b12-g4-t60.pddl,tr-select,0,,,,,,,,,,,,,,,,
pipesworld-tankage,p22-net3-b12-g4-t60.pddl,symk,0,,,,66,,,,,,,,,,,,
pipesworld-tankage,p23-net3-b14-g3-t60.pddl,causal,0,,,580895,94,,3206179,,,,,,,,,,
pipesworld-tankage,p23-net3-b14-g3-t60.pddl,comb-w,0,,,604220,94,2997,2912788,,,,,,,,,,
pipesworld-tankage,p23-net3-b14-g3-t60.pddl,tr-select,0,,,,,,,,,,,,,,,,
pipesworld-tankage,p23-net3-b14-g3-t60.pddl,symk,0,,,,80,,,,,,,,,,,,
pipesworld-tankage,p24-net3-b14-g5-t60.pddl,causal,0,,,773395,94,,2046002,,,,,,,,,,
pipesworld-tankage,p24-net3-b14-g5-t60.pddl,comb-w,0,,,440044,94,2997,1930711,,,,,,,,,,
pipesworld-tankage,p24-net3-b14-g5-t60.pddl,tr-select,0,,,,,,,,,,,,,,,,
pipesworld-tankage,p24-net3-b14-g5-t60.pddl,symk,0,,,,80,,,,,,,,,,,,
pipesworld-tankage,p25-net3-b16-g5-t60.pddl,causal,0,,,4776937,110,,1942740,,,,,,,,,,
pipesworld-tankage,p25-net3-b16-g5-t60.pddl,comb-w,0,,,1053397,110,4085,3174755,,,,,,,,,,
pipesworld-tankage,p25-net3-b16-g5-t60.pddl,tr-select,0,,,,,,,,,,,,,,,,
pipesworld-tankage,p25-net3-b16-g5-t60.pddl,symk,0,,,,94,,,,,,,,,,,,
pipesworld-tankage,p26-net3-b16-g7-t70.pddl,causal,0,,,881186,114,,3351297,,,,,,,,,,
pipesworld-tankage,p26-net3-b16-g7-t70.pddl,comb-w,0,,,4759717,114,4085,2280614,,,,,,,,,,
pipesworld-tankage,p26-net3-b16-g7-t70.pddl,tr-select,0,,,,,,,,,,,,,,,,
pipesworld-tankage,p26-net3-b16-g7-t70.pddl,symk,0,,,,98,,,,,,,,,,,,
pipesworld-tankage,p27-net3-b18-g6-t70.pddl,causal,0,,,3240912,122,,3416733,,,,,,,,,,
pipesworld-tankage,p27-net3-b18-g6-t70.pddl,comb-w,0,,,1236296,122,4884,3579608,,,,,,,,,,
pipesworld-tankage,p27-net3-b18-g6-t70.pddl,tr-select,0,,,,,,,,,,,,,,,,
pipesworld-tankage,p27-net3-b18-g6-t70.pddl,symk,0,,,,104,,,,,,,,,,,,
pipesworld-tankage,p28-net3-b18-g7-t70.pddl,causal,0,,,1041395,122,,2884194,,,,,,,,,,
pipesworld-tankage,p28-net3-b18-g7-t70.pddl,comb-w,0,,,3869138,122,4884,2737910,,,,,,,,,,
pipesworld-tankage,p28-net3-b18-g7-t70.pddl,tr-select,0,,,,,,,,,,,,,,,,
pipesworld-tankage,p28-net3-b18-g7-t70.pddl,symk,0,,,,104,,,,,,,,,,,,
pipesworld-tankage,p29-net3-b20-g6-t70.pddl,causal,0,,,2321069,139,,3992450,,,,,,,,,,
pipesworld-tankage,p29-net3-b20-g6-t70.pddl,comb-w,0,,,4423341,139,6496,3940541,,,,,,,,,,
pipesworld-tankage,p29-net3-b20-g6-t70.pddl,tr-select,0,,,,,,,,,,,,,,,,
pipesworld-tankage,p29-net3-b20-g6-t70.pddl,symk,0,,,,119,,,,,,,,,,,,
pipesworld-tankage,p30-net3-b20-g8-t70.pddl,causal,0,,,957521,142,,2317744,,,,,,,,,,
pipesworld-tankage,p30-net3-b20-g8-t70.pddl,comb-w,0,,,5367460,142,5716,2235014,,,,,,,,,,
pipesworld-tankage,p30-net3-b20-g8-t70.pddl,tr-select,0,,,,,,,,,,,,,,,,
pipesworld-tankage,p30-net3-b20-g8-t70.pddl,symk,0,,,,122,,,,,,,,,,,,
pipesworld-tankage,p31-net4-b14-g3-t20.pddl,causal,1,39,456.355,804690,72,,967466,1.60949e+06,1.37272e+26,2373955,63,26908238,12000457,39,0,0,0
pipesworld-tankage,p31-net4-b14-g3-t20.pddl,comb-w,1,39,338.621,666203,72,2574,946422,1.60949e+06,1.37272e+26,2149314,63,31063690,10484010,39,0,0,0
pipesworld-tankage,p31-net4-b14-g3-t20.pddl,tr-select,1,39,428.397,,,,,,,,,,,,,,
pipesworld-tankage,p31-net4-b14-g3-t20.pddl,symk,1,39,491.8,,63,,,,,,,,,,,,
pipesworld-tankage,p32-net4-b14-g5-t30.pddl,causal,0,,,2502467,97,,3274436,,,,,,,,,,
pipesworld-tankage,p32-net4-b14-g5-t30.pddl,comb-w,0,,,3068031,97,3189,2559838,,,,,,,,,,
pipesworld-tankage,p32-net4-b14-g5-t30.pddl,tr-select,0,,,,,,,,,,,,,,,,
pipesworld-tankage,p32-net4-b14-g5-t30.pddl,symk,0,,,,83,,,,,,,,,,,,
pipesworld-tankage,p33-net4-b16-g5-t60.pddl,causal,0,,,758796,119,,4136528,,,,,,,,,,
pipesworld-tankage,p33-net4-b16-g5-t60.pddl,comb-w,0,,,4962659,119,3516,2627180,,,,,,,,,,
pipesworld-tankage,p33-net4-b16-g5-t60.pddl,tr-select,0,,,,,,,,,,,,,,,,
pipesworld-tankage,p33-net4-b16-g5-t60.pddl,symk,0,,,,103,,,,,,,,,,,,
pipesworld-tankage,p34-net4-b16-g6-t60.pddl,causal,0,,,4132241,123,,3093392,,,,,,,,,,
pipesworld-tankage,p34-net4-b16-g6-t60.pddl,comb-w,0,,,330222,123,4192,3195623,,,,,,,,,,
pipesworld-tankage,p34-net4-b16-g6-t60.pddl,tr-select,0,,,,,,,,,,,,,,,,
pipesworld-tankage,p34-net4-b16-g6-t60.pddl,symk,0,,,,107,,,,,,,,,,,,
pipesworld-tankage,p35-net4-b18-g4-t90.pddl,causal,0,,,883592,165,,5833413,,,,,,,,,,
pipesworld-tankage,p35-net4-b18-g4-t90.pddl,comb-w,0,,,899913,165,5625,4300032,,,,,,,,,,
pipesworld-tankage,p35-net4-b18-g4-t90.pddl,tr-select,0,,,,,,,,,,,,,,,,
pipesworld-tankage,p35-net4-b18-g4-t90.pddl,symk,0,,,,147,,,,,,,,,,,,
pipesworld-tankage,p36-net4-b18-g6-t90.pddl,causal,0,,,3266860,165,,3011117,,,,,,,,,,
pipesworld-tankage,p36-net4-b18-g6-t90.pddl,comb-w,0,,,1034274,165,5625,4266705,,,,,,,,,,
pipesworld-tankage,p36-net4-b18-g6-t90.pddl,tr-select,0,,,,,,,,,,,,,,,,
pipesworld-tankage,p36-net4-b18-g6-t90.pddl,symk,0,,,,147,,,,,,,,,,,,
pipesworld-tankage,p37-net4-b20-g5-t60.pddl,causal,0,,,6379087,151,,3858843,,,,,,,,,,
pipesworld-tankage,p37-net4-b20-g5-t60.pddl,comb-w,0,,,1940607,151,6686,2914301,,,,,,,,,,
pipesworld-tankage,p37-net4-b20-g5-t60.pddl,tr-select,0,,,,,,,,,,,,,,,,
pipesworld-tankage,p37-net4-b20-g5-t60.pddl,symk,0,,,,131,,,,,,,,,,,,
pipesworld-tankage,p38-net4-b20-g7-t60.pddl,causal,0,,,3815141,151,,2753202,,,,,,,,,,
pipesworld-tankage,p38-net4-b20-g7-t60.pddl,comb-w,0,,,5602101,151,6686,2720508,,,,,,,,,,
pipesworld-tankage,p38-net4-b20-g7-t60.pddl,tr-select,0,,,,,,,,,,,,,,,,
pipesworld-tankage,p38-net4-b20-g7-t60.pddl,symk,0,,,,131,,,,,,,,,,,,
pipesworld-tankage,p39-net4-b22-g7-t50.pddl,causal,0,,,9833936,162,,3463106,,,,,,,,,,
pipesworld-tankage,p39-net4-b22-g7-t50.pddl,comb-w,0,,,4852151,162,9430,4248670,,,,,,,,,,
pipesworld-tankage,p39-net4-b22-g7-t50.pddl,tr-select,0,,,,,,,,,,,,,,,,
pipesworld-tankage,p39-net4-b22-g7-t50.pddl,symk,0,,,,140,,,,,,,,,,,,
pipesworld-tankage,p40-net4-b22-g8-t50.pddl,causal,0,,,7811575,162,,5739272,,,,,,,,,,
pipesworld-tankage,p40-net4-b22-g8-t50.pddl,comb-w,0,,,8660103,162,9430,3566840,,,,,,,,,,
pipesworld-tankage,p40-net4-b22-g8-t50.pddl,tr-select,0,,,,,,,,,,,,,,,,
pipesworld-tankage,p40-net4-b22-g8-t50.pddl,symk,0,,,,140,,,,,,,,,,,,
pipesworld-tankage,p41-net5-b22-g2-t20.pddl,causal,0,,,4134246,163,,9561682,,,,,,,,,,
pipesworld-tankage,p41-net5-b22-g2-t20.pddl,comb-w,0,,,2093681,163,10878,9217854,,,,,,,,,,
pipesworld-tankage,p41-net5-b22-g2-t20.pddl,tr-select,0,,,,,,,,,,,,,,,,
pipesworld-tankage,p41-net5-b22-g2-t20.pddl,symk,0,,,,141,,,,,,,,,,,,
pipesworld-tankage,p42-net5-b22-g4-t50.pddl,causal,0,,,6245104,201,,7347677,,,,,,,,,,
pipesworld-tankage,p42-net5-b22-g4-t50.pddl,comb-w,0,,,4118586,201,10698,7110525,,,,,,,,,,
pipesworld-tankage,p42-net5-b22-g4-t50.pddl,tr-select,0,,,,,,,,,,,,,,,,
pipesworld-tankage,p42-net5-b22-g4-t50.pddl,symk,0,,,,179,,,,,,,,,,,,
pipesworld-tankage,p43-net5-b24-g3-t80.pddl,causal,0,,,2347929,243,,6778094,,,,,,,,,,
pipesworld-tankage,p43-net5-b24-g3-t80.pddl,comb-w,0,,,4530307,243,13308,8189560,,,,,,,,,,
pipesworld-tankage,p43-net5-b24-g3-t80.pddl,tr-select,0,,,,,,,,,,,,,,,,
pipesworld-tankage,p43-net5-b24-g3-t80.pddl,symk,0,,,,219,,,,,,,,,,,,
pipesworld-tankage,p44-net5-b24-g5-t80.pddl,causal,0,,,6233973,243,,6233758,,,,,,,,,,
pipesworld-tankage,p44-net5-b24-g5-t80.pddl,comb-w,0,,,9155543,243,13308,7463272,,,,,,,,,,
pipesworld-tankage,p44-net5-b24-g5-t80.pddl,tr-select,0,,,,,,,,,,,,,,,,
pipesworld-tankage,p44-net5-b24-g5-t80.pddl,symk,0,,,,219,,,,,,,,,,,,
pipesworld-tankage,p45-net5-b26-g4-t50.pddl,causal,0,,,8123906,230,,6395846,,,,,,,,,,
pipesworld-tankage,p45-net5-b26-g4-t50.pddl,comb-w,0,,,4486123,230,15691,6704671,,,,,,,,,,
pipesworld-tankage,p45-net5-b26-g4-t50.pddl,tr-select,0,,,,,,,,,,,,,,,,
pipesworld-tankage,p45-net5-b26-g4-t50.pddl,symk,0,,,,204,,,,,,,,,,,,
pipesworld-tankage,p46-net5-b26-g6-t50.pddl,causal,0,,,9266641,230,,5662399,,,,,,,,,,
pipesworld-tankage,p46-net5-b26-g6-t50.pddl,comb-w,0,,,9145945,230,15691,6063949,,,,,,,,,,
pipesworld-tankage,p46-net5-b26-g6-t50.pddl,tr-select,0,,,,,,,,,,,,,,,,
pipesworld-tankage,p46-net5-b26-g6-t50.pddl,symk,0,,,,204,,,,,,,,,,,,
pipesworld-tankage,p47-net5-b28-g5-t50.pddl,causal,0,,,15451226,247,,8170533,,,,,,,,,,
pipesworld-tankage,p47-net5-b28-g5-t50.pddl,comb-w,0,,,4086840,247,18314,9105457,,,,,,,,,,
pipesworld-tankage,p47-net5-b28-g5-t50.pddl,tr-select,0,,,,,,,,,,,,,,,,
pipesworld-tankage,p47-net5-b28-g5-t50.pddl,symk,0,,,,219,,,,,,,,,,,,
pipesworld-tankage,p48-net5-b28-g7-t50.pddl,causal,0,,,5293322,247,,8185304,,,,,,,,,,
pipesworld-tankage,p48-net5-b28-g7-t50.pddl,comb-w,0,,,8264014,247,18314,8550568,,,,,,,,,,
pipesworld-tankage,p48-net5-b28-g7-t50.pddl,tr-select,0,,,,,,,,,,,,,,,,
pipesworld-tankage,p48-net5-b28-g7-t50.pddl,symk,0,,,,219,,,,,,,,,,,,
pipesworld-tankage,p49-net5-b30-g6-t50.pddl,causal,0,,,8643680,264,,8401398,,,,,,,,,,
pipesworld-tankage,p49-net5-b30-g6-t50.pddl,comb-w,0,,,11904409,264,21705,8632813,,,,,,,,,,
pipesworld-tankage,p49-net5-b30-g6-t50.pddl,tr-select,0,,,,,,,,,,,,,,,,
pipesworld-tankage,p49-net5-b30-g6-t50.pddl,symk,0,,,,234,,,,,,,,,,,,
pipesworld-tankage,p50-net5-b30-g8-t50.pddl,causal,0,,,11773035,264,,8326776,,,,,,,,,,
pipesworld-tankage,p50-net5-b30-g8-t50.pddl,comb-w,0,,,5576870,264,21705,9895952,,,,,,,,,,
pipesworld-tankage,p50-net5-b30-g8-t50.pddl,tr-select,0,,,,,,,,,,,,,,,,
pipesworld-tankage,p50-net5-b30-g8-t50.pddl,symk,0,,,,234,,,,,,,,,,,,
psr-small,p01-s2-n1-l2-f50.pddl,causal,1,8,0.00197404,22,7,,132,7,12,20,15,1022,339,5,3,0,0
psr-small,p01-s2-n1-l2-f50.pddl,comb-w,1,8,0.00152157,12,7,9,96,7,12,16,12,1022,309,5,3,0,0
psr-small,p01-s2-n1-l2-f50.pddl,tr-select,1,8,0.00123168,,,,,,,,,,,,,,
psr-small,p01-s2-n1-l2-f50.pddl,symk,1,8,0.00235187,,6,,,,,,,,,,,,
psr-small,p02-s5-n1-l3-f30.pddl,causal,1,11,0.00370929,39,14,,303,18,59,36,53,4088,852,7,4,0,0
psr-small,p02-s5-n1-l3-f30.pddl,comb-w,1,11,0.0035538,34,14,18,257,18,59,39,52,4088,761,7,4,0,0
psr-small,p02-s5-n1-l3-f30.pddl,tr-select,1,11,0.00368874,,,,,,,,,,,,,,
psr-small,p02-s5-n1-l3-f30.pddl,symk,1,11,0.00509276,,9,,,,,,,,,,,,
psr-small,p03-s7-n1-l3-f70.pddl,causal,1,11,0.00277156,26,10,,225,13,46,34,29,3066,579,6,5,0,0
psr-small,p03-s7-n1-l3-f70.pddl,comb-w,1,11,0.00268867,23,10,15,208,13,46,32,31,2044,558,6,5,0,0
psr-small,p03-s7-n1-l3-f70.pddl,tr-select,1,11,0.00290465,,,,,,,,,,,,,,
psr-small,p03-s7-n1-l3-f70.pddl,symk,1,11,0.00298126,,8,,,,,,,,,,,,
psr-small,p04-s8-n1-l4-f10.pddl,causal,1,10,0.00892923,48,12,,788,100,90,104,80,11242,1856,7,3,0,0
psr-small,p04-s8-n1-l4-f10.pddl,comb-w,1,10,0.00948772,115,12,22,862,100,90,102,80,12264,1973,7,3,0,0
psr-small,p04-s8-n1-l4-f10.pddl,tr-select,1,10,0.00940867,,,,,,,,,,,,,,
psr-small,p04-s8-n1-l4-f10.pddl,symk,1,10,0.0112268,,12,,,,,,,,,,,,
psr-small,p05-s9-n1-l4-f30.pddl,causal,1,11,0.00605687,48,13,,477,23,82,42,50,6132,1174,6,5,0,0
psr-small,p05-s9-n1-l4-f30.pddl,comb-w,1,11,0.00637958,41,13,17,396,23,82,44,51,6132,1074,6,5,0,0
psr-small,p05-s9-n1-l4-f30.pddl,tr-select,1,11,0.00533217,,,,,,,,,,,,,,
psr-small,p05-s9-n1-l4-f30.pddl,symk,1,11,0.00751015,,10,,,,,,,,,,,,
psr-small,p06-s10-n1-l4-f50.pddl,causal,1,8,0.00181177,22,11,,132,7,12,20,15,1022,339,5,3,0,0
psr-small,p06-s10-n1-l4-f50.pddl,comb-w,1,8,0.00144494,12,11,9,96,7,12,16,12,1022,309,5,3,0,0
psr-small,p06-s10-n1-l4-f50.pddl,tr-select,1,8,0.00137246,,,,,,,,,,,,,,
psr-small,p06-s10-n1-l4-f50.pddl,symk,1,8,0.00222404,,6,,,,,,,,,,,,
psr-small,p07-s11-n1-l4-f70.pddl,causal,1,11,0.00381653,35,14,,264,44,89,45,42,4088,776,7,4,0,0
psr-small,p07-s11-n1-l4-f70.pddl,comb-w,1,11,0.00514829,33,14,15,248,44,89,44,38,4088,768,7,4,0,0
psr-small,p07-s11-n1-l4-f70.pddl,tr-select,1,11,0.00398002,,,,,,,,,,,,,,
psr-small,p07-s11-n1-l4-f70.pddl,symk,1,11,0.00442771,,10,,,,,,,,,,,,
psr-small,p08-s12-n1-l5-f10.pddl,causal,1,8,0.00447038,61,10,,345,27,38,46,40,5110,945,5,3,0,0
psr-small,p08-s12-n1-l5-f10.pddl,comb-w,1,8,0.00338924,61,10,13,340,27,38,46,39,5110,922,5,3,0,0
psr-small,p08-s12-n1-l5-f10.pddl,tr-select,1,8,0.00423771,,,,,,,,,,,,,,
psr-small,p08-s12-n1-l5-f10.pddl,symk,1,8,0.00539038,,10,,,,,,,,,,,,
psr-small,p09-s13-n1-l5-f30.pddl,causal,1,8,0.00307832,28,10,,291,7,21,29,33,4088,758,4,4,0,0
psr-small,p09-s13-n1-l5-f30.pddl,comb-w,1,8,0.00307604,28,10,13,265,7,21,27,29,4088,727,5,3,0,0
psr-small,p09-s13-n1-l5-f30.pddl,tr-select,1,8,0.00262543,,,,,,,,,,,,,,
psr-small,p09-s13-n1-l5-f30.pddl,symk,1,8,0.005154,,8,,,,,,,,,,,,
psr-small,p10-s17-n2-l2-f30.pddl,causal,1,7,0.0145616,190,20,,1063,240,178,144,86,22484,2579,4,3,0,0
psr-small,p10-s17-n2-l2-f30.pddl,comb-w,1,7,0.0131859,253,20,46,1247,240,178,165,86,21462,2775,4,3,0,0
psr-small,p10-s17-n2-l2-f30.pddl,tr-select,1,7,0.014341,,,,,,,,,,,,,,
psr-small,p10-s17-n2-l2-f30.pddl,symk,1,7,0.015983,,17,,,,,,,,,,,,
psr-small,p11-s18-n2-l2-f50.pddl,causal,1,19,0.00795946,59,18,,443,97,243,113,109,8176,1451,13,6,0,0
psr-small,p11-s18-n2-l2-f50.pddl,comb-w,1,19,0.00701846,57,18,26,470,79,286,103,113,8176,1475,12,7,0,0
psr-small,p11-s18-n2-l2-f50.pddl,tr-select,1,19,0.00922763,,,,,,,,,,,,,,
psr-small,p11-s18-n2-l2-f50.pddl,symk,1,19,0.00774574,,12,,,,,,,,,,,,
psr-small,p12-s21-n2-l3-f30.pddl,causal,1,16,0.00680998,68,14,,339,72,105,90,85,6132,1146,11,5,0,0
psr-small,p12-s21-n2-l3-f30.pddl,comb-w,1,16,0.00560216,46,14,20,322,49,141,75,93,6132,1098,9,7,0,0
psr-small,p12-s21-n2-l3-f30.pddl,tr-select,1,16,0.00591782,,,,,,,,,,,,,,
psr-small,p12-s21-n2-l3-f30.pddl,symk,1,16,0.00647066,,11,,,,,,,,,,,,
psr-small,p13-s22-n2-l3-f50.pddl,causal,1,15,0.00708976,47,15,,399,49,120,76,73,7154,1270,9,6,0,0
psr-small,p13-s22-n2-l3-f50.pddl,comb-w,1,15,0.00604201,72,15,26,475,49,120,92,88,6132,1311,9,6,0,0
psr-small,p13-s22-n2-l3-f50.pddl,tr-select,1,15,0.00711227,,,,,,,,,,,,,,
psr-small,p13-s22-n2-l3-f50.pddl,symk,1,15,0.00615365,,12,,,,,,,,,,,,
psr-small,p14-s23-n2-l3-f70.pddl,causal,1,9,0.00275742,33,19,,234,17,27,35,37,3066,648,6,3,0,0
psr-small,p14-s23-n2-l3-f70.pddl,comb-w,1,9,0.00247217,35,19,17,233,17,27,32,38,3066,646,6,3,0,0
psr-small,p14-s23-n2-l3-f70.pddl,tr-select,1,9,0.00292784,,,,,,,,,,,,,,
psr-small,p14-s23-n2-l3-f70.pddl,symk,1,9,0.00337721,,10,,,,,,,,,,,,
psr-small,p15-s24-n2-l4-f10.pddl,causal,1,10,0.0533207,420,20,,3493,1405,290848,457,281,58254,7091,8,2,0,0
psr-small,p15-s24-n2-l4-f10.pddl,comb-w,1,10,0.0491635,297,20,49,2835,1405,290848,421,306,50078,6328,8,2,0,0
psr-small,p15-s24-n2-l4-f10.pddl,tr-select,1,10,0.0530473,,,,,,,,,,,,,,
psr-small,p15-s24-n2-l4-f10.pddl,symk,1,10,0.0541543,,20,,,,,,,,,,,,
psr-small,p16-s29-n2-l5-f30.pddl,causal,1,25,0.0420919,195,23,,2195,1790,44148,585,554,39858,6038,20,5,0,0
psr-small,p16-s29-n2-l5-f30.pddl,comb-w,1,25,0.0393531,153,23,31,1975,1790,44148,491,536,37814,5405,20,5,0,0
psr-small,p16-s29-n2-l5-f30.pddl,tr-select,1,25,0.0466193,,,,,,,,,,,,,,
psr-small,p16-s29-n2-l5-f30.pddl,symk,1,25,0.0465203,,17,,,,,,,,,,,,
psr-small,p17-s30-n2-l5-f50.pddl,causal,1,9,0.00216827,28,21,,167,12,24,29,29,2044,474,6,3,0,0
psr-small,p17-s30-n2-l5-f50.pddl,comb-w,1,9,0.00209116,20,21,13,146,7,31,21,35,2044,461,4,5,0,0
psr-small,p17-s30-n2-l5-f50.pddl,tr-select,1,9,0.00258631,,,,,,,,,,,,,,
psr-small,p17-s30-n2-l5-f50.pddl,symk,1,9,0.00232601,,9,,,,,,,,,,,,
psr-small,p18-s31-n2-l5-f70.pddl,causal,1,12,0.00633965,69,25,,485,65,127,88,72,7154,1339,8,4,0,0
psr-small,p18-s31-n2-l5-f70.pddl,comb-w,1,12,0.00498325,77,25,26,495,65,127,89,81,7154,1374,8,4,0,0
psr-small,p18-s31-n2-l5-f70.pddl,tr-select,1,12,0.00648364,,,,,,,,,,,,,,
psr-small,p18-s31-n2-l5-f70.pddl,symk,1,12,0.00759153,,13,,,,,,,,,,,,
psr-small,p19-s33-n3-l2-f30.pddl,causal,1,25,0.0800938,194,22,,3542,2963,552869,888,1005,76650,11848,15,10,0,0
psr-small,p19-s33-n3-l2-f30.pddl,comb-w,1,25,0.108919,341,22,82,6386,2963,552869,1335,1723,113442,16781,16,9,0,0
psr-small,p19-s33-n3-l2-f30.pddl,tr-select,1,25,0.0825142,,,,,,,,,,,,,,
psr-small,p19-s33-n3-l2-f30.pddl,symk,1,25,0.143448,,22,,,,,,,,,,,,
psr-small,p20-s34-n3-l2-f50.pddl,causal,1,17,0.0064596,67,25,,360,54,136,109,105,6132,1246,12,5,0,0
psr-small,p20-s34-n3-l2-f50.pddl,comb-w,1,17,0.00598097,43,25,23,362,54,136,87,95,6132,1216,12,5,0,0
psr-small,p20-s34-n3-l2-f50.pddl,tr-select,1,17,0.00533569,,,,,,,,,,,,,,
psr-small,p20-s34-n3-l2-f50.pddl,symk,1,17,0.0055646,,13,,,,,,,,,,,,
psr-small,p21-s35-n3-l2-f70.pddl,causal,1,10,0.00336209,54,25,,282,27,49,55,49,4088,770,8,2,0,0
psr-small,p21-s35-n3-l2-f70.pddl,comb-w,1,10,0.00410223,54,25,23,290,27,49,45,49,4088,774,8,2,0,0
psr-small,p21-s35-n3-l2-f70.pddl,tr-select,1,10,0.00382214,,,,,,,,,,,,,,
psr-small,p21-s35-n3-l2-f70.pddl,symk,1,10,0.00499917,,13,,,,,,,,,,,,
psr-small,p22-s37-n3-l3-f30.pddl,causal,1,33,0.138441,684,26,,3875,53838,37826,1668,1650,85848,15435,21,12,0,0
psr-small,p22-s37-n3-l3-f30.pddl,comb-w,1,33,0.130865,833,26,89,4196,53838,37826,1965,2085,94024,17901,21,12,0,0
psr-small,p22-s37-n3-l3-f30.pddl,tr-select,1,33,0.122602,,,,,,,,,,,,,,
psr-small,p22-s37-n3-l3-f30.pddl,symk,1,33,0.103821,,24,,,,,,,,,,,,
psr-small,p23-s38-n3-l3-f50.pddl,causal,1,12,0.00918667,106,30,,674,55,237,92,90,11242,1707,9,3,0,0
psr-small,p23-s38-n3-l3-f50.pddl,comb-w,1,12,0.00804898,59,30,41,647,55,237,98,121,9198,1705,9,3,0,0
psr-small,p23-s38-n3-l3-f50.pddl,tr-select,1,12,0.00988583,,,,,,,,,,,,,,
psr-small,p23-s38-n3-l3-f50.pddl,symk,1,12,0.0153093,,17,,,,,,,,,,,,
psr-small,p24-s39-n3-l3-f70.pddl,causal,1,10,0.00436951,54,25,,282,27,49,55,49,4088,770,8,2,0,0
psr-small,p24-s39-n3-l3-f70.pddl,comb-w,1,10,0.00473553,54,25,23,290,27,49,45,49,4088,774,8,2,0,0
psr-small,p24-s39-n3-l3-f70.pddl,tr-select,1,10,0.00435087,,,,,,,,,,,,,,
psr-small,p24-s39-n3-l3-f70.pddl,symk,1,10,0.00481163,,13,,,,,,,,,,,,
psr-small,p25-s40-n3-l4-f10.pddl,causal,1,9,0.362136,2391,28,,6912,3656,6.7666e+07,655,404,112420,13416,7,2,0,0
psr-small,p25-s40-n3-l4-f10.pddl,comb-w,1,9,0.333916,370,28,117,3860,874,6.86505e+07,406,578,74606,8779,7,2,0,0
psr-small,p25-s40-n3-l4-f10.pddl,tr-select,1,9,0.33543,,,,,,,,,,,,,,
psr-small,p25-s40-n3-l4-f10.pddl,symk,1,9,0.364768,,28,,,,,,,,,,,,
psr-small,p26-s41-n3-l4-f30.pddl,causal,1,17,0.00892829,83,23,,414,91,173,124,121,8176,1437,12,5,0,0
psr-small,p26-s41-n3-l4-f30.pddl,comb-w,1,17,0.0128764,51,23,28,426,91,173,106,114,8176,1475,12,5,0,0
psr-small,p26-s41-n3-l4-f30.pddl,tr-select,1,17,0.00833621,,,,,,,,,,,,,,
psr-small,p26-s41-n3-l4-f30.pddl,symk,1,17,0.0115867,,14,,,,,,,,,,,,
psr-small,p27-s42-n3-l4-f50.pddl,causal,1,21,0.0236188,138,24,,921,245,1582,261,245,18396,2962,15,6,0,0
psr-small,p27-s42-n3-l4-f50.pddl,comb-w,1,21,0.0219029,144,24,53,1065,245,1582,276,242,20440,3190,14,7,0,0
psr-small,p27-s42-n3-l4-f50.pddl,tr-select,1,21,0.0186133,,,,,,,,,,,,,,
psr-small,p27-s42-n3-l4-f50.pddl,symk,1,21,0.0221785,,18,,,,,,,,,,,,
psr-small,p28-s43-n3-l4-f70.pddl,causal,1,14,0.0105669,57,24,,544,57,622,84,92,9198,1439,11,3,0,0
psr-small,p28-s43-n3-l4-f70.pddl,comb-w,1,14,0.00694049,62,24,39,585,57,622,77,105,9198,1522,11,3,0,0
psr-small,p28-s43-n3-l4-f70.pddl,tr-select,1,14,0.0086552,,,,,,,,,,,,,,
psr-small,p28-s43-n3-l4-f70.pddl,symk,1,14,0.0109964,,16,,,,,,,,,,,,
psr-small,p29-s45-n3-l5-f30.pddl,causal,1,21,0.113745,1255,32,,5292,24585,13106,2333,1893,105266,18512,11,10,0,0
psr-small,p29-s45-n3-l5-f30.pddl,comb-w,1,21,0.117902,1817,32,114,5739,12806,18608,1874,2407,111398,19900,11,10,0,0
psr-small,p29-s45-n3-l5-f30.pddl,tr-select,1,21,0.140554,,,,,,,,,,,,,,
psr-small,p29-s45-n3-l5-f30.pddl,symk,1,21,0.09811,,25,,,,,,,,,,,,
psr-small,p30-s46-n3-l5-f50.pddl,causal,1,22,0.0352612,248,31,,1425,577,2024,405,403,29638,4410,15,7,0,0
psr-small,p30-s46-n3-l5-f50.pddl,comb-w,1,22,0.0307251,194,31,58,1513,577,2024,385,386,29638,4449,15,7,0,0
psr-small,p30-s46-n3-l5-f50.pddl,tr-select,1,22,0.027489,,,,,,,,,,,,,,
psr-small,p30-s46-n3-l5-f50.pddl,symk,1,22,0.0260061,,19,,,,,,,,,,,,
psr-small,p31-s49-n4-l2-f30.pddl,causal,1,19,0.0999781,160,32,,3770,5445,2.01337e+08,890,802,66430,9037,13,6,0,0
psr-small,p31-s49-n4-l2-f30.pddl,comb-w,1,19,0.140327,1502,32,82,5904,5445,2.01337e+08,972,740,110376,13658,13,6,0,0
psr-small,p31-s49-n4-l2-f30.pddl,tr-select,1,19,0.13554,,,,,,,,,,,,,,
psr-small,p31-s49-n4-l2-f30.pddl,symk,1,19,0.195715,,27,,,,,,,,,,,,
psr-small,p32-s50-n4-l2-f50.pddl,causal,1,24,0.0303533,164,36,,950,325,1714,288,304,18396,3025,17,7,0,0
psr-small,p32-s50-n4-l2-f50.pddl,comb-w,1,24,0.0203411,110,36,48,969,325,1714,223,335,19418,3222,17,7,0,0
psr-small,p32-s50-n4-l2-f50.pddl,tr-select,1,24,0.0206426,,,,,,,,,,,,,,
psr-small,p32-s50-n4-l2-f50.pddl,symk,1,24,0.0200943,,19,,,,,,,,,,,,
psr-small,p33-s51-n4-l2-f70.pddl,causal,1,21,0.044425,140,30,,2842,339,1.08086e+06,423,762,49056,7231,14,7,0,0
psr-small,p33-s51-n4-l2-f70.pddl,comb-w,1,21,0.100732,433,30,78,5257,1295,1.07489e+06,839,861,76650,11377,17,4,0,0
psr-small,p33-s51-n4-l2-f70.pddl,tr-select,1,21,0.0505376,,,,,,,,,,,,,,
psr-small,p33-s51-n4-l2-f70.pddl,symk,1,21,0.061289,,23,,,,,,,,,,,,
psr-small,p34-s55-n4-l3-f70.pddl,causal,1,21,0.0119093,118,37,,626,171,738,209,152,12264,2126,16,5,0,0
psr-small,p34-s55-n4-l3-f70.pddl,comb-w,1,21,0.0126511,102,37,42,626,171,738,187,143,12264,2057,16,5,0,0
psr-small,p34-s55-n4-l3-f70.pddl,tr-select,1,21,0.0122102,,,,,,,,,,,,,,
psr-small,p34-s55-n4-l3-f70.pddl,symk,1,21,0.0131644,,18,,,,,,,,,,,,
psr-small,p35-s57-n5-l2-f30.pddl,causal,1,22,0.106422,485,34,,8272,6384,2.70004e+08,1171,1654,116508,17819,15,7,0,0
psr-small,p35-s57-n5-l2-f30.pddl,comb-w,1,22,0.114495,825,34,159,7396,13819,2.69995e+08,1704,2061,113442,19058,15,7,0,0
psr-small,p35-s57-n5-l2-f30.pddl,tr-select,1,22,0.174884,,,,,,,,,,,,,,
psr-small,p35-s57-n5-l2-f30.pddl,symk,1,22,0.209128,,31,,,,,,,,,,,,
psr-small,p36-s65-n6-l2-f30.pddl,causal,1,22,0.203111,1794,40,,20739,37671,8.16045e+10,2193,2873,208488,37954,13,9,0,0
psr-small,p36-s65-n6-l2-f30.pddl,comb-w,1,22,0.179004,1916,40,209,16448,37671,8.16045e+10,2095,2512,187026,32216,13,9,0,0
psr-small,p36-s65-n6-l2-f30.pddl,tr-select,1,22,0.194695,,,,,,,,,,,,,,
psr-small,p36-s65-n6-l2-f30.pddl,symk,1,22,0.233172,,36,,,,,,,,,,,,
psr-small,p37-s67-n6-l2-f70.pddl,causal,1,23,0.0535499,517,35,,2433,783,5948,701,585,41902,6743,17,6,0,0
psr-small,p37-s67-n6-l2-f70.pddl,comb-w,1,23,0.0301408,249,35,108,2038,608,6740,539,570,38836,6108,16,7,0,0
psr-small,p37-s67-n6-l2-f70.pddl,tr-select,1,23,0.0446342,,,,,,,,,,,,,,
psr-small,p37-s67-n6-l2-f70.pddl,symk,1,23,0.0356178,,26,,,,,,,,,,,,
psr-small,p38-s78-n3-l3-f50.pddl,causal,1,13,0.0172301,65,25,,854,98,518,144,154,13286,2315,7,6,0,0
psr-small,p38-s78-n3-l3-f50.pddl,comb-w,1,13,0.0155417,83,25,58,849,98,518,167,178,14308,2373,8,5,0,0
psr-small,p38-s78-n3-l3-f50.pddl,tr-select,1,13,0.0177458,,,,,,,,,,,,,,
psr-small,p38-s78-n3-l3-f50.pddl,symk,1,13,0.0139032,,17,,,,,,,,,,,,
psr-small,p39-s79-n3-l3-f70.pddl,causal,1,23,0.0389024,247,26,,1932,870,5774,536,431,33726,5383,16,7,0,0
psr-small,p39-s79-n3-l3-f70.pddl,comb-w,1,23,0.0381952,290,26,76,2371,870,5774,593,483,39858,6315,16,7,0,0
psr-small,p39-s79-n3-l3-f70.pddl,tr-select,1,23,0.0330488,,,,,,,,,,,,,,
psr-small,p39-s79-n3-l3-f70.pddl,symk,1,23,0.0288449,,21,,,,,,,,,,,,
psr-small,p40-s80-n3-l4-f10.pddl,causal,1,20,0.387654,6383,29,,12855,491635,1.50998e+08,5960,4780,271852,49962,17,3,0,0
psr-small,p40-s80-n3-l4-f10.pddl,comb-w,1,20,0.285317,1734,29,90,14778,142381,1.55726e+08,3365,3070,199290,35238,15,5,0,0
psr-small,p40-s80-n3-l4-f10.pddl,tr-select,1,20,0.427201,,,,,,,,,,,,,,
psr-small,p40-s80-n3-l4-f10.pddl,symk,1,20,0.328934,,29,,,,,,,,,,,,
psr-small,p41-s81-n3-l4-f30.pddl,causal,1,10,0.00371674,33,28,,265,33,60,59,56,4088,837,8,2,0,0
psr-small,p41-s81-n3-l4-f30.pddl,comb-w,1,10,0.00396717,33,28,23,262,33,60,56,56,4088,807,8,2,0,0
psr-small,p41-s81-n3-l4-f30.pddl,tr-select,1,10,0.00387049,,,,,,,,,,,,,,
psr-small,p41-s81-n3-l4-f30.pddl,symk,1,10,0.00547832,,14,,,,,,,,,,,,
psr-small,p42-s82-n3-l4-f50.pddl,causal,1,30,0.0333915,117,26,,1608,1363,148784,505,469,35770,5675,24,6,0,0
psr-small,p42-s82-n3-l4-f50.pddl,comb-w,1,30,0.049562,220,26,49,3252,1363,148784,781,754,49056,7758,24,6,0,0
psr-small,p42-s82-n3-l4-f50.pddl,tr-select,1,30,0.0422559,,,,,,,,,,,,,,
psr-small,p42-s82-n3-l4-f50.pddl,symk,1,30,0.0398698,,20,,,,,,,,,,,,
psr-small,p43-s83-n3-l4-f70.pddl,causal,1,20,0.0121303,117,27,,844,196,722,170,170,13286,2262,14,6,0,0
psr-small,p43-s83-n3-l4-f70.pddl,comb-w,1,20,0.01331,182,27,46,1149,164,783,169,203,14308,2767,13,7,0,0
psr-small,p43-s83-n3-l4-f70.pddl,tr-select,1,20,0.0121617,,,,,,,,,,,,,,
psr-small,p43-s83-n3-l4-f70.pddl,symk,1,20,0.0142152,,17,,,,,,,,,,,,
psr-small,p44-s89-n4-l2-f30.pddl,causal,1,19,0.0377446,359,24,,2060,992,3781,623,504,36792,5912,11,8,0,0
psr-small,p44-s89-n4-l2-f30.pddl,comb-w,1,19,0.048553,611,24,106,2820,639,4278,546,648,39858,7031,11,8,0,0
psr-small,p44-s89-n4-l2-f30.pddl,tr-select,1,19,0.029588,,,,,,,,,,,,,,
psr-small,p44-s89-n4-l2-f30.pddl,symk,1,19,0.0283646,,23,,,,,,,,,,,,
psr-small,p45-s94-n4-l3-f50.pddl,causal,1,20,0.0238114,119,28,,925,204,834,254,206,17374,2915,15,5,0,0
psr-small,p45-s94-n4-l3-f50.pddl,comb-w,1,20,0.0141848,104,28,50,883,164,990,199,241,17374,2755,14,6,0,0
psr-small,p45-s94-n4-l3-f50.pddl,tr-select,1,20,0.0183999,,,,,,,,,,,,,,
psr-small,p45-s94-n4-l3-f50.pddl,symk,1,20,0.0149835,,19,,,,,,,,,,,,
psr-small,p46-s97-n5-l2-f30.pddl,causal,1,34,0.199458,1023,31,,6724,21098,6.79856e+07,2278,3186,155344,25482,24,10,0,0
psr-small,p46-s97-n5-l2-f30.pddl,comb-w,1,34,0.153841,957,31,91,8737,15275,6.80177e+07,1803,2560,141036,24063,23,11,0,0
psr-small,p46-s97-n5-l2-f30.pddl,tr-select,1,34,0.1784,,,,,,,,,,,,,,
psr-small,p46-s97-n5-l2-f30.pddl,symk,1,34,0.0984664,,28,,,,,,,,,,,,
psr-small,p47-s98-n5-l2-f50.pddl,causal,1,27,0.0532277,396,32,,2169,1080,10650,805,833,50078,7856,17,10,0,0
psr-small,p47-s98-n5-l2-f50.pddl,comb-w,1,27,0.0455734,346,32,91,2284,1080,10650,711,791,48034,7395,17,10,0,0
psr-small,p47-s98-n5-l2-f50.pddl,tr-select,1,27,0.0500739,,,,,,,,,,,,,,
psr-small,p47-s98-n5-l2-f50.pddl,symk,1,27,0.0580427,,24,,,,,,,,,,,,
psr-small,p48-s101-n5-l3-f30.pddl,causal,1,37,0.522363,2987,39,,65069,2.69461e+06,1.01308e+06,9828,11098,572320,121417,26,11,0,0
psr-small,p48-s101-n5-l3-f30.pddl,comb-w,1,37,0.804929,28572,39,185,58998,1.12048e+06,1.9542e+06,16179,15585,716422,185745,23,14,0,0
psr-small,p48-s101-n5-l3-f30.pddl,tr-select,1,37,0.561884,,,,,,,,,,,,,,
psr-small,p48-s101-n5-l3-f30.pddl,symk,1,37,0.628819,,36,,,,,,,,,,,,
psr-small,p49-s105-n6-l2-f30.pddl,causal,1,47,3.00069,38028,44,,57209,7.93454e+06,2.09287e+07,31638,35304,1584100,311151,29,18,0,0
psr-small,p49-s105-n6-l2-f30.pddl,comb-w,1,47,2.93012,50152,44,235,79674,7.93454e+06,2.09287e+07,34861,53624,1925448,448556,29,18,0,0
psr-small,p49-s105-n6-l2-f30.pddl,tr-select,1,47,2.62017,,,,,,,,,,,,,,
psr-small,p49-s105-n6-l2-f30.pddl,symk,1,47,1.6427,,40,,,,,,,,,,,,
psr-small,p50-s107-n6-l2-f70.pddl,causal,1,23,0.0314753,356,58,,1248,517,2904,446,390,24528,3965,18,5,0,0
psr-small,p50-s107-n6-l2-f70.pddl,comb-w,1,23,0.0232255,143,58,70,1028,551,2640,305,242,24528,3737,19,4,0,0
psr-small,p50-s107-n6-l2-f70.pddl,tr-select,1,23,0.0197119,,,,,,,,,,,,,,
psr-small,p50-s107-n6-l2-f70.pddl,symk,1,23,0.0193378,,25,,,,,,,,,,,,
quantum-layout-opt23-strips,p01.pddl,causal,1,10,2.8627,2748,94,,55959,76893,1.93428e+25,32939,30127,2712388,199409,5,5,0,0
quantum-layout-opt23-strips,p01.pddl,comb-w,1,10,2.88365,4568,94,680,58938,76893,1.93428e+25,41421,37409,3195794,233152,5,5,0,0
quantum-layout-opt23-strips,p01.pddl,tr-select,1,10,2.29962,,,,,,,,,,,,,,
quantum-layout-opt23-strips,p01.pddl,symk,1,10,2.38559,,94,,,,,,,,,,,,
quantum-layout-opt23-strips,p02.pddl,causal,1,14,9.23344,6551,109,,94129,178525,3.16913e+29,80077,59284,7064064,446748,6,8,0,0
quantum-layout-opt23-strips,p02.pddl,comb-w,1,14,9.91296,10299,109,929,100029,178525,3.16913e+29,99927,70835,7962402,516486,6,8,0,0
quantum-layout-opt23-strips,p02.pddl,tr-select,1,14,8.49875,,,,,,,,,,,,,,
quantum-layout-opt23-strips,p02.pddl,symk,1,14,8.94192,,109,,,,,,,,,,,,
quantum-layout-opt23-strips,p03.pddl,causal,0,,,16249,128,,158207,,,,,,,,,,
quantum-layout-opt23-strips,p03.pddl,comb-w,0,,,33651,128,1259,198388,,,,,,,,,,
quantum-layout-opt23-strips,p03.pddl,tr-select,0,,,,,,,,,,,,,,,,
quantum-layout-opt23-strips,p03.pddl,symk,0,,,,128,,,,,,,,,,,,
quantum-layout-opt23-strips,p04.pddl,causal,0,,,133961,160,,382997,,,,,,,,,,
quantum-layout-opt23-strips,p04.pddl,comb-w,0,,,125777,160,2308,386902,,,,,,,,,,
quantum-layout-opt23-strips,p04.pddl,tr-select,0,,,,,,,,,,,,,,,,
quantum-layout-opt23-strips,p04.pddl,symk,0,,,,160,,,,,,,,,,,,
quantum-layout-opt23-strips,p05.pddl,causal,0,,,111867,194,,986779,,,,,,,,,,
quantum-layout-opt23-strips,p05.pddl,comb-w,0,,,109543,194,3217,791021,,,,,,,,,,
quantum-layout-opt23-strips,p05.pddl,tr-select,0,,,,,,,,,,,,,,,,
quantum-layout-opt23-strips,p05.pddl,symk,0,,,,194,,,,,,,,,,,,
quantum-layout-opt23-strips,p06.pddl,causal,0,,,160457,218,,1032015,,,,,,,,,,
quantum-layout-opt23-strips,p06.pddl,comb-w,0,,,237068,218,3161,796599,,,,,,,,,,
quantum-layout-opt23-strips,p06.pddl,tr-select,0,,,,,,,,,,,,,,,,
quantum-layout-opt23-strips,p06.pddl,symk,0,,,,218,,,,,,,,,,,,
quantum-layout-opt23-strips,p07.pddl,causal,1,8,0.150723,992,76,,13606,587,7.3787e+19,2395,2368,417998,31099,4,4,0,0
quantum-layout-opt23-strips,p07.pddl,comb-w,1,8,0.264684,4153,76,509,17603,1126,7.3787e+19,4544,4129,668388,47045,5,3,0,0
quantum-layout-opt23-strips,p07.pddl,tr-select,1,8,0.150208,,,,,,,,,,,,,,
quantum-layout-opt23-strips,p07.pddl,symk,1,8,0.17856,,72,,,,,,,,,,,,
quantum-layout-opt23-strips,p08.pddl,causal,1,9,0.77055,5818,106,,41125,1199,3.09485e+26,3438,7123,1814050,95076,7,2,0,0
quantum-layout-opt23-strips,p08.pddl,comb-w,1,9,1.81865,8407,106,2368,129850,1199,3.09485e+26,6753,15251,4498844,222028,7,2,0,0
quantum-layout-opt23-strips,p08.pddl,tr-select,1,9,0.622176,,,,,,,,,,,,,,
quantum-layout-opt23-strips,p08.pddl,symk,1,9,0.65033,,102,,,,,,,,,,,,
quantum-layout-opt23-strips,p09.pddl,causal,1,26,5.78095,7516,114,,71223,116176,1.9807e+28,61406,61605,6401808,504935,20,6,0,0
quantum-layout-opt23-strips,p09.pddl,comb-w,1,26,12.8039,18586,114,1116,91576,116176,1.9807e+28,71120,78211,8566404,626837,20,6,0,0
quantum-layout-opt23-strips,p09.pddl,tr-select,1,26,8.29058,,,,,,,,,,,,,,
quantum-layout-opt23-strips,p09.pddl,symk,1,26,4.87271,,110,,,,,,,,,,,,
quantum-layout-opt23-strips,p10.pddl,causal,1,24,177.283,170724,148,,247280,2.31495e+06,5.31691e+36,867491,669705,22722126,4043045,19,5,0,0
quantum-layout-opt23-strips,p10.pddl,comb-w,1,24,204.534,168822,148,1865,291753,2.31495e+06,5.31691e+36,873057,714279,29343664,4180804,19,5,0,0
quantum-layout-opt23-strips,p10.pddl,tr-select,1,24,165.772,,,,,,,,,,,,,,
quantum-layout-opt23-strips,p10.pddl,symk,1,24,215.371,,144,,,,,,,,,,,,
quantum-layout-opt23-strips,p11.pddl,causal,0,,,135478,184,,779379,,,,,,,,,,
quantum-layout-opt23-strips,p11.pddl,comb-w,0,,,156270,184,2885,964140,,,,,,,,,,
quantum-layout-opt23-strips,p11.pddl,tr-select,0,,,,,,,,,,,,,,,,
quantum-layout-opt23-strips,p11.pddl,symk,0,,,,180,,,,,,,,,,,,
quantum-layout-opt23-strips,p12.pddl,causal,0,,,142682,204,,962450,,,,,,,,,,
quantum-layout-opt23-strips,p12.pddl,comb-w,0,,,146775,204,3845,745747,,,,,,,,,,
quantum-layout-opt23-strips,p12.pddl,tr-select,0,,,,,,,,,,,,,,,,
quantum-layout-opt23-strips,p12.pddl,symk,0,,,,200,,,,,,,,,,,,
quantum-layout-opt23-strips,p13.pddl,causal,0,,,263300,295,,1333969,,,,,,,,,,
quantum-layout-opt23-strips,p13.pddl,comb-w,0,,,259857,295,5413,1412854,,,,,,,,,,
quantum-layout-opt23-strips,p13.pddl,tr-select,0,,,,,,,,,,,,,,,,
quantum-layout-opt23-strips,p13.pddl,symk,0,,,,291,,,,,,,,,,,,
quantum-layout-opt23-strips,p14.pddl,causal,1,10,11.5594,5436,130,,128558,781263,1.32923e+36,139733,143529,12429564,730172,6,4,0,0
quantum-layout-opt23-strips,p14.pddl,comb-w,1,10,50.3197,51272,130,1184,169225,781263,1.32923e+36,285207,394854,11538380,1826890,6,4,0,0
quantum-layout-opt23-strips,p14.pddl,tr-select,1,10,12.1238,,,,,,,,,,,,,,
quantum-layout-opt23-strips,p14.pddl,symk,1,10,15.8989,,130,,,,,,,,,,,,
quantum-layout-opt23-strips,p15.pddl,causal,1,16,158.86,24890,156,,220067,2.07187e+06,1.3938e+42,414916,416452,20316338,2555131,8,8,0,0
quantum-layout-opt23-strips,p15.pddl,comb-w,1,16,280.037,44295,156,1857,309559,2.07187e+06,1.3938e+42,663301,516831,21323008,3466067,7,9,0,0
quantum-layout-opt23-strips,p15.pddl,tr-select,1,16,177.654,,,,,,,,,,,,,,
quantum-layout-opt23-strips,p15.pddl,symk,1,16,246.504,,156,,,,,,,,,,,,
quantum-layout-opt23-strips,p16.pddl,causal,0,,,98341,202,,588654,,,,,,,,,,
quantum-layout-opt23-strips,p16.pddl,comb-w,0,,,173819,202,3006,807468,,,,,,,,,,
quantum-layout-opt23-strips,p16.pddl,tr-select,0,,,,,,,,,,,,,,,,
quantum-layout-opt23-strips,p16.pddl,symk,0,,,,202,,,,,,,,,,,,
quantum-layout-opt23-strips,p17.pddl,causal,0,,,386829,260,,890730,,,,,,,,,,
quantum-layout-opt23-strips,p17.pddl,comb-w,0,,,391535,260,4829,1118556,,,,,,,,,,
quantum-layout-opt23-strips,p17.pddl,tr-select,0,,,,,,,,,,,,,,,,
quantum-layout-opt23-strips,p17.pddl,symk,0,,,,260,,,,,,,,,,,,
quantum-layout-opt23-strips,p18.pddl,causal,0,,,460418,270,,1089127,,,,,,,,,,
quantum-layout-opt23-strips,p18.pddl,comb-w,0,,,467359,270,5536,1316590,,,,,,,,,,
quantum-layout-opt23-strips,p18.pddl,tr-select,0,,,,,,,,,,,,,,,,
quantum-layout-opt23-strips,p18.pddl,symk,0,,,,270,,,,,,,,,,,,
quantum-layout-opt23-strips,p19.pddl,causal,0,,,282162,290,,1329877,,,,,,,,,,
quantum-layout-opt23-strips,p19.pddl,comb-w,0,,,490103,290,4649,1414093,,,,,,,,,,
quantum-layout-opt23-strips,p19.pddl,tr-select,0,,,,,,,,,,,,,,,,
quantum-layout-opt23-strips,p19.pddl,symk,0,,,,290,,,,,,,,,,,,
quantum-layout-opt23-strips,p20.pddl,causal,0,,,411423,391,,2033132,,,,,,,,,,
quantum-layout-opt23-strips,p20.pddl,comb-w,0,,,496307,391,7725,2687315,,,,,,,,,,
quantum-layout-opt23-strips,p20.pddl,tr-select,0,,,,,,,,,,,,,,,,
quantum-layout-opt23-strips,p20.pddl,symk,0,,,,391,,,,,,,,,,,,
rovers,p01.pddl,causal,1,10,0.00355438,7,23,,190,54,7168,63,56,4088,642,3,7,0,0
rovers,p01.pddl,comb-w,1,10,0.003487,7,23,3,181,54,7168,61,54,4088,636,3,7,0,0
rovers,p01.pddl,tr-select,1,10,0.00330914,,,,,,,,,,,,,,
rovers,p01.pddl,symk,1,10,0.00403081,,13,,,,,,,,,,,,
rovers,p02.pddl,causal,1,8,0.00221563,7,20,,159,103,282,49,41,3066,481,4,4,0,0
rovers,p02.pddl,comb-w,1,8,0.00366632,7,20,3,148,103,282,48,39,2044,456,4,4,0,0
rovers,p02.pddl,tr-select,1,8,0.00323704,,,,,,,,,,,,,,
rovers,p02.pddl,symk,1,8,0.00262178,,9,,,,,,,,,,,,
rovers,p03.pddl,causal,1,11,0.00728971,8,28,,271,153,25098,124,108,7154,1139,4,7,0,0
rovers,p03.pddl,comb-w,1,11,0.00542475,8,28,3,304,153,25098,131,84,6132,1065,4,7,0,0
rovers,p03.pddl,tr-select,1,11,0.00639755,,,,,,,,,,,,,,
rovers,p03.pddl,symk,1,11,0.00853962,,13,,,,,,,,,,,,
rovers,p04.pddl,causal,1,8,0.00328285,9,36,,242,88,8012,77,52,4088,719,3,5,0,0
rovers,p04.pddl,comb-w,1,8,0.00383502,10,36,5,210,88,8012,74,63,4088,724,3,5,0,0
rovers,p04.pddl,tr-select,1,8,0.0031882,,,,,,,,,,,,,,
rovers,p04.pddl,symk,1,8,0.00399994,,13,,,,,,,,,,,,
rovers,p05.pddl,causal,1,22,0.0757847,9,44,,585,1.63643e+06,1.13075e+07,814,912,44968,6029,16,6,0,0
rovers,p05.pddl,comb-w,1,22,0.0679421,9,44,4,581,1.63643e+06,1.13075e+07,814,912,44968,6025,16,6,0,0
rovers,p05.pddl,tr-select,1,22,0.070093,,,,,,,,,,,,,,
rovers,p05.pddl,symk,1,22,0.06716,,25,,,,,,,,,,,,
rovers,p06.pddl,causal,1,36,0.117172,23,39,,724,1.48556e+07,5.20462e+08,1134,967,62342,7421,18,18,0,0
rovers,p06.pddl,comb-w,1,36,0.115069,19,39,9,675,9.92569e+06,5.65919e+08,1119,972,63364,7492,18,18,0,0
rovers,p06.pddl,tr-select,1,36,0.145972,,,,,,,,,,,,,,
rovers,p06.pddl,symk,1,36,0.121034,,30,,,,,,,,,,,,
rovers,p07.pddl,causal,1,18,0.435585,22,30,,2085,997985,1.30216e+09,5068,6049,228928,28978,11,7,0,0
rovers,p07.pddl,comb-w,1,18,0.542205,22,30,5,2045,997985,1.30216e+09,5459,6021,219730,29274,11,7,0,0
rovers,p07.pddl,tr-select,1,18,0.416137,,,,,,,,,,,,,,
rovers,p07.pddl,symk,1,18,0.467259,,22,,,,,,,,,,,,
rovers,p08.pddl,causal,1,26,42.461,34,59,,14536,4.49979e+08,1.54053e+14,116324,134848,8276156,567009,15,11,0,0
rovers,p08.pddl,comb-w,1,26,41.3854,25,59,5,15923,4.49979e+08,1.54053e+14,117004,136748,8450918,579135,15,11,0,0
rovers,p08.pddl,tr-select,1,26,41.5565,,,,,,,,,,,,,,
rovers,p08.pddl,symk,1,26,87.5366,,35,,,,,,,,,,,,
rovers,p09.pddl,causal,1,31,1.75247,30,68,,2706,9.4138e+08,6.21806e+13,9479,8918,640794,61055,15,16,0,0
rovers,p09.pddl,comb-w,1,31,1.38793,16,68,6,3965,4.4125e+08,6.60756e+13,11856,9192,642838,57122,14,17,0,0
rovers,p09.pddl,tr-select,1,31,2.04234,,,,,,,,,,,,,,
rovers,p09.pddl,symk,1,31,1.77985,,38,,,,,,,,,,,,
rovers,p10.pddl,causal,1,35,579.952,43,72,,11020,2.07399e+13,4.71076e+15,255102,340695,17344362,1294096,28,7,0,0
rovers,p10.pddl,comb-w,1,35,703.683,31,72,8,8608,2.07399e+13,4.71076e+15,263666,359919,22983758,1320489,29,8,0,0
rovers,p10.pddl,tr-select,1,35,759.086,,,,,,,,,,,,,,
rovers,p10.pddl,symk,1,35,949.756,,42,,,,,,,,,,,,
rovers,p11.pddl,causal,1,30,61.3548,77,59,,61225,1.02548e+11,1.71924e+12,280863,354930,11247110,1437245,25,5,0,0
rovers,p11.pddl,comb-w,1,30,79.8659,49,59,8,10312,2.61979e+10,4.78986e+12,253669,228822,13910442,1142829,22,8,0,0
rovers,p11.pddl,tr-select,1,30,84.9968,,,,,,,,,,,,,,
rovers,p11.pddl,symk,1,30,152.395,,33,,,,,,,,,,,,
rovers,p12.pddl,causal,1,19,0.602805,14,57,,3388,1.35612e+07,1.59158e+12,9118,7655,356678,40465,11,8,0,0
rovers,p12.pddl,comb-w,1,19,0.680123,14,57,6,3374,5.53027e+06,1.7813e+12,11039,9160,420042,47638,10,9,0,0
rovers,p12.pddl,tr-select,1,19,0.581982,,,,,,,,,,,,,,
rovers,p12.pddl,symk,1,19,1.00079,,30,,,,,,,,,,,,
rovers,p13.pddl,causal,0,,,125,79,,88185,,,,,,,,,,
rovers,p13.pddl,comb-w,0,,,56,79,9,58460,,,,,,,,,,
rovers,p13.pddl,tr-select,0,,,,,,,,,,,,,,,,
rovers,p13.pddl,symk,0,,,,43,,,,,,,,,,,,
rovers,p14.pddl,causal,1,28,6.72287,24,65,,4869,5.67159e+10,6.088e+13,22760,20245,1392986,115407,21,7,0,0
rovers,p14.pddl,comb-w,1,28,27.6618,15,65,5,4089,5.67159e+10,6.088e+13,40844,57194,2370018,240300,21,7,0,0
rovers,p14.pddl,tr-select,1,28,20.4802,,,,,,,,,,,,,,
rovers,p14.pddl,symk,1,28,1.85171,,38,,,,,,,,,,,,
rovers,p15.pddl,causal,1,41,7.52699,39,85,,3396,2.25449e+11,5.25948e+14,25441,25130,2168684,181122,23,18,0,0
rovers,p15.pddl,comb-w,1,41,7.1549,28,85,8,2249,4.55726e+10,6.33635e+14,20117,19788,1957130,154928,20,21,0,0
rovers,p15.pddl,tr-select,1,41,6.05751,,,,,,,,,,,,,,
rovers,p15.pddl,symk,1,41,5.86955,,38,,,,,,,,,,,,
rovers,p16.pddl,causal,0,,,106,79,,72495,,,,,,,,,,
rovers,p16.pddl,comb-w,0,,,106,79,8,85714,,,,,,,,,,
rovers,p16.pddl,tr-select,0,,,,,,,,,,,,,,,,
rovers,p16.pddl,symk,0,,,,43,,,,,,,,,,,,
rovers,p17.pddl,causal,0,,,35,129,,12522,,,,,,,,,,
rovers,p17.pddl,comb-w,0,,,33,129,8,10790,,,,,,,,,,
rovers,p17.pddl,tr-select,0,,,,,,,,,,,,,,,,
rovers,p17.pddl,symk,0,,,,65,,,,,,,,,,,,
rovers,p18.pddl,causal,0,,,74,165,,48715,,,,,,,,,,
rovers,p18.pddl,comb-w,0,,,50,165,7,36643,,,,,,,,,,
rovers,p18.pddl,tr-select,0,,,,,,,,,,,,,,,,
rovers,p18.pddl,symk,0,,,,69,,,,,,,,,,,,
rovers,p19.pddl,causal,0,,,218,177,,78599,,,,,,,,,,
rovers,p19.pddl,comb-w,0,,,218,177,9,163680,,,,,,,,,,
rovers,p19.pddl,tr-select,0,,,,,,,,,,,,,,,,
rovers,p19.pddl,symk,0,,,,85,,,,,,,,,,,,
rovers,p20.pddl,causal,0,,,313,195,,93162,,,,,,,,,,
rovers,p20.pddl,comb-w,0,,,285,195,15,92400,,,,,,,,,,
rovers,p20.pddl,tr-select,0,,,,,,,,,,,,,,,,
rovers,p20.pddl,symk,0,,,,90,,,,,,,,,,,,
rovers,p21.pddl,causal,0,,,541,227,,235651,,,,,,,,,,
rovers,p21.pddl,comb-w,0,,,1049,227,11,235655,,,,,,,,,,
rovers,p21.pddl,tr-select,0,,,,,,,,,,,,,,,,
rovers,p21.pddl,symk,0,,,,86,,,,,,,,,,,,
rovers,p22.pddl,causal,0,,,377,256,,134996,,,,,,,,,,
rovers,p22.pddl,comb-w,0,,,377,256,11,129624,,,,,,,,,,
rovers,p22.pddl,tr-select,0,,,,,,,,,,,,,,,,
rovers,p22.pddl,symk,0,,,,90,,,,,,,,,,,,
rovers,p23.pddl,causal,0,,,761,292,,266904,,,,,,,,,,
rovers,p23.pddl,comb-w,0,,,509,292,13,226996,,,,,,,,,,
rovers,p23.pddl,tr-select,0,,,,,,,,,,,,,,,,
rovers,p23.pddl,symk,0,,,,118,,,,,,,,,,,,
rovers,p24.pddl,causal,0,,,2816,223,,344820,,,,,,,,,,
rovers,p24.pddl,comb-w,0,,,641,223,19,272607,,,,,,,,,,
rovers,p24.pddl,tr-select,0,,,,,,,,,,,,,,,,
rovers,p24.pddl,symk,0,,,,96,,,,,,,,,,,,
rovers,p25.pddl,causal,0,,,89,219,,126580,,,,,,,,,,
rovers,p25.pddl,comb-w,0,,,53,219,7,87325,,,,,,,,,,
rovers,p25.pddl,tr-select,0,,,,,,,,,,,,,,,,
rovers,p25.pddl,symk,0,,,,92,,,,,,,,,,,,
rovers,p26.pddl,causal,0,,,1049,173,,196843,,,,,,,,,,
rovers,p26.pddl,comb-w,0,,,1049,173,11,208081,,,,,,,,,,
rovers,p26.pddl,tr-select,0,,,,,,,,,,,,,,,,
rovers,p26.pddl,symk,0,,,,83,,,,,,,,,,,,
rovers,p27.pddl,causal,0,,,1405,272,,255548,,,,,,,,,,
rovers,p27.pddl,comb-w,0,,,379,272,16,111869,,,,,,,,,,
rovers,p27.pddl,tr-select,0,,,,,,,,,,,,,,,,
rovers,p27.pddl,symk,0,,,,113,,,,,,,,,,,,
rovers,p28.pddl,causal,0,,,1273,311,,269086,,,,,,,,,,
rovers,p28.pddl,comb-w,0,,,765,311,14,275472,,,,,,,,,,
rovers,p28.pddl,tr-select,0,,,,,,,,,,,,,,,,
rovers,p28.pddl,symk,0,,,,124,,,,,,,,,,,,
rovers,p29.pddl,causal,0,,,133,286,,186906,,,,,,,,,,
rovers,p29.pddl,comb-w,0,,,313,286,10,220765,,,,,,,,,,
rovers,p29.pddl,tr-select,0,,,,,,,,,,,,,,,,
rovers,p29.pddl,symk,0,,,,132,,,,,,,,,,,,
rovers,p30.pddl,causal,0,,,33080,330,,645442,,,,,,,,,,
rovers,p30.pddl,comb-w,0,,,16700,330,19,609572,,,,,,,,,,
rovers,p30.pddl,tr-select,0,,,,,,,,,,,,,,,,
rovers,p30.pddl,symk,0,,,,149,,,,,,,,,,,,
rovers,p31.pddl,causal,0,,,7803,300,,398973,,,,,,,,,,
rovers,p31.pddl,comb-w,0,,,4737,300,19,363325,,,,,,,,,,
rovers,p31.pddl,tr-select,0,,,,,,,,,,,,,,,,
rovers,p31.pddl,symk,0,,,,141,,,,,,,,,,,,
rovers,p32.pddl,causal,0,,,98309,385,,625887,,,,,,,,,,
rovers,p32.pddl,comb-w,0,,,65545,385,29,812817,,,,,,,,,,
rovers,p32.pddl,tr-select,0,,,,,,,,,,,,,,,,
rovers,p32.pddl,symk,0,,,,170,,,,,,,,,,,,
rovers,p33.pddl,causal,0,,,46385,332,,824574,,,,,,,,,,
rovers,p33.pddl,comb-w,0,,,24886,332,37,613927,,,,,,,,,,
rovers,p33.pddl,tr-select,0,,,,,,,,,,,,,,,,
rovers,p33.pddl,symk,0,,,,185,,,,,,,,,,,,
rovers,p34.pddl,causal,0,,,83062,398,,985893,,,,,,,,,,
rovers,p34.pddl,comb-w,0,,,42107,398,22,1266186,,,,,,,,,,
rovers,p34.pddl,tr-select,0,,,,,,,,,,,,,,,,
rovers,p34.pddl,symk,0,,,,199,,,,,,,,,,,,
rovers,p35.pddl,causal,0,,,86059,448,,1189743,,,,,,,,,,
rovers,p35.pddl,comb-w,0,,,36596,448,52,1147148,,,,,,,,,,
rovers,p35.pddl,tr-select,0,,,,,,,,,,,,,,,,
rovers,p35.pddl,symk,0,,,,245,,,,,,,,,,,,
rovers,p36.pddl,causal,0,,,5762,454,,895688,,,,,,,,,,
rovers,p36.pddl,comb-w,0,,,69685,454,28,964765,,,,,,,,,,
rovers,p36.pddl,tr-select,0,,,,,,,,,,,,,,,,
rovers,p36.pddl,symk,0,,,,258,,,,,,,,,,,,
rovers,p37.pddl,causal,0,,,114672,613,,872635,,,,,,,,,,
rovers,p37.pddl,comb-w,0,,,50692,613,46,840571,,,,,,,,,,
rovers,p37.pddl,tr-select,0,,,,,,,,,,,,,,,,
rovers,p37.pddl,symk,0,,,,298,,,,,,,,,,,,
rovers,p38.pddl,causal,0,,,49588,555,,2028456,,,,,,,,,,
rovers,p38.pddl,comb-w,0,,,49230,555,39,2614259,,,,,,,,,,
rovers,p38.pddl,tr-select,0,,,,,,,,,,,,,,,,
rovers,p38.pddl,symk,0,,,,322,,,,,,,,,,,,
rovers,p39.pddl,causal,0,,,21679,585,,956690,,,,,,,,,,
rovers,p39.pddl,comb-w,0,,,39274,585,52,1003346,,,,,,,,,,
rovers,p39.pddl,tr-select,0,,,,,,,,,,,,,,,,
rovers,p39.pddl,symk,0,,,,281,,,,,,,,,,,,
rovers,p40.pddl,causal,0,,,51179,538,,1328841,,,,,,,,,,
rovers,p40.pddl,comb-w,0,,,55019,538,48,1289975,,,,,,,,,,
rovers,p40.pddl,tr-select,0,,,,,,,,,,,,,,,,
rovers,p40.pddl,symk,0,,,,382,,,,,,,,,,,,
satellite,p01-pfile1.pddl,causal,1,9,0.00195348,0,10,,100,31,58,21,32,2044,384,6,3,0,0
satellite,p01-pfile1.pddl,comb-w,1,9,0.00217593,0,10,0,100,31,58,21,32,2044,384,6,3,0,0
satellite,p01-pfile1.pddl,tr-select,1,9,0.00207372,,,,,,,,,,,,,,
satellite,p01-pfile1.pddl,symk,1,9,0.0023404,,6,,,,,,,,,,,,
satellite,p02-pfile2.pddl,causal,1,13,0.00769644,0,28,,225,543,676,117,58,6132,1219,8,5,0,0
satellite,p02-pfile2.pddl,comb-w,1,13,0.0128403,0,28,0,225,543,676,117,58,6132,1219,8,5,0,0
satellite,p02-pfile2.pddl,tr-select,1,13,0.00790941,,,,,,,,,,,,,,
satellite,p02-pfile2.pddl,symk,1,13,0.0120552,,9,,,,,,,,,,,,
satellite,p03-pfile3.pddl,causal,1,11,0.0200815,9,36,,409,2145,21896,194,144,11242,1784,6,5,0,0
satellite,p03-pfile3.pddl,comb-w,1,11,0.0200546,9,36,8,409,2145,21896,194,144,11242,1784,6,5,0,0
satellite,p03-pfile3.pddl,tr-select,1,11,0.0123903,,,,,,,,,,,,,,
satellite,p03-pfile3.pddl,symk,1,11,0.0127156,,15,,,,,,,,,,,,
satellite,p04-pfile4.pddl,causal,1,17,0.0543794,8,40,,751,21369,184324,877,641,33726,5982,9,8,0,0
satellite,p04-pfile4.pddl,comb-w,1,17,0.0521037,8,40,5,724,21369,184324,879,638,33726,5954,9,8,0,0
satellite,p04-pfile4.pddl,tr-select,1,17,0.0492038,,,,,,,,,,,,,,
satellite,p04-pfile4.pddl,symk,1,17,0.0372016,,17,,,,,,,,,,,,
satellite,p05-pfile5.pddl,causal,1,15,0.443783,25,54,,6441,1.4349e+06,5.60825e+08,9396,6170,287182,44550,9,6,0,0
satellite,p05-pfile5.pddl,comb-w,1,15,0.496709,21,54,18,15378,1.4349e+06,5.60825e+08,9499,7728,346458,56426,9,6,0,0
satellite,p05-pfile5.pddl,tr-select,1,15,0.374556,,,,,,,,,,,,,,
satellite,p05-pfile5.pddl,symk,1,15,0.41648,,30,,,,,,,,,,,,
satellite,p06-pfile6.pddl,causal,1,20,0.107268,12,60,,1321,316003,5.77571e+07,1971,1260,79716,11618,9,11,0,0
satellite,p06-pfile6.pddl,comb-w,1,20,0.106358,12,60,10,1165,316003,5.77571e+07,1726,1185,79716,11460,9,11,0,0
satellite,p06-pfile6.pddl,tr-select,1,20,0.112722,,,,,,,,,,,,,,
satellite,p06-pfile6.pddl,symk,1,20,0.115943,,23,,,,,,,,,,,,
satellite,p07-pfile7.pddl,causal,1,21,1.83621,21,72,,6029,1.15386e+08,3.24795e+10,26345,13775,825776,106926,12,9,0,0
satellite,p07-pfile7.pddl,comb-w,1,21,2.69844,21,72,14,8240,2.23115e+08,2.15274e+10,29677,20124,1033242,128753,13,8,0,0
satellite,p07-pfile7.pddl,tr-select,1,21,1.84111,,,,,,,,,,,,,,
satellite,p07-pfile7.pddl,symk,1,21,2.2594,,31,,,,,,,,,,,,
satellite,p08-pfile8.pddl,causal,1,26,187.116,35,88,,73700,3.14462e+09,9.14804e+12,359055,244629,15877792,1773336,15,11,0,0
satellite,p08-pfile8.pddl,comb-w,1,26,252.15,35,88,18,62925,1.15917e+10,5.51364e+12,634558,309424,17070466,2503432,16,10,0,0
satellite,p08-pfile8.pddl,tr-select,1,26,224.82,,,,,,,,,,,,,,
satellite,p08-pfile8.pddl,symk,1,26,141.916,,38,,,,,,,,,,,,
satellite,p09-pfile9.pddl,causal,0,,,41,107,,97363,,,,,,,,,,
satellite,p09-pfile9.pddl,comb-w,1,27,552.554,35,107,22,36365,1.26472e+11,1.11091e+14,695221,478195,28329840,2735073,17,15,0,0
satellite,p09-pfile9.pddl,tr-select,0,,,,,,,,,,,,,,,,
satellite,p09-pfile9.pddl,symk,1,27,201.426,,42,,,,,,,,,,,,
satellite,p10-pfile10.pddl,causal,0,,,55,117,,75909,,,,,,,,,,
satellite,p10-pfile10.pddl,comb-w,0,,,27,117,18,94177,,,,,,,,,,
satellite,p10-pfile10.pddl,tr-select,0,,,,,,,,,,,,,,,,
satellite,p10-pfile10.pddl,symk,0,,,,43,,,,,,,,,,,,
satellite,p11-pfile11.pddl,causal,1,31,133.347,36,128,,49690,1.20996e+11,2.03252e+14,278642,209280,15351462,1217629,15,16,0,0
satellite,p11-pfile11.pddl,comb-w,1,31,66.1983,24,128,18,18196,2.30195e+11,1.53317e+14,180295,121770,8863806,769968,16,15,0,0
satellite,p11-pfile11.pddl,tr-select,1,31,47.0806,,,,,,,,,,,,,,
satellite,p11-pfile11.pddl,symk,1,31,130.598,,39,,,,,,,,,,,,
satellite,p12-pfile12.pddl,causal,0,,,27,155,,63448,,,,,,,,,,
satellite,p12-pfile12.pddl,comb-w,0,,,26,155,19,83392,,,,,,,,,,
satellite,p12-pfile12.pddl,tr-select,0,,,,,,,,,,,,,,,,
satellite,p12-pfile12.pddl,symk,0,,,,49,,,,,,,,,,,,
satellite,p13-pfile13.pddl,causal,0,,,39,178,,68446,,,,,,,,,,
satellite,p13-pfile13.pddl,comb-w,0,,,24,178,16,63249,,,,,,,,,,
satellite,p13-pfile13.pddl,tr-select,0,,,,,,,,,,,,,,,,
satellite,p13-pfile13.pddl,symk,0,,,,52,,,,,,,,,,,,
satellite,p14-pfile14.pddl,causal,0,,,71,161,,54880,,,,,,,,,,
satellite,p14-pfile14.pddl,comb-w,0,,,51,161,22,99239,,,,,,,,,,
satellite,p14-pfile14.pddl,tr-select,0,,,,,,,,,,,,,,,,
satellite,p14-pfile14.pddl,symk,0,,,,52,,,,,,,,,,,,
satellite,p15-pfile15.pddl,causal,0,,,102,179,,76443,,,,,,,,,,
satellite,p15-pfile15.pddl,comb-w,0,,,78,179,35,85527,,,,,,,,,,
satellite,p15-pfile15.pddl,tr-select,0,,,,,,,,,,,,,,,,
satellite,p15-pfile15.pddl,symk,0,,,,72,,,,,,,,,,,,
satellite,p16-pfile16.pddl,causal,0,,,189,191,,79709,,,,,,,,,,
satellite,p16-pfile16.pddl,comb-w,0,,,160,191,45,103807,,,,,,,,,,
satellite,p16-pfile16.pddl,tr-select,0,,,,,,,,,,,,,,,,
satellite,p16-pfile16.pddl,symk,0,,,,85,,,,,,,,,,,,
satellite,p17-pfile17.pddl,causal,0,,,375,197,,156381,,,,,,,,,,
satellite,p17-pfile17.pddl,comb-w,0,,,197,197,44,170971,,,,,,,,,,
satellite,p17-pfile17.pddl,tr-select,0,,,,,,,,,,,,,,,,
satellite,p17-pfile17.pddl,symk,0,,,,89,,,,,,,,,,,,
satellite,p18-pfile18.pddl,causal,1,32,195.571,49,161,,36046,1.24811e+12,1.75789e+17,407058,315636,12146470,1924991,15,17,0,0
satellite,p18-pfile18.pddl,comb-w,1,32,46.6669,33,161,27,42210,5.80972e+11,2.03282e+17,213305,133212,11311496,971330,14,18,0,0
satellite,p18-pfile18.pddl,tr-select,1,32,144.24,,,,,,,,,,,,,,
satellite,p18-pfile18.pddl,symk,1,32,339.503,,48,,,,,,,,,,,,
satellite,p19-pfile19.pddl,causal,0,,,223,260,,131946,,,,,,,,,,
satellite,p19-pfile19.pddl,comb-w,0,,,97,260,84,108955,,,,,,,,,,
satellite,p19-pfile19.pddl,tr-select,0,,,,,,,,,,,,,,,,
satellite,p19-pfile19.pddl,symk,0,,,,87,,,,,,,,,,,,
satellite,p20-pfile20.pddl,causal,0,,,253,318,,250513,,,,,,,,,,
satellite,p20-pfile20.pddl,comb-w,0,,,117,318,117,240740,,,,,,,,,,
satellite,p20-pfile20.pddl,tr-select,0,,,,,,,,,,,,,,,,
satellite,p20-pfile20.pddl,symk,0,,,,107,,,,,,,,,,,,
satellite,p21-HC-pfile1.pddl,causal,0,,,53,161,,348473,,,,,,,,,,
satellite,p21-HC-pfile1.pddl,comb-w,0,,,53,161,20,232707,,,,,,,,,,
satellite,p21-HC-pfile1.pddl,tr-select,0,,,,,,,,,,,,,,,,
satellite,p21-HC-pfile1.pddl,symk,0,,,,66,,,,,,,,,,,,
satellite,p22-HC-pfile2.pddl,causal,0,,,65,189,,166256,,,,,,,,,,
satellite,p22-HC-pfile2.pddl,comb-w,0,,,55,189,17,237856,,,,,,,,,,
satellite,p22-HC-pfile2.pddl,tr-select,0,,,,,,,,,,,,,,,,
satellite,p22-HC-pfile2.pddl,symk,0,,,,73,,,,,,,,,,,,
satellite,p23-HC-pfile3.pddl,causal,0,,,233,209,,331754,,,,,,,,,,
satellite,p23-HC-pfile3.pddl,comb-w,0,,,229,209,33,256969,,,,,,,,,,
satellite,p23-HC-pfile3.pddl,tr-select,0,,,,,,,,,,,,,,,,
satellite,p23-HC-pfile3.pddl,symk,0,,,,97,,,,,,,,,,,,
satellite,p24-HC-pfile4.pddl,causal,0,,,173,263,,699963,,,,,,,,,,
satellite,p24-HC-pfile4.pddl,comb-w,0,,,149,263,26,412728,,,,,,,,,,
satellite,p24-HC-pfile4.pddl,tr-select,0,,,,,,,,,,,,,,,,
satellite,p24-HC-pfile4.pddl,symk,0,,,,110,,,,,,,,,,,,
satellite,p25-HC-pfile5.pddl,causal,0,,,171,269,,778452,,,,,,,,,,
satellite,p25-HC-pfile5.pddl,comb-w,0,,,164,269,31,856504,,,,,,,,,,
satellite,p25-HC-pfile5.pddl,tr-select,0,,,,,,,,,,,,,,,,
satellite,p25-HC-pfile5.pddl,symk,0,,,,110,,,,,,,,,,,,
satellite,p26-HC-pfile6.pddl,causal,0,,,363,352,,437859,,,,,,,,,,
satellite,p26-HC-pfile6.pddl,comb-w,0,,,323,352,38,609857,,,,,,,,,,
satellite,p26-HC-pfile6.pddl,tr-select,0,,,,,,,,,,,,,,,,
satellite,p26-HC-pfile6.pddl,symk,0,,,,120,,,,,,,,,,,,
satellite,p27-HC-pfile7.pddl,causal,0,,,227,354,,430249,,,,,,,,,,
satellite,p27-HC-pfile7.pddl,comb-w,0,,,157,354,33,483800,,,,,,,,,,
satellite,p27-HC-pfile7.pddl,tr-select,0,,,,,,,,,,,,,,,,
satellite,p27-HC-pfile7.pddl,symk,0,,,,118,,,,,,,,,,,,
satellite,p28-HC-pfile8.pddl,causal,0,,,1241,488,,708945,,,,,,,,,,
satellite,p28-HC-pfile8.pddl,comb-w,0,,,1174,488,48,852184,,,,,,,,,,
satellite,p28-HC-pfile8.pddl,tr-select,0,,,,,,,,,,,,,,,,
satellite,p28-HC-pfile8.pddl,symk,0,,,,161,,,,,,,,,,,,
satellite,p29-HC-pfile9.pddl,causal,0,,,1773,611,,673628,,,,,,,,,,
satellite,p29-HC-pfile9.pddl,comb-w,0,,,909,611,53,660380,,,,,,,,,,
satellite,p29-HC-pfile9.pddl,tr-select,0,,,,,,,,,,,,,,,,
satellite,p29-HC-pfile9.pddl,symk,0,,,,173,,,,,,,,,,,,
satellite,p30-HC-pfile10.pddl,causal,0,,,3589,717,,1135750,,,,,,,,,,
satellite,p30-HC-pfile10.pddl,comb-w,0,,,1952,717,58,814434,,,,,,,,,,
satellite,p30-HC-pfile10.pddl,tr-select,0,,,,,,,,,,,,,,,,
satellite,p30-HC-pfile10.pddl,symk,0,,,,200,,,,,,,,,,,,
satellite,p31-HC-pfile11.pddl,causal,0,,,3124,865,,1622558,,,,,,,,,,
satellite,p31-HC-pfile11.pddl,comb-w,0,,,3252,865,53,1301224,,,,,,,,,,
satellite,p31-HC-pfile11.pddl,tr-select,0,,,,,,,,,,,,,,,,
satellite,p31-HC-pfile11.pddl,symk,0,,,,220,,,,,,,,,,,,
satellite,p32-HC-pfile12.pddl,causal,0,,,8465,1115,,1806873,,,,,,,,,,
satellite,p32-HC-pfile12.pddl,comb-w,0,,,7371,1115,53,1481336,,,,,,,,,,
satellite,p32-HC-pfile12.pddl,tr-select,0,,,,,,,,,,,,,,,,
satellite,p32-HC-pfile12.pddl,symk,0,,,,268,,,,,,,,,,,,
satellite,p33-HC-pfile13.pddl,causal,0,,,7653,1375,,2181599,,,,,,,,,,
satellite,p33-HC-pfile13.pddl,comb-w,0,,,7199,1375,66,1977252,,,,,,,,,,
satellite,p33-HC-pfile13.pddl,tr-select,0,,,,,,,,,,,,,,,,
satellite,p33-HC-pfile13.pddl,symk,0,,,,326,,,,,,,,,,,,
satellite,p34-HC-pfile14.pddl,causal,0,,,33,844,,276027,,,,,,,,,,
satellite,p34-HC-pfile14.pddl,comb-w,0,,,30,844,14,349543,,,,,,,,,,
satellite,p34-HC-pfile14.pddl,tr-select,0,,,,,,,,,,,,,,,,
satellite,p34-HC-pfile14.pddl,symk,0,,,,164,,,,,,,,,,,,
satellite,p35-HC-pfile15.pddl,causal,0,,,195,1073,,972454,,,,,,,,,,
satellite,p35-HC-pfile15.pddl,comb-w,0,,,169,1073,30,877684,,,,,,,,,,
satellite,p35-HC-pfile15.pddl,tr-select,0,,,,,,,,,,,,,,,,
satellite,p35-HC-pfile15.pddl,symk,0,,,,232,,,,,,,,,,,,
satellite,p36-HC-pfile16.pddl,causal,0,,,479,1091,,1063918,,,,,,,,,,
satellite,p36-HC-pfile16.pddl,comb-w,0,,,527,1091,43,1064192,,,,,,,,,,
satellite,p36-HC-pfile16.pddl,tr-select,0,,,,,,,,,,,,,,,,
satellite,p36-HC-pfile16.pddl,symk,0,,,,241,,,,,,,,,,,,
scanalyzer-08-strips,p01.pddl,causal,1,18,0.360284,890,12,,14817,13026,13068,4570,4570,453768,61000,9,9,0,0
scanalyzer-08-strips,p01.pddl,comb-w,1,18,0.389125,890,12,90,7923,13068,13026,3067,3231,307622,40625,9,9,0,0
scanalyzer-08-strips,p01.pddl,tr-select,1,18,0.346273,,,,,,,,,,,,,,
scanalyzer-08-strips,p01.pddl,symk,1,18,0.274869,,12,,,,,,,,,,,,
scanalyzer-08-strips,p02.pddl,causal,1,22,0.285528,890,12,,6490,9986,17187,5265,4906,384272,52624,10,11,0,0
scanalyzer-08-strips,p02.pddl,comb-w,1,22,0.196166,890,12,90,4615,17187,11858,4211,4849,262654,40085,11,10,0,0
scanalyzer-08-strips,p02.pddl,tr-select,1,22,0.284149,,,,,,,,,,,,,,
scanalyzer-08-strips,p02.pddl,symk,1,22,0.267545,,12,,,,,,,,,,,,
scanalyzer-08-strips,p03.pddl,causal,1,26,0.287934,890,12,,4153,16708,15378,5963,4517,380184,51980,13,12,0,0
scanalyzer-08-strips,p03.pddl,comb-w,1,26,0.228827,890,12,90,3635,16708,15378,4548,3981,299446,41572,13,12,0,0
scanalyzer-08-strips,p03.pddl,tr-select,1,26,0.28636,,,,,,,,,,,,,,
scanalyzer-08-strips,p03.pddl,symk,1,26,0.248055,,12,,,,,,,,,,,,
scanalyzer-08-strips,p04.pddl,causal,1,24,65.006,1337,16,,113152,2.28053e+06,2.28088e+06,143484,140228,13808242,1654480,12,12,0,0
scanalyzer-08-strips,p04.pddl,comb-w,1,24,18.1631,1337,16,224,40022,2.28088e+06,2.28053e+06,48683,48403,7658868,571010,12,12,0,0
scanalyzer-08-strips,p04.pddl,tr-select,1,24,27.9904,,,,,,,,,,,,,,
scanalyzer-08-strips,p04.pddl,symk,1,24,29.4008,,16,,,,,,,,,,,,
scanalyzer-08-strips,p05.pddl,causal,1,30,73.4142,1337,16,,30367,1.97382e+06,4.53344e+06,215083,312212,14050456,1968283,13,16,0,0
scanalyzer-08-strips,p05.pddl,comb-w,1,30,20.4273,1337,16,224,19858,3.15123e+06,2.82476e+06,152399,129461,11696790,1048370,15,14,0,0
scanalyzer-08-strips,p05.pddl,tr-select,1,30,52.3207,,,,,,,,,,,,,,
scanalyzer-08-strips,p05.pddl,symk,1,30,41.1513,,16,,,,,,,,,,,,
scanalyzer-08-strips,p06.pddl,causal,1,36,89.18,1337,16,,17265,3.52949e+06,3.78828e+06,221678,290608,11494434,2477753,17,18,0,0
scanalyzer-08-strips,p06.pddl,comb-w,1,36,44.8178,1337,16,224,16066,3.78828e+06,3.52949e+06,151346,132226,15393364,1232366,18,17,0,0
scanalyzer-08-strips,p06.pddl,tr-select,1,36,59.6186,,,,,,,,,,,,,,
scanalyzer-08-strips,p06.pddl,symk,1,36,56.3856,,16,,,,,,,,,,,,
scanalyzer-08-strips,p07.pddl,causal,0,,,198316,20,,443307,,,,,,,,,,
scanalyzer-08-strips,p07.pddl,comb-w,0,,,104086,20,450,279494,,,,,,,,,,
scanalyzer-08-strips,p07.pddl,tr-select,0,,,,,,,,,,,,,,,,
scanalyzer-08-strips,p07.pddl,symk,0,,,,20,,,,,,,,,,,,
scanalyzer-08-strips,p08.pddl,causal,0,,,198316,20,,135525,,,,,,,,,,
scanalyzer-08-strips,p08.pddl,comb-w,0,,,104086,20,450,99772,,,,,,,,,,
scanalyzer-08-strips,p08.pddl,tr-select,0,,,,,,,,,,,,,,,,
scanalyzer-08-strips,p08.pddl,symk,0,,,,20,,,,,,,,,,,,
scanalyzer-08-strips,p09.pddl,causal,0,,,198316,20,,68815,,,,,,,,,,
scanalyzer-08-strips,p09.pddl,comb-w,0,,,104086,20,450,66633,,,,,,,,,,
scanalyzer-08-strips,p09.pddl,tr-select,0,,,,,,,,,,,,,,,,
scanalyzer-08-strips,p09.pddl,symk,0,,,,20,,,,,,,,,,,,
scanalyzer-08-strips,p10.pddl,causal,0,,,357586,24,,1192586,,,,,,,,,,
scanalyzer-08-strips,p10.pddl,comb-w,0,,,513610,24,792,518801,,,,,,,,,,
scanalyzer-08-strips,p10.pddl,tr-select,0,,,,,,,,,,,,,,,,
scanalyzer-08-strips,p10.pddl,symk,0,,,,24,,,,,,,,,,,,
scanalyzer-08-strips,p11.pddl,causal,0,,,357586,24,,324481,,,,,,,,,,
scanalyzer-08-strips,p11.pddl,comb-w,0,,,513610,24,792,217593,,,,,,,,,,
scanalyzer-08-strips,p11.pddl,tr-select,0,,,,,,,,,,,,,,,,
scanalyzer-08-strips,p11.pddl,symk,0,,,,24,,,,,,,,,,,,
scanalyzer-08-strips,p12.pddl,causal,0,,,357586,24,,187553,,,,,,,,,,
scanalyzer-08-strips,p12.pddl,comb-w,0,,,513610,24,792,170493,,,,,,,,,,
scanalyzer-08-strips,p12.pddl,tr-select,0,,,,,,,,,,,,,,,,
scanalyzer-08-strips,p12.pddl,symk,0,,,,24,,,,,,,,,,,,
scanalyzer-08-strips,p13.pddl,causal,0,,,707054,28,,1166190,,,,,,,,,,
scanalyzer-08-strips,p13.pddl,comb-w,0,,,1578933,28,1274,941017,,,,,,,,,,
scanalyzer-08-strips,p13.pddl,tr-select,0,,,,,,,,,,,,,,,,
scanalyzer-08-strips,p13.pddl,symk,0,,,,28,,,,,,,,,,,,
scanalyzer-08-strips,p14.pddl,causal,0,,,707054,28,,414637,,,,,,,,,,
scanalyzer-08-strips,p14.pddl,comb-w,0,,,1578933,28,1274,355409,,,,,,,,,,
scanalyzer-08-strips,p14.pddl,tr-select,0,,,,,,,,,,,,,,,,
scanalyzer-08-strips,p14.pddl,symk,0,,,,28,,,,,,,,,,,,
scanalyzer-08-strips,p15.pddl,causal,0,,,707054,28,,292589,,,,,,,,,,
scanalyzer-08-strips,p15.pddl,comb-w,0,,,1578933,28,1274,285789,,,,,,,,,,
scanalyzer-08-strips,p15.pddl,tr-select,0,,,,,,,,,,,,,,,,
scanalyzer-08-strips,p15.pddl,symk,0,,,,28,,,,,,,,,,,,
scanalyzer-08-strips,p16.pddl,causal,0,,,816942,32,,2604371,,,,,,,,,,
scanalyzer-08-strips,p16.pddl,comb-w,0,,,721182,32,1920,1945861,,,,,,,,,,
scanalyzer-08-strips,p16.pddl,tr-select,0,,,,,,,,,,,,,,,,
scanalyzer-08-strips,p16.pddl,symk,0,,,,32,,,,,,,,,,,,
scanalyzer-08-strips,p17.pddl,causal,0,,,816942,32,,698526,,,,,,,,,,
scanalyzer-08-strips,p17.pddl,comb-w,0,,,721182,32,1920,729042,,,,,,,,,,
scanalyzer-08-strips,p17.pddl,tr-select,0,,,,,,,,,,,,,,,,
scanalyzer-08-strips,p17.pddl,symk,0,,,,32,,,,,,,,,,,,
scanalyzer-08-strips,p18.pddl,causal,0,,,816942,32,,452046,,,,,,,,,,
scanalyzer-08-strips,p18.pddl,comb-w,0,,,721182,32,1920,566933,,,,,,,,,,
scanalyzer-08-strips,p18.pddl,tr-select,0,,,,,,,,,,,,,,,,
scanalyzer-08-strips,p18.pddl,symk,0,,,,32,,,,,,,,,,,,
scanalyzer-08-strips,p19.pddl,causal,0,,,1229647,36,,5065762,,,,,,,,,,
scanalyzer-08-strips,p19.pddl,comb-w,0,,,1282571,36,2754,4402699,,,,,,,,,,
scanalyzer-08-strips,p19.pddl,tr-select,0,,,,,,,,,,,,,,,,
scanalyzer-08-strips,p19.pddl,symk,0,,,,36,,,,,,,,,,,,
scanalyzer-08-strips,p20.pddl,causal,0,,,1229647,36,,1323407,,,,,,,,,,
scanalyzer-08-strips,p20.pddl,comb-w,0,,,1282571,36,2754,1338571,,,,,,,,,,
scanalyzer-08-strips,p20.pddl,tr-select,0,,,,,,,,,,,,,,,,
scanalyzer-08-strips,p20.pddl,symk,0,,,,36,,,,,,,,,,,,
scanalyzer-08-strips,p21.pddl,causal,0,,,1229647,36,,936033,,,,,,,,,,
scanalyzer-08-strips,p21.pddl,comb-w,0,,,1282571,36,2754,993136,,,,,,,,,,
scanalyzer-08-strips,p21.pddl,tr-select,0,,,,,,,,,,,,,,,,
scanalyzer-08-strips,p21.pddl,symk,0,,,,36,,,,,,,,,,,,
scanalyzer-08-strips,p22.pddl,causal,1,13,0.00171952,25,8,,145,15,12,51,45,2044,595,6,6,0,0
scanalyzer-08-strips,p22.pddl,comb-w,1,13,0.00261165,25,8,72,145,15,12,49,43,2044,630,6,6,0,0
scanalyzer-08-strips,p22.pddl,tr-select,1,13,0.00183769,,,,,,,,,,,,,,
scanalyzer-08-strips,p22.pddl,symk,1,13,0.00207029,,8,,,,,,,,,,,,
scanalyzer-08-strips,p23.pddl,causal,1,13,0.00160035,25,8,,145,15,12,51,45,2044,595,6,6,0,0
scanalyzer-08-strips,p23.pddl,comb-w,1,13,0.00255476,25,8,72,145,15,12,49,43,2044,630,6,6,0,0
scanalyzer-08-strips,p23.pddl,tr-select,1,13,0.00186201,,,,,,,,,,,,,,
scanalyzer-08-strips,p23.pddl,symk,1,13,0.00208468,,8,,,,,,,,,,,,
scanalyzer-08-strips,p24.pddl,causal,1,13,0.00165064,25,8,,145,15,12,51,45,2044,595,6,6,0,0
scanalyzer-08-strips,p24.pddl,comb-w,1,13,0.00159692,25,8,72,145,15,12,49,43,2044,630,6,6,0,0
scanalyzer-08-strips,p24.pddl,tr-select,1,13,0.00157119,,,,,,,,,,,,,,
scanalyzer-08-strips,p24.pddl,symk,1,13,0.0019372,,8,,,,,,,,,,,,
scanalyzer-08-strips,p25.pddl,causal,1,26,22.5916,1337,16,,523821,603076,785672,129320,237894,13595666,1900340,12,13,0,0
scanalyzer-08-strips,p25.pddl,comb-w,1,26,21.6094,1337,16,224,401409,785672,603076,214278,137100,12664624,1715280,13,12,0,0
scanalyzer-08-strips,p25.pddl,tr-select,1,26,19.7718,,,,,,,,,,,,,,
scanalyzer-08-strips,p25.pddl,symk,1,26,22.2651,,16,,,,,,,,,,,,
scanalyzer-08-strips,p26.pddl,causal,1,30,55.1944,1337,16,,344998,1.16934e+06,1.01637e+06,298038,259853,13009038,2467926,15,14,0,0
scanalyzer-08-strips,p26.pddl,comb-w,1,30,34.0674,1337,16,224,374351,1.16934e+06,1.01637e+06,307232,264545,13464850,2507783,15,14,0,0
scanalyzer-08-strips,p26.pddl,tr-select,1,30,21.1459,,,,,,,,,,,,,,
scanalyzer-08-strips,p26.pddl,symk,1,30,37.3521,,16,,,,,,,,,,,,
scanalyzer-08-strips,p27.pddl,causal,1,34,47.4182,1337,16,,273042,1.55366e+06,1.40404e+06,428166,351360,13583402,3130186,17,16,0,0
scanalyzer-08-strips,p27.pddl,comb-w,1,34,45.0059,1337,16,224,214338,1.55366e+06,1.40404e+06,391369,364398,11278792,2651105,17,16,0,0
scanalyzer-08-strips,p27.pddl,tr-select,1,34,49.7261,,,,,,,,,,,,,,
scanalyzer-08-strips,p27.pddl,symk,1,34,58.6346,,16,,,,,,,,,,,,
scanalyzer-08-strips,p28.pddl,causal,0,,,99683,24,,105663762,,,,,,,,,,
scanalyzer-08-strips,p28.pddl,comb-w,0,,,603373,24,792,105066477,,,,,,,,,,
scanalyzer-08-strips,p28.pddl,tr-select,0,,,,,,,,,,,,,,,,
scanalyzer-08-strips,p28.pddl,symk,0,,,,24,,,,,,,,,,,,
scanalyzer-08-strips,p29.pddl,causal,0,,,114709,24,,102221446,,,,,,,,,,
scanalyzer-08-strips,p29.pddl,comb-w,0,,,509020,24,792,59882219,,,,,,,,,,
scanalyzer-08-strips,p29.pddl,tr-select,0,,,,,,,,,,,,,,,,
scanalyzer-08-strips,p29.pddl,symk,0,,,,24,,,,,,,,,,,,
scanalyzer-08-strips,p30.pddl,causal,0,,,114709,24,,64503230,,,,,,,,,,
scanalyzer-08-strips,p30.pddl,comb-w,0,,,106957,24,792,70681511,,,,,,,,,,
scanalyzer-08-strips,p30.pddl,tr-select,0,,,,,,,,,,,,,,,,
scanalyzer-08-strips,p30.pddl,symk,0,,,,24,,,,,,,,,,,,
scanalyzer-opt11-strips,p01.pddl,causal,1,13,0.00181302,25,8,,145,15,12,51,45,2044,595,6,6,0,0
scanalyzer-opt11-strips,p01.pddl,comb-w,1,13,0.0026854,25,8,72,145,15,12,49,43,2044,630,6,6,0,0
scanalyzer-opt11-strips,p01.pddl,tr-select,1,13,0.00166765,,,,,,,,,,,,,,
scanalyzer-opt11-strips,p01.pddl,symk,1,13,0.00210907,,8,,,,,,,,,,,,
scanalyzer-opt11-strips,p02.pddl,causal,1,22,0.325464,890,12,,6490,9986,17187,5265,4906,384272,52624,10,11,0,0
scanalyzer-opt11-strips,p02.pddl,comb-w,1,22,0.221068,890,12,90,4615,17187,11858,4211,4849,262654,40085,11,10,0,0
scanalyzer-opt11-strips,p02.pddl,tr-select,1,22,0.316204,,,,,,,,,,,,,,
scanalyzer-opt11-strips,p02.pddl,symk,1,22,0.300441,,12,,,,,,,,,,,,
scanalyzer-opt11-strips,p03.pddl,causal,1,26,0.343531,890,12,,4153,16708,15378,5963,4517,380184,51980,13,12,0,0
scanalyzer-opt11-strips,p03.pddl,comb-w,1,26,0.301718,890,12,90,3635,16708,15378,4548,3981,299446,41572,13,12,0,0
scanalyzer-opt11-strips,p03.pddl,tr-select,1,26,0.353163,,,,,,,,,,,,,,
scanalyzer-opt11-strips,p03.pddl,symk,1,26,0.277724,,12,,,,,,,,,,,,
scanalyzer-opt11-strips,p04.pddl,causal,1,24,64.8291,1337,16,,113152,2.28053e+06,2.28088e+06,143484,140228,13808242,1654480,12,12,0,0
scanalyzer-opt11-strips,p04.pddl,comb-w,1,24,16.2786,1337,16,224,40022,2.28088e+06,2.28053e+06,48683,48403,7658868,571010,12,12,0,0
scanalyzer-opt11-strips,p04.pddl,tr-select,1,24,31.6066,,,,,,,,,,,,,,
scanalyzer-opt11-strips,p04.pddl,symk,1,24,23.4944,,16,,,,,,,,,,,,
scanalyzer-opt11-strips,p05.pddl,causal,0,,,198316,20,,443307,,,,,,,,,,
scanalyzer-opt11-strips,p05.pddl,comb-w,0,,,104086,20,450,279494,,,,,,,,,,
scanalyzer-opt11-strips,p05.pddl,tr-select,0,,,,,,,,,,,,,,,,
scanalyzer-opt11-strips,p05.pddl,symk,0,,,,20,,,,,,,,,,,,
scanalyzer-opt11-strips,p06.pddl,causal,1,30,100.613,1337,16,,30367,1.97382e+06,4.53344e+06,215083,312212,14050456,1968283,13,16,0,0
scanalyzer-opt11-strips,p06.pddl,comb-w,1,30,33.7402,1337,16,224,19858,3.15123e+06,2.82476e+06,152399,129461,11696790,1048370,15,14,0,0
scanalyzer-opt11-strips,p06.pddl,tr-select,1,30,66.5189,,,,,,,,,,,,,,
scanalyzer-opt11-strips,p06.pddl,symk,1,30,53.9964,,16,,,,,,,,,,,,
scanalyzer-opt11-strips,p07.pddl,causal,0,,,1229647,36,,5065762,,,,,,,,,,
scanalyzer-opt11-strips,p07.pddl,comb-w,0,,,1282571,36,2754,4402699,,,,,,,,,,
scanalyzer-opt11-strips,p07.pddl,tr-select,0,,,,,,,,,,,,,,,,
scanalyzer-opt11-strips,p07.pddl,symk,0,,,,36,,,,,,,,,,,,
scanalyzer-opt11-strips,p08.pddl,causal,0,,,357586,24,,1192586,,,,,,,,,,
scanalyzer-opt11-strips,p08.pddl,comb-w,0,,,513610,24,792,518801,,,,,,,,,,
scanalyzer-opt11-strips,p08.pddl,tr-select,0,,,,,,,,,,,,,,,,
scanalyzer-opt11-strips,p08.pddl,symk,0,,,,24,,,,,,,,,,,,
scanalyzer-opt11-strips,p09.pddl,causal,0,,,707054,28,,1166190,,,,,,,,,,
scanalyzer-opt11-strips,p09.pddl,comb-w,0,,,1578933,28,1274,941017,,,,,,,,,,
scanalyzer-opt11-strips,p09.pddl,tr-select,0,,,,,,,,,,,,,,,,
scanalyzer-opt11-strips,p09.pddl,symk,0,,,,28,,,,,,,,,,,,
scanalyzer-opt11-strips,p10.pddl,causal,0,,,816942,32,,2604371,,,,,,,,,,
scanalyzer-opt11-strips,p10.pddl,comb-w,0,,,721182,32,1920,1945861,,,,,,,,,,
scanalyzer-opt11-strips,p10.pddl,tr-select,0,,,,,,,,,,,,,,,,
scanalyzer-opt11-strips,p10.pddl,symk,0,,,,32,,,,,,,,,,,,
scanalyzer-opt11-strips,p11.pddl,causal,1,26,27.6056,1337,16,,523821,603076,785672,129320,237894,13595666,1900340,12,13,0,0
scanalyzer-opt11-strips,p11.pddl,comb-w,1,26,26.573,1337,16,224,401409,785672,603076,214278,137100,12664624,1715280,13,12,0,0
scanalyzer-opt11-strips,p11.pddl,tr-select,1,26,21.3294,,,,,,,,,,,,,,
scanalyzer-opt11-strips,p11.pddl,symk,1,26,32.6207,,16,,,,,,,,,,,,
scanalyzer-opt11-strips,p12.pddl,causal,1,36,89.4902,1337,16,,17265,3.52949e+06,3.78828e+06,221678,290608,11494434,2477753,17,18,0,0
scanalyzer-opt11-strips,p12.pddl,comb-w,1,36,44.1862,1337,16,224,16066,3.78828e+06,3.52949e+06,151346,132226,15393364,1232366,18,17,0,0
scanalyzer-opt11-strips,p12.pddl,tr-select,1,36,57.9625,,,,,,,,,,,,,,
scanalyzer-opt11-strips,p12.pddl,symk,1,36,49.0268,,16,,,,,,,,,,,,
scanalyzer-opt11-strips,p13.pddl,causal,1,34,50.9918,1337,16,,273042,1.55366e+06,1.40404e+06,428166,351360,13583402,3130186,17,16,0,0
scanalyzer-opt11-strips,p13.pddl,comb-w,1,34,61.329,1337,16,224,214338,1.55366e+06,1.40404e+06,391369,364398,11278792,2651105,17,16,0,0
scanalyzer-opt11-strips,p13.pddl,tr-select,1,34,58.3211,,,,,,,,,,,,,,
scanalyzer-opt11-strips,p13.pddl,symk,1,34,65.3211,,16,,,,,,,,,,,,
scanalyzer-opt11-strips,p14.pddl,causal,1,30,33.5963,1337,16,,344998,1.16934e+06,1.01637e+06,298038,259853,13009038,2467926,15,14,0,0
scanalyzer-opt11-strips,p14.pddl,comb-w,1,30,47.7603,1337,16,224,374351,1.16934e+06,1.01637e+06,307232,264545,13464850,2507783,15,14,0,0
scanalyzer-opt11-strips,p14.pddl,tr-select,1,30,25.3638,,,,,,,,,,,,,,
scanalyzer-opt11-strips,p14.pddl,symk,1,30,36.2361,,16,,,,,,,,,,,,
scanalyzer-opt11-strips,p15.pddl,causal,0,,,198316,20,,135525,,,,,,,,,,
scanalyzer-opt11-strips,p15.pddl,comb-w,0,,,104086,20,450,99772,,,,,,,,,,
scanalyzer-opt11-strips,p15.pddl,tr-select,0,,,,,,,,,,,,,,,,
scanalyzer-opt11-strips,p15.pddl,symk,0,,,,20,,,,,,,,,,,,
scanalyzer-opt11-strips,p16.pddl,causal,0,,,357586,24,,324481,,,,,,,,,,
scanalyzer-opt11-strips,p16.pddl,comb-w,0,,,513610,24,792,217593,,,,,,,,,,
scanalyzer-opt11-strips,p16.pddl,tr-select,0,,,,,,,,,,,,,,,,
scanalyzer-opt11-strips,p16.pddl,symk,0,,,,24,,,,,,,,,,,,
scanalyzer-opt11-strips,p17.pddl,causal,0,,,707054,28,,414637,,,,,,,,,,
scanalyzer-opt11-strips,p17.pddl,comb-w,0,,,1578933,28,1274,355409,,,,,,,,,,
scanalyzer-opt11-strips,p17.pddl,tr-select,0,,,,,,,,,,,,,,,,
scanalyzer-opt11-strips,p17.pddl,symk,0,,,,28,,,,,,,,,,,,
scanalyzer-opt11-strips,p18.pddl,causal,0,,,816942,32,,698526,,,,,,,,,,
scanalyzer-opt11-strips,p18.pddl,comb-w,0,,,721182,32,1920,729042,,,,,,,,,,
scanalyzer-opt11-strips,p18.pddl,tr-select,0,,,,,,,,,,,,,,,,
scanalyzer-opt11-strips,p18.pddl,symk,0,,,,32,,,,,,,,,,,,
scanalyzer-opt11-strips,p19.pddl,causal,0,,,1229647,36,,1323407,,,,,,,,,,
scanalyzer-opt11-strips,p19.pddl,comb-w,0,,,1282571,36,2754,1338571,,,,,,,,,,
scanalyzer-opt11-strips,p19.pddl,tr-select,0,,,,,,,,,,,,,,,,
scanalyzer-opt11-strips,p19.pddl,symk,0,,,,36,,,,,,,,,,,,
scanalyzer-opt11-strips,p20.pddl,causal,0,,,99683,24,,108503919,,,,,,,,,,
scanalyzer-opt11-strips,p20.pddl,comb-w,0,,,603373,24,792,99881747,,,,,,,,,,
scanalyzer-opt11-strips,p20.pddl,tr-select,0,,,,,,,,,,,,,,,,
scanalyzer-opt11-strips,p20.pddl,symk,0,,,,24,,,,,,,,,,,,
snake-opt18-strips,p01.pddl,causal,0,,,165807,123,,8480719,,,,,,,,,,
snake-opt18-strips,p01.pddl,comb-w,1,24,117.59,110512,123,1156,1704057,214519,2.78883e+35,1928176,30,27669628,5171132,24,0,0,0
snake-opt18-strips,p01.pddl,tr-select,1,24,78.0562,,,,,,,,,,,,,,
snake-opt18-strips,p01.pddl,symk,1,24,271.378,,123,,,,,,,,,,,,
snake-opt18-strips,p02.pddl,causal,0,,,344260,127,,8036386,,,,,,,,,,
snake-opt18-strips,p02.pddl,comb-w,0,,,331796,127,867,3618500,,,,,,,,,,
snake-opt18-strips,p02.pddl,tr-select,1,32,192.997,,,,,,,,,,,,,,
snake-opt18-strips,p02.pddl,symk,0,,,,127,,,,,,,,,,,,
snake-opt18-strips,p03.pddl,causal,0,,,318136,130,,7879101,,,,,,,,,,
snake-opt18-strips,p03.pddl,comb-w,0,,,393161,130,930,3230066,,,,,,,,,,
snake-opt18-strips,p03.pddl,tr-select,0,,,,,,,,,,,,,,,,
snake-opt18-strips,p03.pddl,symk,0,,,,130,,,,,,,,,,,,
snake-opt18-strips,p04.pddl,causal,1,12,84.5274,243491,116,,8607017,2378,1.01412e+35,93844,19,24549462,9291933,12,0,0,0
snake-opt18-strips,p04.pddl,comb-w,1,12,84.8863,195374,116,731,4370743,2378,1.01412e+35,52249,19,18283580,4928429,12,0,0,0
snake-opt18-strips,p04.pddl,tr-select,1,12,59.7841,,,,,,,,,,,,,,
snake-opt18-strips,p04.pddl,symk,1,12,103.863,,116,,,,,,,,,,,,
snake-opt18-strips,p05.pddl,causal,1,17,110.784,261749,119,,8074233,23989,1.77471e+35,805906,25,21214676,9824096,17,0,0,0
snake-opt18-strips,p05.pddl,comb-w,1,17,124.411,198835,119,755,3574602,23989,1.77471e+35,301450,25,20807920,4564828,17,0,0,0
snake-opt18-strips,p05.pddl,tr-select,1,17,60.2481,,,,,,,,,,,,,,
snake-opt18-strips,p05.pddl,symk,1,17,129.641,,119,,,,,,,,,,,,
snake-opt18-strips,p06.pddl,causal,0,,,150383,150,,10832077,,,,,,,,,,
snake-opt18-strips,p06.pddl,comb-w,0,,,417219,150,1019,4433127,,,,,,,,,,
snake-opt18-strips,p06.pddl,tr-select,0,,,,,,,,,,,,,,,,
snake-opt18-strips,p06.pddl,symk,0,,,,150,,,,,,,,,,,,
snake-opt18-strips,p07.pddl,causal,0,,,397885,154,,11566150,,,,,,,,,,
snake-opt18-strips,p07.pddl,comb-w,0,,,373943,154,1079,4100582,,,,,,,,,,
snake-opt18-strips,p07.pddl,tr-select,0,,,,,,,,,,,,,,,,
snake-opt18-strips,p07.pddl,symk,0,,,,154,,,,,,,,,,,,
snake-opt18-strips,p08.pddl,causal,0,,,375101,159,,9875535,,,,,,,,,,
snake-opt18-strips,p08.pddl,comb-w,0,,,421731,159,1211,3554931,,,,,,,,,,
snake-opt18-strips,p08.pddl,tr-select,0,,,,,,,,,,,,,,,,
snake-opt18-strips,p08.pddl,symk,0,,,,159,,,,,,,,,,,,
snake-opt18-strips,p09.pddl,causal,1,20,214.653,356450,141,,9732149,59957,1.83752e+42,1439968,21,26615946,13109627,20,0,0,0
snake-opt18-strips,p09.pddl,comb-w,1,20,128.257,241667,141,884,3637616,59957,1.83752e+42,526667,21,19987254,5082192,20,0,0,0
snake-opt18-strips,p09.pddl,tr-select,1,20,149.307,,,,,,,,,,,,,,
snake-opt18-strips,p09.pddl,symk,1,20,131.3,,141,,,,,,,,,,,,
snake-opt18-strips,p10.pddl,causal,0,,,351852,145,,5850652,,,,,,,,,,
snake-opt18-strips,p10.pddl,comb-w,0,,,311114,145,930,3587550,,,,,,,,,,
snake-opt18-strips,p10.pddl,tr-select,0,,,,,,,,,,,,,,,,
snake-opt18-strips,p10.pddl,symk,0,,,,145,,,,,,,,,,,,
snake-opt18-strips,p11.pddl,causal,0,,,441336,176,,7410914,,,,,,,,,,
snake-opt18-strips,p11.pddl,comb-w,0,,,405528,176,1158,4563161,,,,,,,,,,
snake-opt18-strips,p11.pddl,tr-select,0,,,,,,,,,,,,,,,,
snake-opt18-strips,p11.pddl,symk,0,,,,176,,,,,,,,,,,,
snake-opt18-strips,p12.pddl,causal,0,,,353218,182,,6804398,,,,,,,,,,
snake-opt18-strips,p12.pddl,comb-w,0,,,393721,182,1258,4705964,,,,,,,,,,
snake-opt18-strips,p12.pddl,tr-select,0,,,,,,,,,,,,,,,,
snake-opt18-strips,p12.pddl,symk,0,,,,182,,,,,,,,,,,,
snake-opt18-strips,p13.pddl,causal,0,,,425547,187,,7002419,,,,,,,,,,
snake-opt18-strips,p13.pddl,comb-w,0,,,367396,187,1382,3355376,,,,,,,,,,
snake-opt18-strips,p13.pddl,tr-select,0,,,,,,,,,,,,,,,,
snake-opt18-strips,p13.pddl,symk,0,,,,187,,,,,,,,,,,,
snake-opt18-strips,p14.pddl,causal,0,,,1181430,193,,6182353,,,,,,,,,,
snake-opt18-strips,p14.pddl,comb-w,0,,,476374,193,1555,5772127,,,,,,,,,,
snake-opt18-strips,p14.pddl,tr-select,0,,,,,,,,,,,,,,,,
snake-opt18-strips,p14.pddl,symk,0,,,,193,,,,,,,,,,,,
snake-opt18-strips,p15.pddl,causal,0,,,298258,171,,6501530,,,,,,,,,,
snake-opt18-strips,p15.pddl,comb-w,0,,,248451,171,1088,4437692,,,,,,,,,,
snake-opt18-strips,p15.pddl,tr-select,0,,,,,,,,,,,,,,,,
snake-opt18-strips,p15.pddl,symk,0,,,,171,,,,,,,,,,,,
snake-opt18-strips,p16.pddl,causal,0,,,436876,208,,6621524,,,,,,,,,,
snake-opt18-strips,p16.pddl,comb-w,0,,,376507,208,1408,8048756,,,,,,,,,,
snake-opt18-strips,p16.pddl,tr-select,0,,,,,,,,,,,,,,,,
snake-opt18-strips,p16.pddl,symk,0,,,,208,,,,,,,,,,,,
snake-opt18-strips,p17.pddl,causal,0,,,370173,214,,7576073,,,,,,,,,,
snake-opt18-strips,p17.pddl,comb-w,0,,,486542,214,1533,7370537,,,,,,,,,,
snake-opt18-strips,p17.pddl,tr-select,0,,,,,,,,,,,,,,,,
snake-opt18-strips,p17.pddl,symk,0,,,,214,,,,,,,,,,,,
snake-opt18-strips,p18.pddl,causal,0,,,738228,220,,8128730,,,,,,,,,,
snake-opt18-strips,p18.pddl,comb-w,0,,,646072,220,1698,5510457,,,,,,,,,,
snake-opt18-strips,p18.pddl,tr-select,0,,,,,,,,,,,,,,,,
snake-opt18-strips,p18.pddl,symk,0,,,,220,,,,,,,,,,,,
snake-opt18-strips,p19.pddl,causal,0,,,435073,227,,6480263,,,,,,,,,,
snake-opt18-strips,p19.pddl,comb-w,0,,,681926,227,1957,6391062,,,,,,,,,,
snake-opt18-strips,p19.pddl,tr-select,0,,,,,,,,,,,,,,,,
snake-opt18-strips,p19.pddl,symk,0,,,,227,,,,,,,,,,,,
snake-opt18-strips,p20.pddl,causal,0,,,325158,201,,6955574,,,,,,,,,,
snake-opt18-strips,p20.pddl,comb-w,0,,,385428,201,1296,6873892,,,,,,,,,,
snake-opt18-strips,p20.pddl,tr-select,0,,,,,,,,,,,,,,,,
snake-opt18-strips,p20.pddl,symk,0,,,,201,,,,,,,,,,,,
sokoban-opt08-strips,p01.pddl,causal,1,11,0.0515486,1826,28,,2157,235,9.45396e+09,1021,14,77672,11478,152,1,0,0
sokoban-opt08-strips,p01.pddl,comb-w,1,11,0.0557967,2042,28,618,2178,235,9.45396e+09,932,14,75628,12868,152,1,0,0
sokoban-opt08-strips,p01.pddl,tr-select,1,11,0.058598,,,,,,,,,,,,,,
sokoban-opt08-strips,p01.pddl,symk,1,11,0.0731744,,28,,,,,,,,,,,,
sokoban-opt08-strips,p02.pddl,causal,1,9,0.0469521,1623,24,,2213,326,7.17226e+08,995,46,69496,11373,110,3,0,0
sokoban-opt08-strips,p02.pddl,comb-w,1,9,0.0511318,1290,24,460,2342,379,7.17226e+08,936,12,71540,12061,120,1,0,0
sokoban-opt08-strips,p02.pddl,tr-select,1,9,0.0516978,,,,,,,,,,,,,,
sokoban-opt08-strips,p02.pddl,symk,1,9,0.0559166,,24,,,,,,,,,,,,
sokoban-opt08-strips,p03.pddl,causal,1,10,0.0293368,741,21,,1156,164,2.09715e+07,495,6,33726,5827,176,1,0,0
sokoban-opt08-strips,p03.pddl,comb-w,1,10,0.0321103,946,21,252,1271,164,2.09715e+07,330,6,31682,5436,176,1,0,0
sokoban-opt08-strips,p03.pddl,tr-select,1,10,0.0286213,,,,,,,,,,,,,,
sokoban-opt08-strips,p03.pddl,symk,1,10,0.0320675,,21,,,,,,,,,,,,
sokoban-opt08-strips,p04.pddl,causal,1,29,1.46666,24502,35,,5846,5038,2.06244e+13,14406,38222,1105804,251691,338,554,0,0
sokoban-opt08-strips,p04.pddl,comb-w,1,29,0.855429,42303,35,695,6670,8329,2.06244e+13,9998,20149,714378,184195,384,496,0,0
sokoban-opt08-strips,p04.pddl,tr-select,1,29,1.44125,,,,,,,,,,,,,,
sokoban-opt08-strips,p04.pddl,symk,1,29,1.88193,,35,,,,,,,,,,,,
sokoban-opt08-strips,p05.pddl,causal,1,8,48.7697,536550,53,,29283,95352,1.06253e+22,377798,635451,9503578,3313717,150,28,0,0
sokoban-opt08-strips,p05.pddl,comb-w,1,8,153.679,565089,53,1758,37519,474648,1.06253e+22,649066,13,15039752,4739903,206,0,0,0
sokoban-opt08-strips,p05.pddl,tr-select,1,8,34.1964,,,,,,,,,,,,,,
sokoban-opt08-strips,p05.pddl,symk,1,8,156.224,,53,,,,,,,,,,,,
sokoban-opt08-strips,p06.pddl,causal,1,9,0.14065,41005,24,,4062,538,1.62438e+09,2832,21,198268,59530,132,1,0,0
sokoban-opt08-strips,p06.pddl,comb-w,1,9,0.123393,19598,24,281,4883,538,1.62438e+09,2057,21,157388,36778,132,1,0,0
sokoban-opt08-strips,p06.pddl,tr-select,1,9,0.13303,,,,,,,,,,,,,,
sokoban-opt08-strips,p06.pddl,symk,1,9,0.120026,,24,,,,,,,,,,,,
sokoban-opt08-strips,p07.pddl,causal,1,15,1.36957,99021,53,,11484,18309,1.68387e+19,15245,22766,1463504,307892,458,120,0,0
sokoban-opt08-strips,p07.pddl,comb-w,1,15,11.2538,42267,53,2143,16684,41389,1.68387e+19,50146,23,6270992,1715865,626,1,0,0
sokoban-opt08-strips,p07.pddl,tr-select,1,15,1.84669,,,,,,,,,,,,,,
sokoban-opt08-strips,p07.pddl,symk,1,15,1.63758,,53,,,,,,,,,,,,
sokoban-opt08-strips,p08.pddl,causal,1,31,26.3014,156477,39,,12082,102433,3.38151e+15,233902,538906,11066216,2642867,370,356,0,0
sokoban-opt08-strips,p08.pddl,comb-w,1,31,16.7179,159925,39,816,15915,150632,3.38151e+15,178444,342937,9218440,2432216,394,322,0,0
sokoban-opt08-strips,p08.pddl,tr-select,1,31,23.7279,,,,,,,,,,,,,,
sokoban-opt08-strips,p08.pddl,symk,1,31,28.902,,39,,,,,,,,,,,,
sokoban-opt08-strips,p09.pddl,causal,1,19,2.9111,115384,42,,10559,12494,1.43506e+16,41002,32351,2018450,396326,450,83,0,0
sokoban-opt08-strips,p09.pddl,comb-w,1,19,5.99882,134800,42,1080,14080,24359,1.43506e+16,48198,27,2637782,572547,568,1,0,0
sokoban-opt08-strips,p09.pddl,tr-select,1,19,2.8351,,,,,,,,,,,,,,
sokoban-opt08-strips,p09.pddl,symk,1,19,2.58193,,42,,,,,,,,,,,,
sokoban-opt08-strips,p10.pddl,causal,1,30,1.2212,59416,36,,5764,3576,4.71104e+13,8816,37107,962724,236554,222,452,0,0
sokoban-opt08-strips,p10.pddl,comb-w,1,30,1.21211,100582,36,967,7821,15036,4.71104e+13,21293,17249,1117046,299433,496,118,0,0
sokoban-opt08-strips,p10.pddl,tr-select,1,30,1.18088,,,,,,,,,,,,,,
sokoban-opt08-strips,p10.pddl,symk,1,30,1.21245,,36,,,,,,,,,,,,
sokoban-opt08-strips,p11.pddl,causal,1,35,10.5119,60087,71,,13072,50668,3.08798e+24,35527,70341,6102362,1196749,910,1740,0,0
sokoban-opt08-strips,p11.pddl,comb-w,1,35,50.8522,30472,71,2712,15775,193125,3.08798e+24,76953,22,15336132,1571337,2188,0,0,0
sokoban-opt08-strips,p11.pddl,tr-select,1,35,10.6249,,,,,,,,,,,,,,
sokoban-opt08-strips,p11.pddl,symk,1,35,7.65097,,71,,,,,,,,,,,,
sokoban-opt08-strips,p12.pddl,causal,1,32,5.81812,83626,43,,15172,23754,4.87859e+16,99473,46762,4124792,626905,626,196,0,0
sokoban-opt08-strips,p12.pddl,comb-w,1,32,8.55154,100906,43,1097,17214,60562,4.87859e+16,94330,30,5505514,938762,890,1,0,0
sokoban-opt08-strips,p12.pddl,tr-select,1,32,3.8103,,,,,,,,,,,,,,
sokoban-opt08-strips,p12.pddl,symk,1,32,4.91242,,43,,,,,,,,,,,,
sokoban-opt08-strips,p13.pddl,causal,1,20,6.68883,86006,34,,11676,35240,7.00625e+13,83425,147263,3981712,822636,176,164,0,0
sokoban-opt08-strips,p13.pddl,comb-w,1,20,10.8503,153276,34,599,13763,31284,7.00625e+13,85225,153604,4583670,884841,172,166,0,0
sokoban-opt08-strips,p13.pddl,tr-select,1,20,12.896,,,,,,,,,,,,,,
sokoban-opt08-strips,p13.pddl,symk,1,20,11.2295,,34,,,,,,,,,,,,
sokoban-opt08-strips,p14.pddl,causal,1,29,0.586575,88698,37,,6217,1330,7.07703e+13,5177,14137,591738,161722,242,297,0,0
sokoban-opt08-strips,p14.pddl,comb-w,1,29,1.05534,65673,37,827,8626,6977,7.07703e+13,12572,20,706202,188899,554,1,0,0
sokoban-opt08-strips,p14.pddl,tr-select,1,29,0.648338,,,,,,,,,,,,,,
sokoban-opt08-strips,p14.pddl,symk,1,29,0.90555,,37,,,,,,,,,,,,
sokoban-opt08-strips,p15.pddl,causal,1,76,779.732,67546,53,,30487,6.70007e+06,4.00825e+20,1768024,23,30893016,22560088,3010,0,0,0
sokoban-opt08-strips,p15.pddl,comb-w,1,76,200.224,204212,53,1424,25486,1.65397e+06,4.00825e+20,445742,1728621,17230920,12709161,1922,1158,0,0
sokoban-opt08-strips,p15.pddl,tr-select,1,76,175.502,,,,,,,,,,,,,,
sokoban-opt08-strips,p15.pddl,symk,1,76,634.553,,53,,,,,,,,,,,,
sokoban-opt08-strips,p16.pddl,causal,1,50,16.5003,112886,49,,15840,186484,1.96263e+18,117157,24,5429886,906799,1562,1,0,0
sokoban-opt08-strips,p16.pddl,comb-w,1,50,17.5645,117355,49,1569,14235,15267,1.96263e+18,32786,125510,8030876,1408410,492,1754,0,0
sokoban-opt08-strips,p16.pddl,tr-select,1,50,18.3186,,,,,,,,,,,,,,
sokoban-opt08-strips,p16.pddl,symk,1,50,18.7081,,49,,,,,,,,,,,,
sokoban-opt08-strips,p17.pddl,causal,1,37,1.87506,75308,44,,8807,8806,2.49838e+16,31292,33114,1729224,315369,448,544,0,0
sokoban-opt08-strips,p17.pddl,comb-w,1,37,2.31865,144821,44,1199,11003,7762,2.49838e+16,14457,27386,1307138,370575,426,570,0,0
sokoban-opt08-strips,p17.pddl,tr-select,1,37,1.79507,,,,,,,,,,,,,,
sokoban-opt08-strips,p17.pddl,symk,1,37,3.26744,,44,,,,,,,,,,,,
sokoban-opt08-strips,p18.pddl,causal,1,49,12.5177,84937,51,,11464,71465,1.9391e+19,116526,97334,4872896,1043882,1346,798,0,0
sokoban-opt08-strips,p18.pddl,comb-w,1,49,11.5048,124178,51,1710,19588,97791,1.9391e+19,52652,26,6134044,1242682,2114,1,0,0
sokoban-opt08-strips,p18.pddl,tr-select,1,49,8.64497,,,,,,,,,,,,,,
sokoban-opt08-strips,p18.pddl,symk,1,49,12.6195,,51,,,,,,,,,,,,
sokoban-opt08-strips,p19.pddl,causal,1,47,27.8162,107949,41,,13552,65679,2.67293e+16,114413,429098,10113712,1975047,594,966,0,0
sokoban-opt08-strips,p19.pddl,comb-w,1,47,32.3335,109654,41,902,16880,65679,2.67293e+16,147351,505182,9775430,2429192,594,966,0,0
sokoban-opt08-strips,p19.pddl,tr-select,1,47,27.9265,,,,,,,,,,,,,,
sokoban-opt08-strips,p19.pddl,symk,1,47,82.8978,,41,,,,,,,,,,,,
sokoban-opt08-strips,p20.pddl,causal,1,2,25.6014,16784,220,,56261,648,6.85583e+68,12725,14,22053738,326879,858,1,0,0
sokoban-opt08-strips,p20.pddl,comb-w,1,2,12.3287,13070,220,64200,58371,648,6.85583e+68,12736,14,19969880,318852,858,1,0,0
sokoban-opt08-strips,p20.pddl,tr-select,1,2,14.1195,,,,,,,,,,,,,,
sokoban-opt08-strips,p20.pddl,symk,1,2,16.4725,,220,,,,,,,,,,,,
sokoban-opt08-strips,p21.pddl,causal,1,10,153.483,1735151,59,,41443,515874,4.35213e+25,2179220,16,21559090,10142838,280,0,0,0
sokoban-opt08-strips,p21.pddl,comb-w,1,10,207.35,1126681,59,2334,68080,515874,4.35213e+25,833455,16,18725084,7837839,280,0,0,0
sokoban-opt08-strips,p21.pddl,tr-select,1,10,131.623,,,,,,,,,,,,,,
sokoban-opt08-strips,p21.pddl,symk,1,10,158.176,,59,,,,,,,,,,,,
sokoban-opt08-strips,p22.pddl,causal,1,44,112.081,89622,47,,28096,544680,2.03142e+18,445432,611508,11627294,5495035,990,688,0,0
sokoban-opt08-strips,p22.pddl,comb-w,1,44,699.696,93848,47,1229,20626,3.88702e+06,2.03142e+18,734294,30,22354206,16781350,1804,0,0,0
sokoban-opt08-strips,p22.pddl,tr-select,1,44,658.176,,,,,,,,,,,,,,
sokoban-opt08-strips,p22.pddl,symk,1,44,337.63,,47,,,,,,,,,,,,
sokoban-opt08-strips,p23.pddl,causal,1,31,142.783,224390,35,,15213,633344,5.7171e+14,481581,801932,16647358,6285528,630,192,0,0
sokoban-opt08-strips,p23.pddl,comb-w,1,31,241.364,59373,35,711,21542,779512,5.7171e+14,595918,1129945,18902912,9383893,660,162,0,0
sokoban-opt08-strips,p23.pddl,tr-select,1,31,85.0727,,,,,,,,,,,,,,
sokoban-opt08-strips,p23.pddl,symk,1,31,72.4191,,35,,,,,,,,,,,,
sokoban-opt08-strips,p24.pddl,causal,1,50,90.7084,177146,45,,16119,403112,1.44633e+18,317313,802155,15937068,5019681,1370,500,0,0
sokoban-opt08-strips,p24.pddl,comb-w,1,50,74.172,172051,45,1249,22415,484975,1.44633e+18,597303,777556,10656394,5020249,1456,420,0,0
sokoban-opt08-strips,p24.pddl,tr-select,1,50,83.9853,,,,,,,,,,,,,,
sokoban-opt08-strips,p24.pddl,symk,1,50,212.539,,45,,,,,,,,,,,,
sokoban-opt08-strips,p25.pddl,causal,1,39,1528.46,253402,44,,28676,1.70812e+07,1.46089e+18,6468409,32,77656670,63072378,1596,0,0,0
sokoban-opt08-strips,p25.pddl,comb-w,1,39,193.991,148698,44,1190,23532,829096,1.46089e+18,953739,1884457,15796032,10242693,892,472,0,0
sokoban-opt08-strips,p25.pddl,tr-select,1,39,189.14,,,,,,,,,,,,,,
sokoban-opt08-strips,p25.pddl,symk,1,39,385.697,,44,,,,,,,,,,,,
sokoban-opt08-strips,p26.pddl,causal,1,33,443.558,242818,45,,32158,719013,1.44633e+18,944090,2798805,27448876,18670050,616,582,0,0
sokoban-opt08-strips,p26.pddl,comb-w,1,33,250.222,134919,45,1207,22842,1.08948e+06,1.44633e+18,782826,1833557,21041958,14044937,660,538,0,0
sokoban-opt08-strips,p26.pddl,tr-select,1,33,201.13,,,,,,,,,,,,,,
sokoban-opt08-strips,p26.pddl,symk,1,33,811.166,,45,,,,,,,,,,,,
sokoban-opt08-strips,p27.pddl,causal,0,,,202860,50,,47791,,,,,,,,,,
sokoban-opt08-strips,p27.pddl,comb-w,1,23,1332.62,412385,50,1563,37965,7.86529e+06,2.99969e+21,10324433,1476369,54595240,45416608,826,128,0,0
sokoban-opt08-strips,p27.pddl,tr-select,1,23,1343.61,,,,,,,,,,,,,,
sokoban-opt08-strips,p27.pddl,symk,0,,,,50,,,,,,,,,,,,
sokoban-opt08-strips,p28.pddl,causal,0,,,246786,52,,27635,,,,,,,,,,
sokoban-opt08-strips,p28.pddl,comb-w,0,,,192460,52,1371,55871,,,,,,,,,,
sokoban-opt08-strips,p28.pddl,tr-select,0,,,,,,,,,,,,,,,,
sokoban-opt08-strips,p28.pddl,symk,0,,,,52,,,,,,,,,,,,
sokoban-opt08-strips,p29.pddl,causal,0,,,6487525,73,,1075063,,,,,,,,,,
sokoban-opt08-strips,p29.pddl,comb-w,0,,,2552583,73,4350,202859,,,,,,,,,,
sokoban-opt08-strips,p29.pddl,tr-select,0,,,,,,,,,,,,,,,,
sokoban-opt08-strips,p29.pddl,symk,0,,,,73,,,,,,,,,,,,
sokoban-opt08-strips,p30.pddl,causal,0,,,5143781,70,,1275860,,,,,,,,,,
sokoban-opt08-strips,p30.pddl,comb-w,0,,,5941337,70,5783,246984,,,,,,,,,,
sokoban-opt08-strips,p30.pddl,tr-select,0,,,,,,,,,,,,,,,,
sokoban-opt08-strips,p30.pddl,symk,0,,,,70,,,,,,,,,,,,
sokoban-opt11-strips,p01.pddl,causal,1,9,0.111221,41005,24,,4062,538,1.62438e+09,2832,21,198268,59530,132,1,0,0
sokoban-opt11-strips,p01.pddl,comb-w,1,9,0.0964883,19598,24,281,4883,538,1.62438e+09,2057,21,157388,36778,132,1,0,0
sokoban-opt11-strips,p01.pddl,tr-select,1,9,0.10579,,,,,,,,,,,,,,
sokoban-opt11-strips,p01.pddl,symk,1,9,0.102277,,24,,,,,,,,,,,,
sokoban-opt11-strips,p02.pddl,causal,1,37,1.57983,75308,44,,8807,8806,2.49838e+16,31292,33114,1729224,315369,448,544,0,0
sokoban-opt11-strips,p02.pddl,comb-w,1,37,1.02608,144821,44,1199,11003,7762,2.49838e+16,14457,27386,1307138,370575,426,570,0,0
sokoban-opt11-strips,p02.pddl,tr-select,1,37,1.71113,,,,,,,,,,,,,,
sokoban-opt11-strips,p02.pddl,symk,1,37,2.80885,,44,,,,,,,,,,,,
sokoban-opt11-strips,p03.pddl,causal,1,29,0.42885,88698,37,,6217,1330,7.07703e+13,5177,14137,591738,161722,242,297,0,0
sokoban-opt11-strips,p03.pddl,comb-w,1,29,0.790879,65673,37,827,8626,6977,7.07703e+13,12572,20,706202,188899,554,1,0,0
sokoban-opt11-strips,p03.pddl,tr-select,1,29,0.458852,,,,,,,,,,,,,,
sokoban-opt11-strips,p03.pddl,symk,1,29,0.982755,,37,,,,,,,,,,,,
sokoban-opt11-strips,p04.pddl,causal,1,29,1.15421,24502,35,,5846,5038,2.06244e+13,14406,38222,1105804,251691,338,554,0,0
sokoban-opt11-strips,p04.pddl,comb-w,1,29,0.840199,42303,35,695,6670,8329,2.06244e+13,9998,20149,714378,184195,384,496,0,0
sokoban-opt11-strips,p04.pddl,tr-select,1,29,1.10148,,,,,,,,,,,,,,
sokoban-opt11-strips,p04.pddl,symk,1,29,1.4354,,35,,,,,,,,,,,,
sokoban-opt11-strips,p05.pddl,causal,1,50,11.2814,112886,49,,15840,186484,1.96263e+18,117157,24,5429886,906799,1562,1,0,0
sokoban-opt11-strips,p05.pddl,comb-w,1,50,11.3438,117355,49,1569,14235,15267,1.96263e+18,32786,125510,8030876,1408410,492,1754,0,0
sokoban-opt11-strips,p05.pddl,tr-select,1,50,10.6807,,,,,,,,,,,,,,
sokoban-opt11-strips,p05.pddl,symk,1,50,10.4307,,49,,,,,,,,,,,,
sokoban-opt11-strips,p06.pddl,causal,1,35,7.93698,60087,71,,13072,50668,3.08798e+24,35527,70341,6102362,1196749,910,1740,0,0
sokoban-opt11-strips,p06.pddl,comb-w,1,35,29.784,30472,71,2712,15775,193125,3.08798e+24,76953,22,15336132,1571337,2188,0,0,0
sokoban-opt11-strips,p06.pddl,tr-select,1,35,7.89371,,,,,,,,,,,,,,
sokoban-opt11-strips,p06.pddl,symk,1,35,5.43462,,71,,,,,,,,,,,,
sokoban-opt11-strips,p07.pddl,causal,1,30,1.29398,59416,36,,5764,3576,4.71104e+13,8816,37107,962724,236554,222,452,0,0
sokoban-opt11-strips,p07.pddl,comb-w,1,30,1.67961,100582,36,967,7821,15036,4.71104e+13,21293,17249,1117046,299433,496,118,0,0
sokoban-opt11-strips,p07.pddl,tr-select,1,30,0.894002,,,,,,,,,,,,,,
sokoban-opt11-strips,p07.pddl,symk,1,30,0.847182,,36,,,,,,,,,,,,
sokoban-opt11-strips,p08.pddl,causal,1,19,2.10241,115384,42,,10559,12494,1.43506e+16,41002,32351,2018450,396326,450,83,0,0
sokoban-opt11-strips,p08.pddl,comb-w,1,19,7.92532,134800,42,1080,14080,24359,1.43506e+16,48198,27,2637782,572547,568,1,0,0
sokoban-opt11-strips,p08.pddl,tr-select,1,19,3.51613,,,,,,,,,,,,,,
sokoban-opt11-strips,p08.pddl,symk,1,19,1.82888,,42,,,,,,,,,,,,
sokoban-opt11-strips,p09.pddl,causal,1,15,1.04704,99021,53,,11484,18309,1.68387e+19,15245,22766,1463504,307892,458,120,0,0
sokoban-opt11-strips,p09.pddl,comb-w,1,15,13.5535,42267,53,2143,16684,41389,1.68387e+19,50146,23,6270992,1715865,626,1,0,0
sokoban-opt11-strips,p09.pddl,tr-select,1,15,1.08128,,,,,,,,,,,,,,
sokoban-opt11-strips,p09.pddl,symk,1,15,1.29012,,53,,,,,,,,,,,,
sokoban-opt11-strips,p10.pddl,causal,1,8,30.0524,536550,53,,29283,95352,1.06253e+22,377798,635451,9503578,3313717,150,28,0,0
sokoban-opt11-strips,p10.pddl,comb-w,1,8,103.966,565089,53,1758,37519,474648,1.06253e+22,649066,13,16051532,4739903,206,0,0,0
sokoban-opt11-strips,p10.pddl,tr-select,1,8,20.9496,,,,,,,,,,,,,,
sokoban-opt11-strips,p10.pddl,symk,1,8,88.8912,,53,,,,,,,,,,,,
sokoban-opt11-strips,p11.pddl,causal,1,20,6.02214,86006,34,,11676,35240,7.00625e+13,83425,147263,3981712,822636,176,164,0,0
sokoban-opt11-strips,p11.pddl,comb-w,1,20,4.87225,153276,34,599,13763,31284,7.00625e+13,85225,153604,4583670,884841,172,166,0,0
sokoban-opt11-strips,p11.pddl,tr-select,1,20,4.30654,,,,,,,,,,,,,,
sokoban-opt11-strips,p11.pddl,symk,1,20,17.1919,,34,,,,,,,,,,,,
sokoban-opt11-strips,p12.pddl,causal,1,2,9.62841,16784,220,,56261,648,6.85583e+68,12725,14,22053738,326879,858,1,0,0
sokoban-opt11-strips,p12.pddl,comb-w,1,2,9.04318,13070,220,64200,58371,648,6.85583e+68,12736,14,19969880,318852,858,1,0,0
sokoban-opt11-strips,p12.pddl,tr-select,1,2,10.7508,,,,,,,,,,,,,,
sokoban-opt11-strips,p12.pddl,symk,1,2,12.9661,,220,,,,,,,,,,,,
sokoban-opt11-strips,p13.pddl,causal,1,31,25.9618,156477,39,,12082,102433,3.38151e+15,233902,538906,11066216,2642867,370,356,0,0
sokoban-opt11-strips,p13.pddl,comb-w,1,31,11.6191,159925,39,816,15915,150632,3.38151e+15,178444,342937,9218440,2432216,394,322,0,0
sokoban-opt11-strips,p13.pddl,tr-select,1,31,15.4307,,,,,,,,,,,,,,
sokoban-opt11-strips,p13.pddl,symk,1,31,17.834,,39,,,,,,,,,,,,
sokoban-opt11-strips,p14.pddl,causal,1,32,3.88958,83626,43,,15172,23754,4.87859e+16,99473,46762,4124792,626905,626,196,0,0
sokoban-opt11-strips,p14.pddl,comb-w,1,32,8.42987,100906,43,1097,17214,60562,4.87859e+16,94330,30,5505514,938762,890,1,0,0
sokoban-opt11-strips,p14.pddl,tr-select,1,32,3.72713,,,,,,,,,,,,,,
sokoban-opt11-strips,p14.pddl,symk,1,32,3.2512,,43,,,,,,,,,,,,
sokoban-opt11-strips,p15.pddl,causal,1,49,5.44495,84937,51,,11464,71465,1.9391e+19,116526,97334,4872896,1043882,1346,798,0,0
sokoban-opt11-strips,p15.pddl,comb-w,1,49,8.32681,124178,51,1710,19588,97791,1.9391e+19,52652,26,6134044,1242682,2114,1,0,0
sokoban-opt11-strips,p15.pddl,tr-select,1,49,5.5918,,,,,,,,,,,,,,
sokoban-opt11-strips,p15.pddl,symk,1,49,8.62868,,51,,,,,,,,,,,,
sokoban-opt11-strips,p16.pddl,causal,1,76,370.451,67546,53,,30487,6.70007e+06,4.00825e+20,1768024,23,30893016,22560088,3010,0,0,0
sokoban-opt11-strips,p16.pddl,comb-w,1,76,166.407,204212,53,1424,25486,1.65397e+06,4.00825e+20,445742,1728621,17230920,12709161,1922,1158,0,0
sokoban-opt11-strips,p16.pddl,tr-select,1,76,161.772,,,,,,,,,,,,,,
sokoban-opt11-strips,p16.pddl,symk,1,76,301.667,,53,,,,,,,,,,,,
sokoban-opt11-strips,p17.pddl,causal,1,47,19.4301,107949,41,,13552,65679,2.67293e+16,114413,429098,10113712,1975047,594,966,0,0
sokoban-opt11-strips,p17.pddl,comb-w,1,47,19.3482,109654,41,902,16880,65679,2.67293e+16,147351,505182,9775430,2429192,594,966,0,0
sokoban-opt11-strips,p17.pddl,tr-select,1,47,15.0317,,,,,,,,,,,,,,
sokoban-opt11-strips,p17.pddl,symk,1,47,46.9639,,41,,,,,,,,,,,,
sokoban-opt11-strips,p18.pddl,causal,1,10,100.008,1735151,59,,41443,515874,4.35213e+25,2179220,16,21559090,10142838,280,0,0,0
sokoban-opt11-strips,p18.pddl,comb-w,1,10,131.271,1126681,59,2334,68080,515874,4.35213e+25,833455,16,20636224,7837839,280,0,0,0
sokoban-opt11-strips,p18.pddl,tr-select,1,10,94.2599,,,,,,,,,,,,,,
sokoban-opt11-strips,p18.pddl,symk,1,10,78.7793,,59,,,,,,,,,,,,
sokoban-opt11-strips,p19.pddl,causal,1,44,71.8847,89622,47,,28096,544680,2.03142e+18,445432,611508,11627294,5495035,990,688,0,0
sokoban-opt11-strips,p19.pddl,comb-w,1,44,412.449,93848,47,1229,20626,3.88702e+06,2.03142e+18,734294,30,22354206,16781350,1804,0,0,0
sokoban-opt11-strips,p19.pddl,tr-select,1,44,419.27,,,,,,,,,,,,,,
sokoban-opt11-strips,p19.pddl,symk,1,44,238.615,,47,,,,,,,,,,,,
sokoban-opt11-strips,p20.pddl,causal,1,31,64.8879,224390,35,,15213,633344,5.7171e+14,481581,801932,16647358,6285528,630,192,0,0
sokoban-opt11-strips,p20.pddl,comb-w,1,31,119.688,59373,35,711,21542,779512,5.7171e+14,595918,1129945,18902912,9383893,660,162,0,0
sokoban-opt11-strips,p20.pddl,tr-select,1,31,67.5905,,,,,,,,,,,,,,
sokoban-opt11-strips,p20.pddl,symk,1,31,58.8874,,35,,,,,,,,,,,,
spider-opt18-strips,p01.pddl,causal,1,16,20.4782,326454,172,,759783,6431,1.7127e+46,212538,67443,13114304,1992234,232,30,0,0
spider-opt18-strips,p01.pddl,comb-w,1,16,45.4412,431576,172,5467,1571883,6431,1.7127e+46,203946,59938,13894090,2973534,232,30,0,0
spider-opt18-strips,p01.pddl,tr-select,1,16,24.8367,,,,,,,,,,,,,,
spider-opt18-strips,p01.pddl,symk,1,16,37.0591,,170,,,,,,,,,,,,
spider-opt18-strips,p02.pddl,causal,1,23,65.5992,823040,224,,1243213,6067,1.2052e+60,251744,36560,18189556,3130320,348,20,0,0
spider-opt18-strips,p02.pddl,comb-w,1,23,90.5218,721708,224,9123,2632169,5978,1.2052e+60,359120,95505,15811362,4754474,341,36,0,0
spider-opt18-strips,p02.pddl,tr-select,1,23,54.5762,,,,,,,,,,,,,,
spider-opt18-strips,p02.pddl,symk,1,23,61.5304,,222,,,,,,,,,,,,
spider-opt18-strips,p03.pddl,causal,0,,,2616455,318,,2632524,,,,,,,,,,
spider-opt18-strips,p03.pddl,comb-w,0,,,2250474,318,19300,8528032,,,,,,,,,,
spider-opt18-strips,p03.pddl,tr-select,0,,,,,,,,,,,,,,,,
spider-opt18-strips,p03.pddl,symk,0,,,,316,,,,,,,,,,,,
spider-opt18-strips,p04.pddl,causal,0,,,5968693,378,,4678447,,,,,,,,,,
spider-opt18-strips,p04.pddl,comb-w,0,,,5515313,378,27871,12650019,,,,,,,,,,
spider-opt18-strips,p04.pddl,tr-select,0,,,,,,,,,,,,,,,,
spider-opt18-strips,p04.pddl,symk,0,,,,376,,,,,,,,,,,,
spider-opt18-strips,p05.pddl,causal,0,,,8099257,497,,7442774,,,,,,,,,,
spider-opt18-strips,p05.pddl,comb-w,0,,,8844667,497,43401,7247016,,,,,,,,,,
spider-opt18-strips,p05.pddl,tr-select,0,,,,,,,,,,,,,,,,
spider-opt18-strips,p05.pddl,symk,0,,,,494,,,,,,,,,,,,
spider-opt18-strips,p06.pddl,causal,0,,,12585000,631,,10708547,,,,,,,,,,
spider-opt18-strips,p06.pddl,comb-w,0,,,16696257,631,67308,9212108,,,,,,,,,,
spider-opt18-strips,p06.pddl,tr-select,0,,,,,,,,,,,,,,,,
spider-opt18-strips,p06.pddl,symk,0,,,,628,,,,,,,,,,,,
spider-opt18-strips,p07.pddl,causal,1,16,21.4448,364953,174,,786584,3251,1.7127e+46,118339,18490,12551182,1622003,282,12,0,0
spider-opt18-strips,p07.pddl,comb-w,1,16,56.5868,377126,174,4588,1562536,3251,1.7127e+46,154740,28703,13026412,2529395,282,12,0,0
spider-opt18-strips,p07.pddl,tr-select,1,16,19.0108,,,,,,,,,,,,,,
spider-opt18-strips,p07.pddl,symk,1,16,33.2283,,170,,,,,,,,,,,,
spider-opt18-strips,p08.pddl,causal,1,18,153.057,852147,225,,2069255,36524,4.82081e+60,1445167,576425,16425584,9035124,371,36,0,0
spider-opt18-strips,p08.pddl,comb-w,1,18,231.131,1498763,225,7043,2913310,41665,4.82081e+60,2148304,704176,19644884,11928920,396,18,0,0
spider-opt18-strips,p08.pddl,tr-select,1,18,127.94,,,,,,,,,,,,,,
spider-opt18-strips,p08.pddl,symk,1,18,124.063,,222,,,,,,,,,,,,
spider-opt18-strips,p09.pddl,causal,0,,,3020909,320,,3577032,,,,,,,,,,
spider-opt18-strips,p09.pddl,comb-w,0,,,2259148,320,13768,3682605,,,,,,,,,,
spider-opt18-strips,p09.pddl,tr-select,0,,,,,,,,,,,,,,,,
spider-opt18-strips,p09.pddl,symk,0,,,,316,,,,,,,,,,,,
spider-opt18-strips,p10.pddl,causal,0,,,1310946,378,,5248695,,,,,,,,,,
spider-opt18-strips,p10.pddl,comb-w,0,,,3776692,378,18451,13319652,,,,,,,,,,
spider-opt18-strips,p10.pddl,tr-select,0,,,,,,,,,,,,,,,,
spider-opt18-strips,p10.pddl,symk,0,,,,376,,,,,,,,,,,,
spider-opt18-strips,p11.pddl,causal,0,,,7523673,496,,8512851,,,,,,,,,,
spider-opt18-strips,p11.pddl,comb-w,0,,,10501348,496,33629,7937761,,,,,,,,,,
spider-opt18-strips,p11.pddl,tr-select,0,,,,,,,,,,,,,,,,
spider-opt18-strips,p11.pddl,symk,0,,,,494,,,,,,,,,,,,
spider-opt18-strips,p12.pddl,causal,0,,,8806296,630,,14713370,,,,,,,,,,
spider-opt18-strips,p12.pddl,comb-w,0,,,14870462,630,47827,43515649,,,,,,,,,,
spider-opt18-strips,p12.pddl,tr-select,0,,,,,,,,,,,,,,,,
spider-opt18-strips,p12.pddl,symk,0,,,,628,,,,,,,,,,,,
spider-opt18-strips,p13.pddl,causal,0,,,16774770,707,,20269242,,,,,,,,,,
spider-opt18-strips,p13.pddl,comb-w,0,,,8427830,707,60319,45756997,,,,,,,,,,
spider-opt18-strips,p13.pddl,tr-select,0,,,,,,,,,,,,,,,,
spider-opt18-strips,p13.pddl,symk,0,,,,704,,,,,,,,,,,,
spider-opt18-strips,p14.pddl,causal,1,10,46.1255,265803,173,,1652668,10316,1.7127e+46,360961,180047,16167018,3122106,158,15,0,0
spider-opt18-strips,p14.pddl,comb-w,1,10,45.9101,691231,173,5057,2343422,10316,1.7127e+46,445012,149756,19065410,4411486,158,15,0,0
spider-opt18-strips,p14.pddl,tr-select,1,10,24.9412,,,,,,,,,,,,,,
spider-opt18-strips,p14.pddl,symk,1,10,40.4554,,170,,,,,,,,,,,,
spider-opt18-strips,p15.pddl,causal,1,17,50.4665,681311,225,,1951622,1270,2.41041e+60,65323,29180,13721372,3173843,193,6,0,0
spider-opt18-strips,p15.pddl,comb-w,1,17,109.788,763417,225,8501,4035848,1270,2.41041e+60,78595,11093,17847186,5296160,192,7,0,0
spider-opt18-strips,p15.pddl,tr-select,1,17,33.3488,,,,,,,,,,,,,,
spider-opt18-strips,p15.pddl,symk,1,17,57.3404,,222,,,,,,,,,,,,
spider-opt18-strips,p16.pddl,causal,0,,,2539242,318,,5258156,,,,,,,,,,
spider-opt18-strips,p16.pddl,comb-w,0,,,1974826,318,15007,6840433,,,,,,,,,,
spider-opt18-strips,p16.pddl,tr-select,0,,,,,,,,,,,,,,,,
spider-opt18-strips,p16.pddl,symk,0,,,,316,,,,,,,,,,,,
spider-opt18-strips,p17.pddl,causal,0,,,6884530,379,,5245162,,,,,,,,,,
spider-opt18-strips,p17.pddl,comb-w,0,,,3304712,379,21685,6372506,,,,,,,,,,
spider-opt18-strips,p17.pddl,tr-select,0,,,,,,,,,,,,,,,,
spider-opt18-strips,p17.pddl,symk,0,,,,376,,,,,,,,,,,,
spider-opt18-strips,p18.pddl,causal,0,,,10491393,496,,8777726,,,,,,,,,,
spider-opt18-strips,p18.pddl,comb-w,0,,,7158118,496,34376,21184371,,,,,,,,,,
spider-opt18-strips,p18.pddl,tr-select,0,,,,,,,,,,,,,,,,
spider-opt18-strips,p18.pddl,symk,0,,,,494,,,,,,,,,,,,
spider-opt18-strips,p19.pddl,causal,0,,,12171906,630,,9886393,,,,,,,,,,
spider-opt18-strips,p19.pddl,comb-w,0,,,10695556,630,55952,37604305,,,,,,,,,,
spider-opt18-strips,p19.pddl,tr-select,0,,,,,,,,,,,,,,,,
spider-opt18-strips,p19.pddl,symk,0,,,,628,,,,,,,,,,,,
spider-opt18-strips,p20.pddl,causal,0,,,11457400,706,,13998665,,,,,,,,,,
spider-opt18-strips,p20.pddl,comb-w,0,,,20408724,706,68748,37463221,,,,,,,,,,
spider-opt18-strips,p20.pddl,tr-select,0,,,,,,,,,,,,,,,,
spider-opt18-strips,p20.pddl,symk,0,,,,704,,,,,,,,,,,,
storage,p01.pddl,causal,1,3,0.00107528,28,7,,90,2,74,14,11,1022,305,1,2,0,0
storage,p01.pddl,comb-w,1,3,0.000751728,31,7,15,90,2,74,11,13,1022,314,1,2,0,0
storage,p01.pddl,tr-select,1,3,0.000677828,,,,,,,,,,,,,,
storage,p01.pddl,symk,1,3,0.000680882,,6,,,,,,,,,,,,
storage,p02.pddl,causal,1,3,0.00398344,185,10,,514,2,2588,20,75,5110,1408,2,1,0,0
storage,p02.pddl,comb-w,1,3,0.00215,78,10,36,353,2,2588,15,56,4088,1113,2,1,0,0
storage,p02.pddl,tr-select,1,3,0.00202133,,,,,,,,,,,,,,
storage,p02.pddl,symk,1,3,0.002727,,9,,,,,,,,,,,,
storage,p03.pddl,causal,1,3,0.00684993,596,13,,1267,2,112288,25,332,17374,3844,2,1,0,0
storage,p03.pddl,comb-w,1,3,0.0051835,247,13,74,1193,2,112288,30,227,13286,3258,2,1,0,0
storage,p03.pddl,tr-select,1,3,0.00662717,,,,,,,,,,,,,,
storage,p03.pddl,symk,1,3,0.00653005,,12,,,,,,,,,,,,
storage,p04.pddl,causal,1,8,0.00806975,798,14,,1028,49,44224,247,168,18396,3883,6,2,0,0
storage,p04.pddl,comb-w,1,8,0.00728327,620,14,53,1046,49,44224,231,179,15330,3594,6,2,0,0
storage,p04.pddl,tr-select,1,8,0.0082706,,,,,,,,,,,,,,
storage,p04.pddl,symk,1,8,0.0136175,,12,,,,,,,,,,,,
storage,p05.pddl,causal,1,8,0.0200406,4295,16,,2696,137,806272,540,1144,36792,11124,7,1,0,0
storage,p05.pddl,comb-w,1,8,0.0230487,2262,16,82,2592,137,806272,536,1037,40880,10011,7,1,0,0
storage,p05.pddl,tr-select,1,8,0.0256916,,,,,,,,,,,,,,
storage,p05.pddl,symk,1,8,0.0187769,,14,,,,,,,,,,,,
storage,p06.pddl,causal,1,8,0.0874455,10114,18,,4605,265,1.42497e+07,1211,4033,111398,28663,7,1,0,0
storage,p06.pddl,comb-w,1,8,0.0449794,6492,18,117,5259,265,1.42497e+07,996,3241,96068,23554,7,1,0,0
storage,p06.pddl,tr-select,1,8,0.0543708,,,,,,,,,,,,,,
storage,p06.pddl,symk,1,8,0.0759101,,16,,,,,,,,,,,,
storage,p07.pddl,causal,1,14,0.100076,42262,20,,3790,756,1.02572e+07,2639,2509,123662,56631,13,1,0,0
storage,p07.pddl,comb-w,1,14,0.0805282,17837,20,126,3310,756,1.02572e+07,2401,2002,97090,32424,13,1,0,0
storage,p07.pddl,tr-select,1,14,0.0733953,,,,,,,,,,,,,,
storage,p07.pddl,symk,1,14,0.0612532,,17,,,,,,,,,,,,
storage,p08.pddl,causal,1,12,0.292195,59364,22,,10043,7495,2.72842e+08,11204,14520,500780,130250,11,1,0,0
storage,p08.pddl,comb-w,1,12,0.321485,48435,22,180,7442,7495,2.72842e+08,14044,13419,451724,113186,11,1,0,0
storage,p08.pddl,tr-select,1,12,0.301131,,,,,,,,,,,,,,
storage,p08.pddl,symk,1,12,0.297537,,19,,,,,,,,,,,,
storage,p09.pddl,causal,1,11,0.775195,28094,24,,17049,17777,7.08041e+09,22467,46618,1032220,195479,10,1,0,0
storage,p09.pddl,comb-w,1,11,0.721753,95654,24,243,17561,17777,7.08041e+09,25496,38373,1010758,226918,10,1,0,0
storage,p09.pddl,tr-select,1,11,0.682202,,,,,,,,,,,,,,
storage,p09.pddl,symk,1,11,0.694148,,21,,,,,,,,,,,,
storage,p10.pddl,causal,1,18,0.616794,58265,26,,9937,16827,3.04378e+09,30870,54944,800226,192012,16,2,0,0
storage,p10.pddl,comb-w,1,18,1.23379,79391,26,242,8634,16827,3.04378e+09,26653,30614,1101716,211836,15,3,0,0
storage,p10.pddl,tr-select,1,18,0.649516,,,,,,,,,,,,,,
storage,p10.pddl,symk,1,18,0.591377,,22,,,,,,,,,,,,
storage,p11.pddl,causal,1,17,7.61116,113603,28,,25235,209582,1.06393e+11,118702,203667,4448766,845233,16,1,0,0
storage,p11.pddl,comb-w,1,17,4.50272,166362,28,328,21390,130400,1.06414e+11,116705,117099,5150880,706044,14,3,0,0
storage,p11.pddl,tr-select,1,17,6.14213,,,,,,,,,,,,,,
storage,p11.pddl,symk,1,17,4.05956,,24,,,,,,,,,,,,
storage,p12.pddl,causal,1,16,31.2661,105551,30,,68587,1.12242e+06,3.64485e+12,462198,794994,13573182,1964085,15,1,0,0
storage,p12.pddl,comb-w,1,16,35.9362,255029,30,426,36594,607133,3.64518e+12,406540,659923,19855416,2375065,14,2,0,0
storage,p12.pddl,tr-select,1,16,25.3417,,,,,,,,,,,,,,
storage,p12.pddl,symk,1,16,20.8666,,26,,,,,,,,,,,,
storage,p13.pddl,causal,1,18,1.7555,251677,42,,12815,29316,1.09959e+12,52557,69005,2433382,522319,11,7,0,0
storage,p13.pddl,comb-w,1,18,1.62166,232311,42,410,13007,29316,1.09959e+12,41308,43265,2177882,449360,11,7,0,0
storage,p13.pddl,tr-select,1,18,1.89789,,,,,,,,,,,,,,
storage,p13.pddl,symk,1,18,1.85637,,27,,,,,,,,,,,,
storage,p14.pddl,causal,1,19,19.5033,192953,44,,37633,391177,4.76439e+13,380165,555091,14123018,2138598,14,5,0,0
storage,p14.pddl,comb-w,1,19,18.9669,174931,44,535,28460,391177,4.76439e+13,335499,638423,14739284,2182211,14,5,0,0
storage,p14.pddl,tr-select,1,19,24.729,,,,,,,,,,,,,,
storage,p14.pddl,symk,1,19,29.5742,,29,,,,,,,,,,,,
storage,p15.pddl,causal,0,,,299757,46,,76066,,,,,,,,,,
storage,p15.pddl,comb-w,1,18,182.701,597104,46,675,74652,2.42664e+06,2.02893e+15,1641660,2492662,28734552,9482482,13,5,0,0
storage,p15.pddl,tr-select,1,18,165.574,,,,,,,,,,,,,,
storage,p15.pddl,symk,1,18,840.339,,31,,,,,,,,,,,,
storage,p16.pddl,causal,0,,,526333,54,,131879,,,,,,,,,,
storage,p16.pddl,comb-w,0,,,588429,54,999,192106,,,,,,,,,,
storage,p16.pddl,tr-select,0,,,,,,,,,,,,,,,,
storage,p16.pddl,symk,0,,,,36,,,,,,,,,,,,
storage,p17.pddl,causal,0,,,777250,62,,372406,,,,,,,,,,
storage,p17.pddl,comb-w,0,,,772041,62,1407,226451,,,,,,,,,,
storage,p17.pddl,tr-select,0,,,,,,,,,,,,,,,,
storage,p17.pddl,symk,0,,,,41,,,,,,,,,,,,
storage,p18.pddl,causal,0,,,784467,70,,678024,,,,,,,,,,
storage,p18.pddl,comb-w,0,,,769863,70,1908,691739,,,,,,,,,,
storage,p18.pddl,tr-select,0,,,,,,,,,,,,,,,,
storage,p18.pddl,symk,0,,,,46,,,,,,,,,,,,
storage,p19.pddl,causal,0,,,5191186,96,,1706414,,,,,,,,,,
storage,p19.pddl,comb-w,0,,,1324005,96,2511,1639817,,,,,,,,,,
storage,p19.pddl,tr-select,0,,,,,,,,,,,,,,,,
storage,p19.pddl,symk,0,,,,51,,,,,,,,,,,,
storage,p20.pddl,causal,0,,,7306563,106,,2634120,,,,,,,,,,
storage,p20.pddl,comb-w,0,,,1533170,106,3225,2113983,,,,,,,,,,
storage,p20.pddl,tr-select,0,,,,,,,,,,,,,,,,
storage,p20.pddl,symk,0,,,,56,,,,,,,,,,,,
storage,p21.pddl,causal,0,,,3468930,118,,3945218,,,,,,,,,,
storage,p21.pddl,comb-w,0,,,3643063,118,4631,4016865,,,,,,,,,,
storage,p21.pddl,tr-select,0,,,,,,,,,,,,,,,,
storage,p21.pddl,symk,0,,,,63,,,,,,,,,,,,
storage,p22.pddl,causal,0,,,8732242,128,,4080940,,,,,,,,,,
storage,p22.pddl,comb-w,0,,,7888436,128,5688,4250998,,,,,,,,,,
storage,p22.pddl,tr-select,0,,,,,,,,,,,,,,,,
storage,p22.pddl,symk,0,,,,68,,,,,,,,,,,,
storage,p23.pddl,causal,0,,,5725276,164,,4346592,,,,,,,,,,
storage,p23.pddl,comb-w,0,,,3731368,164,6890,4278258,,,,,,,,,,
storage,p23.pddl,tr-select,0,,,,,,,,,,,,,,,,
storage,p23.pddl,symk,0,,,,73,,,,,,,,,,,,
storage,p24.pddl,causal,0,,,10989623,176,,5700466,,,,,,,,,,
storage,p24.pddl,comb-w,0,,,3456264,176,8246,6245700,,,,,,,,,,
storage,p24.pddl,tr-select,0,,,,,,,,,,,,,,,,
storage,p24.pddl,symk,0,,,,78,,,,,,,,,,,,
storage,p25.pddl,causal,0,,,8638642,188,,6954566,,,,,,,,,,
storage,p25.pddl,comb-w,0,,,9125645,188,9765,5021641,,,,,,,,,,
storage,p25.pddl,tr-select,0,,,,,,,,,,,,,,,,
storage,p25.pddl,symk,0,,,,83,,,,,,,,,,,,
storage,p26.pddl,causal,0,,,6439753,202,,9041444,,,,,,,,,,
storage,p26.pddl,comb-w,0,,,5558337,202,12616,9164755,,,,,,,,,,
storage,p26.pddl,tr-select,0,,,,,,,,,,,,,,,,
storage,p26.pddl,symk,0,,,,90,,,,,,,,,,,,
storage,p27.pddl,causal,0,,,7301049,248,,8438438,,,,,,,,,,
storage,p27.pddl,comb-w,0,,,6489727,248,14620,8886386,,,,,,,,,,
storage,p27.pddl,tr-select,0,,,,,,,,,,,,,,,,
storage,p27.pddl,symk,0,,,,95,,,,,,,,,,,,
storage,p28.pddl,causal,0,,,9271143,262,,9951950,,,,,,,,,,
storage,p28.pddl,comb-w,0,,,10133939,262,16821,9258944,,,,,,,,,,
storage,p28.pddl,tr-select,0,,,,,,,,,,,,,,,,
storage,p28.pddl,symk,0,,,,100,,,,,,,,,,,,
storage,p29.pddl,causal,0,,,7555951,276,,8329432,,,,,,,,,,
storage,p29.pddl,comb-w,0,,,11455326,276,19228,10501682,,,,,,,,,,
storage,p29.pddl,tr-select,0,,,,,,,,,,,,,,,,
storage,p29.pddl,symk,0,,,,105,,,,,,,,,,,,
storage,p30.pddl,causal,0,,,14429879,290,,13053556,,,,,,,,,,
storage,p30.pddl,comb-w,0,,,12699726,290,21850,11799635,,,,,,,,,,
storage,p30.pddl,tr-select,0,,,,,,,,,,,,,,,,
storage,p30.pddl,symk,0,,,,110,,,,,,,,,,,,
termes-opt18-strips,p01.pddl,causal,1,36,0.201907,0,13,,11057,14998,14631,2144,2503,288204,26115,18,18,0,0
termes-opt18-strips,p01.pddl,comb-w,1,36,0.177732,0,13,0,11057,14998,14631,2144,2503,288204,26115,18,18,0,0
termes-opt18-strips,p01.pddl,tr-select,1,36,0.19161,,,,,,,,,,,,,,
termes-opt18-strips,p01.pddl,symk,1,36,0.183638,,13,,,,,,,,,,,,
termes-opt18-strips,p02.pddl,causal,1,54,0.489037,0,13,,11057,113270,27799,7705,7537,515088,66910,27,27,0,0
termes-opt18-strips,p02.pddl,comb-w,1,54,0.541791,0,13,0,11057,113270,27799,7705,7537,515088,66910,27,27,0,0
termes-opt18-strips,p02.pddl,tr-select,1,54,0.538653,,,,,,,,,,,,,,
termes-opt18-strips,p02.pddl,symk,1,54,0.499238,,13,,,,,,,,,,,,
termes-opt18-strips,p03.pddl,causal,1,68,2.00096,0,13,,37772,274739,241689,17908,19268,1923404,196341,32,36,0,0
termes-opt18-strips,p03.pddl,comb-w,1,68,1.84295,0,13,0,37772,274739,241689,17908,19268,1923404,196341,32,36,0,0
termes-opt18-strips,p03.pddl,tr-select,1,68,2.04127,,,,,,,,,,,,,,
termes-opt18-strips,p03.pddl,symk,1,68,2.60492,,13,,,,,,,,,,,,
termes-opt18-strips,p04.pddl,causal,1,80,4.83532,0,13,,45089,1.10951e+06,752593,59503,65229,4215750,530755,41,39,0,0
termes-opt18-strips,p04.pddl,comb-w,1,80,4.68146,0,13,0,45089,1.10951e+06,752593,59503,65229,4215750,530755,41,39,0,0
termes-opt18-strips,p04.pddl,tr-select,1,80,10.8041,,,,,,,,,,,,,,
termes-opt18-strips,p04.pddl,symk,1,80,5.66699,,13,,,,,,,,,,,,
termes-opt18-strips,p05.pddl,causal,1,132,106.344,0,13,,127326,6.19549e+06,4.73751e+06,192312,197933,13784736,2502220,56,76,0,0
termes-opt18-strips,p05.pddl,comb-w,1,132,61.031,0,13,0,127326,6.19549e+06,4.73751e+06,192312,197933,13784736,2502220,56,76,0,0
termes-opt18-strips,p05.pddl,tr-select,1,132,126.535,,,,,,,,,,,,,,
termes-opt18-strips,p05.pddl,symk,1,132,84.3133,,13,,,,,,,,,,,,
termes-opt18-strips,p06.pddl,causal,1,164,482.738,0,13,,127326,3.26934e+07,1.43479e+07,962365,1098165,24164168,10633349,76,88,0,0
termes-opt18-strips,p06.pddl,comb-w,1,164,286.751,0,13,0,127326,3.26934e+07,1.43479e+07,962365,1098165,24588298,10633349,76,88,0,0
termes-opt18-strips,p06.pddl,tr-select,1,164,722.246,,,,,,,,,,,,,,
termes-opt18-strips,p06.pddl,symk,1,164,472.488,,13,,,,,,,,,,,,
termes-opt18-strips,p07.pddl,causal,0,,,0,13,,67180,,,,,,,,,,
termes-opt18-strips,p07.pddl,comb-w,0,,,0,13,0,67180,,,,,,,,,,
termes-opt18-strips,p07.pddl,tr-select,0,,,,,,,,,,,,,,,,
termes-opt18-strips,p07.pddl,symk,0,,,,13,,,,,,,,,,,,
termes-opt18-strips,p08.pddl,causal,0,,,0,13,,67180,,,,,,,,,,
termes-opt18-strips,p08.pddl,comb-w,0,,,0,13,0,67180,,,,,,,,,,
termes-opt18-strips,p08.pddl,tr-select,0,,,,,,,,,,,,,,,,
termes-opt18-strips,p08.pddl,symk,0,,,,13,,,,,,,,,,,,
termes-opt18-strips,p09.pddl,causal,0,,,0,13,,81537,,,,,,,,,,
termes-opt18-strips,p09.pddl,comb-w,0,,,0,13,0,81537,,,,,,,,,,
termes-opt18-strips,p09.pddl,tr-select,0,,,,,,,,,,,,,,,,
termes-opt18-strips,p09.pddl,symk,0,,,,13,,,,,,,,,,,,
termes-opt18-strips,p10.pddl,causal,0,,,0,13,,81537,,,,,,,,,,
termes-opt18-strips,p10.pddl,comb-w,0,,,0,13,0,81537,,,,,,,,,,
termes-opt18-strips,p10.pddl,tr-select,0,,,,,,,,,,,,,,,,
termes-opt18-strips,p10.pddl,symk,0,,,,13,,,,,,,,,,,,
termes-opt18-strips,p11.pddl,causal,1,66,1.07588,0,13,,13350,449335,188634,24439,29764,1201872,190773,35,31,0,0
termes-opt18-strips,p11.pddl,comb-w,1,66,1.15399,0,13,0,13350,449335,188634,24439,29764,1201872,190773,35,31,0,0
termes-opt18-strips,p11.pddl,tr-select,1,66,2.10303,,,,,,,,,,,,,,
termes-opt18-strips,p11.pddl,symk,1,66,2.76696,,13,,,,,,,,,,,,
termes-opt18-strips,p12.pddl,causal,1,46,0.357478,0,13,,13350,93389,26250,7034,7324,463988,59720,26,20,0,0
termes-opt18-strips,p12.pddl,comb-w,1,46,0.584318,0,13,0,13350,93389,26250,7034,7324,463988,59720,26,20,0,0
termes-opt18-strips,p12.pddl,tr-select,1,46,0.592425,,,,,,,,,,,,,,
termes-opt18-strips,p12.pddl,symk,1,46,0.441711,,13,,,,,,,,,,,,
termes-opt18-strips,p13.pddl,causal,1,92,14.0521,0,13,,37772,3.73557e+06,1.035e+06,130311,140699,8627724,1255878,51,41,0,0
termes-opt18-strips,p13.pddl,comb-w,1,92,17.1075,0,13,0,37772,3.73557e+06,1.035e+06,130311,140699,8627724,1255878,51,41,0,0
termes-opt18-strips,p13.pddl,tr-select,1,92,44.6134,,,,,,,,,,,,,,
termes-opt18-strips,p13.pddl,symk,1,92,31.5531,,13,,,,,,,,,,,,
termes-opt18-strips,p14.pddl,causal,1,104,42.9661,0,13,,45089,9.73464e+06,4.12661e+06,297498,306656,16496102,2452089,61,43,0,0
termes-opt18-strips,p14.pddl,comb-w,1,104,50.6827,0,13,0,45089,9.73464e+06,4.12661e+06,297498,306656,16496102,2452089,61,43,0,0
termes-opt18-strips,p14.pddl,tr-select,1,104,111.429,,,,,,,,,,,,,,
termes-opt18-strips,p14.pddl,symk,1,104,48.6071,,13,,,,,,,,,,,,
termes-opt18-strips,p15.pddl,causal,1,140,277.878,0,13,,127326,2.20886e+07,1.99111e+07,660789,708517,17320856,8141568,71,69,0,0
termes-opt18-strips,p15.pddl,comb-w,1,140,281.734,0,13,0,127326,2.20886e+07,1.99111e+07,660789,708517,17320856,8141568,71,69,0,0
termes-opt18-strips,p15.pddl,tr-select,1,140,443.911,,,,,,,,,,,,,,
termes-opt18-strips,p15.pddl,symk,1,140,272.928,,13,,,,,,,,,,,,
termes-opt18-strips,p16.pddl,causal,1,152,287.918,0,13,,64656,4.07981e+07,1.59965e+07,1226349,1266822,21085904,12283216,79,73,0,0
termes-opt18-strips,p16.pddl,comb-w,1,152,316.322,0,13,0,64656,4.07981e+07,1.59965e+07,1226349,1266822,21085904,12283216,79,73,0,0
termes-opt18-strips,p16.pddl,tr-select,1,152,700.833,,,,,,,,,,,,,,
termes-opt18-strips,p16.pddl,symk,1,152,310.962,,13,,,,,,,,,,,,
termes-opt18-strips,p17.pddl,causal,1,116,24.0999,0,13,,8673,6.11373e+06,1.99282e+06,213279,271738,14475608,2213136,62,54,0,0
termes-opt18-strips,p17.pddl,comb-w,1,116,24.7801,0,13,0,8673,6.11373e+06,1.99282e+06,213279,271738,14475608,2213136,62,54,0,0
termes-opt18-strips,p17.pddl,tr-select,1,116,64.5319,,,,,,,,,,,,,,
termes-opt18-strips,p17.pddl,symk,1,116,28.6146,,13,,,,,,,,,,,,
termes-opt18-strips,p18.pddl,causal,1,76,5.52456,0,13,,11057,2.68312e+06,927543,83861,97604,4827928,731495,48,28,0,0
termes-opt18-strips,p18.pddl,comb-w,1,76,5.49647,0,13,0,11057,2.68312e+06,927543,83861,97604,4827928,731495,48,28,0,0
termes-opt18-strips,p18.pddl,tr-select,1,76,15.2721,,,,,,,,,,,,,,
termes-opt18-strips,p18.pddl,symk,1,76,5.65632,,13,,,,,,,,,,,,
termes-opt18-strips,p19.pddl,causal,1,94,16.7214,0,13,,30159,3.5045e+06,1.19567e+06,198957,248173,11215428,1861406,56,38,0,0
termes-opt18-strips,p19.pddl,comb-w,1,94,21.2625,0,13,0,30159,3.5045e+06,1.19567e+06,198957,248173,11215428,1861406,56,38,0,0
termes-opt18-strips,p19.pddl,tr-select,1,94,48.6795,,,,,,,,,,,,,,
termes-opt18-strips,p19.pddl,symk,1,94,13.0801,,13,,,,,,,,,,,,
termes-opt18-strips,p20.pddl,causal,1,106,57.0414,0,13,,37772,1.06013e+07,3.90337e+06,294355,332928,19977034,3012292,62,44,0,0
termes-opt18-strips,p20.pddl,comb-w,1,106,49.1024,0,13,0,37772,1.06013e+07,3.90337e+06,294355,332928,19977034,3012292,62,44,0,0
termes-opt18-strips,p20.pddl,tr-select,1,106,124.817,,,,,,,,,,,,,,
termes-opt18-strips,p20.pddl,symk,1,106,86.6911,,13,,,,,,,,,,,,
tetris-opt14-strips,p01-10.pddl,causal,0,,,1945377,761,,905745,,,,,,,,,,
tetris-opt14-strips,p01-10.pddl,comb-w,0,,,1403172,761,24377,1396184,,,,,,,,,,
tetris-opt14-strips,p01-10.pddl,tr-select,0,,,,,,,,,,,,,,,,
tetris-opt14-strips,p01-10.pddl,symk,0,,,,761,,,,,,,,,,,,
tetris-opt14-strips,p01-6.pddl,causal,1,30,156.438,450935,431,,176980,3.04812e+06,1.05926e+58,1127767,1301860,19059278,7252403,23,6,0,0
tetris-opt14-strips,p01-6.pddl,comb-w,1,30,468.203,581928,431,8705,396487,4.21159e+06,1.05926e+58,2722889,2126193,33465390,15394401,25,5,0,0
tetris-opt14-strips,p01-6.pddl,tr-select,1,30,155.674,,,,,,,,,,,,,,
tetris-opt14-strips,p01-6.pddl,symk,1,30,795.891,,431,,,,,,,,,,,,
tetris-opt14-strips,p01-8.pddl,causal,1,36,9.62442,213978,841,,41753,79490,1.87072e+50,100105,95781,7008876,921823,27,7,0,0
tetris-opt14-strips,p01-8.pddl,comb-w,1,36,96.5916,135048,841,7305,63303,232858,1.87072e+50,507891,17,25686948,8143445,34,1,0,0
tetris-opt14-strips,p01-8.pddl,tr-select,1,36,7.09224,,,,,,,,,,,,,,
tetris-opt14-strips,p01-8.pddl,symk,1,36,8.03148,,841,,,,,,,,,,,,
tetris-opt14-strips,p02-10.pddl,causal,0,,,1945377,761,,905745,,,,,,,,,,
tetris-opt14-strips,p02-10.pddl,comb-w,0,,,1403172,761,24377,1396184,,,,,,,,,,
tetris-opt14-strips,p02-10.pddl,tr-select,0,,,,,,,,,,,,,,,,
tetris-opt14-strips,p02-10.pddl,symk,0,,,,761,,,,,,,,,,,,
tetris-opt14-strips,p02-4.pddl,causal,1,10,0.207282,11435,217,,9118,101,5.90296e+20,1142,2909,378140,40666,7,2,0,0
tetris-opt14-strips,p02-4.pddl,comb-w,1,10,0.331887,25054,217,1570,11766,170,5.90296e+20,3068,2259,555968,68582,8,1,0,0
tetris-opt14-strips,p02-4.pddl,tr-select,1,10,0.203465,,,,,,,,,,,,,,
tetris-opt14-strips,p02-4.pddl,symk,1,10,0.227692,,217,,,,,,,,,,,,
tetris-opt14-strips,p02-6.pddl,causal,1,30,9.11915,133491,606,,36793,85867,1.91409e+38,138031,120559,7048734,968182,23,6,0,0
tetris-opt14-strips,p02-6.pddl,comb-w,1,30,51.7323,94378,606,4437,50295,245815,1.91409e+38,500560,521222,15923782,3235014,27,2,0,0
tetris-opt14-strips,p02-6.pddl,tr-select,1,30,6.56944,,,,,,,,,,,,,,
tetris-opt14-strips,p02-6.pddl,symk,1,30,10.6318,,606,,,,,,,,,,,,
tetris-opt14-strips,p02-8.pddl,causal,1,39,645.256,673452,843,,134859,1.25106e+07,1.91562e+53,3004159,3058107,43306228,19210572,32,10,0,0
tetris-opt14-strips,p02-8.pddl,comb-w,0,,,323147,843,8133,210969,,,,,,,,,,
tetris-opt14-strips,p02-8.pddl,tr-select,1,39,600.243,,,,,,,,,,,,,,
tetris-opt14-strips,p02-8.pddl,symk,0,,,,843,,,,,,,,,,,,
tetris-opt14-strips,p03-10.pddl,causal,0,,,535804,1982,,392894,,,,,,,,,,
tetris-opt14-strips,p03-10.pddl,comb-w,0,,,580082,1982,14664,387379,,,,,,,,,,
tetris-opt14-strips,p03-10.pddl,tr-select,0,,,,,,,,,,,,,,,,
tetris-opt14-strips,p03-10.pddl,symk,0,,,,1982,,,,,,,,,,,,
tetris-opt14-strips,p03-4.pddl,causal,1,11,0.486362,191422,172,,9554,2553,8.59015e+09,9406,15507,937174,254553,8,2,0,0
tetris-opt14-strips,p03-4.pddl,comb-w,1,11,0.621116,33880,172,331,10260,4674,8.58999e+09,14222,11720,591738,101107,9,1,0,0
tetris-opt14-strips,p03-4.pddl,tr-select,1,11,0.492647,,,,,,,,,,,,,,
tetris-opt14-strips,p03-4.pddl,symk,1,11,0.272522,,172,,,,,,,,,,,,
tetris-opt14-strips,p03-6.pddl,causal,1,21,201.039,243721,356,,101798,2.28032e+06,3.36461e+36,1384111,2253463,17117478,8941241,18,2,0,0
tetris-opt14-strips,p03-6.pddl,comb-w,1,21,87.8349,351069,356,4432,97093,957760,3.36461e+36,923285,824721,19736864,5732791,16,4,0,0
tetris-opt14-strips,p03-6.pddl,tr-select,1,21,297.039,,,,,,,,,,,,,,
tetris-opt14-strips,p03-6.pddl,symk,1,21,49.477,,356,,,,,,,,,,,,
tetris-opt14-strips,p03-8.pddl,causal,1,48,45.8608,432962,1442,,103840,729416,1.29807e+33,424238,366095,8955786,3072763,37,10,0,0
tetris-opt14-strips,p03-8.pddl,comb-w,1,48,204.288,182840,1442,2346,188373,2.21212e+06,1.29807e+33,999497,1072218,18718952,7056320,46,1,0,0
tetris-opt14-strips,p03-8.pddl,tr-select,1,48,277.891,,,,,,,,,,,,,,
tetris-opt14-strips,p03-8.pddl,symk,1,48,51.8612,,1442,,,,,,,,,,,,
tetris-opt14-strips,p04-10.pddl,causal,0,,,508402,1924,,701046,,,,,,,,,,
tetris-opt14-strips,p04-10.pddl,comb-w,0,,,1246544,1924,52245,1268617,,,,,,,,,,
tetris-opt14-strips,p04-10.pddl,tr-select,0,,,,,,,,,,,,,,,,
tetris-opt14-strips,p04-10.pddl,symk,0,,,,1924,,,,,,,,,,,,
tetris-opt14-strips,p04-6.pddl,causal,1,27,117.086,450935,431,,176980,1.42017e+06,1.05926e+58,926840,1238077,18130280,6519245,20,6,0,0
tetris-opt14-strips,p04-6.pddl,comb-w,1,27,348.486,581928,431,8705,396487,2.0664e+06,1.05926e+58,2788801,2126193,33230330,16583441,22,5,0,0
tetris-opt14-strips,p04-6.pddl,tr-select,1,27,107.121,,,,,,,,,,,,,,
tetris-opt14-strips,p04-6.pddl,symk,1,27,650.495,,431,,,,,,,,,,,,
tetris-opt14-strips,p04-8.pddl,causal,0,,,283706,1195,,194930,,,,,,,,,,
tetris-opt14-strips,p04-8.pddl,comb-w,0,,,596202,1195,9173,287133,,,,,,,,,,
tetris-opt14-strips,p04-8.pddl,tr-select,0,,,,,,,,,,,,,,,,
tetris-opt14-strips,p04-8.pddl,symk,0,,,,1195,,,,,,,,,,,,
tetris-opt14-strips,p05-10.pddl,causal,0,,,239271,1850,,310707,,,,,,,,,,
tetris-opt14-strips,p05-10.pddl,comb-w,0,,,184736,1850,3354,356102,,,,,,,,,,
tetris-opt14-strips,p05-10.pddl,tr-select,0,,,,,,,,,,,,,,,,
tetris-opt14-strips,p05-10.pddl,symk,1,66,1750.98,,1850,,,,,,,,,,,,
tetris-opt14-strips,p05-6.pddl,causal,1,19,5.00557,86744,354,,31754,33857,5.84133e+33,57199,183454,4333280,883739,17,1,0,0
tetris-opt14-strips,p05-6.pddl,comb-w,1,19,3.20236,154163,354,3870,33895,16111,5.84133e+33,82944,63717,4758432,652478,15,3,0,0
tetris-opt14-strips,p05-6.pddl,tr-select,1,19,5.69723,,,,,,,,,,,,,,
tetris-opt14-strips,p05-6.pddl,symk,1,19,6.27407,,354,,,,,,,,,,,,
tetris-opt14-strips,p05-8.pddl,causal,0,,,703712,1444,,274536,,,,,,,,,,
tetris-opt14-strips,p05-8.pddl,comb-w,0,,,867110,1444,3074,256192,,,,,,,,,,
tetris-opt14-strips,p05-8.pddl,tr-select,0,,,,,,,,,,,,,,,,
tetris-opt14-strips,p05-8.pddl,symk,0,,,,1444,,,,,,,,,,,,
tidybot-opt11-strips,p01.pddl,causal,1,4,0.000626882,0,137,,19,11,5,7,7,1022,49,2,2,0,0
tidybot-opt11-strips,p01.pddl,comb-w,1,4,0.000537755,0,137,0,19,11,5,7,7,1022,49,2,2,0,0
tidybot-opt11-strips,p01.pddl,tr-select,1,4,0.000507075,,,,,,,,,,,,,,
tidybot-opt11-strips,p01.pddl,symk,1,4,0.000625588,,137,,,,,,,,,,,,
tidybot-opt11-strips,p02.pddl,causal,1,33,3.92955,13447,181,,353204,36458,1.62259e+33,16112,20883,6527514,480170,26,7,0,0
tidybot-opt11-strips,p02.pddl,comb-w,1,33,4.86605,2017,181,1735,350168,11359,1.62259e+33,15480,21087,7533162,483883,23,10,0,0
tidybot-opt11-strips,p02.pddl,tr-select,1,33,4.7665,,,,,,,,,,,,,,
tidybot-opt11-strips,p02.pddl,symk,1,33,3.66692,,181,,,,,,,,,,,,
tidybot-opt11-strips,p03.pddl,causal,1,16,5.22841,12159,181,,405067,1892,1.62259e+33,5089,5867,5553548,457218,12,4,0,0
tidybot-opt11-strips,p03.pddl,comb-w,1,16,4.51777,1825,181,1735,314467,1167,1.62259e+33,3355,3301,7731430,352168,10,6,0,0
tidybot-opt11-strips,p03.pddl,tr-select,1,16,6.37051,,,,,,,,,,,,,,
tidybot-opt11-strips,p03.pddl,symk,1,16,6.02293,,181,,,,,,,,,,,,
tidybot-opt11-strips,p04.pddl,causal,1,32,2.98153,13447,181,,353204,36054,1.62259e+33,16355,14305,6469260,461867,25,7,0,0
tidybot-opt11-strips,p04.pddl,comb-w,1,32,3.68967,2017,181,1735,350168,11280,1.62259e+33,15586,15180,7438116,467060,22,10,0,0
tidybot-opt11-strips,p04.pddl,tr-select,1,32,3.3865,,,,,,,,,,,,,,
tidybot-opt11-strips,p04.pddl,symk,1,32,3.15466,,181,,,,,,,,,,,,
tidybot-opt11-strips,p05.pddl,causal,1,38,13.4992,25075,233,,531533,310666,8.9203e+44,49726,48551,9904202,876905,28,10,0,0
tidybot-opt11-strips,p05.pddl,comb-w,1,38,14.7863,3137,233,3451,478593,144505,8.9203e+44,27316,33902,6482546,759624,27,11,0,0
tidybot-opt11-strips,p05.pddl,tr-select,1,38,142.155,,,,,,,,,,,,,,
tidybot-opt11-strips,p05.pddl,symk,1,38,13.7537,,233,,,,,,,,,,,,
tidybot-opt11-strips,p06.pddl,causal,1,32,15.9439,26632,233,,610415,48198,8.9203e+44,28922,25197,11159218,791792,25,7,0,0
tidybot-opt11-strips,p06.pddl,comb-w,1,32,20.4391,3211,233,3449,573863,20551,8.9203e+44,19603,16697,7315476,737655,23,9,0,0
tidybot-opt11-strips,p06.pddl,tr-select,1,32,20.5791,,,,,,,,,,,,,,
tidybot-opt11-strips,p06.pddl,symk,1,32,11.5496,,233,,,,,,,,,,,,
tidybot-opt11-strips,p07.pddl,causal,1,17,10.3975,27811,233,,192252,2805,8.9203e+44,11525,10338,9886828,289429,12,5,0,0
tidybot-opt11-strips,p07.pddl,comb-w,1,17,16.8729,3080,233,3449,458900,1092,8.9203e+44,5769,6427,7566888,538415,10,7,0,0
tidybot-opt11-strips,p07.pddl,tr-select,1,17,9.89472,,,,,,,,,,,,,,
tidybot-opt11-strips,p07.pddl,symk,1,17,5.32012,,233,,,,,,,,,,,,
tidybot-opt11-strips,p08.pddl,causal,1,37,13.4539,25075,233,,531533,212042,8.9203e+44,41787,48551,9410576,852654,28,9,0,0
tidybot-opt11-strips,p08.pddl,comb-w,1,37,14.5793,3137,233,3451,478593,144438,8.9203e+44,27320,25065,6482546,731439,26,11,0,0
tidybot-opt11-strips,p08.pddl,tr-select,1,37,119.983,,,,,,,,,,,,,,
tidybot-opt11-strips,p08.pddl,symk,1,37,10.5089,,233,,,,,,,,,,,,
tidybot-opt11-strips,p09.pddl,causal,1,27,12.7345,48075,293,,374560,21729,3.13855e+58,34928,49863,12644184,636911,19,8,0,0
tidybot-opt11-strips,p09.pddl,comb-w,1,27,30.3809,4773,293,6263,739635,13085,3.13855e+58,18508,18796,10653328,960826,17,10,0,0
tidybot-opt11-strips,p09.pddl,tr-select,1,27,13.6971,,,,,,,,,,,,,,
tidybot-opt11-strips,p09.pddl,symk,1,27,23.7271,,293,,,,,,,,,,,,
tidybot-opt11-strips,p10.pddl,causal,0,,,92220,293,,2409031,,,,,,,,,,
tidybot-opt11-strips,p10.pddl,comb-w,0,,,62341,293,3325,1849177,,,,,,,,,,
tidybot-opt11-strips,p10.pddl,tr-select,0,,,,,,,,,,,,,,,,
tidybot-opt11-strips,p10.pddl,symk,1,29,1076.78,,293,,,,,,,,,,,,
tidybot-opt11-strips,p11.pddl,causal,0,,,67669,293,,2683971,,,,,,,,,,
tidybot-opt11-strips,p11.pddl,comb-w,0,,,62364,293,3328,2002774,,,,,,,,,,
tidybot-opt11-strips,p11.pddl,tr-select,0,,,,,,,,,,,,,,,,
tidybot-opt11-strips,p11.pddl,symk,1,29,263.329,,293,,,,,,,,,,,,
tidybot-opt11-strips,p12.pddl,causal,0,,,128730,293,,2679644,,,,,,,,,,
tidybot-opt11-strips,p12.pddl,comb-w,0,,,62767,293,3325,2058856,,,,,,,,,,
tidybot-opt11-strips,p12.pddl,tr-select,0,,,,,,,,,,,,,,,,
tidybot-opt11-strips,p12.pddl,symk,0,,,,293,,,,,,,,,,,,
tidybot-opt11-strips,p13.pddl,causal,0,,,128730,293,,2679644,,,,,,,,,,
tidybot-opt11-strips,p13.pddl,comb-w,0,,,62767,293,3325,2088502,,,,,,,,,,
tidybot-opt11-strips,p13.pddl,tr-select,0,,,,,,,,,,,,,,,,
tidybot-opt11-strips,p13.pddl,symk,0,,,,293,,,,,,,,,,,,
tidybot-opt11-strips,p14.pddl,causal,0,,,112608,373,,2910786,,,,,,,,,,
tidybot-opt11-strips,p14.pddl,comb-w,0,,,119455,373,5165,2863092,,,,,,,,,,
tidybot-opt11-strips,p14.pddl,tr-select,0,,,,,,,,,,,,,,,,
tidybot-opt11-strips,p14.pddl,symk,0,,,,373,,,,,,,,,,,,
tidybot-opt11-strips,p15.pddl,causal,0,,,146503,369,,3365837,,,,,,,,,,
tidybot-opt11-strips,p15.pddl,comb-w,0,,,73698,369,5266,3677325,,,,,,,,,,
tidybot-opt11-strips,p15.pddl,tr-select,0,,,,,,,,,,,,,,,,
tidybot-opt11-strips,p15.pddl,symk,0,,,,369,,,,,,,,,,,,
tidybot-opt11-strips,p16.pddl,causal,0,,,102804,381,,3284952,,,,,,,,,,
tidybot-opt11-strips,p16.pddl,comb-w,0,,,102981,381,4977,3327485,,,,,,,,,,
tidybot-opt11-strips,p16.pddl,tr-select,0,,,,,,,,,,,,,,,,
tidybot-opt11-strips,p16.pddl,symk,0,,,,381,,,,,,,,,,,,
tidybot-opt11-strips,p17.pddl,causal,1,40,165.053,82054,377,,1206197,2.76195e+06,1.80925e+76,553520,571190,13554786,4452412,27,13,0,0
tidybot-opt11-strips,p17.pddl,comb-w,1,40,188.579,7496,377,9569,1758842,256265,1.80925e+76,249365,313265,9823464,4005142,23,17,0,0
tidybot-opt11-strips,p17.pddl,tr-select,0,,,,,,,,,,,,,,,,
tidybot-opt11-strips,p17.pddl,symk,1,40,128.256,,377,,,,,,,,,,,,
tidybot-opt11-strips,p18.pddl,causal,1,44,402.115,55488,373,,959584,5.94148e+06,4.52313e+75,1291674,1148067,15892100,7169993,29,15,0,0
tidybot-opt11-strips,p18.pddl,comb-w,1,44,220.34,7692,373,9797,1286160,997504,4.52313e+75,431958,467108,11323760,4495694,26,18,0,0
tidybot-opt11-strips,p18.pddl,tr-select,1,44,408.699,,,,,,,,,,,,,,
tidybot-opt11-strips,p18.pddl,symk,1,44,365.919,,373,,,,,,,,,,,,
tidybot-opt11-strips,p19.pddl,causal,0,,,137944,377,,3142363,,,,,,,,,,
tidybot-opt11-strips,p19.pddl,comb-w,0,,,101549,377,5073,4010118,,,,,,,,,,
tidybot-opt11-strips,p19.pddl,tr-select,0,,,,,,,,,,,,,,,,
tidybot-opt11-strips,p19.pddl,symk,0,,,,377,,,,,,,,,,,,
tidybot-opt11-strips,p20.pddl,causal,1,46,167.54,44438,381,,1229043,1.52597e+06,7.23701e+76,345025,860484,11563930,3998257,29,17,0,0
tidybot-opt11-strips,p20.pddl,comb-w,1,46,271.973,7327,381,9347,1886203,605236,7.23701e+76,409957,327857,12459202,4446550,27,19,0,0
tidybot-opt11-strips,p20.pddl,tr-select,1,46,185.134,,,,,,,,,,,,,,
tidybot-opt11-strips,p20.pddl,symk,1,46,173.433,,381,,,,,,,,,,,,
tidybot-opt14-strips,p01.pddl,causal,0,,,147945,381,,3717690,,,,,,,,,,
tidybot-opt14-strips,p01.pddl,comb-w,0,,,90507,381,4977,2906771,,,,,,,,,,
tidybot-opt14-strips,p01.pddl,tr-select,0,,,,,,,,,,,,,,,,
tidybot-opt14-strips,p01.pddl,symk,0,,,,381,,,,,,,,,,,,
tidybot-opt14-strips,p02.pddl,causal,0,,,72252,385,,2586572,,,,,,,,,,
tidybot-opt14-strips,p02.pddl,comb-w,0,,,86134,385,4892,2919163,,,,,,,,,,
tidybot-opt14-strips,p02.pddl,tr-select,0,,,,,,,,,,,,,,,,
tidybot-opt14-strips,p02.pddl,symk,0,,,,385,,,,,,,,,,,,
tidybot-opt14-strips,p03.pddl,causal,1,30,99.209,63441,373,,856428,335324,4.52313e+75,316089,389589,9879674,2496897,23,7,0,0
tidybot-opt14-strips,p03.pddl,comb-w,1,30,91.4606,7791,373,9797,1468511,201617,4.52313e+75,215322,154637,15825670,2685546,21,9,0,0
tidybot-opt14-strips,p03.pddl,tr-select,0,,,,,,,,,,,,,,,,
tidybot-opt14-strips,p03.pddl,symk,1,30,108.308,,373,,,,,,,,,,,,
tidybot-opt14-strips,p04.pddl,causal,0,,,65653,373,,3361175,,,,,,,,,,
tidybot-opt14-strips,p04.pddl,comb-w,0,,,74588,373,5165,3566984,,,,,,,,,,
tidybot-opt14-strips,p04.pddl,tr-select,0,,,,,,,,,,,,,,,,
tidybot-opt14-strips,p04.pddl,symk,1,24,953.274,,373,,,,,,,,,,,,
tidybot-opt14-strips,p05.pddl,causal,0,,,80699,373,,2946504,,,,,,,,,,
tidybot-opt14-strips,p05.pddl,comb-w,0,,,72938,373,5170,3105343,,,,,,,,,,
tidybot-opt14-strips,p05.pddl,tr-select,0,,,,,,,,,,,,,,,,
tidybot-opt14-strips,p05.pddl,symk,0,,,,373,,,,,,,,,,,,
tidybot-opt14-strips,p06.pddl,causal,0,,,64237,385,,1487141,,,,,,,,,,
tidybot-opt14-strips,p06.pddl,comb-w,0,,,7795,385,9133,2171262,,,,,,,,,,
tidybot-opt14-strips,p06.pddl,tr-select,0,,,,,,,,,,,,,,,,
tidybot-opt14-strips,p06.pddl,symk,0,,,,385,,,,,,,,,,,,
tidybot-opt14-strips,p07.pddl,causal,0,,,32154,373,,833620,,,,,,,,,,
tidybot-opt14-strips,p07.pddl,comb-w,1,38,147.297,8284,373,9795,1459557,823436,4.52313e+75,388273,314234,10090206,3901069,25,13,0,0
tidybot-opt14-strips,p07.pddl,tr-select,0,,,,,,,,,,,,,,,,
tidybot-opt14-strips,p07.pddl,symk,1,38,1701.96,,373,,,,,,,,,,,,
tidybot-opt14-strips,p08.pddl,causal,0,,,169421,373,,3136902,,,,,,,,,,
tidybot-opt14-strips,p08.pddl,comb-w,0,,,74641,373,5165,2439336,,,,,,,,,,
tidybot-opt14-strips,p08.pddl,tr-select,0,,,,,,,,,,,,,,,,
tidybot-opt14-strips,p08.pddl,symk,0,,,,373,,,,,,,,,,,,
tidybot-opt14-strips,p09.pddl,causal,0,,,163689,473,,4228463,,,,,,,,,,
tidybot-opt14-strips,p09.pddl,comb-w,0,,,87679,473,7438,3142880,,,,,,,,,,
tidybot-opt14-strips,p09.pddl,tr-select,0,,,,,,,,,,,,,,,,
tidybot-opt14-strips,p09.pddl,symk,0,,,,473,,,,,,,,,,,,
tidybot-opt14-strips,p10.pddl,causal,1,47,1578.47,85894,473,,1591252,2.46781e+07,2.66998e+96,4043668,3840533,45176488,22252222,32,27,0,0
tidybot-opt14-strips,p10.pddl,comb-w,0,,,10884,473,13995,2428980,,,,,,,,,,
tidybot-opt14-strips,p10.pddl,tr-select,0,,,,,,,,,,,,,,,,
tidybot-opt14-strips,p10.pddl,symk,0,,,,473,,,,,,,,,,,,
tidybot-opt14-strips,p11.pddl,causal,0,,,67669,293,,2559831,,,,,,,,,,
tidybot-opt14-strips,p11.pddl,comb-w,0,,,62364,293,3328,1958705,,,,,,,,,,
tidybot-opt14-strips,p11.pddl,tr-select,0,,,,,,,,,,,,,,,,
tidybot-opt14-strips,p11.pddl,symk,1,29,418.691,,293,,,,,,,,,,,,
tidybot-opt14-strips,p12.pddl,causal,0,,,128730,293,,2505556,,,,,,,,,,
tidybot-opt14-strips,p12.pddl,comb-w,0,,,62767,293,3325,2026425,,,,,,,,,,
tidybot-opt14-strips,p12.pddl,tr-select,0,,,,,,,,,,,,,,,,
tidybot-opt14-strips,p12.pddl,symk,0,,,,293,,,,,,,,,,,,
tidybot-opt14-strips,p13.pddl,causal,0,,,128730,293,,2679644,,,,,,,,,,
tidybot-opt14-strips,p13.pddl,comb-w,0,,,62767,293,3325,2058856,,,,,,,,,,
tidybot-opt14-strips,p13.pddl,tr-select,0,,,,,,,,,,,,,,,,
tidybot-opt14-strips,p13.pddl,symk,0,,,,293,,,,,,,,,,,,
tidybot-opt14-strips,p14.pddl,causal,0,,,112608,373,,2911113,,,,,,,,,,
tidybot-opt14-strips,p14.pddl,comb-w,0,,,119455,373,5165,2797940,,,,,,,,,,
tidybot-opt14-strips,p14.pddl,tr-select,0,,,,,,,,,,,,,,,,
tidybot-opt14-strips,p14.pddl,symk,0,,,,373,,,,,,,,,,,,
tidybot-opt14-strips,p15.pddl,causal,0,,,146503,369,,3365837,,,,,,,,,,
tidybot-opt14-strips,p15.pddl,comb-w,0,,,73698,369,5266,3251319,,,,,,,,,,
tidybot-opt14-strips,p15.pddl,tr-select,0,,,,,,,,,,,,,,,,
tidybot-opt14-strips,p15.pddl,symk,0,,,,369,,,,,,,,,,,,
tidybot-opt14-strips,p16.pddl,causal,0,,,102804,381,,3284952,,,,,,,,,,
tidybot-opt14-strips,p16.pddl,comb-w,0,,,102981,381,4977,3646854,,,,,,,,,,
tidybot-opt14-strips,p16.pddl,tr-select,0,,,,,,,,,,,,,,,,
tidybot-opt14-strips,p16.pddl,symk,0,,,,381,,,,,,,,,,,,
tidybot-opt14-strips,p17.pddl,causal,1,40,197.323,82054,377,,1206197,2.76195e+06,1.80925e+76,553520,571190,13813352,4452412,27,13,0,0
tidybot-opt14-strips,p17.pddl,comb-w,1,40,191.735,7496,377,9569,1758842,256265,1.80925e+76,249365,313265,10620624,4005142,23,17,0,0
tidybot-opt14-strips,p17.pddl,tr-select,0,,,,,,,,,,,,,,,,
tidybot-opt14-strips,p17.pddl,symk,1,40,182.353,,377,,,,,,,,,,,,
tidybot-opt14-strips,p18.pddl,causal,1,44,336.228,55488,373,,959584,3.81412e+06,4.52313e+75,1015590,1362514,16740360,7163618,29,15,0,0
tidybot-opt14-strips,p18.pddl,comb-w,1,44,265.716,7692,373,9797,1286160,997504,4.52313e+75,431958,467108,11568018,4495641,26,18,0,0
tidybot-opt14-strips,p18.pddl,tr-select,1,44,314.519,,,,,,,,,,,,,,
tidybot-opt14-strips,p18.pddl,symk,1,44,377.626,,373,,,,,,,,,,,,
tidybot-opt14-strips,p19.pddl,causal,0,,,137944,377,,3663006,,,,,,,,,,
tidybot-opt14-strips,p19.pddl,comb-w,0,,,101549,377,5073,3907289,,,,,,,,,,
tidybot-opt14-strips,p19.pddl,tr-select,0,,,,,,,,,,,,,,,,
tidybot-opt14-strips,p19.pddl,symk,0,,,,377,,,,,,,,,,,,
tidybot-opt14-strips,p20.pddl,causal,1,46,175.192,44438,381,,1229043,1.52597e+06,7.23701e+76,345025,860484,11563930,3998257,29,17,0,0
tidybot-opt14-strips,p20.pddl,comb-w,1,46,230.185,7327,381,9347,1886203,605236,7.23701e+76,409957,327857,12839386,4446637,27,19,0,0
tidybot-opt14-strips,p20.pddl,tr-select,1,46,146.329,,,,,,,,,,,,,,
tidybot-opt14-strips,p20.pddl,symk,1,46,191.015,,381,,,,,,,,,,,,
tpp,p01.pddl,causal,1,5,0.000526835,7,5,,34,5,17,8,6,1022,107,3,2,0,0
tpp,p01.pddl,comb-w,1,5,0.000475075,7,5,6,34,5,17,10,6,1022,105,3,2,0,0
tpp,p01.pddl,tr-select,1,5,0.000537912,,,,,,,,,,,,,,
tpp,p01.pddl,symk,1,5,0.00108653,,5,,,,,,,,,,,,
tpp,p02.pddl,causal,1,8,0.0014896,13,9,,65,9,142,22,31,1022,280,4,4,0,0
tpp,p02.pddl,comb-w,1,8,0.000893326,13,9,12,65,9,142,22,31,1022,280,4,4,0,0
tpp,p02.pddl,tr-select,1,8,0.00157158,,,,,,,,,,,,,,
tpp,p02.pddl,symk,1,8,0.0014543,,9,,,,,,,,,,,,
tpp,p03.pddl,causal,1,11,0.00187826,19,13,,120,43,1074,54,70,3066,551,6,5,0,0
tpp,p03.pddl,comb-w,1,11,0.00199612,19,13,18,120,43,1074,54,70,3066,551,6,5,0,0
tpp,p03.pddl,tr-select,1,11,0.00177735,,,,,,,,,,,,,,
tpp,p03.pddl,symk,1,11,0.0022116,,13,,,,,,,,,,,,
tpp,p04.pddl,causal,1,14,0.00304952,25,17,,164,136,8446,95,114,5110,871,7,7,0,0
tpp,p04.pddl,comb-w,1,14,0.00375353,25,17,24,164,136,8446,95,114,5110,871,7,7,0,0
tpp,p04.pddl,tr-select,1,14,0.00329185,,,,,,,,,,,,,,
tpp,p04.pddl,symk,1,14,0.00601098,,17,,,,,,,,,,,,
tpp,p05.pddl,causal,1,19,0.0223973,61,27,,817,3948,9.44535e+06,717,760,28616,5165,11,8,0,0
tpp,p05.pddl,comb-w,1,19,0.0306804,41,27,50,708,5848,9.44199e+06,720,652,26572,4733,11,8,0,0
tpp,p05.pddl,tr-select,1,19,0.0240352,,,,,,,,,,,,,,
tpp,p05.pddl,symk,1,19,0.0402252,,27,,,,,,,,,,,,
tpp,p06.pddl,causal,1,25,0.312694,132,34,,1939,1.01197e+06,1.45098e+12,6288,5431,295358,34969,15,10,0,0
tpp,p06.pddl,comb-w,1,25,0.266709,85,34,45,1663,1.01197e+06,1.45098e+12,5786,5343,251412,31876,16,9,0,0
tpp,p06.pddl,tr-select,1,25,0.366242,,,,,,,,,,,,,,
tpp,p06.pddl,symk,1,25,0.309026,,34,,,,,,,,,,,,
tpp,p07.pddl,causal,1,34,0.997404,214,39,,2772,8.63357e+07,1.74575e+14,13874,13215,704158,83182,23,11,0,0
tpp,p07.pddl,comb-w,1,34,0.914644,104,39,55,2045,5.89787e+07,1.85006e+14,12388,11044,602980,64066,21,13,0,0
tpp,p07.pddl,tr-select,1,34,1.01135,,,,,,,,,,,,,,
tpp,p07.pddl,symk,1,34,0.827935,,39,,,,,,,,,,,,
tpp,p08.pddl,causal,1,40,2.52034,376,44,,4031,4.84409e+09,1.27311e+16,23093,27898,1420580,162575,31,9,0,0
tpp,p08.pddl,comb-w,1,40,1.16741,124,44,64,2439,4.84409e+09,1.27311e+16,13311,16729,747082,84011,31,9,0,0
tpp,p08.pddl,tr-select,1,40,2.22008,,,,,,,,,,,,,,
tpp,p08.pddl,symk,1,40,1.74868,,44,,,,,,,,,,,,
tpp,p09.pddl,causal,0,,,631,63,,26836,,,,,,,,,,
tpp,p09.pddl,comb-w,0,,,183,63,79,9209,,,,,,,,,,
tpp,p09.pddl,tr-select,0,,,,,,,,,,,,,,,,
tpp,p09.pddl,symk,0,,,,63,,,,,,,,,,,,
tpp,p10.pddl,causal,0,,,775,71,,67676,,,,,,,,,,
tpp,p10.pddl,comb-w,0,,,219,71,81,13220,,,,,,,,,,
tpp,p10.pddl,tr-select,0,,,,,,,,,,,,,,,,
tpp,p10.pddl,symk,0,,,,71,,,,,,,,,,,,
tpp,p11.pddl,causal,0,,,389,45,,17336,,,,,,,,,,
tpp,p11.pddl,comb-w,0,,,102,45,73,6558,,,,,,,,,,
tpp,p11.pddl,tr-select,0,,,,,,,,,,,,,,,,
tpp,p11.pddl,symk,0,,,,45,,,,,,,,,,,,
tpp,p12.pddl,causal,0,,,618,53,,46102,,,,,,,,,,
tpp,p12.pddl,comb-w,0,,,130,53,76,7751,,,,,,,,,,
tpp,p12.pddl,tr-select,0,,,,,,,,,,,,,,,,
tpp,p12.pddl,symk,0,,,,53,,,,,,,,,,,,
tpp,p13.pddl,causal,0,,,6186,76,,53438,,,,,,,,,,
tpp,p13.pddl,comb-w,0,,,1056,76,44,49035,,,,,,,,,,
tpp,p13.pddl,tr-select,0,,,,,,,,,,,,,,,,
tpp,p13.pddl,symk,0,,,,76,,,,,,,,,,,,
tpp,p14.pddl,causal,0,,,7361,85,,120387,,,,,,,,,,
tpp,p14.pddl,comb-w,0,,,2961,85,47,149292,,,,,,,,,,
tpp,p14.pddl,tr-select,0,,,,,,,,,,,,,,,,
tpp,p14.pddl,symk,0,,,,85,,,,,,,,,,,,
tpp,p15.pddl,causal,0,,,13022,94,,119348,,,,,,,,,,
tpp,p15.pddl,comb-w,0,,,2634,94,52,119455,,,,,,,,,,
tpp,p15.pddl,tr-select,0,,,,,,,,,,,,,,,,
tpp,p15.pddl,symk,0,,,,94,,,,,,,,,,,,
tpp,p16.pddl,causal,0,,,15720,113,,134111,,,,,,,,,,
tpp,p16.pddl,comb-w,0,,,41441,113,57,169781,,,,,,,,,,
tpp,p16.pddl,tr-select,0,,,,,,,,,,,,,,,,
tpp,p16.pddl,symk,0,,,,113,,,,,,,,,,,,
tpp,p17.pddl,causal,0,,,68188,135,,265051,,,,,,,,,,
tpp,p17.pddl,comb-w,0,,,35817,135,63,228641,,,,,,,,,,
tpp,p17.pddl,tr-select,0,,,,,,,,,,,,,,,,
tpp,p17.pddl,symk,0,,,,135,,,,,,,,,,,,
tpp,p18.pddl,causal,0,,,11932,147,,296705,,,,,,,,,,
tpp,p18.pddl,comb-w,0,,,42927,147,68,268807,,,,,,,,,,
tpp,p18.pddl,tr-select,0,,,,,,,,,,,,,,,,
tpp,p18.pddl,symk,0,,,,147,,,,,,,,,,,,
tpp,p19.pddl,causal,0,,,47597,161,,256833,,,,,,,,,,
tpp,p19.pddl,comb-w,0,,,17174,161,72,274535,,,,,,,,,,
tpp,p19.pddl,tr-select,0,,,,,,,,,,,,,,,,
tpp,p19.pddl,symk,0,,,,161,,,,,,,,,,,,
tpp,p20.pddl,causal,0,,,71698,173,,304907,,,,,,,,,,
tpp,p20.pddl,comb-w,0,,,39097,173,77,203599,,,,,,,,,,
tpp,p20.pddl,tr-select,0,,,,,,,,,,,,,,,,
tpp,p20.pddl,symk,0,,,,173,,,,,,,,,,,,
tpp,p21.pddl,causal,0,,,22648,145,,389714,,,,,,,,,,
tpp,p21.pddl,comb-w,0,,,11194,145,67,316676,,,,,,,,,,
tpp,p21.pddl,tr-select,0,,,,,,,,,,,,,,,,
tpp,p21.pddl,symk,0,,,,145,,,,,,,,,,,,
tpp,p22.pddl,causal,0,,,53715,158,,316156,,,,,,,,,,
tpp,p22.pddl,comb-w,0,,,14796,158,74,305835,,,,,,,,,,
tpp,p22.pddl,tr-select,0,,,,,,,,,,,,,,,,
tpp,p22.pddl,symk,0,,,,158,,,,,,,,,,,,
tpp,p23.pddl,causal,0,,,71007,169,,449987,,,,,,,,,,
tpp,p23.pddl,comb-w,0,,,107918,169,76,493729,,,,,,,,,,
tpp,p23.pddl,tr-select,0,,,,,,,,,,,,,,,,
tpp,p23.pddl,symk,0,,,,169,,,,,,,,,,,,
tpp,p24.pddl,causal,0,,,83050,180,,367269,,,,,,,,,,
tpp,p24.pddl,comb-w,0,,,38445,180,80,384690,,,,,,,,,,
tpp,p24.pddl,tr-select,0,,,,,,,,,,,,,,,,
tpp,p24.pddl,symk,0,,,,180,,,,,,,,,,,,
tpp,p25.pddl,causal,0,,,99677,213,,595375,,,,,,,,,,
tpp,p25.pddl,comb-w,0,,,67467,213,89,445524,,,,,,,,,,
tpp,p25.pddl,tr-select,0,,,,,,,,,,,,,,,,
tpp,p25.pddl,symk,0,,,,213,,,,,,,,,,,,
tpp,p26.pddl,causal,0,,,28288,243,,409774,,,,,,,,,,
tpp,p26.pddl,comb-w,0,,,46395,243,114,504771,,,,,,,,,,
tpp,p26.pddl,tr-select,0,,,,,,,,,,,,,,,,
tpp,p26.pddl,symk,0,,,,243,,,,,,,,,,,,
tpp,p27.pddl,causal,0,,,42363,255,,593390,,,,,,,,,,
tpp,p27.pddl,comb-w,0,,,49639,255,118,388937,,,,,,,,,,
tpp,p27.pddl,tr-select,0,,,,,,,,,,,,,,,,
tpp,p27.pddl,symk,0,,,,255,,,,,,,,,,,,
tpp,p28.pddl,causal,0,,,28448,271,,622343,,,,,,,,,,
tpp,p28.pddl,comb-w,0,,,94395,271,126,504678,,,,,,,,,,
tpp,p28.pddl,tr-select,0,,,,,,,,,,,,,,,,
tpp,p28.pddl,symk,0,,,,271,,,,,,,,,,,,
tpp,p29.pddl,causal,0,,,28340,313,,809311,,,,,,,,,,
tpp,p29.pddl,comb-w,0,,,80469,313,137,600085,,,,,,,,,,
tpp,p29.pddl,tr-select,0,,,,,,,,,,,,,,,,
tpp,p29.pddl,symk,0,,,,313,,,,,,,,,,,,
tpp,p30.pddl,causal,0,,,63945,332,,691491,,,,,,,,,,
tpp,p30.pddl,comb-w,0,,,218422,332,144,858720,,,,,,,,,,
tpp,p30.pddl,tr-select,0,,,,,,,,,,,,,,,,
tpp,p30.pddl,symk,0,,,,332,,,,,,,,,,,,
transport-opt08-strips,p01.pddl,causal,1,54,0.00620473,0,6,,365,12,827,59,64,5110,1590,4,3,0,0
transport-opt08-strips,p01.pddl,comb-w,1,54,0.00844295,0,6,0,365,12,827,59,64,5110,1590,4,3,0,0
transport-opt08-strips,p01.pddl,tr-select,1,54,0.0117079,,,,,,,,,,,,,,
transport-opt08-strips,p01.pddl,symk,1,54,0.00653177,,6,,,,,,,,,,,,
transport-opt08-strips,p02.pddl,causal,1,131,0.0683044,0,7,,1047,861,4876,361,285,32704,7252,85,11,0,0
transport-opt08-strips,p02.pddl,comb-w,1,131,0.0705759,0,7,0,1047,861,4876,361,285,32704,7252,85,11,0,0
transport-opt08-strips,p02.pddl,tr-select,1,131,0.067254,,,,,,,,,,,,,,
transport-opt08-strips,p02.pddl,symk,1,131,0.0596169,,7,,,,,,,,,,,,
transport-opt08-strips,p03.pddl,causal,1,250,2.96172,0,8,,2676,40801,194401,7304,13329,1203916,179516,137,71,0,0
transport-opt08-strips,p03.pddl,comb-w,1,250,2.92559,0,8,0,2676,40801,194401,7304,13329,1203916,179516,137,71,0,0
transport-opt08-strips,p03.pddl,tr-select,1,250,2.60782,,,,,,,,,,,,,,
transport-opt08-strips,p03.pddl,symk,1,250,2.70567,,8,,,,,,,,,,,,
transport-opt08-strips,p04.pddl,causal,1,318,19.0561,0,9,,4065,240330,855032,45683,81249,7183638,902848,182,69,0,0
transport-opt08-strips,p04.pddl,comb-w,1,318,18.8949,0,9,0,4065,240330,855032,45683,81249,7183638,902848,182,69,0,0
transport-opt08-strips,p04.pddl,tr-select,1,318,18.1357,,,,,,,,,,,,,,
transport-opt08-strips,p04.pddl,symk,1,318,15.3916,,9,,,,,,,,,,,,
transport-opt08-strips,p05.pddl,causal,0,,,0,10,,6960,,,,,,,,,,
transport-opt08-strips,p05.pddl,comb-w,0,,,0,10,0,6960,,,,,,,,,,
transport-opt08-strips,p05.pddl,tr-select,0,,,,,,,,,,,,,,,,
transport-opt08-strips,p05.pddl,symk,0,,,,10,,,,,,,,,,,,
transport-opt08-strips,p06.pddl,causal,0,,,0,13,,15666,,,,,,,,,,
transport-opt08-strips,p06.pddl,comb-w,0,,,0,13,0,15666,,,,,,,,,,
transport-opt08-strips,p06.pddl,tr-select,0,,,,,,,,,,,,,,,,
transport-opt08-strips,p06.pddl,symk,0,,,,13,,,,,,,,,,,,
transport-opt08-strips,p07.pddl,causal,0,,,0,14,,19509,,,,,,,,,,
transport-opt08-strips,p07.pddl,comb-w,0,,,0,14,0,19509,,,,,,,,,,
transport-opt08-strips,p07.pddl,tr-select,0,,,,,,,,,,,,,,,,
transport-opt08-strips,p07.pddl,symk,0,,,,14,,,,,,,,,,,,
transport-opt08-strips,p08.pddl,causal,0,,,0,15,,24680,,,,,,,,,,
transport-opt08-strips,p08.pddl,comb-w,0,,,0,15,0,24680,,,,,,,,,,
transport-opt08-strips,p08.pddl,tr-select,0,,,,,,,,,,,,,,,,
transport-opt08-strips,p08.pddl,symk,0,,,,15,,,,,,,,,,,,
transport-opt08-strips,p09.pddl,causal,0,,,0,16,,30184,,,,,,,,,,
transport-opt08-strips,p09.pddl,comb-w,0,,,0,16,0,30184,,,,,,,,,,
transport-opt08-strips,p09.pddl,tr-select,0,,,,,,,,,,,,,,,,
transport-opt08-strips,p09.pddl,symk,0,,,,16,,,,,,,,,,,,
transport-opt08-strips,p10.pddl,causal,0,,,0,17,,43456,,,,,,,,,,
transport-opt08-strips,p10.pddl,comb-w,0,,,0,17,0,43456,,,,,,,,,,
transport-opt08-strips,p10.pddl,tr-select,0,,,,,,,,,,,,,,,,
transport-opt08-strips,p10.pddl,symk,0,,,,17,,,,,,,,,,,,
transport-opt08-strips,p11.pddl,causal,1,456,0.0108384,0,6,,457,94,1664,125,103,7154,2414,30,4,0,0
transport-opt08-strips,p11.pddl,comb-w,1,456,0.0115198,0,6,0,457,94,1664,125,103,7154,2414,30,4,0,0
transport-opt08-strips,p11.pddl,tr-select,1,456,0.0107431,,,,,,,,,,,,,,
transport-opt08-strips,p11.pddl,symk,1,456,0.00994841,,6,,,,,,,,,,,,
transport-opt08-strips,p12.pddl,causal,1,594,0.252112,0,7,,1658,4717,29567,988,1088,112420,28200,227,41,0,0
transport-opt08-strips,p12.pddl,comb-w,1,594,0.256982,0,7,0,1658,4717,29567,988,1088,112420,28200,227,41,0,0
transport-opt08-strips,p12.pddl,tr-select,1,594,0.243647,,,,,,,,,,,,,,
transport-opt08-strips,p12.pddl,symk,1,594,0.195512,,7,,,,,,,,,,,,
transport-opt08-strips,p13.pddl,causal,1,550,4.04665,0,8,,3397,148618,199445,6448,8345,1780324,222984,337,60,0,0
transport-opt08-strips,p13.pddl,comb-w,1,550,4.06439,0,8,0,3397,148618,199445,6448,8345,1780324,222984,337,60,0,0
transport-opt08-strips,p13.pddl,tr-select,1,550,3.90967,,,,,,,,,,,,,,
transport-opt08-strips,p13.pddl,symk,1,550,4.15903,,8,,,,,,,,,,,,
transport-opt08-strips,p14.pddl,causal,1,941,1269.63,0,9,,6056,5.78371e+07,7.74524e+07,368139,764117,39360286,22443803,548,228,0,0
transport-opt08-strips,p14.pddl,comb-w,1,941,1543.49,0,9,0,6056,5.78371e+07,7.74524e+07,368139,764117,39360286,22443803,548,228,0,0
transport-opt08-strips,p14.pddl,tr-select,1,941,1475.82,,,,,,,,,,,,,,
transport-opt08-strips,p14.pddl,symk,1,941,1229.07,,9,,,,,,,,,,,,
transport-opt08-strips,p15.pddl,causal,0,,,0,10,,9219,,,,,,,,,,
transport-opt08-strips,p15.pddl,comb-w,0,,,0,10,0,9219,,,,,,,,,,
transport-opt08-strips,p15.pddl,tr-select,0,,,,,,,,,,,,,,,,
transport-opt08-strips,p15.pddl,symk,0,,,,10,,,,,,,,,,,,
transport-opt08-strips,p16.pddl,causal,0,,,0,13,,20591,,,,,,,,,,
transport-opt08-strips,p16.pddl,comb-w,0,,,0,13,0,20591,,,,,,,,,,
transport-opt08-strips,p16.pddl,tr-select,0,,,,,,,,,,,,,,,,
transport-opt08-strips,p16.pddl,symk,0,,,,13,,,,,,,,,,,,
transport-opt08-strips,p17.pddl,causal,0,,,0,14,,26048,,,,,,,,,,
transport-opt08-strips,p17.pddl,comb-w,0,,,0,14,0,26048,,,,,,,,,,
transport-opt08-strips,p17.pddl,tr-select,0,,,,,,,,,,,,,,,,
transport-opt08-strips,p17.pddl,symk,0,,,,14,,,,,,,,,,,,
transport-opt08-strips,p18.pddl,causal,0,,,0,15,,38076,,,,,,,,,,
transport-opt08-strips,p18.pddl,comb-w,0,,,0,15,0,38076,,,,,,,,,,
transport-opt08-strips,p18.pddl,tr-select,0,,,,,,,,,,,,,,,,
transport-opt08-strips,p18.pddl,symk,0,,,,15,,,,,,,,,,,,
transport-opt08-strips,p19.pddl,causal,0,,,0,16,,47538,,,,,,,,,,
transport-opt08-strips,p19.pddl,comb-w,0,,,0,16,0,47538,,,,,,,,,,
transport-opt08-strips,p19.pddl,tr-select,0,,,,,,,,,,,,,,,,
transport-opt08-strips,p19.pddl,symk,0,,,,16,,,,,,,,,,,,
transport-opt08-strips,p20.pddl,causal,0,,,0,17,,56873,,,,,,,,,,
transport-opt08-strips,p20.pddl,comb-w,0,,,0,17,0,56873,,,,,,,,,,
transport-opt08-strips,p20.pddl,tr-select,0,,,,,,,,,,,,,,,,
transport-opt08-strips,p20.pddl,symk,0,,,,17,,,,,,,,,,,,
transport-opt08-strips,p21.pddl,causal,1,478,0.00522589,0,6,,348,43,1701,98,128,5110,1814,6,4,0,0
transport-opt08-strips,p21.pddl,comb-w,1,478,0.00526564,0,6,0,348,43,1701,98,128,5110,1814,6,4,0,0
transport-opt08-strips,p21.pddl,tr-select,1,478,0.00557862,,,,,,,,,,,,,,
transport-opt08-strips,p21.pddl,symk,1,478,0.00486401,,6,,,,,,,,,,,,
transport-opt08-strips,p22.pddl,causal,1,632,0.0913689,0,7,,1045,1048,14581,820,658,69496,15403,189,43,0,0
transport-opt08-strips,p22.pddl,comb-w,1,632,0.0931906,0,7,0,1045,1048,14581,820,658,69496,15403,189,43,0,0
transport-opt08-strips,p22.pddl,tr-select,1,632,0.0953558,,,,,,,,,,,,,,
transport-opt08-strips,p22.pddl,symk,1,632,0.0876941,,7,,,,,,,,,,,,
transport-opt08-strips,p23.pddl,causal,1,630,1.06016,0,8,,2509,11986,152467,3847,5189,675542,93417,314,170,0,0
transport-opt08-strips,p23.pddl,comb-w,1,630,1.03624,0,8,0,2509,11986,152467,3847,5189,675542,93417,314,170,0,0
transport-opt08-strips,p23.pddl,tr-select,1,630,1.00398,,,,,,,,,,,,,,
transport-opt08-strips,p23.pddl,symk,1,630,1.04371,,8,,,,,,,,,,,,
transport-opt08-strips,p24.pddl,causal,1,614,10.1906,0,9,,3846,400868,743023,28553,20712,5800872,909743,415,73,0,0
transport-opt08-strips,p24.pddl,comb-w,1,614,10.755,0,9,0,3846,400868,743023,28553,20712,5800872,909743,415,73,0,0
transport-opt08-strips,p24.pddl,tr-select,1,614,10.3886,,,,,,,,,,,,,,
transport-opt08-strips,p24.pddl,symk,1,614,16.1516,,9,,,,,,,,,,,,
transport-opt08-strips,p25.pddl,causal,1,970,708.87,0,10,,6965,1.75445e+07,4.53975e+07,338013,680726,25186168,13672352,611,303,0,0
transport-opt08-strips,p25.pddl,comb-w,1,970,780.943,0,10,0,6965,1.75445e+07,4.53975e+07,338013,680726,25186168,13672352,611,303,0,0
transport-opt08-strips,p25.pddl,tr-select,1,970,745.088,,,,,,,,,,,,,,
transport-opt08-strips,p25.pddl,symk,1,970,665.3,,10,,,,,,,,,,,,
transport-opt08-strips,p26.pddl,causal,0,,,0,13,,16523,,,,,,,,,,
transport-opt08-strips,p26.pddl,comb-w,0,,,0,13,0,16523,,,,,,,,,,
transport-opt08-strips,p26.pddl,tr-select,0,,,,,,,,,,,,,,,,
transport-opt08-strips,p26.pddl,symk,0,,,,13,,,,,,,,,,,,
transport-opt08-strips,p27.pddl,causal,0,,,0,14,,20882,,,,,,,,,,
transport-opt08-strips,p27.pddl,comb-w,0,,,0,14,0,20882,,,,,,,,,,
transport-opt08-strips,p27.pddl,tr-select,0,,,,,,,,,,,,,,,,
transport-opt08-strips,p27.pddl,symk,0,,,,14,,,,,,,,,,,,
transport-opt08-strips,p28.pddl,causal,0,,,0,15,,25354,,,,,,,,,,
transport-opt08-strips,p28.pddl,comb-w,0,,,0,15,0,25354,,,,,,,,,,
transport-opt08-strips,p28.pddl,tr-select,0,,,,,,,,,,,,,,,,
transport-opt08-strips,p28.pddl,symk,0,,,,15,,,,,,,,,,,,
transport-opt08-strips,p29.pddl,causal,0,,,0,16,,31392,,,,,,,,,,
transport-opt08-strips,p29.pddl,comb-w,0,,,0,16,0,31392,,,,,,,,,,
transport-opt08-strips,p29.pddl,tr-select,0,,,,,,,,,,,,,,,,
transport-opt08-strips,p29.pddl,symk,0,,,,16,,,,,,,,,,,,
transport-opt08-strips,p30.pddl,causal,0,,,0,17,,44830,,,,,,,,,,
transport-opt08-strips,p30.pddl,comb-w,0,,,0,17,0,44830,,,,,,,,,,
transport-opt08-strips,p30.pddl,tr-select,0,,,,,,,,,,,,,,,,
transport-opt08-strips,p30.pddl,symk,0,,,,17,,,,,,,,,,,,
transport-opt11-strips,p01.pddl,causal,1,630,1.04853,0,8,,2509,11986,152467,3847,5189,675542,93417,314,170,0,0
transport-opt11-strips,p01.pddl,comb-w,1,630,1.72001,0,8,0,2509,11986,152467,3847,5189,675542,93417,314,170,0,0
transport-opt11-strips,p01.pddl,tr-select,1,630,0.993188,,,,,,,,,,,,,,
transport-opt11-strips,p01.pddl,symk,1,630,0.893442,,8,,,,,,,,,,,,
transport-opt11-strips,p02.pddl,causal,1,250,1.54784,0,8,,2676,40801,194401,7304,13329,1203916,179516,137,71,0,0
transport-opt11-strips,p02.pddl,comb-w,1,250,1.89225,0,8,0,2676,40801,194401,7304,13329,1203916,179516,137,71,0,0
transport-opt11-strips,p02.pddl,tr-select,1,250,3.05509,,,,,,,,,,,,,,
transport-opt11-strips,p02.pddl,symk,1,250,1.534,,8,,,,,,,,,,,,
transport-opt11-strips,p03.pddl,causal,1,594,0.223537,0,7,,1658,4717,29567,988,1088,112420,28200,227,41,0,0
transport-opt11-strips,p03.pddl,comb-w,1,594,0.190275,0,7,0,1658,4717,29567,988,1088,112420,28200,227,41,0,0
transport-opt11-strips,p03.pddl,tr-select,1,594,0.287664,,,,,,,,,,,,,,
transport-opt11-strips,p03.pddl,symk,1,594,0.151488,,7,,,,,,,,,,,,
transport-opt11-strips,p04.pddl,causal,1,550,2.77623,0,8,,3397,148618,199445,6448,8345,1780324,222984,337,60,0,0
transport-opt11-strips,p04.pddl,comb-w,1,550,2.75121,0,8,0,3397,148618,199445,6448,8345,1780324,222984,337,60,0,0
transport-opt11-strips,p04.pddl,tr-select,1,550,4.5712,,,,,,,,,,,,,,
transport-opt11-strips,p04.pddl,symk,1,550,3.23493,,8,,,,,,,,,,,,
transport-opt11-strips,p05.pddl,causal,1,614,9.09482,0,9,,3846,400868,743023,28553,20712,5800872,909743,415,73,0,0
transport-opt11-strips,p05.pddl,comb-w,1,614,11.8964,0,9,0,3846,400868,743023,28553,20712,5800872,909743,415,73,0,0
transport-opt11-strips,p05.pddl,tr-select,1,614,13.5641,,,,,,,,,,,,,,
transport-opt11-strips,p05.pddl,symk,1,614,9.27732,,9,,,,,,,,,,,,
transport-opt11-strips,p06.pddl,causal,1,318,12.5593,0,9,,4065,240330,855032,45683,81249,7183638,902848,182,69,0,0
transport-opt11-strips,p06.pddl,comb-w,1,318,15.9526,0,9,0,4065,240330,855032,45683,81249,7183638,902848,182,69,0,0
transport-opt11-strips,p06.pddl,tr-select,1,318,14.6006,,,,,,,,,,,,,,
transport-opt11-strips,p06.pddl,symk,1,318,9.20198,,9,,,,,,,,,,,,
transport-opt11-strips,p07.pddl,causal,1,282,228.803,0,10,,5012,3.9832e+06,1.11639e+07,206564,464110,17129742,7180539,157,95,0,0
transport-opt11-strips,p07.pddl,comb-w,1,282,163.546,0,10,0,5012,3.9832e+06,1.11639e+07,206564,464110,17129742,7180539,157,95,0,0
transport-opt11-strips,p07.pddl,tr-select,1,282,193.325,,,,,,,,,,,,,,
transport-opt11-strips,p07.pddl,symk,1,282,113.72,,10,,,,,,,,,,,,
transport-opt11-strips,p08.pddl,causal,0,,,0,12,,8087,,,,,,,,,,
transport-opt11-strips,p08.pddl,comb-w,0,,,0,12,0,8087,,,,,,,,,,
transport-opt11-strips,p08.pddl,tr-select,0,,,,,,,,,,,,,,,,
transport-opt11-strips,p08.pddl,symk,0,,,,12,,,,,,,,,,,,
transport-opt11-strips,p09.pddl,causal,0,,,0,11,,6051,,,,,,,,,,
transport-opt11-strips,p09.pddl,comb-w,0,,,0,11,0,6051,,,,,,,,,,
transport-opt11-strips,p09.pddl,tr-select,0,,,,,,,,,,,,,,,,
transport-opt11-strips,p09.pddl,symk,0,,,,11,,,,,,,,,,,,
transport-opt11-strips,p10.pddl,causal,0,,,0,13,,11550,,,,,,,,,,
transport-opt11-strips,p10.pddl,comb-w,0,,,0,13,0,11550,,,,,,,,,,
transport-opt11-strips,p10.pddl,tr-select,0,,,,,,,,,,,,,,,,
transport-opt11-strips,p10.pddl,symk,0,,,,13,,,,,,,,,,,,
transport-opt11-strips,p11.pddl,causal,0,,,0,12,,7115,,,,,,,,,,
transport-opt11-strips,p11.pddl,comb-w,0,,,0,12,0,7115,,,,,,,,,,
transport-opt11-strips,p11.pddl,tr-select,0,,,,,,,,,,,,,,,,
transport-opt11-strips,p11.pddl,symk,0,,,,12,,,,,,,,,,,,
transport-opt11-strips,p12.pddl,causal,0,,,0,14,,13739,,,,,,,,,,
transport-opt11-strips,p12.pddl,comb-w,0,,,0,14,0,13739,,,,,,,,,,
transport-opt11-strips,p12.pddl,tr-select,0,,,,,,,,,,,,,,,,
transport-opt11-strips,p12.pddl,symk,0,,,,14,,,,,,,,,,,,
transport-opt11-strips,p13.pddl,causal,0,,,0,12,,8716,,,,,,,,,,
transport-opt11-strips,p13.pddl,comb-w,0,,,0,12,0,8716,,,,,,,,,,
transport-opt11-strips,p13.pddl,tr-select,0,,,,,,,,,,,,,,,,
transport-opt11-strips,p13.pddl,symk,0,,,,12,,,,,,,,,,,,
transport-opt11-strips,p14.pddl,causal,0,,,0,14,,14243,,,,,,,,,,
transport-opt11-strips,p14.pddl,comb-w,0,,,0,14,0,14243,,,,,,,,,,
transport-opt11-strips,p14.pddl,tr-select,0,,,,,,,,,,,,,,,,
transport-opt11-strips,p14.pddl,symk,0,,,,14,,,,,,,,,,,,
transport-opt11-strips,p15.pddl,causal,0,,,0,13,,10386,,,,,,,,,,
transport-opt11-strips,p15.pddl,comb-w,0,,,0,13,0,10386,,,,,,,,,,
transport-opt11-strips,p15.pddl,tr-select,0,,,,,,,,,,,,,,,,
transport-opt11-strips,p15.pddl,symk,0,,,,13,,,,,,,,,,,,
transport-opt11-strips,p16.pddl,causal,0,,,0,15,,16275,,,,,,,,,,
transport-opt11-strips,p16.pddl,comb-w,0,,,0,15,0,16275,,,,,,,,,,
transport-opt11-strips,p16.pddl,tr-select,0,,,,,,,,,,,,,,,,
transport-opt11-strips,p16.pddl,symk,0,,,,15,,,,,,,,,,,,
transport-opt11-strips,p17.pddl,causal,0,,,0,10,,6960,,,,,,,,,,
transport-opt11-strips,p17.pddl,comb-w,1,332,1688.61,0,10,0,6960,1.46363e+07,4.17364e+07,1190736,2675603,75660704,52618594,200,106,0,0
transport-opt11-strips,p17.pddl,tr-select,0,,,,,,,,,,,,,,,,
transport-opt11-strips,p17.pddl,symk,1,332,1740.13,,10,,,,,,,,,,,,
transport-opt11-strips,p18.pddl,causal,1,941,1336.74,0,9,,6056,5.78371e+07,7.74524e+07,368139,764117,39360286,22443803,548,228,0,0
transport-opt11-strips,p18.pddl,comb-w,1,941,1315.3,0,9,0,6056,5.78371e+07,7.74524e+07,368139,764117,39360286,22443803,548,228,0,0
transport-opt11-strips,p18.pddl,tr-select,1,941,1535.68,,,,,,,,,,,,,,
transport-opt11-strips,p18.pddl,symk,1,941,1518.37,,9,,,,,,,,,,,,
transport-opt11-strips,p19.pddl,causal,1,970,695.062,0,10,,6965,1.75445e+07,4.53975e+07,338013,680726,25186168,13672352,611,303,0,0
transport-opt11-strips,p19.pddl,comb-w,1,970,683.926,0,10,0,6965,1.75445e+07,4.53975e+07,338013,680726,25186168,13672352,611,303,0,0
transport-opt11-strips,p19.pddl,tr-select,1,970,729.251,,,,,,,,,,,,,,
transport-opt11-strips,p19.pddl,symk,1,970,633.263,,10,,,,,,,,,,,,
transport-opt11-strips,p20.pddl,causal,0,,,0,13,,15666,,,,,,,,,,
transport-opt11-strips,p20.pddl,comb-w,0,,,0,13,0,15666,,,,,,,,,,
transport-opt11-strips,p20.pddl,tr-select,0,,,,,,,,,,,,,,,,
transport-opt11-strips,p20.pddl,symk,0,,,,13,,,,,,,,,,,,
transport-opt14-strips,p01.pddl,causal,1,148,0.171375,0,8,,1232,1908,43082,1259,2270,144102,30273,63,41,0,0
transport-opt14-strips,p01.pddl,comb-w,1,148,0.193271,0,8,0,1232,1908,43082,1259,2270,144102,30273,63,41,0,0
transport-opt14-strips,p01.pddl,tr-select,1,148,0.163036,,,,,,,,,,,,,,
transport-opt14-strips,p01.pddl,symk,1,148,0.229942,,8,,,,,,,,,,,,
transport-opt14-strips,p02.pddl,causal,1,191,4.81114,0,8,,2736,61526,532951,11074,16351,3355226,576439,104,61,0,0
transport-opt14-strips,p02.pddl,comb-w,1,191,6.07963,0,8,0,2736,61526,532951,11074,16351,3355226,576439,104,61,0,0
transport-opt14-strips,p02.pddl,tr-select,1,191,6.70311,,,,,,,,,,,,,,
transport-opt14-strips,p02.pddl,symk,1,191,4.02467,,8,,,,,,,,,,,,
transport-opt14-strips,p03.pddl,causal,1,300,11.3081,0,9,,3932,132965,1.15636e+06,38034,71522,7341026,929601,144,99,0,0
transport-opt14-strips,p03.pddl,comb-w,1,300,11.6956,0,9,0,3932,132965,1.15636e+06,38034,71522,7341026,929601,144,99,0,0
transport-opt14-strips,p03.pddl,tr-select,1,300,11.4595,,,,,,,,,,,,,,
transport-opt14-strips,p03.pddl,symk,1,300,11.9528,,9,,,,,,,,,,,,
transport-opt14-strips,p04.pddl,causal,1,250,421.79,0,11,,9098,5.14266e+06,2.00228e+08,531088,1133863,29419292,15999996,152,75,0,0
transport-opt14-strips,p04.pddl,comb-w,1,250,422.564,0,11,0,9098,5.14266e+06,2.00228e+08,531088,1133863,29419292,15999996,152,75,0,0
transport-opt14-strips,p04.pddl,tr-select,1,250,523.629,,,,,,,,,,,,,,
transport-opt14-strips,p04.pddl,symk,1,250,564.241,,11,,,,,,,,,,,,
transport-opt14-strips,p05.pddl,causal,0,,,0,12,,13857,,,,,,,,,,
transport-opt14-strips,p05.pddl,comb-w,0,,,0,12,0,13857,,,,,,,,,,
transport-opt14-strips,p05.pddl,tr-select,0,,,,,,,,,,,,,,,,
transport-opt14-strips,p05.pddl,symk,0,,,,12,,,,,,,,,,,,
transport-opt14-strips,p06.pddl,causal,0,,,0,12,,14655,,,,,,,,,,
transport-opt14-strips,p06.pddl,comb-w,0,,,0,12,0,14655,,,,,,,,,,
transport-opt14-strips,p06.pddl,tr-select,0,,,,,,,,,,,,,,,,
transport-opt14-strips,p06.pddl,symk,0,,,,12,,,,,,,,,,,,
transport-opt14-strips,p07.pddl,causal,1,967,14.49,0,8,,2772,737772,1.09775e+06,11371,22681,4711420,461960,558,143,0,0
transport-opt14-strips,p07.pddl,comb-w,1,967,9.00067,0,8,0,2772,737772,1.09775e+06,11371,22681,4711420,461960,558,143,0,0
transport-opt14-strips,p07.pddl,tr-select,1,967,12.8115,,,,,,,,,,,,,,
transport-opt14-strips,p07.pddl,symk,1,967,8.35051,,8,,,,,,,,,,,,
transport-opt14-strips,p08.pddl,causal,1,1173,1559.6,0,8,,6129,2.84691e+07,7.32872e+07,309533,326174,29997744,17560649,754,234,0,0
transport-opt14-strips,p08.pddl,comb-w,1,1173,1750.05,0,8,0,6129,2.84691e+07,7.32872e+07,309533,326174,29997744,17560649,754,234,0,0
transport-opt14-strips,p08.pddl,tr-select,1,1173,1632.89,,,,,,,,,,,,,,
transport-opt14-strips,p08.pddl,symk,1,1173,1602.11,,8,,,,,,,,,,,,
transport-opt14-strips,p09.pddl,causal,0,,,0,9,,8841,,,,,,,,,,
transport-opt14-strips,p09.pddl,comb-w,0,,,0,9,0,8841,,,,,,,,,,
transport-opt14-strips,p09.pddl,tr-select,0,,,,,,,,,,,,,,,,
transport-opt14-strips,p09.pddl,symk,0,,,,9,,,,,,,,,,,,
transport-opt14-strips,p10.pddl,causal,0,,,0,11,,19871,,,,,,,,,,
transport-opt14-strips,p10.pddl,comb-w,0,,,0,11,0,19871,,,,,,,,,,
transport-opt14-strips,p10.pddl,tr-select,0,,,,,,,,,,,,,,,,
transport-opt14-strips,p10.pddl,symk,0,,,,11,,,,,,,,,,,,
transport-opt14-strips,p11.pddl,causal,0,,,0,12,,29676,,,,,,,,,,
transport-opt14-strips,p11.pddl,comb-w,0,,,0,12,0,29676,,,,,,,,,,
transport-opt14-strips,p11.pddl,tr-select,0,,,,,,,,,,,,,,,,
transport-opt14-strips,p11.pddl,symk,0,,,,12,,,,,,,,,,,,
transport-opt14-strips,p12.pddl,causal,0,,,0,12,,32227,,,,,,,,,,
transport-opt14-strips,p12.pddl,comb-w,0,,,0,12,0,32227,,,,,,,,,,
transport-opt14-strips,p12.pddl,tr-select,0,,,,,,,,,,,,,,,,
transport-opt14-strips,p12.pddl,symk,0,,,,12,,,,,,,,,,,,
transport-opt14-strips,p13.pddl,causal,1,594,2.03512,0,8,,4659,44930,261385,6653,8136,1281588,181322,316,146,0,0
transport-opt14-strips,p13.pddl,comb-w,1,594,2.40538,0,8,0,4659,44930,261385,6653,8136,1281588,181322,316,146,0,0
transport-opt14-strips,p13.pddl,tr-select,1,594,2.00904,,,,,,,,,,,,,,
transport-opt14-strips,p13.pddl,symk,1,594,2.08826,,8,,,,,,,,,,,,
transport-opt14-strips,p14.pddl,causal,1,526,83.7365,0,8,,8781,1.42582e+06,6.94868e+06,56202,133354,13016192,2380308,331,156,0,0
transport-opt14-strips,p14.pddl,comb-w,1,526,90.1199,0,8,0,8781,1.42582e+06,6.94868e+06,56202,133354,13016192,2380308,331,156,0,0
transport-opt14-strips,p14.pddl,tr-select,1,526,101.546,,,,,,,,,,,,,,
transport-opt14-strips,p14.pddl,symk,1,526,123.611,,8,,,,,,,,,,,,
transport-opt14-strips,p15.pddl,causal,0,,,0,9,,15181,,,,,,,,,,
transport-opt14-strips,p15.pddl,comb-w,0,,,0,9,0,15181,,,,,,,,,,
transport-opt14-strips,p15.pddl,tr-select,0,,,,,,,,,,,,,,,,
transport-opt14-strips,p15.pddl,symk,0,,,,9,,,,,,,,,,,,
transport-opt14-strips,p16.pddl,causal,0,,,0,11,,29403,,,,,,,,,,
transport-opt14-strips,p16.pddl,comb-w,0,,,0,11,0,29403,,,,,,,,,,
transport-opt14-strips,p16.pddl,tr-select,0,,,,,,,,,,,,,,,,
transport-opt14-strips,p16.pddl,symk,0,,,,11,,,,,,,,,,,,
transport-opt14-strips,p17.pddl,causal,0,,,0,12,,42757,,,,,,,,,,
transport-opt14-strips,p17.pddl,comb-w,0,,,0,12,0,42757,,,,,,,,,,
transport-opt14-strips,p17.pddl,tr-select,0,,,,,,,,,,,,,,,,
transport-opt14-strips,p17.pddl,symk,0,,,,12,,,,,,,,,,,,
transport-opt14-strips,p18.pddl,causal,0,,,0,12,,46459,,,,,,,,,,
transport-opt14-strips,p18.pddl,comb-w,0,,,0,12,0,46459,,,,,,,,,,
transport-opt14-strips,p18.pddl,tr-select,0,,,,,,,,,,,,,,,,
transport-opt14-strips,p18.pddl,symk,0,,,,12,,,,,,,,,,,,
transport-opt14-strips,p19.pddl,causal,0,,,0,13,,53696,,,,,,,,,,
transport-opt14-strips,p19.pddl,comb-w,0,,,0,13,0,53696,,,,,,,,,,
transport-opt14-strips,p19.pddl,tr-select,0,,,,,,,,,,,,,,,,
transport-opt14-strips,p19.pddl,symk,0,,,,13,,,,,,,,,,,,
transport-opt14-strips,p20.pddl,causal,0,,,0,13,,53696,,,,,,,,,,
transport-opt14-strips,p20.pddl,comb-w,0,,,0,13,0,53696,,,,,,,,,,
transport-opt14-strips,p20.pddl,tr-select,0,,,,,,,,,,,,,,,,
transport-opt14-strips,p20.pddl,symk,0,,,,13,,,,,,,,,,,,
trucks-strips,p01.pddl,causal,1,13,0.0121501,221,67,,958,288,18914,275,441,14308,3638,7,6,0,0
trucks-strips,p01.pddl,comb-w,1,13,0.0108127,185,67,76,951,382,18734,288,331,15330,3576,9,4,0,0
trucks-strips,p01.pddl,tr-select,1,13,0.011888,,,,,,,,,,,,,,
trucks-strips,p01.pddl,symk,1,13,0.0102595,,10,,,,,,,,,,,,
trucks-strips,p02.pddl,causal,1,17,0.0155065,225,88,,1316,839,20096,372,464,26572,5704,10,7,0,0
trucks-strips,p02.pddl,comb-w,1,17,0.016585,250,88,112,1988,899,19378,470,433,27594,6407,12,5,0,0
trucks-strips,p02.pddl,tr-select,1,17,0.0157128,,,,,,,,,,,,,,
trucks-strips,p02.pddl,symk,1,17,0.0152906,,11,,,,,,,,,,,,
trucks-strips,p03.pddl,causal,1,20,0.0680371,356,154,,1750,5584,1.11809e+06,1601,1923,73584,13352,11,9,0,0
trucks-strips,p03.pddl,comb-w,1,20,0.0583215,382,154,1182,1655,4174,1.12135e+06,1648,1335,60298,12192,9,11,0,0
trucks-strips,p03.pddl,tr-select,1,20,0.0664581,,,,,,,,,,,,,,
trucks-strips,p03.pddl,symk,1,20,0.0753798,,14,,,,,,,,,,,,
trucks-strips,p04.pddl,causal,1,23,0.20441,506,184,,2371,51773,6.14036e+06,5935,6308,230972,37862,11,12,0,0
trucks-strips,p04.pddl,comb-w,1,23,0.231679,490,184,1399,3419,51773,6.14036e+06,5616,5981,236082,39027,11,12,0,0
trucks-strips,p04.pddl,tr-select,1,23,0.205686,,,,,,,,,,,,,,
trucks-strips,p04.pddl,symk,1,23,0.197105,,16,,,,,,,,,,,,
trucks-strips,p05.pddl,causal,1,25,0.687653,606,277,,3465,510160,1.35198e+07,18633,16848,622398,91356,12,13,0,0
trucks-strips,p05.pddl,comb-w,1,25,0.49285,647,277,2100,4071,297631,1.37814e+07,15142,12251,530418,80968,11,14,0,0
trucks-strips,p05.pddl,tr-select,1,25,0.63217,,,,,,,,,,,,,,
trucks-strips,p05.pddl,symk,1,25,0.653892,,17,,,,,,,,,,,,
trucks-strips,p06.pddl,causal,1,30,1.74926,1357,316,,4307,3.757e+06,2.57104e+07,38547,37769,1572858,202394,14,16,0,0
trucks-strips,p06.pddl,comb-w,1,30,1.99424,1202,316,2352,4758,3.757e+06,2.57104e+07,51035,43820,1962240,267693,14,16,0,0
trucks-strips,p06.pddl,tr-select,1,30,1.75304,,,,,,,,,,,,,,
trucks-strips,p06.pddl,symk,1,30,1.31996,,18,,,,,,,,,,,,
trucks-strips,p07.pddl,causal,1,23,0.200893,821,221,,4921,184013,7.55766e+07,6501,7377,261632,43449,15,8,0,0
trucks-strips,p07.pddl,comb-w,1,23,0.248425,992,221,276,6427,184013,7.55766e+07,8143,8097,368942,55534,15,8,0,0
trucks-strips,p07.pddl,tr-select,1,23,0.188402,,,,,,,,,,,,,,
trucks-strips,p07.pddl,symk,1,23,0.180801,,17,,,,,,,,,,,,
trucks-strips,p08.pddl,causal,1,25,2.07981,1616,369,,5951,1.81646e+06,3.00221e+09,68120,52939,2053198,291801,12,13,0,0
trucks-strips,p08.pddl,comb-w,1,25,1.79757,1886,369,5917,8883,1.06686e+06,3.00597e+09,54715,46056,1967350,289495,11,14,0,0
trucks-strips,p08.pddl,tr-select,1,25,1.91,,,,,,,,,,,,,,
trucks-strips,p08.pddl,symk,1,25,1.30932,,19,,,,,,,,,,,,
trucks-strips,p09.pddl,causal,1,28,5.67869,4462,421,,7997,1.22714e+07,4.3105e+09,147621,124997,5497338,670841,13,15,0,0
trucks-strips,p09.pddl,comb-w,1,28,10.811,5711,421,6735,7825,1.22714e+07,4.3105e+09,162017,159167,6016514,737082,14,14,0,0
trucks-strips,p09.pddl,tr-select,1,28,7.12348,,,,,,,,,,,,,,
trucks-strips,p09.pddl,symk,1,28,5.41662,,20,,,,,,,,,,,,
trucks-strips,p10.pddl,causal,1,34,32.6179,5135,473,,9029,5.19233e+07,6.38934e+08,408223,396086,17847186,2286600,17,17,0,0
trucks-strips,p10.pddl,comb-w,1,34,36.5101,4753,473,7460,14182,4.06461e+07,8.11893e+08,413090,394516,17952452,2298045,16,18,0,0
trucks-strips,p10.pddl,tr-select,1,34,45.0693,,,,,,,,,,,,,,
trucks-strips,p10.pddl,symk,1,34,29.2041,,19,,,,,,,,,,,,
trucks-strips,p11.pddl,causal,1,35,262.907,9968,685,,10932,5.2148e+08,4.52231e+10,1579671,1329949,27274114,7332303,16,19,0,0
trucks-strips,p11.pddl,comb-w,1,35,232.528,8964,685,10775,23002,5.2148e+08,4.52231e+10,1687148,1329452,22650586,7887917,16,19,0,0
trucks-strips,p11.pddl,tr-select,1,35,276.909,,,,,,,,,,,,,,
trucks-strips,p11.pddl,symk,1,35,532.761,,23,,,,,,,,,,,,
trucks-strips,p12.pddl,causal,0,,,12781,753,,13896,,,,,,,,,,
trucks-strips,p12.pddl,comb-w,0,,,14803,753,11964,28776,,,,,,,,,,
trucks-strips,p12.pddl,tr-select,0,,,,,,,,,,,,,,,,
trucks-strips,p12.pddl,symk,0,,,,27,,,,,,,,,,,,
trucks-strips,p13.pddl,causal,0,,,17807,726,,12211,,,,,,,,,,
trucks-strips,p13.pddl,comb-w,1,32,280.648,34462,726,19776,13596,2.17073e+08,1.28033e+13,1314686,1747782,24135552,6986005,16,17,0,0
trucks-strips,p13.pddl,tr-select,0,,,,,,,,,,,,,,,,
trucks-strips,p13.pddl,symk,1,32,148.781,,24,,,,,,,,,,,,
trucks-strips,p14.pddl,causal,0,,,27913,806,,22870,,,,,,,,,,
trucks-strips,p14.pddl,comb-w,0,,,27470,806,21657,32804,,,,,,,,,,
trucks-strips,p14.pddl,tr-select,0,,,,,,,,,,,,,,,,
trucks-strips,p14.pddl,symk,0,,,,26,,,,,,,,,,,,
trucks-strips,p15.pddl,causal,0,,,35880,886,,22098,,,,,,,,,,
trucks-strips,p15.pddl,comb-w,0,,,50589,886,23743,17356,,,,,,,,,,
trucks-strips,p15.pddl,tr-select,0,,,,,,,,,,,,,,,,
trucks-strips,p15.pddl,symk,0,,,,28,,,,,,,,,,,,
trucks-strips,p16.pddl,causal,0,,,69360,966,,23699,,,,,,,,,,
trucks-strips,p16.pddl,comb-w,0,,,59768,966,25842,20234,,,,,,,,,,
trucks-strips,p16.pddl,tr-select,0,,,,,,,,,,,,,,,,
trucks-strips,p16.pddl,symk,0,,,,28,,,,,,,,,,,,
trucks-strips,p17.pddl,causal,0,,,69961,1375,,36443,,,,,,,,,,
trucks-strips,p17.pddl,comb-w,0,,,66240,1374,37114,26210,,,,,,,,,,
trucks-strips,p17.pddl,tr-select,0,,,,,,,,,,,,,,,,
trucks-strips,p17.pddl,symk,0,,,,34,,,,,,,,,,,,
trucks-strips,p18.pddl,causal,0,,,35136,1480,,51221,,,,,,,,,,
trucks-strips,p18.pddl,comb-w,0,,,41903,1480,40015,89598,,,,,,,,,,
trucks-strips,p18.pddl,tr-select,0,,,,,,,,,,,,,,,,
trucks-strips,p18.pddl,symk,0,,,,37,,,,,,,,,,,,
trucks-strips,p19.pddl,causal,0,,,73986,1379,,53358,,,,,,,,,,
trucks-strips,p19.pddl,comb-w,0,,,126446,1379,56424,93661,,,,,,,,,,
trucks-strips,p19.pddl,tr-select,0,,,,,,,,,,,,,,,,
trucks-strips,p19.pddl,symk,0,,,,33,,,,,,,,,,,,
trucks-strips,p20.pddl,causal,0,,,33429,1494,,37908,,,,,,,,,,
trucks-strips,p20.pddl,comb-w,0,,,202964,1494,61402,47695,,,,,,,,,,
trucks-strips,p20.pddl,tr-select,0,,,,,,,,,,,,,,,,
trucks-strips,p20.pddl,symk,0,,,,36,,,,,,,,,,,,
trucks-strips,p21.pddl,causal,0,,,106453,1608,,51392,,,,,,,,,,
trucks-strips,p21.pddl,comb-w,0,,,90348,1608,65507,85999,,,,,,,,,,
trucks-strips,p21.pddl,tr-select,0,,,,,,,,,,,,,,,,
trucks-strips,p21.pddl,symk,0,,,,35,,,,,,,,,,,,
trucks-strips,p22.pddl,causal,0,,,90098,1722,,79634,,,,,,,,,,
trucks-strips,p22.pddl,comb-w,0,,,124574,1722,2268,121374,,,,,,,,,,
trucks-strips,p22.pddl,tr-select,0,,,,,,,,,,,,,,,,
trucks-strips,p22.pddl,symk,0,,,,42,,,,,,,,,,,,
trucks-strips,p23.pddl,causal,0,,,88322,2421,,322256,,,,,,,,,,
trucks-strips,p23.pddl,comb-w,0,,,135813,2421,2816,106271,,,,,,,,,,
trucks-strips,p23.pddl,tr-select,0,,,,,,,,,,,,,,,,
trucks-strips,p23.pddl,symk,0,,,,53,,,,,,,,,,,,
trucks-strips,p24.pddl,causal,0,,,68747,2588,,110424,,,,,,,,,,
trucks-strips,p24.pddl,comb-w,0,,,187117,2571,3263,106489,,,,,,,,,,
trucks-strips,p24.pddl,tr-select,0,,,,,,,,,,,,,,,,
trucks-strips,p24.pddl,symk,0,,,,55,,,,,,,,,,,,
trucks-strips,p25.pddl,causal,0,,,80115,2524,,357163,,,,,,,,,,
trucks-strips,p25.pddl,comb-w,0,,,96889,2524,4097,343216,,,,,,,,,,
trucks-strips,p25.pddl,tr-select,0,,,,,,,,,,,,,,,,
trucks-strips,p25.pddl,symk,0,,,,229,,,,,,,,,,,,
trucks-strips,p26.pddl,causal,0,,,117284,2691,,392158,,,,,,,,,,
trucks-strips,p26.pddl,comb-w,0,,,37598,2691,4043,352722,,,,,,,,,,
trucks-strips,p26.pddl,tr-select,0,,,,,,,,,,,,,,,,
trucks-strips,p26.pddl,symk,0,,,,243,,,,,,,,,,,,
trucks-strips,p27.pddl,causal,0,,,224413,2858,,464581,,,,,,,,,,
trucks-strips,p27.pddl,comb-w,0,,,43640,2858,4450,322847,,,,,,,,,,
trucks-strips,p27.pddl,tr-select,0,,,,,,,,,,,,,,,,
trucks-strips,p27.pddl,symk,0,,,,257,,,,,,,,,,,,
trucks-strips,p28.pddl,causal,0,,,129983,3026,,443858,,,,,,,,,,
trucks-strips,p28.pddl,comb-w,0,,,55709,3026,4575,335049,,,,,,,,,,
trucks-strips,p28.pddl,tr-select,0,,,,,,,,,,,,,,,,
trucks-strips,p28.pddl,symk,0,,,,272,,,,,,,,,,,,
trucks-strips,p29.pddl,causal,0,,,152029,4132,,368511,,,,,,,,,,
trucks-strips,p29.pddl,comb-w,0,,,98518,4132,6353,417900,,,,,,,,,,
trucks-strips,p29.pddl,tr-select,0,,,,,,,,,,,,,,,,
trucks-strips,p29.pddl,symk,0,,,,294,,,,,,,,,,,,
trucks-strips,p30.pddl,causal,0,,,235317,4348,,624446,,,,,,,,,,
trucks-strips,p30.pddl,comb-w,0,,,175873,4348,7279,402844,,,,,,,,,,
trucks-strips,p30.pddl,tr-select,0,,,,,,,,,,,,,,,,
trucks-strips,p30.pddl,symk,0,,,,308,,,,,,,,,,,,
visitall-opt11-strips,problem02-full.pddl,causal,1,3,0.000478545,9,4,,42,3,10,9,11,1022,153,2,1,0,0
visitall-opt11-strips,problem02-full.pddl,comb-w,1,3,0.000397662,9,4,3,42,3,10,9,11,1022,153,2,1,0,0
visitall-opt11-strips,problem02-full.pddl,tr-select,1,3,0.000539514,,,,,,,,,,,,,,
visitall-opt11-strips,problem02-full.pddl,symk,1,3,0.00152443,,4,,,,,,,,,,,,
visitall-opt11-strips,problem02-half.pddl,causal,1,1,0.000316423,4,4,,16,1,4,4,2,1022,65,1,0,0,0
visitall-opt11-strips,problem02-half.pddl,comb-w,1,1,0.000278156,4,4,1,16,1,4,4,2,1022,65,1,0,0,0
visitall-opt11-strips,problem02-half.pddl,tr-select,1,1,0.000339507,,,,,,,,,,,,,,
visitall-opt11-strips,problem02-half.pddl,symk,1,1,0.000636101,,2,,,,,,,,,,,,
visitall-opt11-strips,problem03-full.pddl,causal,1,8,0.0040147,57,9,,347,99,175,127,89,5110,1218,5,3,0,0
visitall-opt11-strips,problem03-full.pddl,comb-w,1,8,0.00308383,57,9,8,347,99,175,127,89,5110,1218,5,3,0,0
visitall-opt11-strips,problem03-full.pddl,tr-select,1,8,0.00306738,,,,,,,,,,,,,,
visitall-opt11-strips,problem03-full.pddl,symk,1,8,0.00317928,,9,,,,,,,,,,,,
visitall-opt11-strips,problem03-half.pddl,causal,1,6,0.00117823,20,9,,97,35,18,39,25,2044,461,4,2,0,0
visitall-opt11-strips,problem03-half.pddl,comb-w,1,6,0.00117451,20,9,4,97,35,18,39,25,2044,461,4,2,0,0
visitall-opt11-strips,problem03-half.pddl,tr-select,1,6,0.00123876,,,,,,,,,,,,,,
visitall-opt11-strips,problem03-half.pddl,symk,1,6,0.00173098,,5,,,,,,,,,,,,
visitall-opt11-strips,problem04-full.pddl,causal,1,15,0.0291533,317,16,,1430,4005,11522,1329,1169,43946,8937,9,6,0,0
visitall-opt11-strips,problem04-full.pddl,comb-w,1,15,0.0317337,317,16,15,1430,4005,11522,1329,1169,43946,8937,9,6,0,0
visitall-opt11-strips,problem04-full.pddl,tr-select,1,15,0.0328909,,,,,,,,,,,,,,
visitall-opt11-strips,problem04-full.pddl,symk,1,15,0.0332809,,16,,,,,,,,,,,,
visitall-opt11-strips,problem04-half.pddl,causal,1,11,0.00328901,38,16,,266,135,203,107,80,5110,1186,7,4,0,0
visitall-opt11-strips,problem04-half.pddl,comb-w,1,11,0.00310655,38,16,7,266,135,203,107,80,5110,1186,7,4,0,0
visitall-opt11-strips,problem04-half.pddl,tr-select,1,11,0.00389507,,,,,,,,,,,,,,
visitall-opt11-strips,problem04-half.pddl,symk,1,11,0.00506722,,8,,,,,,,,,,,,
visitall-opt11-strips,problem05-full.pddl,causal,1,24,0.69755,8410,25,,22977,1.16772e+06,332168,29842,14175,855414,143524,15,9,0,0
visitall-opt11-strips,problem05-full.pddl,comb-w,1,24,0.881603,8410,25,24,22977,1.16772e+06,332168,29842,14175,855414,143524,15,9,0,0
visitall-opt11-strips,problem05-full.pddl,tr-select,1,24,0.642026,,,,,,,,,,,,,,
visitall-opt11-strips,problem05-full.pddl,symk,1,24,0.762744,,25,,,,,,,,,,,,
visitall-opt11-strips,problem05-half.pddl,causal,1,18,0.0445855,337,25,,1764,6864,10551,1627,1075,52122,10314,11,7,0,0
visitall-opt11-strips,problem05-half.pddl,comb-w,1,18,0.0336164,337,25,14,1764,6864,10551,1627,1075,52122,10314,11,7,0,0
visitall-opt11-strips,problem05-half.pddl,tr-select,1,18,0.03589,,,,,,,,,,,,,,
visitall-opt11-strips,problem05-half.pddl,symk,1,18,0.0406373,,15,,,,,,,,,,,,
visitall-opt11-strips,problem06-full.pddl,causal,1,35,60.4365,131773,36,,61953,2.67664e+08,2.26844e+08,1118216,666427,19786942,5007978,22,13,0,0
visitall-opt11-strips,problem06-full.pddl,comb-w,1,35,61.1938,131773,36,35,61953,2.67664e+08,2.26844e+08,1118216,666427,19786942,5007978,22,13,0,0
visitall-opt11-strips,problem06-full.pddl,tr-select,1,35,72.7186,,,,,,,,,,,,,,
visitall-opt11-strips,problem06-full.pddl,symk,1,35,58.3638,,36,,,,,,,,,,,,
visitall-opt11-strips,problem06-half.pddl,causal,1,23,0.070382,364,36,,2001,13097,54198,2868,1868,99134,18135,13,10,0,0
visitall-opt11-strips,problem06-half.pddl,comb-w,1,23,0.0754754,364,36,15,2001,13097,54198,2868,1868,99134,18135,13,10,0,0
visitall-opt11-strips,problem06-half.pddl,tr-select,1,23,0.0932533,,,,,,,,,,,,,,
visitall-opt11-strips,problem06-half.pddl,symk,1,23,0.0865436,,16,,,,,,,,,,,,
visitall-opt11-strips,problem07-full.pddl,causal,0,,,132344,49,,116187,,,,,,,,,,
visitall-opt11-strips,problem07-full.pddl,comb-w,0,,,132344,49,48,116187,,,,,,,,,,
visitall-opt11-strips,problem07-full.pddl,tr-select,0,,,,,,,,,,,,,,,,
visitall-opt11-strips,problem07-full.pddl,symk,0,,,,49,,,,,,,,,,,,
visitall-opt11-strips,problem07-half.pddl,causal,1,36,21.1754,131761,49,,99692,4.00109e+07,1.24077e+08,560046,303345,14555324,2576318,21,15,0,0
visitall-opt11-strips,problem07-half.pddl,comb-w,1,36,20.2605,131761,49,32,99692,4.00109e+07,1.24077e+08,560046,303345,14555324,2576318,21,15,0,0
visitall-opt11-strips,problem07-half.pddl,tr-select,1,36,18.2705,,,,,,,,,,,,,,
visitall-opt11-strips,problem07-half.pddl,symk,1,36,33.0682,,33,,,,,,,,,,,,
visitall-opt11-strips,problem08-full.pddl,causal,0,,,197465,64,,106258,,,,,,,,,,
visitall-opt11-strips,problem08-full.pddl,comb-w,0,,,197465,64,63,106258,,,,,,,,,,
visitall-opt11-strips,problem08-full.pddl,tr-select,0,,,,,,,,,,,,,,,,
visitall-opt11-strips,problem08-full.pddl,symk,0,,,,64,,,,,,,,,,,,
visitall-opt11-strips,problem08-half.pddl,causal,1,43,111.668,131904,64,,45575,2.08632e+08,4.32469e+08,1671469,811883,20797700,7507818,25,18,0,0
visitall-opt11-strips,problem08-half.pddl,comb-w,1,43,132.698,131904,64,32,45575,2.08632e+08,4.32469e+08,1671469,811883,20797700,7507818,25,18,0,0
visitall-opt11-strips,problem08-half.pddl,tr-select,1,43,119.679,,,,,,,,,,,,,,
visitall-opt11-strips,problem08-half.pddl,symk,1,43,97.5132,,33,,,,,,,,,,,,
visitall-opt11-strips,problem09-full.pddl,causal,0,,,263855,81,,112812,,,,,,,,,,
visitall-opt11-strips,problem09-full.pddl,comb-w,0,,,263855,81,80,112812,,,,,,,,,,
visitall-opt11-strips,problem09-full.pddl,tr-select,0,,,,,,,,,,,,,,,,
visitall-opt11-strips,problem09-full.pddl,symk,0,,,,81,,,,,,,,,,,,
visitall-opt11-strips,problem09-half.pddl,causal,0,,,133061,81,,122439,,,,,,,,,,
visitall-opt11-strips,problem09-half.pddl,comb-w,0,,,133061,81,49,122439,,,,,,,,,,
visitall-opt11-strips,problem09-half.pddl,tr-select,0,,,,,,,,,,,,,,,,
visitall-opt11-strips,problem09-half.pddl,symk,0,,,,50,,,,,,,,,,,,
visitall-opt11-strips,problem10-full.pddl,causal,0,,,394069,100,,199238,,,,,,,,,,
visitall-opt11-strips,problem10-full.pddl,comb-w,0,,,394069,100,99,199238,,,,,,,,,,
visitall-opt11-strips,problem10-full.pddl,tr-select,0,,,,,,,,,,,,,,,,
visitall-opt11-strips,problem10-full.pddl,symk,0,,,,100,,,,,,,,,,,,
visitall-opt11-strips,problem10-half.pddl,causal,0,,,132379,100,,75036,,,,,,,,,,
visitall-opt11-strips,problem10-half.pddl,comb-w,0,,,132379,100,47,75036,,,,,,,,,,
visitall-opt11-strips,problem10-half.pddl,tr-select,0,,,,,,,,,,,,,,,,
visitall-opt11-strips,problem10-half.pddl,symk,0,,,,48,,,,,,,,,,,,
visitall-opt11-strips,problem11-full.pddl,causal,0,,,403399,121,,194195,,,,,,,,,,
visitall-opt11-strips,problem11-full.pddl,comb-w,0,,,403399,121,120,194195,,,,,,,,,,
visitall-opt11-strips,problem11-full.pddl,tr-select,0,,,,,,,,,,,,,,,,
visitall-opt11-strips,problem11-full.pddl,symk,0,,,,121,,,,,,,,,,,,
visitall-opt11-strips,problem11-half.pddl,causal,0,,,149029,121,,84004,,,,,,,,,,
visitall-opt11-strips,problem11-half.pddl,comb-w,0,,,149029,121,57,84004,,,,,,,,,,
visitall-opt11-strips,problem11-half.pddl,tr-select,0,,,,,,,,,,,,,,,,
visitall-opt11-strips,problem11-half.pddl,symk,0,,,,58,,,,,,,,,,,,
visitall-opt14-strips,p-05-10.pddl,causal,0,,,132291,100,,72048,,,,,,,,,,
visitall-opt14-strips,p-05-10.pddl,comb-w,0,,,132291,100,45,72048,,,,,,,,,,
visitall-opt14-strips,p-05-10.pddl,tr-select,0,,,,,,,,,,,,,,,,
visitall-opt14-strips,p-05-10.pddl,symk,0,,,,46,,,,,,,,,,,,
visitall-opt14-strips,p-05-5.pddl,causal,1,21,0.108553,611,25,,3275,50565,55425,5877,3192,143080,28174,13,8,0,0
visitall-opt14-strips,p-05-5.pddl,comb-w,1,21,0.0966574,611,25,17,3275,50565,55425,5877,3192,143080,28174,13,8,0,0
visitall-opt14-strips,p-05-5.pddl,tr-select,1,21,0.0946473,,,,,,,,,,,,,,
visitall-opt14-strips,p-05-5.pddl,symk,1,21,0.125627,,18,,,,,,,,,,,,
visitall-opt14-strips,p-05-6.pddl,causal,1,25,0.212895,625,36,,3373,54130,174608,8766,6965,287182,53318,14,11,0,0
visitall-opt14-strips,p-05-6.pddl,comb-w,1,25,0.21358,625,36,17,3373,54130,174608,8766,6965,287182,53318,14,11,0,0
visitall-opt14-strips,p-05-6.pddl,tr-select,1,25,0.223083,,,,,,,,,,,,,,
visitall-opt14-strips,p-05-6.pddl,symk,1,25,0.216602,,18,,,,,,,,,,,,
visitall-opt14-strips,p-05-7.pddl,causal,1,34,1.66575,4294,49,,19640,2.3551e+06,2.37081e+06,66830,39292,1820182,335387,20,14,0,0
visitall-opt14-strips,p-05-7.pddl,comb-w,1,34,1.99208,4294,49,23,19640,2.3551e+06,2.37081e+06,66830,39292,1820182,335387,20,14,0,0
visitall-opt14-strips,p-05-7.pddl,tr-select,1,34,1.70887,,,,,,,,,,,,,,
visitall-opt14-strips,p-05-7.pddl,symk,1,34,1.89331,,24,,,,,,,,,,,,
visitall-opt14-strips,p-05-8.pddl,causal,1,43,31.9271,66077,64,,29674,6.77623e+07,7.81284e+07,379522,270692,13461784,2218765,25,18,0,0
visitall-opt14-strips,p-05-8.pddl,comb-w,1,43,24.1793,66077,64,30,29674,6.77623e+07,7.81284e+07,379522,270692,13461784,2218765,25,18,0,0
visitall-opt14-strips,p-05-8.pddl,tr-select,1,43,25.9652,,,,,,,,,,,,,,
visitall-opt14-strips,p-05-8.pddl,symk,1,43,30.3172,,31,,,,,,,,,,,,
visitall-opt14-strips,p-05-9.pddl,causal,0,,,131983,81,,72969,,,,,,,,,,
visitall-opt14-strips,p-05-9.pddl,comb-w,0,,,131983,81,41,72969,,,,,,,,,,
visitall-opt14-strips,p-05-9.pddl,tr-select,0,,,,,,,,,,,,,,,,
visitall-opt14-strips,p-05-9.pddl,symk,0,,,,42,,,,,,,,,,,,
visitall-opt14-strips,p-1-10.pddl,causal,0,,,394069,100,,199238,,,,,,,,,,
visitall-opt14-strips,p-1-10.pddl,comb-w,0,,,394069,100,99,199238,,,,,,,,,,
visitall-opt14-strips,p-1-10.pddl,tr-select,0,,,,,,,,,,,,,,,,
visitall-opt14-strips,p-1-10.pddl,symk,0,,,,100,,,,,,,,,,,,
visitall-opt14-strips,p-1-11.pddl,causal,0,,,403399,121,,194195,,,,,,,,,,
visitall-opt14-strips,p-1-11.pddl,comb-w,0,,,403399,121,120,194195,,,,,,,,,,
visitall-opt14-strips,p-1-11.pddl,tr-select,0,,,,,,,,,,,,,,,,
visitall-opt14-strips,p-1-11.pddl,symk,0,,,,121,,,,,,,,,,,,
visitall-opt14-strips,p-1-12.pddl,causal,0,,,526400,144,,291188,,,,,,,,,,
visitall-opt14-strips,p-1-12.pddl,comb-w,0,,,526400,144,143,291188,,,,,,,,,,
visitall-opt14-strips,p-1-12.pddl,tr-select,0,,,,,,,,,,,,,,,,
visitall-opt14-strips,p-1-12.pddl,symk,0,,,,144,,,,,,,,,,,,
visitall-opt14-strips,p-1-13.pddl,causal,0,,,657170,169,,428138,,,,,,,,,,
visitall-opt14-strips,p-1-13.pddl,comb-w,0,,,657170,169,168,428138,,,,,,,,,,
visitall-opt14-strips,p-1-13.pddl,tr-select,0,,,,,,,,,,,,,,,,
visitall-opt14-strips,p-1-13.pddl,symk,0,,,,169,,,,,,,,,,,,
visitall-opt14-strips,p-1-14.pddl,causal,0,,,788292,196,,470080,,,,,,,,,,
visitall-opt14-strips,p-1-14.pddl,comb-w,0,,,788292,196,195,470080,,,,,,,,,,
visitall-opt14-strips,p-1-14.pddl,tr-select,0,,,,,,,,,,,,,,,,
visitall-opt14-strips,p-1-14.pddl,symk,0,,,,196,,,,,,,,,,,,
visitall-opt14-strips,p-1-15.pddl,causal,0,,,919184,225,,549465,,,,,,,,,,
visitall-opt14-strips,p-1-15.pddl,comb-w,0,,,919184,225,224,549465,,,,,,,,,,
visitall-opt14-strips,p-1-15.pddl,tr-select,0,,,,,,,,,,,,,,,,
visitall-opt14-strips,p-1-15.pddl,symk,0,,,,225,,,,,,,,,,,,
visitall-opt14-strips,p-1-16.pddl,causal,0,,,1051829,256,,523598,,,,,,,,,,
visitall-opt14-strips,p-1-16.pddl,comb-w,0,,,1051829,256,255,523598,,,,,,,,,,
visitall-opt14-strips,p-1-16.pddl,tr-select,0,,,,,,,,,,,,,,,,
visitall-opt14-strips,p-1-16.pddl,symk,0,,,,256,,,,,,,,,,,,
visitall-opt14-strips,p-1-17.pddl,causal,0,,,1182919,289,,768342,,,,,,,,,,
visitall-opt14-strips,p-1-17.pddl,comb-w,0,,,1182919,289,288,768342,,,,,,,,,,
visitall-opt14-strips,p-1-17.pddl,tr-select,0,,,,,,,,,,,,,,,,
visitall-opt14-strips,p-1-17.pddl,symk,0,,,,289,,,,,,,,,,,,
visitall-opt14-strips,p-1-18.pddl,causal,0,,,1314956,324,,650092,,,,,,,,,,
visitall-opt14-strips,p-1-18.pddl,comb-w,0,,,1314956,324,323,650092,,,,,,,,,,
visitall-opt14-strips,p-1-18.pddl,tr-select,0,,,,,,,,,,,,,,,,
visitall-opt14-strips,p-1-18.pddl,symk,0,,,,324,,,,,,,,,,,,
visitall-opt14-strips,p-1-5.pddl,causal,1,24,0.798633,8410,25,,22977,1.16772e+06,332168,29842,14175,855414,143524,15,9,0,0
visitall-opt14-strips,p-1-5.pddl,comb-w,1,24,0.774549,8410,25,24,22977,1.16772e+06,332168,29842,14175,855414,143524,15,9,0,0
visitall-opt14-strips,p-1-5.pddl,tr-select,1,24,0.844398,,,,,,,,,,,,,,
visitall-opt14-strips,p-1-5.pddl,symk,1,24,0.820942,,25,,,,,,,,,,,,
visitall-opt14-strips,p-1-6.pddl,causal,1,35,83.6858,131773,36,,61953,2.67664e+08,2.26844e+08,1118216,666427,19786942,5007978,22,13,0,0
visitall-opt14-strips,p-1-6.pddl,comb-w,1,35,96.4334,131773,36,35,61953,2.67664e+08,2.26844e+08,1118216,666427,19786942,5007978,22,13,0,0
visitall-opt14-strips,p-1-6.pddl,tr-select,1,35,69.809,,,,,,,,,,,,,,
visitall-opt14-strips,p-1-6.pddl,symk,1,35,67.4204,,36,,,,,,,,,,,,
visitall-opt14-strips,p-1-7.pddl,causal,0,,,132344,49,,116187,,,,,,,,,,
visitall-opt14-strips,p-1-7.pddl,comb-w,0,,,132344,49,48,116187,,,,,,,,,,
visitall-opt14-strips,p-1-7.pddl,tr-select,0,,,,,,,,,,,,,,,,
visitall-opt14-strips,p-1-7.pddl,symk,0,,,,49,,,,,,,,,,,,
visitall-opt14-strips,p-1-8.pddl,causal,0,,,197465,64,,106258,,,,,,,,,,
visitall-opt14-strips,p-1-8.pddl,comb-w,0,,,197465,64,63,106258,,,,,,,,,,
visitall-opt14-strips,p-1-8.pddl,tr-select,0,,,,,,,,,,,,,,,,
visitall-opt14-strips,p-1-8.pddl,symk,0,,,,64,,,,,,,,,,,,
visitall-opt14-strips,p-1-9.pddl,causal,0,,,263855,81,,112812,,,,,,,,,,
visitall-opt14-strips,p-1-9.pddl,comb-w,0,,,263855,81,80,112812,,,,,,,,,,
visitall-opt14-strips,p-1-9.pddl,tr-select,0,,,,,,,,,,,,,,,,
visitall-opt14-strips,p-1-9.pddl,symk,0,,,,81,,,,,,,,,,,,
woodworking-opt08-strips,p01.pddl,causal,1,170,0.0365088,94,24,,811,151,9797,226,235,30660,4088,12,20,0,0
woodworking-opt08-strips,p01.pddl,comb-w,1,170,0.0277044,86,24,131,771,90,9860,188,201,27594,3783,10,22,0,0
woodworking-opt08-strips,p01.pddl,tr-select,1,170,0.0311911,,,,,,,,,,,,,,
woodworking-opt08-strips,p01.pddl,symk,1,170,0.0226612,,22,,,,,,,,,,,,
woodworking-opt08-strips,p02.pddl,causal,1,185,0.0385568,76,26,,1094,349,195928,260,340,52122,5937,13,23,0,0
woodworking-opt08-strips,p02.pddl,comb-w,1,185,0.0399454,79,26,107,1121,349,195928,266,340,51100,5976,13,23,0,0
woodworking-opt08-strips,p02.pddl,tr-select,1,185,0.0409842,,,,,,,,,,,,,,
woodworking-opt08-strips,p02.pddl,symk,1,185,0.058565,,25,,,,,,,,,,,,
woodworking-opt08-strips,p03.pddl,causal,1,275,0.531503,250,50,,2926,4183,8.13501e+09,1736,1416,335216,26153,13,38,0,0
woodworking-opt08-strips,p03.pddl,comb-w,1,275,0.433219,175,50,257,2946,3274,8.1411e+09,1648,1056,254478,21150,12,39,0,0
woodworking-opt08-strips,p03.pddl,tr-select,1,275,0.466782,,,,,,,,,,,,,,
woodworking-opt08-strips,p03.pddl,symk,1,275,0.469837,,45,,,,,,,,,,,,
woodworking-opt08-strips,p04.pddl,causal,1,280,2.86216,921,64,,4829,155414,1.71818e+12,7569,7523,1034264,99061,20,29,0,0
woodworking-opt08-strips,p04.pddl,comb-w,1,280,1.82565,452,64,360,3924,155414,1.71819e+12,6677,5780,827820,67842,20,29,0,0
woodworking-opt08-strips,p04.pddl,tr-select,1,280,2.10137,,,,,,,,,,,,,,
woodworking-opt08-strips,p04.pddl,symk,1,280,1.35327,,61,,,,,,,,,,,,
woodworking-opt08-strips,p05.pddl,causal,1,270,4.00358,1053,82,,6572,918641,1.35109e+17,14748,14393,1926470,209938,21,28,0,0
woodworking-opt08-strips,p05.pddl,comb-w,1,270,4.14377,905,82,552,6300,376332,1.35109e+17,13494,13315,1715938,175437,19,30,0,0
woodworking-opt08-strips,p05.pddl,tr-select,1,270,3.55821,,,,,,,,,,,,,,
woodworking-opt08-strips,p05.pddl,symk,1,270,3.59435,,78,,,,,,,,,,,,
woodworking-opt08-strips,p06.pddl,causal,1,430,9.51239,1390,77,,8746,851343,4.49839e+16,19331,11173,3064978,216327,18,63,0,0
woodworking-opt08-strips,p06.pddl,comb-w,1,430,12.05,1396,77,349,9154,6.93173e+06,4.4926e+16,23741,18085,4132968,354032,22,59,0,0
woodworking-opt08-strips,p06.pddl,tr-select,1,430,11.325,,,,,,,,,,,,,,
woodworking-opt08-strips,p06.pddl,symk,1,430,15.0527,,73,,,,,,,,,,,,
woodworking-opt08-strips,p07.pddl,causal,1,400,21.0059,1024,99,,8403,1.62778e+07,2.30585e+21,21482,17951,6614384,349822,26,53,0,0
woodworking-opt08-strips,p07.pddl,comb-w,1,400,13.0011,680,99,560,8064,6.11581e+06,2.30585e+21,16337,13446,5187672,308582,24,55,0,0
woodworking-opt08-strips,p07.pddl,tr-select,1,400,15.6376,,,,,,,,,,,,,,
woodworking-opt08-strips,p07.pddl,symk,1,400,170.225,,94,,,,,,,,,,,,
woodworking-opt08-strips,p08.pddl,causal,1,430,177.566,2857,126,,10871,3.36948e+08,1.41671e+25,112278,86363,14391804,1676864,29,56,0,0
woodworking-opt08-strips,p08.pddl,comb-w,1,430,74.213,1071,126,705,9679,6.80242e+07,1.41671e+25,47591,47106,8853586,662573,26,59,0,0
woodworking-opt08-strips,p08.pddl,tr-select,1,430,58.4029,,,,,,,,,,,,,,
woodworking-opt08-strips,p08.pddl,symk,1,430,317.112,,118,,,,,,,,,,,,
woodworking-opt08-strips,p09.pddl,causal,1,445,15.8128,551,108,,4974,5.69979e+07,5.53404e+19,8831,8513,3849874,243734,27,61,0,0
woodworking-opt08-strips,p09.pddl,comb-w,1,445,10.6298,380,108,540,4745,9.10846e+07,5.53404e+19,7914,7535,2997526,227161,28,60,0,0
woodworking-opt08-strips,p09.pddl,tr-select,1,445,10.8171,,,,,,,,,,,,,,
woodworking-opt08-strips,p09.pddl,symk,1,445,7.38748,,104,,,,,,,,,,,,
woodworking-opt08-strips,p10.pddl,causal,0,,,13111,144,,34106,,,,,,,,,,
woodworking-opt08-strips,p10.pddl,comb-w,0,,,4937,144,755,23534,,,,,,,,,,
woodworking-opt08-strips,p10.pddl,tr-select,0,,,,,,,,,,,,,,,,
woodworking-opt08-strips,p10.pddl,symk,0,,,,135,,,,,,,,,,,,
woodworking-opt08-strips,p11.pddl,causal,1,130,0.0122138,79,25,,802,56,3865,157,191,21462,3215,8,13,0,0
woodworking-opt08-strips,p11.pddl,comb-w,1,130,0.0125548,69,25,110,754,56,3865,144,167,17374,2887,8,13,0,0
woodworking-opt08-strips,p11.pddl,tr-select,1,130,0.0121,,,,,,,,,,,,,,
woodworking-opt08-strips,p11.pddl,symk,1,130,0.0105012,,23,,,,,,,,,,,,
woodworking-opt08-strips,p12.pddl,causal,1,225,0.0989105,259,46,,2247,3953,7.95085e+07,1351,1220,126728,14724,16,22,0,0
woodworking-opt08-strips,p12.pddl,comb-w,1,225,0.0737268,158,46,236,1907,2123,8.01827e+07,707,886,113442,11936,14,24,0,0
woodworking-opt08-strips,p12.pddl,tr-select,1,225,0.132197,,,,,,,,,,,,,,
woodworking-opt08-strips,p12.pddl,symk,1,225,0.0857871,,40,,,,,,,,,,,,
woodworking-opt08-strips,p13.pddl,causal,1,215,0.308888,792,55,,4132,17978,3.22697e+10,4034,4276,357700,42050,15,22,0,0
woodworking-opt08-strips,p13.pddl,comb-w,1,215,0.361696,415,55,315,3553,17978,3.22897e+10,3809,3578,317842,33485,15,22,0,0
woodworking-opt08-strips,p13.pddl,tr-select,1,215,0.355331,,,,,,,,,,,,,,
woodworking-opt08-strips,p13.pddl,symk,1,215,0.479464,,51,,,,,,,,,,,,
woodworking-opt08-strips,p14.pddl,causal,1,225,0.351787,335,51,,3492,17246,1.25717e+10,2396,2237,331128,31368,16,24,0,0
woodworking-opt08-strips,p14.pddl,comb-w,1,225,0.332254,273,51,299,3062,25802,1.22289e+10,2316,2405,314776,32953,17,23,0,0
woodworking-opt08-strips,p14.pddl,tr-select,1,225,0.521417,,,,,,,,,,,,,,
woodworking-opt08-strips,p14.pddl,symk,1,225,0.443425,,49,,,,,,,,,,,,
woodworking-opt08-strips,p15.pddl,causal,1,270,3.292,1838,74,,9045,191776,7.12319e+14,17280,13720,1813028,130583,17,36,0,0
woodworking-opt08-strips,p15.pddl,comb-w,1,270,4.15931,1038,74,358,8692,80926,7.13453e+14,9939,10281,2124738,132692,16,37,0,0
woodworking-opt08-strips,p15.pddl,tr-select,1,270,4.05269,,,,,,,,,,,,,,
woodworking-opt08-strips,p15.pddl,symk,1,270,5.01179,,67,,,,,,,,,,,,
woodworking-opt08-strips,p16.pddl,causal,1,315,2.82073,584,80,,5130,296398,5.06657e+18,6316,5959,1334732,100837,19,40,0,0
woodworking-opt08-strips,p16.pddl,comb-w,1,315,2.65422,318,80,448,4673,183850,5.06658e+18,5860,5107,1234576,89225,18,41,0,0
woodworking-opt08-strips,p16.pddl,tr-select,1,315,2.30177,,,,,,,,,,,,,,
woodworking-opt08-strips,p16.pddl,symk,1,315,2.75544,,77,,,,,,,,,,,,
woodworking-opt08-strips,p17.pddl,causal,1,290,11.87,1068,102,,9413,4.24056e+06,4.86396e+21,39121,26865,5240816,374289,19,38,0,0
woodworking-opt08-strips,p17.pddl,comb-w,1,290,8.66524,554,102,570,8947,849016,4.86397e+21,17756,16703,4559142,233020,17,40,0,0
woodworking-opt08-strips,p17.pddl,tr-select,1,290,9.92736,,,,,,,,,,,,,,
woodworking-opt08-strips,p17.pddl,symk,1,290,21.1028,,95,,,,,,,,,,,,
woodworking-opt08-strips,p18.pddl,causal,1,455,53.057,1923,111,,12822,2.84188e+06,1.1806e+24,61587,42601,9930774,613711,17,69,0,0
woodworking-opt08-strips,p18.pddl,comb-w,1,455,46.769,858,111,643,10910,2.84188e+06,1.1806e+24,51768,32654,7742672,516946,17,69,0,0
woodworking-opt08-strips,p18.pddl,tr-select,1,455,42.598,,,,,,,,,,,,,,
woodworking-opt08-strips,p18.pddl,symk,1,455,187.561,,104,,,,,,,,,,,,
woodworking-opt08-strips,p19.pddl,causal,1,415,317.206,3325,123,,17290,9.51424e+06,3.62678e+28,98006,66232,16343824,1209224,17,61,0,0
woodworking-opt08-strips,p19.pddl,comb-w,1,415,303.317,1107,123,660,13428,3.35159e+07,3.62678e+28,84996,66908,19098114,1140002,19,59,0,0
woodworking-opt08-strips,p19.pddl,tr-select,1,415,327.125,,,,,,,,,,,,,,
woodworking-opt08-strips,p19.pddl,symk,1,415,500.734,,116,,,,,,,,,,,,
woodworking-opt08-strips,p20.pddl,causal,1,490,910.319,13854,147,,25217,7.61419e+07,3.71382e+30,246482,219883,19168632,3098734,25,71,0,0
woodworking-opt08-strips,p20.pddl,comb-w,1,490,606.003,3032,147,842,17538,4.10346e+07,3.71382e+30,120389,95895,21531496,2852547,24,72,0,0
woodworking-opt08-strips,p20.pddl,tr-select,1,490,637.543,,,,,,,,,,,,,,
woodworking-opt08-strips,p20.pddl,symk,1,490,1543.22,,139,,,,,,,,,,,,
woodworking-opt08-strips,p21.pddl,causal,1,95,0.010753,118,23,,887,28,8908,119,233,16352,2891,5,9,0,0
woodworking-opt08-strips,p21.pddl,comb-w,1,95,0.00973963,74,23,98,785,18,8912,91,140,14308,2395,5,9,0,0
woodworking-opt08-strips,p21.pddl,tr-select,1,95,0.0108269,,,,,,,,,,,,,,
woodworking-opt08-strips,p21.pddl,symk,1,95,0.0113415,,21,,,,,,,,,,,,
woodworking-opt08-strips,p22.pddl,causal,1,185,0.0641239,238,35,,1777,692,1.00169e+08,676,824,79716,10721,14,16,0,0
woodworking-opt08-strips,p22.pddl,comb-w,1,185,0.0698013,181,35,195,1676,383,1.00648e+08,497,674,67452,8758,12,18,0,0
woodworking-opt08-strips,p22.pddl,tr-select,1,185,0.0750326,,,,,,,,,,,,,,
woodworking-opt08-strips,p22.pddl,symk,1,185,0.0585382,,31,,,,,,,,,,,,
woodworking-opt08-strips,p23.pddl,causal,1,195,0.118676,292,40,,2010,394,1.85622e+07,874,1019,125706,13325,13,25,0,0
woodworking-opt08-strips,p23.pddl,comb-w,1,195,0.124418,163,40,215,1786,857,1.84773e+07,1051,1145,112420,12252,15,23,0,0
woodworking-opt08-strips,p23.pddl,tr-select,1,195,0.124809,,,,,,,,,,,,,,
woodworking-opt08-strips,p23.pddl,symk,1,195,0.101978,,37,,,,,,,,,,,,
woodworking-opt08-strips,p24.pddl,causal,1,245,0.455555,273,56,,2800,20615,3.8691e+11,2575,3525,437416,34417,18,30,0,0
woodworking-opt08-strips,p24.pddl,comb-w,1,245,0.507632,213,56,312,2494,12696,3.86933e+11,1873,2500,369964,30753,17,31,0,0
woodworking-opt08-strips,p24.pddl,tr-select,1,245,0.514017,,,,,,,,,,,,,,
woodworking-opt08-strips,p24.pddl,symk,1,245,0.434892,,54,,,,,,,,,,,,
woodworking-opt08-strips,p25.pddl,causal,1,380,11.5066,1708,74,,8079,1.99806e+07,8.91096e+14,29432,20603,3483998,301386,20,50,0,0
woodworking-opt08-strips,p25.pddl,comb-w,1,380,3.48743,664,74,367,7487,574071,8.96731e+14,10436,7257,2132914,119759,14,56,0,0
woodworking-opt08-strips,p25.pddl,tr-select,1,380,4.32933,,,,,,,,,,,,,,
woodworking-opt08-strips,p25.pddl,symk,1,380,13.864,,66,,,,,,,,,,,,
woodworking-opt08-strips,p26.pddl,causal,1,240,4.55702,1730,81,,9319,3.57208e+06,5.63003e+16,34661,22582,3023076,337770,21,26,0,0
woodworking-opt08-strips,p26.pddl,comb-w,1,240,9.26256,1472,81,482,7203,3.02876e+07,5.62979e+16,30849,24901,3962294,360908,25,22,0,0
woodworking-opt08-strips,p26.pddl,tr-select,1,240,8.4856,,,,,,,,,,,,,,
woodworking-opt08-strips,p26.pddl,symk,1,240,8.46889,,77,,,,,,,,,,,,
woodworking-opt08-strips,p27.pddl,causal,1,350,12.1082,1293,87,,7274,6.84312e+06,2.53962e+17,21680,17544,3980690,241007,23,42,0,0
woodworking-opt08-strips,p27.pddl,comb-w,1,350,4.90974,493,87,519,5535,4.2093e+06,2.54002e+17,11503,9538,2200366,131434,22,43,0,0
woodworking-opt08-strips,p27.pddl,tr-select,1,350,6.21116,,,,,,,,,,,,,,
woodworking-opt08-strips,p27.pddl,symk,1,350,17.1005,,84,,,,,,,,,,,,
woodworking-opt08-strips,p28.pddl,causal,1,555,73.3366,5749,106,,17321,5.28673e+06,1.01352e+21,92985,50952,11189878,1195221,20,84,0,0
woodworking-opt08-strips,p28.pddl,comb-w,1,555,98.2001,1949,106,579,14792,1.94297e+06,1.01352e+21,74287,41302,9539348,831874,18,86,0,0
woodworking-opt08-strips,p28.pddl,tr-select,1,555,86.9071,,,,,,,,,,,,,,
woodworking-opt08-strips,p28.pddl,symk,0,,,,94,,,,,,,,,,,,
woodworking-opt08-strips,p29.pddl,causal,1,545,1273.18,13047,134,,46339,5.11725e+07,3.09485e+29,246037,159285,18798668,3386572,20,82,0,0
woodworking-opt08-strips,p29.pddl,comb-w,0,,,5677,134,823,18639,,,,,,,,,,
woodworking-opt08-strips,p29.pddl,tr-select,0,,,,,,,,,,,,,,,,
woodworking-opt08-strips,p29.pddl,symk,0,,,,125,,,,,,,,,,,,
woodworking-opt08-strips,p30.pddl,causal,0,,,7723,130,,37024,,,,,,,,,,
woodworking-opt08-strips,p30.pddl,comb-w,1,650,1209.08,1196,130,757,16905,1.70155e+07,5.66699e+25,87708,34360,24209136,1176931,20,106,0,0
woodworking-opt08-strips,p30.pddl,tr-select,1,650,1200.03,,,,,,,,,,,,,,
woodworking-opt08-strips,p30.pddl,symk,0,,,,120,,,,,,,,,,,,
woodworking-opt11-strips,p01.pddl,causal,1,195,0.153971,292,40,,2010,394,1.85622e+07,874,1019,125706,13325,13,25,0,0
woodworking-opt11-strips,p01.pddl,comb-w,1,195,0.178216,163,40,215,1786,857,1.84773e+07,1051,1145,112420,12252,15,23,0,0
woodworking-opt11-strips,p01.pddl,tr-select,1,195,0.127082,,,,,,,,,,,,,,
woodworking-opt11-strips,p01.pddl,symk,1,195,0.128546,,37,,,,,,,,,,,,
woodworking-opt11-strips,p02.pddl,causal,1,225,0.136383,259,46,,2247,3953,7.95085e+07,1351,1220,126728,14724,16,22,0,0
woodworking-opt11-strips,p02.pddl,comb-w,1,225,0.0948012,158,46,236,1907,2123,8.01827e+07,707,886,113442,11936,14,24,0,0
woodworking-opt11-strips,p02.pddl,tr-select,1,225,0.11796,,,,,,,,,,,,,,
woodworking-opt11-strips,p02.pddl,symk,1,225,0.0997138,,40,,,,,,,,,,,,
woodworking-opt11-strips,p03.pddl,causal,1,215,0.618551,792,55,,4132,17978,3.22697e+10,4034,4276,357700,42050,15,22,0,0
woodworking-opt11-strips,p03.pddl,comb-w,1,215,0.336567,415,55,315,3553,17978,3.22897e+10,3809,3578,317842,33485,15,22,0,0
woodworking-opt11-strips,p03.pddl,tr-select,1,215,0.566949,,,,,,,,,,,,,,
woodworking-opt11-strips,p03.pddl,symk,1,215,0.353424,,51,,,,,,,,,,,,
woodworking-opt11-strips,p04.pddl,causal,1,275,0.452958,250,50,,2926,4183,8.13501e+09,1736,1416,335216,26153,13,38,0,0
woodworking-opt11-strips,p04.pddl,comb-w,1,275,0.55851,175,50,257,2946,3274,8.1411e+09,1648,1056,254478,21150,12,39,0,0
woodworking-opt11-strips,p04.pddl,tr-select,1,275,0.403579,,,,,,,,,,,,,,
woodworking-opt11-strips,p04.pddl,symk,1,275,0.473375,,45,,,,,,,,,,,,
woodworking-opt11-strips,p05.pddl,causal,1,245,0.49984,273,56,,2800,20615,3.8691e+11,2575,3525,437416,34417,18,30,0,0
woodworking-opt11-strips,p05.pddl,comb-w,1,245,0.397993,213,56,312,2494,12696,3.86933e+11,1873,2500,369964,30753,17,31,0,0
woodworking-opt11-strips,p05.pddl,tr-select,1,245,0.548705,,,,,,,,,,,,,,
woodworking-opt11-strips,p05.pddl,symk,1,245,0.451611,,54,,,,,,,,,,,,
woodworking-opt11-strips,p06.pddl,causal,1,280,2.00417,921,64,,4829,155414,1.71818e+12,7569,7523,1034264,99061,20,29,0,0
woodworking-opt11-strips,p06.pddl,comb-w,1,280,1.63239,452,64,360,3924,155414,1.71819e+12,6677,5780,827820,67842,20,29,0,0
woodworking-opt11-strips,p06.pddl,tr-select,1,280,1.91359,,,,,,,,,,,,,,
woodworking-opt11-strips,p06.pddl,symk,1,280,1.18015,,61,,,,,,,,,,,,
woodworking-opt11-strips,p07.pddl,causal,1,225,0.418169,335,51,,3492,17246,1.25717e+10,2396,2237,331128,31368,16,24,0,0
woodworking-opt11-strips,p07.pddl,comb-w,1,225,0.359777,273,51,299,3062,25802,1.22289e+10,2316,2405,314776,32953,17,23,0,0
woodworking-opt11-strips,p07.pddl,tr-select,1,225,0.409883,,,,,,,,,,,,,,
woodworking-opt11-strips,p07.pddl,symk,1,225,0.428967,,49,,,,,,,,,,,,
woodworking-opt11-strips,p08.pddl,causal,1,380,12.5601,1708,74,,8079,1.99806e+07,8.91096e+14,29432,20603,3483998,301386,20,50,0,0
woodworking-opt11-strips,p08.pddl,comb-w,1,380,3.47761,664,74,367,7487,574071,8.96731e+14,10436,7257,2132914,119759,14,56,0,0
woodworking-opt11-strips,p08.pddl,tr-select,1,380,3.60405,,,,,,,,,,,,,,
woodworking-opt11-strips,p08.pddl,symk,1,380,13.1631,,66,,,,,,,,,,,,
woodworking-opt11-strips,p09.pddl,causal,1,270,2.67217,1053,82,,6572,918641,1.35109e+17,14748,14393,1926470,209938,21,28,0,0
woodworking-opt11-strips,p09.pddl,comb-w,1,270,2.68006,905,82,552,6300,376332,1.35109e+17,13494,13315,1715938,175437,19,30,0,0
woodworking-opt11-strips,p09.pddl,tr-select,1,270,2.4329,,,,,,,,,,,,,,
woodworking-opt11-strips,p09.pddl,symk,1,270,2.79996,,78,,,,,,,,,,,,
woodworking-opt11-strips,p10.pddl,causal,1,270,2.44364,1838,74,,9045,191776,7.12319e+14,17280,13720,1813028,130583,17,36,0,0
woodworking-opt11-strips,p10.pddl,comb-w,1,270,4.82648,1038,74,358,8692,80926,7.13453e+14,9939,10281,2124738,132692,16,37,0,0
woodworking-opt11-strips,p10.pddl,tr-select,1,270,2.69865,,,,,,,,,,,,,,
woodworking-opt11-strips,p10.pddl,symk,1,270,3.95228,,67,,,,,,,,,,,,
woodworking-opt11-strips,p11.pddl,causal,1,240,4.70237,1730,81,,9319,3.57208e+06,5.63003e+16,34661,22582,3023076,337770,21,26,0,0
woodworking-opt11-strips,p11.pddl,comb-w,1,240,10.4551,1472,81,482,7203,3.02876e+07,5.62979e+16,30849,24901,3962294,360908,25,22,0,0
woodworking-opt11-strips,p11.pddl,tr-select,1,240,7.79634,,,,,,,,,,,,,,
woodworking-opt11-strips,p11.pddl,symk,1,240,4.68244,,77,,,,,,,,,,,,
woodworking-opt11-strips,p12.pddl,causal,1,315,2.33997,584,80,,5130,296398,5.06657e+18,6316,5959,1334732,100837,19,40,0,0
woodworking-opt11-strips,p12.pddl,comb-w,1,315,2.32966,318,80,448,4673,183850,5.06658e+18,5860,5107,1234576,89225,18,41,0,0
woodworking-opt11-strips,p12.pddl,tr-select,1,315,2.41447,,,,,,,,,,,,,,
woodworking-opt11-strips,p12.pddl,symk,1,315,2.30109,,77,,,,,,,,,,,,
woodworking-opt11-strips,p13.pddl,causal,1,430,6.66588,1390,77,,8746,851343,4.49839e+16,19331,11173,3064978,216327,18,63,0,0
woodworking-opt11-strips,p13.pddl,comb-w,1,430,10.0962,1396,77,349,9154,6.93173e+06,4.4926e+16,23741,18085,4132968,354032,22,59,0,0
woodworking-opt11-strips,p13.pddl,tr-select,1,430,6.56531,,,,,,,,,,,,,,
woodworking-opt11-strips,p13.pddl,symk,1,430,15.9257,,73,,,,,,,,,,,,
woodworking-opt11-strips,p14.pddl,causal,1,350,11.0896,1293,87,,7274,6.84312e+06,2.53962e+17,21680,17544,3980690,241007,23,42,0,0
woodworking-opt11-strips,p14.pddl,comb-w,1,350,6.67564,493,87,519,5535,4.2093e+06,2.54002e+17,11503,9538,2200366,131434,22,43,0,0
woodworking-opt11-strips,p14.pddl,tr-select,1,350,4.26744,,,,,,,,,,,,,,
woodworking-opt11-strips,p14.pddl,symk,1,350,9.66471,,84,,,,,,,,,,,,
woodworking-opt11-strips,p15.pddl,causal,1,290,12.6632,1068,102,,9413,4.24056e+06,4.86396e+21,39121,26865,5240816,374289,19,38,0,0
woodworking-opt11-strips,p15.pddl,comb-w,1,290,9.12343,554,102,570,8947,849016,4.86397e+21,17756,16703,4559142,233020,17,40,0,0
woodworking-opt11-strips,p15.pddl,tr-select,1,290,12.1061,,,,,,,,,,,,,,
woodworking-opt11-strips,p15.pddl,symk,1,290,17.9643,,95,,,,,,,,,,,,
woodworking-opt11-strips,p16.pddl,causal,1,400,22.5896,1024,99,,8403,1.62778e+07,2.30585e+21,21482,17951,6614384,349822,26,53,0,0
woodworking-opt11-strips,p16.pddl,comb-w,1,400,15.641,680,99,560,8064,6.11581e+06,2.30585e+21,16337,13446,5187672,308582,24,55,0,0
woodworking-opt11-strips,p16.pddl,tr-select,1,400,16.7363,,,,,,,,,,,,,,
woodworking-opt11-strips,p16.pddl,symk,1,400,162.003,,94,,,,,,,,,,,,
woodworking-opt11-strips,p17.pddl,causal,1,555,62.7347,5749,106,,17321,5.28673e+06,1.01352e+21,92985,50952,11189878,1195221,20,84,0,0
woodworking-opt11-strips,p17.pddl,comb-w,1,555,89.1237,1949,106,579,14792,1.94297e+06,1.01352e+21,74287,41302,9538326,831874,18,86,0,0
woodworking-opt11-strips,p17.pddl,tr-select,1,555,93.2949,,,,,,,,,,,,,,
woodworking-opt11-strips,p17.pddl,symk,1,555,1089.89,,94,,,,,,,,,,,,
woodworking-opt11-strips,p18.pddl,causal,1,455,60.9418,1923,111,,12822,2.84188e+06,1.1806e+24,61587,42601,9930774,613711,17,69,0,0
woodworking-opt11-strips,p18.pddl,comb-w,1,455,43.9216,858,111,643,10910,2.84188e+06,1.1806e+24,51768,32654,7742672,516946,17,69,0,0
woodworking-opt11-strips,p18.pddl,tr-select,1,455,45.5835,,,,,,,,,,,,,,
woodworking-opt11-strips,p18.pddl,symk,1,455,191.22,,104,,,,,,,,,,,,
woodworking-opt11-strips,p19.pddl,causal,1,430,185.842,2857,126,,10871,3.36948e+08,1.41671e+25,112278,86363,14390782,1676864,29,56,0,0
woodworking-opt11-strips,p19.pddl,comb-w,1,430,57.7341,1071,126,705,9679,6.80242e+07,1.41671e+25,47591,47106,8852564,662573,26,59,0,0
woodworking-opt11-strips,p19.pddl,tr-select,1,430,70.7677,,,,,,,,,,,,,,
woodworking-opt11-strips,p19.pddl,symk,1,430,276.221,,118,,,,,,,,,,,,
woodworking-opt11-strips,p20.pddl,causal,1,545,1325.82,13047,134,,46339,5.11725e+07,3.09485e+29,246037,159285,18870208,3386572,20,82,0,0
woodworking-opt11-strips,p20.pddl,comb-w,0,,,5677,134,823,18639,,,,,,,,,,
woodworking-opt11-strips,p20.pddl,tr-select,0,,,,,,,,,,,,,,,,
woodworking-opt11-strips,p20.pddl,symk,0,,,,125,,,,,,,,,,,,
zenotravel,p01.pddl,causal,1,1,0.00181149,0,4,,93,1,7,10,10,2044,637,1,0,0,0
zenotravel,p01.pddl,comb-w,1,1,0.00195329,0,4,0,93,1,7,10,10,2044,637,1,0,0,0
zenotravel,p01.pddl,tr-select,1,1,0.00201687,,,,,,,,,,,,,,
zenotravel,p01.pddl,symk,1,1,0.00243108,,4,,,,,,,,,,,,
zenotravel,p02.pddl,causal,1,6,0.002305,0,5,,93,15,77,19,24,3066,727,3,3,0,0
zenotravel,p02.pddl,comb-w,1,6,0.00227472,0,5,0,93,15,77,19,24,3066,727,3,3,0,0
zenotravel,p02.pddl,tr-select,1,6,0.00256297,,,,,,,,,,,,,,
zenotravel,p02.pddl,symk,1,6,0.00349377,,4,,,,,,,,,,,,
zenotravel,p03.pddl,causal,1,6,0.00731014,0,8,,499,124,5287,114,207,10220,2345,3,3,0,0
zenotravel,p03.pddl,comb-w,1,6,0.00798193,0,8,0,499,124,5287,114,207,10220,2345,3,3,0,0
zenotravel,p03.pddl,tr-select,1,6,0.00805672,,,,,,,,,,,,,,
zenotravel,p03.pddl,symk,1,6,0.00921715,,8,,,,,,,,,,,,
zenotravel,p04.pddl,causal,1,8,0.0109864,0,9,,499,540,6316,249,220,12264,2611,4,4,0,0
zenotravel,p04.pddl,comb-w,1,8,0.0119343,0,9,0,499,540,6316,249,220,12264,2611,4,4,0,0
zenotravel,p04.pddl,tr-select,1,8,0.0107817,,,,,,,,,,,,,,
zenotravel,p04.pddl,symk,1,8,0.0105725,,8,,,,,,,,,,,,
zenotravel,p05.pddl,causal,1,11,0.0259714,0,8,,570,4625,51562,922,717,26572,5942,6,5,0,0
zenotravel,p05.pddl,comb-w,1,11,0.0236458,0,8,0,570,4625,51562,922,717,26572,5942,6,5,0,0
zenotravel,p05.pddl,tr-select,1,11,0.025161,,,,,,,,,,,,,,
zenotravel,p05.pddl,symk,1,11,0.023928,,8,,,,,,,,,,,,
zenotravel,p06.pddl,causal,1,11,0.0496949,0,9,,788,10709,198017,1613,2657,58254,12075,6,5,0,0
zenotravel,p06.pddl,comb-w,1,11,0.0577472,0,9,0,788,10709,198017,1613,2657,58254,12075,6,5,0,0
zenotravel,p06.pddl,tr-select,1,11,0.0480358,,,,,,,,,,,,,,
zenotravel,p06.pddl,symk,1,11,0.0412984,,9,,,,,,,,,,,,
zenotravel,p07.pddl,causal,1,15,0.0942405,0,10,,788,16218,193158,2201,3503,76650,15617,9,6,0,0
zenotravel,p07.pddl,comb-w,1,15,0.0735831,0,10,0,788,16218,193158,2201,3503,76650,15617,9,6,0,0
zenotravel,p07.pddl,tr-select,1,15,0.0778419,,,,,,,,,,,,,,
zenotravel,p07.pddl,symk,1,15,0.0748187,,9,,,,,,,,,,,,
zenotravel,p08.pddl,causal,1,11,0.244115,0,12,,6187,199794,4.72331e+06,8595,10098,297402,47397,7,4,0,0
zenotravel,p08.pddl,comb-w,1,11,0.240902,0,12,0,6187,199794,4.72331e+06,8595,10098,297402,47397,7,4,0,0
zenotravel,p08.pddl,tr-select,1,11,0.246491,,,,,,,,,,,,,,
zenotravel,p08.pddl,symk,1,11,0.168187,,12,,,,,,,,,,,,
zenotravel,p09.pddl,causal,0,,,0,13,,8478,,,,,,,,,,
zenotravel,p09.pddl,comb-w,1,21,281.428,0,13,0,8478,7.15898e+07,8.92877e+08,1128570,1186584,25883172,4902188,14,9,0,0
zenotravel,p09.pddl,tr-select,0,,,,,,,,,,,,,,,,
zenotravel,p09.pddl,symk,1,21,69.9512,,13,,,,,,,,,,,,
zenotravel,p10.pddl,causal,0,,,0,14,,10796,,,,,,,,,,
zenotravel,p10.pddl,comb-w,0,,,0,14,0,10796,,,,,,,,,,
zenotravel,p10.pddl,tr-select,0,,,,,,,,,,,,,,,,
zenotravel,p10.pddl,symk,1,22,1236.01,,14,,,,,,,,,,,,
zenotravel,p11.pddl,causal,1,14,5.06841,0,13,,15119,4.75841e+06,1.09848e+08,77866,138295,3270400,462760,8,6,0,0
zenotravel,p11.pddl,comb-w,1,14,3.58479,0,13,0,15119,4.75841e+06,1.09848e+08,77866,138295,3270400,462760,8,6,0,0
zenotravel,p11.pddl,tr-select,1,14,3.60999,,,,,,,,,,,,,,
zenotravel,p11.pddl,symk,1,14,4.56682,,13,,,,,,,,,,,,
zenotravel,p12.pddl,causal,0,,,0,14,,20802,,,,,,,,,,
zenotravel,p12.pddl,comb-w,0,,,0,14,0,20802,,,,,,,,,,
zenotravel,p12.pddl,tr-select,0,,,,,,,,,,,,,,,,
zenotravel,p12.pddl,symk,0,,,,14,,,,,,,,,,,,
zenotravel,p13.pddl,causal,0,,,0,16,,21859,,,,,,,,,,
zenotravel,p13.pddl,comb-w,0,,,0,16,0,21859,,,,,,,,,,
zenotravel,p13.pddl,tr-select,0,,,,,,,,,,,,,,,,
zenotravel,p13.pddl,symk,0,,,,15,,,,,,,,,,,,
zenotravel,p14.pddl,causal,0,,,0,20,,267646,,,,,,,,,,
zenotravel,p14.pddl,comb-w,0,,,0,20,0,267646,,,,,,,,,,
zenotravel,p14.pddl,tr-select,0,,,,,,,,,,,,,,,,
zenotravel,p14.pddl,symk,0,,,,19,,,,,,,,,,,,
zenotravel,p15.pddl,causal,0,,,0,25,,454434,,,,,,,,,,
zenotravel,p15.pddl,comb-w,0,,,0,25,0,454434,,,,,,,,,,
zenotravel,p15.pddl,tr-select,0,,,,,,,,,,,,,,,,
zenotravel,p15.pddl,symk,0,,,,24,,,,,,,,,,,,
zenotravel,p16.pddl,causal,0,,,0,25,,623658,,,,,,,,,,
zenotravel,p16.pddl,comb-w,0,,,0,25,0,623658,,,,,,,,,,
zenotravel,p16.pddl,tr-select,0,,,,,,,,,,,,,,,,
zenotravel,p16.pddl,symk,0,,,,25,,,,,,,,,,,,
zenotravel,p17.pddl,causal,0,,,0,30,,298168,,,,,,,,,,
zenotravel,p17.pddl,comb-w,0,,,0,30,0,298168,,,,,,,,,,
zenotravel,p17.pddl,tr-select,0,,,,,,,,,,,,,,,,
zenotravel,p17.pddl,symk,0,,,,30,,,,,,,,,,,,
zenotravel,p18.pddl,causal,0,,,0,30,,538515,,,,,,,,,,
zenotravel,p18.pddl,comb-w,0,,,0,30,0,538515,,,,,,,,,,
zenotravel,p18.pddl,tr-select,0,,,,,,,,,,,,,,,,
zenotravel,p18.pddl,symk,0,,,,30,,,,,,,,,,,,
zenotravel,p19.pddl,causal,0,,,0,35,,672380,,,,,,,,,,
zenotravel,p19.pddl,comb-w,0,,,0,35,0,672380,,,,,,,,,,
zenotravel,p19.pddl,tr-select,0,,,,,,,,,,,,,,,,
zenotravel,p19.pddl,symk,0,,,,35,,,,,,,,,,,,
zenotravel,p20.pddl,causal,0,,,0,35,,1156122,,,,,,,,,,
zenotravel,p20.pddl,comb-w,0,,,0,35,0,1156122,,,,,,,,,,
zenotravel,p20.pddl,tr-select,0,,,,,,,,,,,,,,,,
zenotravel,p20.pddl,symk,0,,,,35,,,,,,,,,,,,
