domain,problem,config,solved,cost,search_time,co_edges,tr_nodes,num_trs,peak_mem_kb
agricola-opt18-strips,p01.pddl,off,1,786,11.3018,,127550,4,853520
agricola-opt18-strips,p01.pddl,on,1,786,14.0728,1866,27599,4,992784
agricola-opt18-strips,p02.pddl,off,1,878,23.064,,89047,5,934804
agricola-opt18-strips,p02.pddl,on,1,878,20.9153,2099,29924,5,1225416
agricola-opt18-strips,p03.pddl,off,1,788,160.785,,243369,6,1032064
agricola-opt18-strips,p03.pddl,on,1,788,70.458,2100,99886,6,1509932
agricola-opt18-strips,p04.pddl,off,1,946,35.7047,,89155,4,1023876
agricola-opt18-strips,p04.pddl,on,1,946,47.987,2641,43728,4,1908224
agricola-opt18-strips,p05.pddl,off,1,979,63.1385,,153783,5,1160832
agricola-opt18-strips,p05.pddl,on,1,979,60.66,2632,47556,5,1489092
agricola-opt18-strips,p06.pddl,off,1,1038,320.5,,268623,6,2027880
agricola-opt18-strips,p06.pddl,on,1,1038,143.051,2977,54972,6,1874924
agricola-opt18-strips,p07.pddl,off,1,1048,144.182,,140040,4,851860
agricola-opt18-strips,p07.pddl,on,1,1048,772.456,3668,306323,4,2557480
agricola-opt18-strips,p08.pddl,off,1,897,523.892,,89469,5,2569284
agricola-opt18-strips,p08.pddl,on,1,897,1230.73,3819,276748,6,4521064
agricola-opt18-strips,p09.pddl,off,1,923,849.528,,351184,6,2596776
agricola-opt18-strips,p09.pddl,on,0,,,4048,332385,7,4064312
agricola-opt18-strips,p10.pddl,off,1,1114,352.384,,178020,4,1593944
agricola-opt18-strips,p10.pddl,on,1,1114,861.915,4367,159023,5,2264964
agricola-opt18-strips,p11.pddl,off,1,1116,310.865,,85566,5,2203860
agricola-opt18-strips,p11.pddl,on,0,,,4448,259526,5,4523908
agricola-opt18-strips,p12.pddl,off,1,1057,904.212,,455325,8,3235432
agricola-opt18-strips,p12.pddl,on,1,1057,1250.85,4699,106766,7,4633080
agricola-opt18-strips,p13.pddl,off,1,1182,944.674,,242873,5,3120892
agricola-opt18-strips,p13.pddl,on,1,1182,999.142,5068,193299,6,2620780
agricola-opt18-strips,p14.pddl,off,1,974,1657.73,,412012,6,4397880
agricola-opt18-strips,p14.pddl,on,1,974,496.699,5176,211392,6,1665148
agricola-opt18-strips,p15.pddl,off,0,,,,101291,7,6002984
agricola-opt18-strips,p15.pddl,on,0,,,5592,457138,11,4733012
agricola-opt18-strips,p16.pddl,off,1,1309,1788.77,,121355,5,7141436
agricola-opt18-strips,p16.pddl,on,1,1309,871.129,5895,193260,6,2575108
agricola-opt18-strips,p17.pddl,off,0,,,,92682,6,5856760
agricola-opt18-strips,p17.pddl,on,1,1100,847.153,6021,211760,6,2696420
agricola-opt18-strips,p18.pddl,off,0,,,,104194,7,5546436
agricola-opt18-strips,p18.pddl,on,0,,,6180,233416,8,4301400
agricola-opt18-strips,p19.pddl,off,0,,,,134258,5,7385800
agricola-opt18-strips,p19.pddl,on,0,,,6754,127656,8,3842580
agricola-opt18-strips,p20.pddl,off,0,,,,130817,6,4943016
agricola-opt18-strips,p20.pddl,on,0,,,6996,212580,8,3226872
airport,p01-airport1-p1.pddl,off,0,,0.000221391,,0,0,491720
airport,p01-airport1-p1.pddl,on,0,,0.000559029,0,0,0,491720
airport,p02-airport1-p1.pddl,off,0,,0.000629107,,0,0,491720
airport,p02-airport1-p1.pddl,on,0,,0.000618332,0,0,0,491720
airport,p03-airport1-p2.pddl,off,0,,0.000245006,,0,0,491720
airport,p03-airport1-p2.pddl,on,0,,0.000613574,0,0,0,491720
airport,p04-airport2-p1.pddl,off,0,,0.000282058,,0,0,491720
airport,p04-airport2-p1.pddl,on,0,,0.000477405,0,0,0,491720
airport,p05-airport2-p1.pddl,off,0,,0.000253858,,0,0,491720
airport,p05-airport2-p1.pddl,on,0,,0.000449189,0,0,0,491720
airport,p06-airport2-p2.pddl,off,0,,0.000643954,,0,0,491720
airport,p06-airport2-p2.pddl,on,0,,0.000589807,0,0,0,491720
airport,p07-airport2-p2.pddl,off,0,,0.000614666,,0,0,491720
airport,p07-airport2-p2.pddl,on,0,,0.000301909,0,0,0,491720
airport,p08-airport2-p3.pddl,off,0,,0.000594071,,0,0,491720
airport,p08-airport2-p3.pddl,on,0,,0.000530769,0,0,0,491720
airport,p09-airport2-p4.pddl,off,0,,0.000230362,,0,0,491720
airport,p09-airport2-p4.pddl,on,0,,0.000593158,0,0,0,491720
airport,p10-airport3-p1.pddl,off,0,,0.000603944,,0,0,491720
airport,p10-airport3-p1.pddl,on,0,,0.0004217,0,0,0,491720
airport,p11-airport3-p1.pddl,off,0,,0.0004011,,0,0,491720
airport,p11-airport3-p1.pddl,on,0,,0.00055824,0,0,0,491720
airport,p12-airport3-p2.pddl,off,0,,0.000461455,,0,0,491720
airport,p12-airport3-p2.pddl,on,0,,0.000442642,0,0,0,491720
airport,p13-airport3-p2.pddl,off,0,,0.00042728,,0,0,491720
airport,p13-airport3-p2.pddl,on,0,,0.000561481,0,0,0,491720
airport,p14-airport3-p3.pddl,off,0,,0.000383099,,0,0,491720
airport,p14-airport3-p3.pddl,on,0,,0.000365135,0,0,0,491720
airport,p15-airport3-p3.pddl,off,0,,0.000204133,,0,0,491720
airport,p15-airport3-p3.pddl,on,0,,0.000436094,0,0,0,491720
airport,p16-airport3-p4.pddl,off,0,,0.000477134,,0,0,491720
airport,p16-airport3-p4.pddl,on,0,,0.000524224,0,0,0,491720
airport,p17-airport3-p5.pddl,off,0,,0.00061445,,0,0,491720
airport,p17-airport3-p5.pddl,on,0,,0.000480911,0,0,0,491720
airport,p18-airport3-p6.pddl,off,0,,0.000398491,,0,0,491720
airport,p18-airport3-p6.pddl,on,0,,0.000206032,0,0,0,491720
airport,p19-airport3-p6.pddl,off,0,,0.000557146,,0,0,491720
airport,p19-airport3-p6.pddl,on,0,,0.000544096,0,0,0,491720
airport,p20-airport3-p7.pddl,off,0,,0.000536781,,0,0,491720
airport,p20-airport3-p7.pddl,on,0,,0.000638976,0,0,0,491720
airport,p21-airport4halfMUC-p2.pddl,off,0,,0.00043635,,0,0,491720
airport,p21-airport4halfMUC-p2.pddl,on,0,,0.000585765,0,0,0,491720
airport,p22-airport4halfMUC-p3.pddl,off,0,,0.000455952,,0,0,491720
airport,p22-airport4halfMUC-p3.pddl,on,0,,0.000579833,0,0,0,491720
airport,p23-airport4halfMUC-p4.pddl,off,0,,0.000618809,,0,0,491720
airport,p23-airport4halfMUC-p4.pddl,on,0,,0.000566013,0,0,0,491720
airport,p24-airport4halfMUC-p4.pddl,off,0,,0.000244609,,0,0,491720
airport,p24-airport4halfMUC-p4.pddl,on,0,,0.000268476,0,0,0,491720
airport,p25-airport4halfMUC-p5.pddl,off,0,,0.000526127,,0,0,491720
airport,p25-airport4halfMUC-p5.pddl,on,0,,0.000385478,0,0,0,491720
airport,p26-airport4halfMUC-p6.pddl,off,0,,0.000602767,,0,0,491720
airport,p26-airport4halfMUC-p6.pddl,on,0,,0.000540095,0,0,0,491720
airport,p27-airport4halfMUC-p6.pddl,off,0,,0.000438393,,0,0,491720
airport,p27-airport4halfMUC-p6.pddl,on,0,,0.000236952,0,0,0,491720
airport,p28-airport4halfMUC-p7.pddl,off,0,,0.000484778,,0,0,491720
airport,p28-airport4halfMUC-p7.pddl,on,0,,0.000482397,0,0,0,491720
airport,p29-airport4halfMUC-p8.pddl,off,0,,0.000291462,,0,0,491720
airport,p29-airport4halfMUC-p8.pddl,on,0,,0.000444518,0,0,0,491720
airport,p30-airport4halfMUC-p8.pddl,off,0,,0.000302367,,0,0,491720
airport,p30-airport4halfMUC-p8.pddl,on,0,,0.000514383,0,0,0,491720
airport,p31-airport4halfMUC-p9.pddl,off,0,,0.000458595,,0,0,491720
airport,p31-airport4halfMUC-p9.pddl,on,0,,0.000387685,0,0,0,491720
airport,p32-airport4halfMUC-p10.pddl,off,0,,0.000585123,,0,0,491720
airport,p32-airport4halfMUC-p10.pddl,on,0,,0.000450229,0,0,0,491720
airport,p33-airport4halfMUC-p10.pddl,off,0,,0.000281368,,0,0,491720
airport,p33-airport4halfMUC-p10.pddl,on,0,,0.000381919,0,0,0,491720
airport,p34-airport4halfMUC-p11.pddl,off,0,,0.000172273,,0,0,491720
airport,p34-airport4halfMUC-p11.pddl,on,0,,0.000247225,0,0,0,491720
airport,p35-airport4halfMUC-p12.pddl,off,0,,0.000550554,,0,0,491720
airport,p35-airport4halfMUC-p12.pddl,on,0,,0.000541974,0,0,0,491720
airport,p36-airport5MUC-p2.pddl,off,0,,0.000438457,,0,0,491720
airport,p36-airport5MUC-p2.pddl,on,0,,0.000534144,0,0,0,491720
airport,p37-airport5MUC-p3.pddl,off,0,,0.000450753,,0,0,491720
airport,p37-airport5MUC-p3.pddl,on,0,,0.000552476,0,0,0,491720
airport,p38-airport5MUC-p3.pddl,off,0,,0.000647152,,0,0,491720
airport,p38-airport5MUC-p3.pddl,on,0,,0.000295241,0,0,0,491720
airport,p39-airport5MUC-p4.pddl,off,0,,0.000566614,,0,0,491720
airport,p39-airport5MUC-p4.pddl,on,0,,0.000529445,0,0,0,491720
airport,p40-airport5MUC-p4.pddl,off,0,,0.00027611,,0,0,491720
airport,p40-airport5MUC-p4.pddl,on,0,,0.000522212,0,0,0,491720
airport,p41-airport5MUC-p4.pddl,off,0,,0.000417602,,0,0,491720
airport,p41-airport5MUC-p4.pddl,on,0,,0.000322328,0,0,0,491720
airport,p42-airport5MUC-p5.pddl,off,0,,0.00054754,,0,0,491720
airport,p42-airport5MUC-p5.pddl,on,0,,0.000588416,0,0,0,491720
airport,p43-airport5MUC-p5.pddl,off,0,,,,1575410,30,3612156
airport,p43-airport5MUC-p5.pddl,on,0,,,283660,1152850,24,3874220
airport,p44-airport5MUC-p5.pddl,off,0,,0.000578152,,0,0,491720
airport,p44-airport5MUC-p5.pddl,on,0,,0.000593142,0,0,0,491720
airport,p45-airport5MUC-p6.pddl,off,0,,0.000408706,,0,0,491720
airport,p45-airport5MUC-p6.pddl,on,0,,0.000584738,0,0,0,491720
airport,p46-airport5MUC-p6.pddl,off,0,,0.000152855,,0,0,491720
airport,p46-airport5MUC-p6.pddl,on,0,,0.000410757,0,0,0,491720
airport,p47-airport5MUC-p8.pddl,off,0,,0.00061986,,0,0,491720
airport,p47-airport5MUC-p8.pddl,on,0,,0.000434989,0,0,0,491720
airport,p48-airport5MUC-p9.pddl,off,0,,0.000177539,,0,0,491720
airport,p48-airport5MUC-p9.pddl,on,0,,0.000545181,0,0,0,491720
airport,p49-airport5MUC-p10.pddl,off,0,,0.000540499,,0,0,491720
airport,p49-airport5MUC-p10.pddl,on,0,,0.000621049,0,0,0,491720
airport,p50-airport5MUC-p15.pddl,off,0,,0.000548369,,0,0,491720
airport,p50-airport5MUC-p15.pddl,on,0,,0.000298349,0,0,0,491720
barman-opt11-strips,pfile01-001.pddl,off,1,90,12.9832,,8837,2,881344
barman-opt11-strips,pfile01-001.pddl,on,1,90,9.63076,243,8452,2,821980
barman-opt11-strips,pfile01-002.pddl,off,1,90,10.2072,,8005,2,805088
barman-opt11-strips,pfile01-002.pddl,on,1,90,6.90222,252,6561,2,740796
barman-opt11-strips,pfile01-003.pddl,off,1,90,11.6038,,8382,2,797956
barman-opt11-strips,pfile01-003.pddl,on,1,90,3.3848,252,6556,2,652264
barman-opt11-strips,pfile01-004.pddl,off,1,90,11.0557,,8005,2,819640
barman-opt11-strips,pfile01-004.pddl,on,1,90,8.60456,252,6561,2,742236
barman-opt11-strips,pfile02-005.pddl,off,1,121,147.952,,25107,2,1385624
barman-opt11-strips,pfile02-005.pddl,on,1,121,144.315,369,18695,2,1199916
barman-opt11-strips,pfile02-006.pddl,off,1,121,184.179,,26350,2,1418472
barman-opt11-strips,pfile02-006.pddl,on,1,121,144.745,369,19101,2,1225668
barman-opt11-strips,pfile02-007.pddl,off,1,121,143.731,,17236,2,1204460
barman-opt11-strips,pfile02-007.pddl,on,1,121,125.266,369,11744,2,1147944
barman-opt11-strips,pfile02-008.pddl,off,1,121,126.648,,23341,2,1299108
barman-opt11-strips,pfile02-008.pddl,on,1,121,122.54,369,19307,2,1181820
barman-opt11-strips,pfile03-009.pddl,off,0,,,,41549,2,2986528
barman-opt11-strips,pfile03-009.pddl,on,0,,,515,24894,2,3076808
barman-opt11-strips,pfile03-010.pddl,off,0,,,,47841,2,3361108
barman-opt11-strips,pfile03-010.pddl,on,0,,,504,32304,2,3978288
barman-opt11-strips,pfile03-011.pddl,off,0,,,,35655,2,3787048
barman-opt11-strips,pfile03-011.pddl,on,1,152,1739.02,515,24372,2,3813136
barman-opt11-strips,pfile03-012.pddl,off,0,,,,46616,2,3943696
barman-opt11-strips,pfile03-012.pddl,on,1,152,1618.7,504,37224,2,3344064
barman-opt11-strips,pfile04-013.pddl,off,0,,,,100831,4,3263536
barman-opt11-strips,pfile04-013.pddl,on,0,,,769,98278,2,4310956
barman-opt11-strips,pfile04-014.pddl,off,0,,,,110576,4,4270468
barman-opt11-strips,pfile04-014.pddl,on,0,,,769,98298,2,4870924
barman-opt11-strips,pfile04-015.pddl,off,0,,,,123680,4,3220528
barman-opt11-strips,pfile04-015.pddl,on,0,,,769,97954,2,4135016
barman-opt11-strips,pfile04-016.pddl,off,0,,,,132935,4,4382740
barman-opt11-strips,pfile04-016.pddl,on,0,,,769,100433,2,3991084
barman-opt11-strips,pfile05-017.pddl,off,0,,,,171709,7,4321876
barman-opt11-strips,pfile05-017.pddl,on,0,,,995,57563,3,4083744
barman-opt11-strips,pfile05-018.pddl,off,0,,,,246718,7,4651424
barman-opt11-strips,pfile05-018.pddl,on,0,,,995,41598,3,4352412
barman-opt11-strips,pfile05-019.pddl,off,0,,,,133905,4,4077908
barman-opt11-strips,pfile05-019.pddl,on,0,,,995,47664,3,4686492
barman-opt11-strips,pfile05-020.pddl,off,0,,,,250221,8,4467536
barman-opt11-strips,pfile05-020.pddl,on,0,,,995,60166,3,4465640
barman-opt14-strips,p435-1.pddl,off,1,49,42.767,,18303,1,822572
barman-opt14-strips,p435-1.pddl,on,1,49,44.3061,369,17306,1,937968
barman-opt14-strips,p435-2.pddl,off,1,49,46.2789,,29065,1,1067520
barman-opt14-strips,p435-2.pddl,on,1,49,63.3748,359,22370,1,880288
barman-opt14-strips,p435-3.pddl,off,1,49,82.1235,,31980,1,1146220
barman-opt14-strips,p435-3.pddl,on,1,49,44.8972,369,17231,1,939568
barman-opt14-strips,p536-1.pddl,off,1,62,629.382,,48710,1,2055424
barman-opt14-strips,p536-1.pddl,on,1,62,527.893,515,24699,1,2691572
barman-opt14-strips,p536-2.pddl,off,1,62,1418.64,,58594,1,2657308
barman-opt14-strips,p536-2.pddl,on,1,62,666.901,504,32773,1,2645416
barman-opt14-strips,p536-3.pddl,off,1,62,239.08,,58447,1,1738228
barman-opt14-strips,p536-3.pddl,on,1,62,322.899,515,24708,1,1740312
barman-opt14-strips,p638-1.pddl,off,0,,,,161474,3,4417148
barman-opt14-strips,p638-1.pddl,on,0,,,769,99332,1,4338280
barman-opt14-strips,p638-2.pddl,off,0,,,,160574,3,4425892
barman-opt14-strips,p638-2.pddl,on,0,,,769,98733,1,4974132
barman-opt14-strips,p638-3.pddl,off,0,,,,206725,3,4295732
barman-opt14-strips,p638-3.pddl,on,0,,,769,100036,2,5030976
barman-opt14-strips,p739-1.pddl,off,0,,,,304876,7,3708940
barman-opt14-strips,p739-1.pddl,on,0,,,995,52261,2,4985648
barman-opt14-strips,p739-2.pddl,off,0,,,,340083,6,4412880
barman-opt14-strips,p739-2.pddl,on,0,,,995,57585,2,4485184
barman-opt14-strips,p739-3.pddl,off,0,,,,363940,6,3763272
barman-opt14-strips,p739-3.pddl,on,0,,,995,57035,2,4667392
barman-opt14-strips,p839-1.pddl,off,0,,,,282979,7,3764324
barman-opt14-strips,p839-1.pddl,on,0,,,1143,58197,2,5959732
barman-opt14-strips,p839-2.pddl,off,0,,,,287390,7,5771612
barman-opt14-strips,p839-2.pddl,on,0,,,1143,58581,2,5683876
blocks,probBLOCKS-10-0.pddl,off,1,34,0.978097,,42982,1,584644
blocks,probBLOCKS-10-0.pddl,on,1,34,1.34532,650,37202,1,589344
blocks,probBLOCKS-10-1.pddl,off,1,32,0.941974,,43030,1,577736
blocks,probBLOCKS-10-1.pddl,on,1,32,1.06292,650,36973,1,580356
blocks,probBLOCKS-10-2.pddl,off,1,34,1.00892,,43032,1,577352
blocks,probBLOCKS-10-2.pddl,on,1,34,1.1449,650,36821,1,584036
blocks,probBLOCKS-11-0.pddl,off,1,32,1.67135,,63893,1,644196
blocks,probBLOCKS-11-0.pddl,on,1,32,4.19147,847,71816,1,703880
blocks,probBLOCKS-11-1.pddl,off,1,30,1.98505,,63927,1,662268
blocks,probBLOCKS-11-1.pddl,on,1,30,5.43791,847,72005,1,720704
blocks,probBLOCKS-11-2.pddl,off,1,34,1.69776,,63979,1,651648
blocks,probBLOCKS-11-2.pddl,on,1,34,2.95828,847,72691,1,684144
blocks,probBLOCKS-12-0.pddl,off,1,34,2.42367,,231032,3,776844
blocks,probBLOCKS-12-0.pddl,on,1,34,5.16117,1080,86732,1,798848
blocks,probBLOCKS-12-1.pddl,off,1,34,2.48375,,311852,5,766192
blocks,probBLOCKS-12-1.pddl,on,1,34,2.65591,1080,86257,1,765360
blocks,probBLOCKS-13-0.pddl,off,1,42,62.1622,,651730,9,929316
blocks,probBLOCKS-13-0.pddl,on,1,42,60.9619,1352,190313,3,1243292
blocks,probBLOCKS-13-1.pddl,off,1,44,41.5224,,650316,9,898340
blocks,probBLOCKS-13-1.pddl,on,1,44,128.476,1352,188555,3,1587444
blocks,probBLOCKS-14-0.pddl,off,1,38,35.8725,,923144,17,995728
blocks,probBLOCKS-14-0.pddl,on,1,38,27.2175,1666,225946,3,1195524
blocks,probBLOCKS-14-1.pddl,off,1,36,74.7215,,800373,19,1083208
blocks,probBLOCKS-14-1.pddl,on,1,36,89.4072,1666,219375,3,1366520
blocks,probBLOCKS-15-0.pddl,off,1,40,831.249,,886154,24,2369120
blocks,probBLOCKS-15-0.pddl,on,1,40,1215.19,2025,304713,5,3569108
blocks,probBLOCKS-15-1.pddl,off,0,,,,901853,24,3281780
blocks,probBLOCKS-15-1.pddl,on,0,,,2025,304517,5,5367784
blocks,probBLOCKS-16-1.pddl,off,0,,,,1170514,33,4066484
blocks,probBLOCKS-16-1.pddl,on,0,,,2432,492359,7,5047176
blocks,probBLOCKS-16-2.pddl,off,0,,,,1170514,33,3315524
blocks,probBLOCKS-16-2.pddl,on,0,,,2432,492359,7,5332204
blocks,probBLOCKS-17-0.pddl,off,0,,,,1222725,40,3836008
blocks,probBLOCKS-17-0.pddl,on,0,,,2890,642169,11,4892008
blocks,probBLOCKS-4-0.pddl,off,1,6,0.00258015,,836,1,438896
blocks,probBLOCKS-4-0.pddl,on,1,6,0.0036978,56,948,1,438896
blocks,probBLOCKS-4-1.pddl,off,1,10,0.0032686,,851,1,438896
blocks,probBLOCKS-4-1.pddl,on,1,10,0.00356212,56,960,1,438896
blocks,probBLOCKS-4-2.pddl,off,1,6,0.00288352,,848,1,438896
blocks,probBLOCKS-4-2.pddl,on,1,6,0.00337307,56,964,1,438896
blocks,probBLOCKS-5-0.pddl,off,1,12,0.0108062,,1789,1,472032
blocks,probBLOCKS-5-0.pddl,on,1,12,0.00899954,100,2148,1,472032
blocks,probBLOCKS-5-1.pddl,off,1,10,0.00899967,,1788,1,472032
blocks,probBLOCKS-5-1.pddl,on,1,10,0.00699992,100,2134,1,472032
blocks,probBLOCKS-5-2.pddl,off,1,16,0.00785396,,1768,1,472032
blocks,probBLOCKS-5-2.pddl,on,1,16,0.00817535,100,2159,1,472032
blocks,probBLOCKS-6-0.pddl,off,1,12,0.0151275,,3322,1,505776
blocks,probBLOCKS-6-0.pddl,on,1,12,0.014477,162,4091,1,505616
blocks,probBLOCKS-6-1.pddl,off,1,10,0.0146655,,3322,1,505616
blocks,probBLOCKS-6-1.pddl,on,1,10,0.0198173,162,4091,1,505616
blocks,probBLOCKS-6-2.pddl,off,1,20,0.020769,,3322,1,505904
blocks,probBLOCKS-6-2.pddl,on,1,20,0.0174475,162,4091,1,505744
blocks,probBLOCKS-7-0.pddl,off,1,20,0.0620659,,6493,1,540776
blocks,probBLOCKS-7-0.pddl,on,1,20,0.0359996,245,6385,1,539988
blocks,probBLOCKS-7-1.pddl,off,1,22,0.054473,,6552,1,541064
blocks,probBLOCKS-7-1.pddl,on,1,22,0.0490001,245,6361,1,540776
blocks,probBLOCKS-7-2.pddl,off,1,20,0.0621481,,6551,1,540788
blocks,probBLOCKS-7-2.pddl,on,1,20,0.0488493,245,6355,1,540436
blocks,probBLOCKS-8-0.pddl,off,1,18,0.36,,14580,1,477796
blocks,probBLOCKS-8-0.pddl,on,1,18,0.209956,352,15177,1,477668
blocks,probBLOCKS-8-1.pddl,off,1,20,0.324647,,14599,1,477964
blocks,probBLOCKS-8-1.pddl,on,1,20,0.254076,352,15273,1,478476
blocks,probBLOCKS-8-2.pddl,off,1,16,0.351001,,14608,1,477480
blocks,probBLOCKS-8-2.pddl,on,1,16,0.206823,352,15234,1,477316
blocks,probBLOCKS-9-0.pddl,off,1,30,0.431345,,28773,1,519496
blocks,probBLOCKS-9-0.pddl,on,1,30,0.386741,486,25961,1,514284
blocks,probBLOCKS-9-1.pddl,off,1,28,0.264999,,28743,1,515208
blocks,probBLOCKS-9-1.pddl,on,1,28,0.312875,486,25991,1,509484
blocks,probBLOCKS-9-2.pddl,off,1,26,0.330685,,28666,1,516648
blocks,probBLOCKS-9-2.pddl,on,1,26,0.269854,486,25981,1,509324
childsnack-opt14-strips,child-snack_pfile01-2.pddl,off,1,21,382.517,,9100,1,1209348
childsnack-opt14-strips,child-snack_pfile01-2.pddl,on,1,21,346.89,8,8954,1,1266308
childsnack-opt14-strips,child-snack_pfile01.pddl,off,1,20,267.385,,7973,1,1208160
childsnack-opt14-strips,child-snack_pfile01.pddl,on,1,20,239.029,8,7831,1,1307184
childsnack-opt14-strips,child-snack_pfile02-2.pddl,off,0,,,,12563,1,2004792
childsnack-opt14-strips,child-snack_pfile02-2.pddl,on,0,,,10,12378,1,2477400
childsnack-opt14-strips,child-snack_pfile02.pddl,off,0,,,,11216,1,2266652
childsnack-opt14-strips,child-snack_pfile02.pddl,on,0,,,10,10990,1,2200512
childsnack-opt14-strips,child-snack_pfile03-2.pddl,off,0,,,,86080,3,1407440
childsnack-opt14-strips,child-snack_pfile03-2.pddl,on,0,,,11,14736,1,4357252
childsnack-opt14-strips,child-snack_pfile03.pddl,off,0,,,,75076,4,1726116
childsnack-opt14-strips,child-snack_pfile03.pddl,on,0,,,11,14074,1,2905528
childsnack-opt14-strips,child-snack_pfile04-2.pddl,off,0,,,,47226,1,3455248
childsnack-opt14-strips,child-snack_pfile04-2.pddl,on,0,,,12,47007,1,3027280
childsnack-opt14-strips,child-snack_pfile04.pddl,off,0,,,,49670,1,3049504
childsnack-opt14-strips,child-snack_pfile04.pddl,on,0,,,12,50123,1,3366852
childsnack-opt14-strips,child-snack_pfile05-2.pddl,off,0,,,,181439,4,2643492
childsnack-opt14-strips,child-snack_pfile05-2.pddl,on,0,,,13,159841,4,2244692
childsnack-opt14-strips,child-snack_pfile05.pddl,off,0,,,,155927,4,2048300
childsnack-opt14-strips,child-snack_pfile05.pddl,on,0,,,13,146807,4,2026376
childsnack-opt14-strips,child-snack_pfile06-2.pddl,off,0,,,,66712,1,4537180
childsnack-opt14-strips,child-snack_pfile06-2.pddl,on,0,,,15,115177,6,2548012
childsnack-opt14-strips,child-snack_pfile06.pddl,off,0,,,,49832,1,6632420
childsnack-opt14-strips,child-snack_pfile06.pddl,on,0,,,15,188514,5,2837140
childsnack-opt14-strips,child-snack_pfile07-2.pddl,off,0,,,,215252,5,3844504
childsnack-opt14-strips,child-snack_pfile07-2.pddl,on,0,,,16,198405,5,3344404
childsnack-opt14-strips,child-snack_pfile07.pddl,off,0,,,,217354,5,4077656
childsnack-opt14-strips,child-snack_pfile07.pddl,on,0,,,16,196152,5,3280972
childsnack-opt14-strips,child-snack_pfile08-2.pddl,off,0,,,,200402,6,4367188
childsnack-opt14-strips,child-snack_pfile08-2.pddl,on,0,,,17,206793,6,4807372
childsnack-opt14-strips,child-snack_pfile08.pddl,off,0,,,,248273,5,3125804
childsnack-opt14-strips,child-snack_pfile08.pddl,on,0,,,17,247351,5,4286048
childsnack-opt14-strips,child-snack_pfile09-2.pddl,off,0,,,,148962,8,6493432
childsnack-opt14-strips,child-snack_pfile09-2.pddl,on,0,,,19,133503,8,6276416
childsnack-opt14-strips,child-snack_pfile09.pddl,off,0,,,,120645,8,6139164
childsnack-opt14-strips,child-snack_pfile09.pddl,on,0,,,19,107337,8,5843484
childsnack-opt14-strips,child-snack_pfile10-2.pddl,off,0,,,,234733,7,5327568
childsnack-opt14-strips,child-snack_pfile10-2.pddl,on,0,,,20,220107,7,5451432
childsnack-opt14-strips,child-snack_pfile10.pddl,off,0,,,,210908,7,5455712
childsnack-opt14-strips,child-snack_pfile10.pddl,on,0,,,20,244007,7,5489648
data-network-opt18-strips,p01.pddl,off,1,105,0.0750957,,3539,21,469048
data-network-opt18-strips,p01.pddl,on,1,105,0.0699316,0,3539,21,469080
data-network-opt18-strips,p02.pddl,off,1,73,0.0879997,,4154,23,490608
data-network-opt18-strips,p02.pddl,on,1,73,0.0856749,0,4154,23,490736
data-network-opt18-strips,p03.pddl,off,1,78,4.66288,,4947,22,611020
data-network-opt18-strips,p03.pddl,on,1,78,4.2901,0,4947,22,611020
data-network-opt18-strips,p04.pddl,off,1,121,55.2133,,6937,26,1371000
data-network-opt18-strips,p04.pddl,on,1,121,54.8458,0,6937,26,1360224
data-network-opt18-strips,p05.pddl,off,1,104,17.2552,,5852,26,728884
data-network-opt18-strips,p05.pddl,on,1,104,19.5921,0,5852,26,744908
data-network-opt18-strips,p06.pddl,off,1,107,44.7629,,7151,25,1014212
data-network-opt18-strips,p06.pddl,on,1,107,42.5527,0,7151,25,1003436
data-network-opt18-strips,p07.pddl,off,0,,,,9135,27,3347540
data-network-opt18-strips,p07.pddl,on,0,,,0,9135,27,3579296
data-network-opt18-strips,p08.pddl,off,0,,,,7850,25,4382156
data-network-opt18-strips,p08.pddl,on,0,,,0,7850,25,4418040
data-network-opt18-strips,p09.pddl,off,1,73,0.291448,,5782,24,530872
data-network-opt18-strips,p09.pddl,on,1,73,0.301768,0,5782,24,530904
data-network-opt18-strips,p10.pddl,off,1,105,8.77044,,7163,23,632004
data-network-opt18-strips,p10.pddl,on,1,105,8.27125,0,7163,23,633124
data-network-opt18-strips,p11.pddl,off,1,47,0.128353,,10433,24,449604
data-network-opt18-strips,p11.pddl,on,1,47,0.129047,0,10433,24,450116
data-network-opt18-strips,p12.pddl,off,1,62,0.318245,,10728,27,468640
data-network-opt18-strips,p12.pddl,on,1,62,0.301675,0,10728,27,468640
data-network-opt18-strips,p13.pddl,off,1,104,6.22054,,27567,28,665592
data-network-opt18-strips,p13.pddl,on,1,104,5.37643,0,27567,28,655772
data-network-opt18-strips,p14.pddl,off,0,,,,17049,29,5723648
data-network-opt18-strips,p14.pddl,on,0,,,0,17049,29,5310516
data-network-opt18-strips,p15.pddl,off,1,50,0.20902,,12338,30,507736
data-network-opt18-strips,p15.pddl,on,1,50,0.198681,0,12338,30,507832
data-network-opt18-strips,p16.pddl,off,0,,,,25103,27,4682472
data-network-opt18-strips,p16.pddl,on,0,,,0,25103,27,4782596
data-network-opt18-strips,p17.pddl,off,1,127,102.747,,104569,31,1113520
data-network-opt18-strips,p17.pddl,on,1,127,138.969,0,104569,31,1129432
data-network-opt18-strips,p18.pddl,off,0,,,,133753,31,3445620
data-network-opt18-strips,p18.pddl,on,0,,,0,133753,31,3935180
data-network-opt18-strips,p19.pddl,off,0,,,,152619,32,6815040
data-network-opt18-strips,p19.pddl,on,0,,,0,152619,32,6696128
data-network-opt18-strips,p20.pddl,off,0,,,,94673,36,3829924
data-network-opt18-strips,p20.pddl,on,0,,,0,94673,36,3668040
depot,p01.pddl,off,1,10,0.0130082,,1479,1,496620
depot,p01.pddl,on,1,10,0.00864869,97,1585,1,496748
depot,p02.pddl,off,1,15,0.104198,,18731,1,461164
depot,p02.pddl,on,1,15,0.100001,294,12867,1,460716
depot,p03.pddl,off,1,27,5.495,,116665,2,677132
depot,p03.pddl,on,1,27,3.51732,621,33240,1,634208
depot,p04.pddl,off,1,30,110.733,,363789,7,1030636
depot,p04.pddl,on,1,30,69.258,1100,98080,1,1099968
depot,p05.pddl,off,0,,,,1439159,19,3855812
depot,p05.pddl,on,0,,,1755,560238,7,4073348
depot,p06.pddl,off,0,,,,3295238,101,3130712
depot,p06.pddl,on,0,,,4320,1222835,21,4651844
depot,p07.pddl,off,1,21,13.1018,,120643,2,870884
depot,p07.pddl,on,1,21,7.77771,738,55237,1,838100
depot,p08.pddl,off,0,,,,1330385,18,3993728
depot,p08.pddl,on,0,,,2010,506748,8,4114188
depot,p09.pddl,off,0,,,,4095634,107,3651552
depot,p09.pddl,on,0,,,4815,2081079,35,4207136
depot,p10.pddl,off,1,24,872.011,,193432,3,2339392
depot,p10.pddl,on,1,24,1038.47,1215,123469,2,3030772
depot,p11.pddl,off,0,,,,2734689,42,3344148
depot,p11.pddl,on,0,,,2985,901089,14,4630504
depot,p12.pddl,off,0,,,,4921847,332,2586580
depot,p12.pddl,on,0,,,6615,2470997,46,5509492
depot,p13.pddl,off,1,25,865.381,,220177,5,2423972
depot,p13.pddl,on,1,25,89.1305,1443,157669,2,1271120
depot,p14.pddl,off,0,,,,2535786,39,4398236
depot,p14.pddl,on,0,,,3445,834603,13,4824152
depot,p15.pddl,off,0,,,,5154757,201,3590048
depot,p15.pddl,on,0,,,7455,4670829,70,3528584
depot,p16.pddl,off,0,,,,396904,5,3233820
depot,p16.pddl,on,0,,,1419,385391,6,3842272
depot,p17.pddl,off,0,,,,4093779,70,4092432
depot,p17.pddl,on,0,,,3565,2314751,34,4827652
depot,p18.pddl,off,0,,,,9138758,589,3199840
depot,p18.pddl,on,0,,,7935,4148469,66,4636720
depot,p19.pddl,off,0,,,,1629185,25,8191996
depot,p19.pddl,on,0,,,3196,482814,9,4832264
depot,p20.pddl,off,0,,,,9028082,575,7833000
depot,p20.pddl,on,0,,,9615,3246116,67,5554948
depot,p21.pddl,off,0,,,,3514138,42,4690388
depot,p21.pddl,on,0,,,9630,3067859,41,5332928
depot,p22.pddl,off,0,,,,20983556,1728,8191944
depot,p22.pddl,on,0,,,30360,18220377,1863,5606080
driverlog,p01.pddl,off,1,7,0.00343236,,683,1,446936
driverlog,p01.pddl,on,1,7,0.00657997,6,711,1,447096
driverlog,p02.pddl,off,1,19,0.0153021,,890,1,472392
driverlog,p02.pddl,on,1,19,0.0199996,6,918,1,472296
driverlog,p03.pddl,off,1,12,0.015,,890,1,472136
driverlog,p03.pddl,on,1,12,0.0098617,6,918,1,472008
driverlog,p04.pddl,off,1,16,0.0262595,,1177,1,522024
driverlog,p04.pddl,on,1,16,0.0340001,12,948,1,521992
driverlog,p05.pddl,off,1,18,0.0885191,,1526,1,549256
driverlog,p05.pddl,on,1,18,0.0716637,12,1551,1,549288
driverlog,p06.pddl,off,1,11,0.0219304,,2149,1,434236
driverlog,p06.pddl,on,1,11,0.0290001,18,4787,1,435516
driverlog,p07.pddl,off,1,13,0.0889999,,5286,1,464008
driverlog,p07.pddl,on,1,13,0.0854194,18,5371,1,463624
driverlog,p08.pddl,off,1,22,0.869102,,5686,1,501740
driverlog,p08.pddl,on,1,22,1.40715,18,6183,1,537472
driverlog,p09.pddl,off,1,22,0.744967,,14277,1,494148
driverlog,p09.pddl,on,1,22,0.739861,9,14376,1,493592
driverlog,p10.pddl,off,1,17,1.38105,,27782,1,562980
driverlog,p10.pddl,on,1,17,1.36774,9,27958,1,562812
driverlog,p11.pddl,off,1,19,2.38087,,32490,1,595228
driverlog,p11.pddl,on,1,19,2.4465,9,32659,1,596060
driverlog,p12.pddl,off,1,35,1362.96,,98778,2,2680736
driverlog,p12.pddl,on,1,35,1059.08,9,99073,2,2170244
driverlog,p13.pddl,off,1,26,75.9543,,203801,3,1328192
driverlog,p13.pddl,on,1,26,94.7939,9,204223,3,1248768
driverlog,p14.pddl,off,1,28,1055.96,,99798,2,2287284
driverlog,p14.pddl,on,1,28,1034.06,18,100702,2,2351040
driverlog,p15.pddl,off,0,,,,434585,12,4431420
driverlog,p15.pddl,on,0,,,40,435578,12,4516204
driverlog,p16.pddl,off,0,,,,898902,26,3395444
driverlog,p16.pddl,on,0,,,75,663506,29,4945688
driverlog,p17.pddl,off,0,,,,735820,45,4060520
driverlog,p17.pddl,on,0,,,75,738969,45,3959428
driverlog,p18.pddl,off,0,,,,522519,61,4005920
driverlog,p18.pddl,on,0,,,75,466693,62,4180244
driverlog,p19.pddl,off,0,,,,824828,80,3594120
driverlog,p19.pddl,on,0,,,75,705617,83,3827472
driverlog,p20.pddl,off,0,,,,690910,114,4087636
driverlog,p20.pddl,on,0,,,216,655844,112,4199324
elevators-opt08-strips,p01.pddl,off,1,42,0.196998,,1328,8,529296
elevators-opt08-strips,p01.pddl,on,1,42,0.179341,0,1328,8,529296
elevators-opt08-strips,p02.pddl,off,1,26,0.0933652,,1892,8,434940
elevators-opt08-strips,p02.pddl,on,1,26,0.0882436,0,1892,8,434940
elevators-opt08-strips,p03.pddl,off,1,55,0.903971,,1804,8,462636
elevators-opt08-strips,p03.pddl,on,1,55,0.944165,0,1804,8,462636
elevators-opt08-strips,p04.pddl,off,1,40,1.08088,,2521,8,495784
elevators-opt08-strips,p04.pddl,on,1,40,1.05599,0,2521,8,495784
elevators-opt08-strips,p05.pddl,off,1,55,3.72971,,2335,8,606036
elevators-opt08-strips,p05.pddl,on,1,55,5.2583,0,2335,8,617104
elevators-opt08-strips,p06.pddl,off,1,53,5.33898,,3227,8,741760
elevators-opt08-strips,p06.pddl,on,1,53,5.52849,0,3227,8,771348
elevators-opt08-strips,p07.pddl,off,1,62,31.6561,,2901,8,957980
elevators-opt08-strips,p07.pddl,on,1,62,31.4278,0,2901,8,957980
elevators-opt08-strips,p08.pddl,off,1,53,37.9944,,3716,8,1058160
elevators-opt08-strips,p08.pddl,on,1,53,37.1409,0,3716,8,1058192
elevators-opt08-strips,p09.pddl,off,1,78,322.753,,3274,8,1888460
elevators-opt08-strips,p09.pddl,on,1,78,251.747,0,3274,8,1883532
elevators-opt08-strips,p10.pddl,off,1,69,936.85,,4523,8,4477904
elevators-opt08-strips,p10.pddl,on,1,69,968.592,0,4523,8,4741252
elevators-opt08-strips,p11.pddl,off,1,56,0.403942,,1674,10,539968
elevators-opt08-strips,p11.pddl,on,1,56,0.458828,0,1674,10,539968
elevators-opt08-strips,p12.pddl,off,1,54,1.08433,,2762,10,483780
elevators-opt08-strips,p12.pddl,on,1,54,1.03611,0,2762,10,483748
elevators-opt08-strips,p13.pddl,off,1,59,1.833,,2244,10,487964
elevators-opt08-strips,p13.pddl,on,1,59,1.22398,0,2244,10,487964
elevators-opt08-strips,p14.pddl,off,1,63,5.40899,,3701,10,694448
elevators-opt08-strips,p14.pddl,on,1,63,7.03157,0,3701,10,694448
elevators-opt08-strips,p15.pddl,off,1,66,10.2655,,3006,10,840920
elevators-opt08-strips,p15.pddl,on,1,66,13.6439,0,3006,10,840952
elevators-opt08-strips,p16.pddl,off,1,87,218.049,,4712,10,1876028
elevators-opt08-strips,p16.pddl,on,1,87,229.329,0,4712,10,1901004
elevators-opt08-strips,p17.pddl,off,1,78,468.865,,3610,10,2329172
elevators-opt08-strips,p17.pddl,on,1,78,461.749,0,3610,10,2446400
elevators-opt08-strips,p18.pddl,off,1,61,82.7573,,5512,10,1153244
elevators-opt08-strips,p18.pddl,on,1,61,81.0196,0,5512,10,1153276
elevators-opt08-strips,p19.pddl,off,0,,,,4094,10,6551500
elevators-opt08-strips,p19.pddl,on,0,,,0,4094,10,6537872
elevators-opt08-strips,p20.pddl,off,0,,,,6663,10,6528044
elevators-opt08-strips,p20.pddl,on,0,,,0,6663,10,6793760
elevators-opt08-strips,p21.pddl,off,1,48,0.785354,,2504,10,462012
elevators-opt08-strips,p21.pddl,on,1,48,0.724448,0,2504,10,462012
elevators-opt08-strips,p22.pddl,off,1,54,6.30447,,3442,10,622400
elevators-opt08-strips,p22.pddl,on,1,54,6.16385,0,3442,10,622432
elevators-opt08-strips,p23.pddl,off,1,69,21.5134,,3415,10,905568
elevators-opt08-strips,p23.pddl,on,1,69,21.2548,0,3415,10,909948
elevators-opt08-strips,p24.pddl,off,1,56,14.1111,,4425,10,804744
elevators-opt08-strips,p24.pddl,on,1,56,12.9862,0,4425,10,804712
elevators-opt08-strips,p25.pddl,off,1,63,16.4796,,4265,10,896956
elevators-opt08-strips,p25.pddl,on,1,63,20.8947,0,4265,10,875368
elevators-opt08-strips,p26.pddl,off,1,48,43.2506,,5691,10,1079828
elevators-opt08-strips,p26.pddl,on,1,48,27.0397,0,5691,10,1017712
elevators-opt08-strips,p27.pddl,off,1,82,412.775,,5110,10,2722160
elevators-opt08-strips,p27.pddl,on,1,82,389.551,0,5110,10,2719924
elevators-opt08-strips,p28.pddl,off,0,,,,6723,10,7632048
elevators-opt08-strips,p28.pddl,on,0,,,0,6723,10,6770272
elevators-opt08-strips,p29.pddl,off,0,,,,6024,10,7043640
elevators-opt08-strips,p29.pddl,on,0,,,0,6024,10,6935064
elevators-opt08-strips,p30.pddl,off,0,,,,8078,10,7797132
elevators-opt08-strips,p30.pddl,on,0,,,0,8078,10,8191844
elevators-opt11-strips,p01.pddl,off,1,56,0.550999,,1674,10,539968
elevators-opt11-strips,p01.pddl,on,1,56,0.462797,0,1674,10,539968
elevators-opt11-strips,p02.pddl,off,1,48,0.761227,,2504,10,462012
elevators-opt11-strips,p02.pddl,on,1,48,0.718998,0,2504,10,462012
elevators-opt11-strips,p03.pddl,off,1,54,1.27463,,2762,10,483780
elevators-opt11-strips,p03.pddl,on,1,54,1.31953,0,2762,10,483780
elevators-opt11-strips,p04.pddl,off,1,55,1.04896,,1804,8,462636
elevators-opt11-strips,p04.pddl,on,1,55,0.910982,0,1804,8,462636
elevators-opt11-strips,p05.pddl,off,1,59,1.58165,,2244,10,487964
elevators-opt11-strips,p05.pddl,on,1,59,1.93796,0,2244,10,486108
elevators-opt11-strips,p06.pddl,off,1,40,1.83716,,2521,8,495784
elevators-opt11-strips,p06.pddl,on,1,40,1.59913,0,2521,8,495784
elevators-opt11-strips,p07.pddl,off,1,48,48.5538,,5691,10,1079828
elevators-opt11-strips,p07.pddl,on,1,48,30.6235,0,5691,10,1017712
elevators-opt11-strips,p08.pddl,off,1,55,4.92404,,2335,8,612688
elevators-opt11-strips,p08.pddl,on,1,55,4.62087,0,2335,8,610928
elevators-opt11-strips,p09.pddl,off,1,54,5.64667,,3442,10,622400
elevators-opt11-strips,p09.pddl,on,1,54,6.17153,0,3442,10,622400
elevators-opt11-strips,p10.pddl,off,1,63,8.62732,,3701,10,694448
elevators-opt11-strips,p10.pddl,on,1,63,7.97231,0,3701,10,687856
elevators-opt11-strips,p11.pddl,off,0,,,,6723,10,7427256
elevators-opt11-strips,p11.pddl,on,0,,,0,6723,10,7450868
elevators-opt11-strips,p12.pddl,off,1,53,11.8385,,3227,8,750240
elevators-opt11-strips,p12.pddl,on,1,53,11.5188,0,3227,8,750272
elevators-opt11-strips,p13.pddl,off,1,62,63.3463,,2901,8,957980
elevators-opt11-strips,p13.pddl,on,1,62,39.6743,0,2901,8,957980
elevators-opt11-strips,p14.pddl,off,1,53,50.403,,3716,8,1058192
elevators-opt11-strips,p14.pddl,on,1,53,55.1451,0,3716,8,1058160
elevators-opt11-strips,p15.pddl,off,1,78,205.452,,3274,8,1795156
elevators-opt11-strips,p15.pddl,on,1,78,311.695,0,3274,8,1858584
elevators-opt11-strips,p16.pddl,off,1,66,15.7736,,3006,10,840952
elevators-opt11-strips,p16.pddl,on,1,66,19.4846,0,3006,10,840920
elevators-opt11-strips,p17.pddl,off,1,78,396.202,,3610,10,2386060
elevators-opt11-strips,p17.pddl,on,1,78,456.514,0,3610,10,2469688
elevators-opt11-strips,p18.pddl,off,1,61,55.4166,,5512,10,1153244
elevators-opt11-strips,p18.pddl,on,1,61,78.0863,0,5512,10,1153276
elevators-opt11-strips,p19.pddl,off,1,69,20.7741,,3415,10,905632
elevators-opt11-strips,p19.pddl,on,1,69,12.4196,0,3415,10,887592
elevators-opt11-strips,p20.pddl,off,1,56,7.21683,,4425,10,789392
elevators-opt11-strips,p20.pddl,on,1,56,9.07332,0,4425,10,789392
floortile-opt11-strips,opt-p01-001.pddl,off,1,38,0.0976872,,3329,4,430868
floortile-opt11-strips,opt-p01-001.pddl,on,1,38,0.0865805,126,2929,4,428312
floortile-opt11-strips,opt-p01-002.pddl,off,1,33,0.101992,,3329,4,430260
floortile-opt11-strips,opt-p01-002.pddl,on,1,33,0.0759993,126,2929,4,428184
floortile-opt11-strips,opt-p02-003.pddl,off,1,62,0.396752,,4558,4,472272
floortile-opt11-strips,opt-p02-003.pddl,on,1,62,0.485492,186,4360,4,472080
floortile-opt11-strips,opt-p02-004.pddl,off,1,53,0.332774,,4558,4,468628
floortile-opt11-strips,opt-p02-004.pddl,on,1,53,0.361962,186,4360,4,469012
floortile-opt11-strips,opt-p03-005.pddl,off,1,58,0.424908,,6416,4,502568
floortile-opt11-strips,opt-p03-005.pddl,on,1,58,0.828608,258,6809,4,520000
floortile-opt11-strips,opt-p03-006.pddl,off,1,60,0.478965,,6416,4,506184
floortile-opt11-strips,opt-p03-006.pddl,on,1,60,1.18373,258,6809,4,527708
floortile-opt11-strips,opt-p04-007.pddl,off,1,66,3.08064,,9418,4,616128
floortile-opt11-strips,opt-p04-007.pddl,on,1,66,3.13732,248,5989,4,601608
floortile-opt11-strips,opt-p04-008.pddl,off,1,76,3.22296,,9418,4,639028
floortile-opt11-strips,opt-p04-008.pddl,on,1,76,3.77844,248,5989,4,623872
floortile-opt11-strips,opt-p05-009.pddl,off,1,76,4.30122,,10974,4,653728
floortile-opt11-strips,opt-p05-009.pddl,on,1,76,9.11765,344,8128,4,773388
floortile-opt11-strips,opt-p05-010.pddl,off,1,87,6.07642,,10974,4,689616
floortile-opt11-strips,opt-p05-010.pddl,on,1,87,15.4932,344,8128,4,833428
floortile-opt11-strips,opt-p06-011.pddl,off,1,101,14.3321,,13764,4,750792
floortile-opt11-strips,opt-p06-011.pddl,on,1,101,38.0541,456,10636,4,779988
floortile-opt11-strips,opt-p06-012.pddl,off,1,106,17.0006,,13764,4,760068
floortile-opt11-strips,opt-p06-012.pddl,on,1,106,31.3525,456,10636,4,717488
floortile-opt11-strips,opt-p07-013.pddl,off,1,108,108.822,,23451,4,1019320
floortile-opt11-strips,opt-p07-013.pddl,on,1,108,170.568,430,15241,4,961844
floortile-opt11-strips,opt-p07-014.pddl,off,1,110,123.934,,23451,4,1060232
floortile-opt11-strips,opt-p07-014.pddl,on,1,110,189.992,430,15241,4,922956
floortile-opt11-strips,opt-p08-015.pddl,off,0,,,,80660,4,2774192
floortile-opt11-strips,opt-p08-015.pddl,on,0,,,885,48974,4,3095172
floortile-opt11-strips,opt-p08-016.pddl,off,0,,,,80660,4,2953912
floortile-opt11-strips,opt-p08-016.pddl,on,0,,,885,48974,4,3230592
floortile-opt11-strips,opt-p09-017.pddl,off,0,,,,294026,8,2923772
floortile-opt11-strips,opt-p09-017.pddl,on,0,,,1570,197371,5,3408136
floortile-opt11-strips,opt-p09-018.pddl,off,0,,,,294026,8,2895248
floortile-opt11-strips,opt-p09-018.pddl,on,0,,,1570,197371,5,3616688
floortile-opt11-strips,opt-p10-019.pddl,off,0,,,,109711,5,3157484
floortile-opt11-strips,opt-p10-019.pddl,on,0,,,1062,60084,4,3108480
floortile-opt11-strips,opt-p10-020.pddl,off,0,,,,109711,5,3277788
floortile-opt11-strips,opt-p10-020.pddl,on,0,,,1062,60084,4,3086104
floortile-opt14-strips,p01-4-3-2.pddl,off,1,56,0.375022,,4558,4,467700
floortile-opt14-strips,p01-4-3-2.pddl,on,1,56,0.528933,186,4360,4,472144
floortile-opt14-strips,p01-4-4-2.pddl,off,1,68,3.66827,,9418,4,620188
floortile-opt14-strips,p01-4-4-2.pddl,on,1,68,3.71326,248,5989,4,604040
floortile-opt14-strips,p01-5-3-2.pddl,off,1,63,0.483824,,6416,4,505096
floortile-opt14-strips,p01-5-3-2.pddl,on,1,63,1.05499,258,6809,4,528380
floortile-opt14-strips,p01-5-4-2.pddl,off,1,91,6.42162,,10974,4,691824
floortile-opt14-strips,p01-5-4-2.pddl,on,1,91,12.6032,344,8128,4,821624
floortile-opt14-strips,p01-5-5-2.pddl,off,1,111,124.441,,23451,4,1041104
floortile-opt14-strips,p01-5-5-2.pddl,on,1,111,195.513,430,15241,4,927044
floortile-opt14-strips,p01-6-4-2.pddl,off,1,104,12.6734,,13764,4,745416
floortile-opt14-strips,p01-6-4-2.pddl,on,1,104,42.4966,456,10636,4,778456
floortile-opt14-strips,p01-6-5-2.pddl,off,1,122,234.076,,26753,4,1095720
floortile-opt14-strips,p01-6-5-2.pddl,on,1,122,474.55,570,19227,4,1243972
floortile-opt14-strips,p02-4-4-2.pddl,off,1,75,3.15028,,9418,4,641940
floortile-opt14-strips,p02-4-4-2.pddl,on,1,75,3.91796,248,5989,4,618592
floortile-opt14-strips,p02-5-3-2.pddl,off,1,65,0.527426,,6416,4,507144
floortile-opt14-strips,p02-5-3-2.pddl,on,1,65,1.40499,258,6809,4,530780
floortile-opt14-strips,p02-5-4-2.pddl,off,1,98,7.61067,,10974,4,711176
floortile-opt14-strips,p02-5-4-2.pddl,on,1,98,16.5082,344,8128,4,856364
floortile-opt14-strips,p02-5-5-2.pddl,off,1,106,110.304,,23451,4,1092184
floortile-opt14-strips,p02-5-5-2.pddl,on,1,106,175.684,430,15241,4,962100
floortile-opt14-strips,p02-6-4-2.pddl,off,1,109,18.3052,,13764,4,756036
floortile-opt14-strips,p02-6-4-2.pddl,on,1,109,36.3445,456,10636,4,736936
floortile-opt14-strips,p02-6-5-2.pddl,off,1,141,227.093,,26753,4,1100996
floortile-opt14-strips,p02-6-5-2.pddl,on,1,141,542.54,570,19227,4,1411812
floortile-opt14-strips,p03-4-3-2.pddl,off,1,56,0.430915,,4558,4,468436
floortile-opt14-strips,p03-4-3-2.pddl,on,1,56,0.434091,186,4360,4,470576
floortile-opt14-strips,p03-4-4-2.pddl,off,1,72,3.12103,,9418,4,630360
floortile-opt14-strips,p03-4-4-2.pddl,on,1,72,3.62828,248,5989,4,614692
floortile-opt14-strips,p03-5-3-2.pddl,off,1,65,0.558019,,6416,4,507688
floortile-opt14-strips,p03-5-3-2.pddl,on,1,65,1.16198,258,6809,4,533660
floortile-opt14-strips,p03-5-4-2.pddl,off,1,83,6.86508,,10974,4,686004
floortile-opt14-strips,p03-5-4-2.pddl,on,1,83,14.9905,344,8128,4,820152
floortile-opt14-strips,p03-5-5-2.pddl,off,1,100,102.474,,23451,4,1089020
floortile-opt14-strips,p03-5-5-2.pddl,on,1,100,182.847,430,15241,4,932288
floortile-opt14-strips,p03-6-4-2.pddl,off,1,116,15.8876,,13764,4,768960
floortile-opt14-strips,p03-6-4-2.pddl,on,1,116,32.5195,456,10636,4,789840
floortile-opt14-strips,p03-6-5-2.pddl,off,1,130,228.599,,26753,4,1037916
floortile-opt14-strips,p03-6-5-2.pddl,on,1,130,548.166,570,19227,4,1257412
freecell,p01.pddl,off,1,8,0.0711906,,5827,1,466672
freecell,p01.pddl,on,1,8,0.0930057,200,4618,1,466416
freecell,p02.pddl,off,1,14,0.775105,,25614,1,575704
freecell,p02.pddl,on,1,14,0.696993,425,20514,1,576500
freecell,p03.pddl,off,1,18,4.30585,,138344,2,629376
freecell,p03.pddl,on,1,18,2.82836,756,53578,1,573876
freecell,p04.pddl,off,1,26,17.6038,,194452,2,1014972
freecell,p04.pddl,on,1,26,53.4747,1137,249349,4,1515060
freecell,p05.pddl,off,1,30,157.129,,448791,7,1754512
freecell,p05.pddl,on,1,30,356.249,1986,596825,11,1799272
freecell,p06.pddl,off,1,34,1560.57,,504920,10,3137564
freecell,p06.pddl,on,0,,,2485,715397,13,3735356
freecell,p07.pddl,off,1,41,1549.58,,587347,8,2755068
freecell,p07.pddl,on,0,,,2637,578606,15,3637256
freecell,p08.pddl,off,0,,,,626522,11,2972988
freecell,p08.pddl,on,0,,,3326,778175,17,4163576
freecell,p09.pddl,off,0,,,,699143,12,3183316
freecell,p09.pddl,on,0,,,3463,747720,16,4067296
freecell,p10.pddl,off,0,,,,875393,17,3405224
freecell,p10.pddl,on,0,,,4054,726223,22,3945144
freecell,p11.pddl,off,0,,,,1167387,19,3403568
freecell,p11.pddl,on,0,,,4385,959642,24,3621868
freecell,p12.pddl,off,0,,,,783218,16,3327836
freecell,p12.pddl,on,0,,,4283,849472,23,3474040
freecell,p13.pddl,off,0,,,,783324,15,3559344
freecell,p13.pddl,on,0,,,4885,1136975,25,3988192
freecell,p14.pddl,off,0,,,,1016948,18,3493776
freecell,p14.pddl,on,0,,,4829,958895,25,3821468
freecell,p15.pddl,off,0,,,,1242541,28,4153372
freecell,p15.pddl,on,0,,,6078,1193832,29,3680220
freecell,p16.pddl,off,0,,,,936107,15,4295648
freecell,p16.pddl,on,0,,,5926,1119155,31,3904228
freecell,p17.pddl,off,0,,,,971583,23,3573580
freecell,p17.pddl,on,0,,,6917,1349706,33,3661100
freecell,p18.pddl,off,0,,,,1278500,29,3547360
freecell,p18.pddl,on,0,,,7160,1404730,34,3828740
freecell,p19.pddl,off,0,,,,1492113,33,4005164
freecell,p19.pddl,on,0,,,8769,1588198,40,3805584
freecell,p20.pddl,off,0,,,,1436101,26,3376916
freecell,p20.pddl,on,0,,,8526,1715448,40,3846304
freecell,probfreecell-10-1.pddl,off,0,,,,730114,14,3273860
freecell,probfreecell-10-1.pddl,on,0,,,5073,1247981,24,4533640
freecell,probfreecell-10-2.pddl,off,0,,,,1016515,17,3756616
freecell,probfreecell-10-2.pddl,on,0,,,5021,1115835,24,3871812
freecell,probfreecell-10-3.pddl,off,0,,,,1228880,18,5202864
freecell,probfreecell-10-3.pddl,on,0,,,4894,1163016,22,3568888
freecell,probfreecell-10-4.pddl,off,0,,,,886398,15,3631872
freecell,probfreecell-10-4.pddl,on,0,,,5077,1175316,26,4138064
freecell,probfreecell-10-5.pddl,off,0,,,,830847,20,4122076
freecell,probfreecell-10-5.pddl,on,0,,,5107,1173800,27,3834812
freecell,probfreecell-11-1.pddl,off,0,,,,833705,20,3697808
freecell,probfreecell-11-1.pddl,on,0,,,6185,1283018,29,4187572
freecell,probfreecell-11-2.pddl,off,0,,,,1106836,19,3425548
freecell,probfreecell-11-2.pddl,on,0,,,6110,1353466,31,4043776
freecell,probfreecell-11-3.pddl,off,0,,,,1213283,22,4348796
freecell,probfreecell-11-3.pddl,on,0,,,6099,1542767,29,3924064
freecell,probfreecell-11-4.pddl,off,0,,,,1022712,20,3446628
freecell,probfreecell-11-4.pddl,on,0,,,6223,1412959,29,3698228
freecell,probfreecell-11-5.pddl,off,0,,,,1375874,32,4089220
freecell,probfreecell-11-5.pddl,on,0,,,6264,1533025,30,4144808
freecell,probfreecell-12-1.pddl,off,0,,,,1135978,22,3498496
freecell,probfreecell-12-1.pddl,on,0,,,7367,1294590,36,3772988
freecell,probfreecell-12-2.pddl,off,0,,,,1032499,23,3622968
freecell,probfreecell-12-2.pddl,on,0,,,7286,1472114,32,3706028
freecell,probfreecell-12-3.pddl,off,0,,,,1177057,26,3992220
freecell,probfreecell-12-3.pddl,on,0,,,7294,1372158,36,3826944
freecell,probfreecell-12-4.pddl,off,0,,,,1155808,23,3545168
freecell,probfreecell-12-4.pddl,on,0,,,7504,1371015,35,3550188
freecell,probfreecell-12-5.pddl,off,0,,,,1571944,35,4340680
freecell,probfreecell-12-5.pddl,on,0,,,7535,1400937,36,3980212
freecell,probfreecell-13-1.pddl,off,0,,,,1220376,27,3457776
freecell,probfreecell-13-1.pddl,on,0,,,8655,1637200,33,3924644
freecell,probfreecell-13-2.pddl,off,0,,,,1440919,28,4086872
freecell,probfreecell-13-2.pddl,on,0,,,8571,1713410,39,3970756
freecell,probfreecell-13-3.pddl,off,0,,,,1515299,35,3419712
freecell,probfreecell-13-3.pddl,on,0,,,8614,1461774,45,3595080
freecell,probfreecell-13-4.pddl,off,0,,,,1278947,27,3363864
freecell,probfreecell-13-4.pddl,on,0,,,8796,1826759,41,4373208
freecell,probfreecell-13-5.pddl,off,0,,,,1633058,37,3912772
freecell,probfreecell-13-5.pddl,on,0,,,8844,1442657,38,4157532
freecell,probfreecell-2-1.pddl,off,1,9,0.254791,,6374,1,482872
freecell,probfreecell-2-1.pddl,on,1,9,0.280993,200,5867,1,482744
freecell,probfreecell-2-2.pddl,off,1,8,0.269896,,6383,1,478460
freecell,probfreecell-2-2.pddl,on,1,8,0.251811,176,5257,1,478008
freecell,probfreecell-2-3.pddl,off,1,8,0.246989,,7277,1,484048
freecell,probfreecell-2-3.pddl,on,1,8,0.246572,208,5626,1,482544
freecell,probfreecell-2-4.pddl,off,1,8,0.283147,,5160,1,478124
freecell,probfreecell-2-4.pddl,on,1,8,0.281279,163,4896,1,477556
freecell,probfreecell-2-5.pddl,off,1,9,0.250999,,6592,1,484160
freecell,probfreecell-2-5.pddl,on,1,9,0.221,187,5426,1,482176
freecell,probfreecell-3-1.pddl,off,1,14,1.2409,,15760,1,584144
freecell,probfreecell-3-1.pddl,on,1,14,1.48575,397,14545,1,594792
freecell,probfreecell-3-2.pddl,off,1,13,1.01398,,27699,1,584400
freecell,probfreecell-3-2.pddl,on,1,13,1.08697,372,16039,1,581168
freecell,probfreecell-3-3.pddl,off,1,12,0.971972,,20542,1,589968
freecell,probfreecell-3-3.pddl,on,1,12,0.900762,410,16864,1,586452
freecell,probfreecell-3-4.pddl,off,1,12,1.26899,,16317,1,575684
freecell,probfreecell-3-4.pddl,on,1,12,1.0985,399,22048,1,576996
freecell,probfreecell-3-5.pddl,off,1,13,1.24099,,15105,1,586344
freecell,probfreecell-3-5.pddl,on,1,13,1.03702,346,16945,1,584968
freecell,probfreecell-4-1.pddl,off,1,19,52.1216,,211090,3,942164
freecell,probfreecell-4-1.pddl,on,1,19,54.2403,752,158209,2,1021832
freecell,probfreecell-4-2.pddl,off,1,17,20.1953,,142579,2,923572
freecell,probfreecell-4-2.pddl,on,1,17,15.5279,727,87322,1,815268
freecell,probfreecell-4-3.pddl,off,1,18,28.2051,,84248,1,830016
freecell,probfreecell-4-3.pddl,on,1,18,20.278,739,67734,1,813348
freecell,probfreecell-4-4.pddl,off,1,18,20.7149,,85351,1,808800
freecell,probfreecell-4-4.pddl,on,1,18,17.5531,774,73701,1,804160
freecell,probfreecell-4-5.pddl,off,1,18,18.5474,,75315,1,816740
freecell,probfreecell-4-5.pddl,on,1,18,15.5824,674,60282,1,813992
freecell,probfreecell-5-1.pddl,off,0,,,,336653,5,2947180
freecell,probfreecell-5-1.pddl,on,0,,,1131,192504,2,2225324
freecell,probfreecell-5-2.pddl,off,0,,,,359193,6,3791968
freecell,probfreecell-5-2.pddl,on,0,,,1232,344819,4,3435820
freecell,probfreecell-5-3.pddl,off,1,24,122.387,,110405,2,1244064
freecell,probfreecell-5-3.pddl,on,0,,,1207,268074,3,2555856
freecell,probfreecell-5-4.pddl,off,1,23,1708.35,,181370,3,2234968
freecell,probfreecell-5-4.pddl,on,0,,,1161,358812,5,2733636
freecell,probfreecell-5-5.pddl,off,0,,,,364766,5,3419868
freecell,probfreecell-5-5.pddl,on,0,,,1180,224152,4,3376732
freecell,probfreecell-6-1.pddl,off,0,,,,276471,4,2897740
freecell,probfreecell-6-1.pddl,on,0,,,1655,446152,10,4831608
freecell,probfreecell-6-2.pddl,off,0,,,,441508,6,4037436
freecell,probfreecell-6-2.pddl,on,0,,,1796,449563,8,3516124
freecell,probfreecell-6-3.pddl,off,0,,,,359553,5,2889100
freecell,probfreecell-6-3.pddl,on,0,,,1699,373215,5,3121616
freecell,probfreecell-6-4.pddl,off,0,,,,240034,4,2509836
freecell,probfreecell-6-4.pddl,on,0,,,1603,509132,10,3704968
freecell,probfreecell-6-5.pddl,off,0,,,,454625,9,3637696
freecell,probfreecell-6-5.pddl,on,0,,,1740,439759,6,3642304
freecell,probfreecell-7-1.pddl,off,0,,,,660602,12,3674384
freecell,probfreecell-7-1.pddl,on,0,,,2349,542515,12,4643584
freecell,probfreecell-7-2.pddl,off,0,,,,613841,8,3794600
freecell,probfreecell-7-2.pddl,on,0,,,2464,573670,12,4512892
freecell,probfreecell-7-3.pddl,off,0,,,,446135,6,3405264
freecell,probfreecell-7-3.pddl,on,0,,,2334,648954,15,3949492
freecell,probfreecell-7-4.pddl,off,0,,,,569444,7,3779628
freecell,probfreecell-7-4.pddl,on,0,,,2366,561054,11,3633780
freecell,probfreecell-7-5.pddl,off,0,,,,528037,9,4008496
freecell,probfreecell-7-5.pddl,on,0,,,2425,756119,12,3803428
freecell,probfreecell-8-1.pddl,off,0,,,,606961,11,3706212
freecell,probfreecell-8-1.pddl,on,0,,,3180,739091,17,4129032
freecell,probfreecell-8-2.pddl,off,0,,,,658838,12,3617628
freecell,probfreecell-8-2.pddl,on,0,,,3216,605434,13,3772180
freecell,probfreecell-8-3.pddl,off,0,,,,471883,8,3254228
freecell,probfreecell-8-3.pddl,on,0,,,3068,717736,15,3759952
freecell,probfreecell-8-4.pddl,off,0,,,,601877,11,4199624
freecell,probfreecell-8-4.pddl,on,0,,,3190,767318,17,4097848
freecell,probfreecell-8-5.pddl,off,0,,,,535127,12,3692004
freecell,probfreecell-8-5.pddl,on,0,,,3194,726278,14,3999844
freecell,probfreecell-9-1.pddl,off,0,,,,737846,13,3251588
freecell,probfreecell-9-1.pddl,on,0,,,4065,857502,21,3953024
freecell,probfreecell-9-2.pddl,off,0,,,,810504,15,3822236
freecell,probfreecell-9-2.pddl,on,0,,,4039,915637,17,3761964
freecell,probfreecell-9-3.pddl,off,0,,,,817251,14,4715776
freecell,probfreecell-9-3.pddl,on,0,,,3965,955564,23,3889416
freecell,probfreecell-9-4.pddl,off,0,,,,821014,18,3935180
freecell,probfreecell-9-4.pddl,on,0,,,4074,911765,23,4730924
freecell,probfreecell-9-5.pddl,off,0,,,,918368,17,3202492
freecell,probfreecell-9-5.pddl,on,0,,,4070,884572,19,3855120
ged-opt14-strips,d-1-2.pddl,off,1,1,0.0179909,,3606,3,514104
ged-opt14-strips,d-1-2.pddl,on,1,1,0.018521,400,3911,3,513944
ged-opt14-strips,d-1-3.pddl,off,1,4,0.67382,,35085,3,520024
ged-opt14-strips,d-1-3.pddl,on,1,4,0.844702,1357,40242,3,524056
ged-opt14-strips,d-1-4.pddl,off,1,1,0.01477,,3606,3,514104
ged-opt14-strips,d-1-4.pddl,on,1,1,0.0192205,400,3911,3,513944
ged-opt14-strips,d-1-8.pddl,off,1,4,5.94136,,132558,4,735104
ged-opt14-strips,d-1-8.pddl,on,1,4,3.01752,1848,100806,3,655204
ged-opt14-strips,d-2-1.pddl,off,1,1,0.0199996,,3606,3,514104
ged-opt14-strips,d-2-1.pddl,on,1,1,0.0151022,400,3911,3,513944
ged-opt14-strips,d-2-3.pddl,off,1,3,0.164448,,18902,3,470832
ged-opt14-strips,d-2-3.pddl,on,1,3,0.198,958,21250,3,472628
ged-opt14-strips,d-2-4.pddl,off,1,2,0.0430003,,10359,3,441796
ged-opt14-strips,d-2-4.pddl,on,1,2,0.0360527,642,10335,3,441252
ged-opt14-strips,d-2-8.pddl,off,1,5,123.227,,422163,8,1350048
ged-opt14-strips,d-2-8.pddl,on,1,5,74.5037,3142,568474,8,1210876
ged-opt14-strips,d-3-1.pddl,off,1,4,0.850099,,35085,3,521176
ged-opt14-strips,d-3-1.pddl,on,1,4,0.773932,1357,40242,3,522648
ged-opt14-strips,d-3-2.pddl,off,1,3,0.186393,,18902,3,471344
ged-opt14-strips,d-3-2.pddl,on,1,3,0.178619,958,21250,3,472500
ged-opt14-strips,d-3-4.pddl,off,1,5,12.6178,,132558,4,862372
ged-opt14-strips,d-3-4.pddl,on,1,5,10.3983,1848,100806,3,818904
ged-opt14-strips,d-4-2.pddl,off,1,2,0.0589992,,10359,3,441828
ged-opt14-strips,d-4-2.pddl,on,1,2,0.0529998,642,10335,3,441252
ged-opt14-strips,d-4-3.pddl,off,1,5,12.8325,,132558,4,862084
ged-opt14-strips,d-4-3.pddl,on,1,5,9.30257,1848,100806,3,803232
ged-opt14-strips,d-4-8.pddl,off,1,5,88.2601,,422163,8,1344192
ged-opt14-strips,d-4-8.pddl,on,1,5,84.608,3142,568474,8,1271756
ged-opt14-strips,d-7-5.pddl,off,1,4,5.0052,,132558,4,730784
ged-opt14-strips,d-7-5.pddl,on,1,4,2.5958,1848,100806,3,652196
ged-opt14-strips,d-7-6.pddl,off,1,4,0.965771,,35085,3,527924
ged-opt14-strips,d-7-6.pddl,on,1,4,1.16244,1357,40242,3,536368
ged-opt14-strips,d-8-1.pddl,off,1,4,5.41911,,132558,4,732352
ged-opt14-strips,d-8-1.pddl,on,1,4,2.90885,1848,100806,3,655652
ged-opt14-strips,d-8-2.pddl,off,1,5,106.633,,422163,8,1317868
ged-opt14-strips,d-8-2.pddl,on,1,5,82.1272,3142,568474,8,1169148
ged-opt14-strips,d-8-4.pddl,off,1,5,121.075,,422163,8,1336900
ged-opt14-strips,d-8-4.pddl,on,1,5,83.2958,3142,568474,8,1224672
ged-opt14-strips,d-8-9.pddl,off,1,6,1299.97,,422163,8,4945544
ged-opt14-strips,d-8-9.pddl,on,1,6,1307.85,3142,568474,8,5048352
grid,prob01.pddl,off,1,14,1.18926,,284946,4,632664
grid,prob01.pddl,on,1,14,60.7047,245,72611,2,867568
grid,prob02.pddl,off,1,26,25.3218,,171070,2,1123044
grid,prob02.pddl,on,0,,,213,125005,2,4171036
grid,prob03.pddl,off,0,,,,253241,3,2425292
grid,prob03.pddl,on,0,,,330,84216,1,5686820
grid,prob04.pddl,off,0,,,,510464,6,6151688
grid,prob04.pddl,on,0,,,371,185682,2,5642548
grid,prob05.pddl,off,0,,,,439462,8,7070708
grid,prob05.pddl,on,0,,,611,304482,5,7298532
gripper,prob01.pddl,off,1,11,0.00400162,,459,1,549300
gripper,prob01.pddl,on,1,11,0.00632862,20,406,1,549300
gripper,prob02.pddl,off,1,17,0.0131439,,739,1,455584
gripper,prob02.pddl,on,1,17,0.0131586,30,647,1,455584
gripper,prob03.pddl,off,1,23,0.0490009,,1340,1,505812
gripper,prob03.pddl,on,1,23,0.0310119,40,1158,1,505620
gripper,prob04.pddl,off,1,29,0.121999,,1783,1,539788
gripper,prob04.pddl,on,1,29,0.0809996,50,1552,1,540076
gripper,prob05.pddl,off,1,35,0.172961,,2259,1,438172
gripper,prob05.pddl,on,1,35,0.097979,60,2016,1,435836
gripper,prob06.pddl,off,1,41,0.217913,,2798,1,456220
gripper,prob06.pddl,on,1,41,0.278909,70,2471,1,458588
gripper,prob07.pddl,off,1,47,0.538247,,3895,1,489104
gripper,prob07.pddl,on,1,47,0.482299,80,3402,1,487312
gripper,prob08.pddl,off,1,53,0.58492,,4590,1,510812
gripper,prob08.pddl,on,1,53,0.8431,90,4034,1,511832
gripper,prob09.pddl,off,1,59,1.38999,,5322,1,549188
gripper,prob09.pddl,on,1,59,2.25297,100,4682,1,548260
gripper,prob10.pddl,off,1,65,2.25496,,6119,1,569108
gripper,prob10.pddl,on,1,65,1.92521,110,5408,1,569972
gripper,prob11.pddl,off,1,71,2.54332,,6951,1,620216
gripper,prob11.pddl,on,1,71,3.61822,120,6183,1,606752
gripper,prob12.pddl,off,1,77,6.89099,,7824,1,534180
gripper,prob12.pddl,on,1,77,7.4232,130,6982,1,550940
gripper,prob13.pddl,off,1,83,6.20096,,8727,1,534788
gripper,prob13.pddl,on,1,83,7.44791,140,7838,1,563380
gripper,prob14.pddl,off,1,89,5.961,,9719,1,547760
gripper,prob14.pddl,on,1,89,5.93765,150,8878,1,597656
gripper,prob15.pddl,off,1,95,14.5379,,11750,1,645832
gripper,prob15.pddl,on,1,95,18.7396,160,10700,1,654024
gripper,prob16.pddl,off,1,101,20.9989,,12891,1,689400
gripper,prob16.pddl,on,1,101,22.5874,170,11557,1,728552
gripper,prob17.pddl,off,1,107,16.5771,,14069,1,645392
gripper,prob17.pddl,on,1,107,30.6538,180,12650,1,784244
gripper,prob18.pddl,off,1,113,20.9531,,15303,1,743756
gripper,prob18.pddl,on,1,113,47.3461,190,14049,1,859228
gripper,prob19.pddl,off,1,119,20.9634,,16578,1,711516
gripper,prob19.pddl,on,1,119,37.3323,200,15002,1,718684
gripper,prob20.pddl,off,1,125,18.4188,,17897,1,606252
gripper,prob20.pddl,on,1,125,32.5487,210,16254,1,736340
hiking-opt14-strips,ptesting-1-2-3.pddl,off,1,11,0.00442976,,290,1,516696
hiking-opt14-strips,ptesting-1-2-3.pddl,on,1,11,0.00422892,0,290,1,516696
hiking-opt14-strips,ptesting-1-2-4.pddl,off,1,17,0.0135257,,491,1,517136
hiking-opt14-strips,ptesting-1-2-4.pddl,on,1,17,0.0186651,0,491,1,517136
hiking-opt14-strips,ptesting-1-2-5.pddl,off,1,25,0.0414012,,1160,1,457560
hiking-opt14-strips,ptesting-1-2-5.pddl,on,1,25,0.0384765,0,1160,1,457432
hiking-opt14-strips,ptesting-1-2-7.pddl,off,1,38,0.176839,,2211,1,464296
hiking-opt14-strips,ptesting-1-2-7.pddl,on,1,38,0.147293,0,2211,1,463656
hiking-opt14-strips,ptesting-1-2-8.pddl,off,1,45,0.299,,2845,1,469584
hiking-opt14-strips,ptesting-1-2-8.pddl,on,1,45,0.375444,0,2845,1,471344
hiking-opt14-strips,ptesting-2-2-3.pddl,off,1,10,0.0631916,,2069,1,484732
hiking-opt14-strips,ptesting-2-2-3.pddl,on,1,10,0.0849996,0,2069,1,484732
hiking-opt14-strips,ptesting-2-2-4.pddl,off,1,16,0.900041,,3733,1,528660
hiking-opt14-strips,ptesting-2-2-4.pddl,on,1,16,0.689987,0,3733,1,527860
hiking-opt14-strips,ptesting-2-2-5.pddl,off,1,22,13.7264,,10287,1,845328
hiking-opt14-strips,ptesting-2-2-5.pddl,on,1,22,12.1355,0,10287,1,795976
hiking-opt14-strips,ptesting-2-2-6.pddl,off,1,30,104.316,,16331,1,852104
hiking-opt14-strips,ptesting-2-2-6.pddl,on,1,30,100.848,0,16331,1,858572
hiking-opt14-strips,ptesting-2-2-7.pddl,off,1,34,546.863,,24702,1,1089300
hiking-opt14-strips,ptesting-2-2-7.pddl,on,1,34,543.152,0,24702,1,1089300
hiking-opt14-strips,ptesting-2-2-8.pddl,off,0,,,,33396,1,1714256
hiking-opt14-strips,ptesting-2-2-8.pddl,on,0,,,0,33396,1,1487612
hiking-opt14-strips,ptesting-2-3-4.pddl,off,1,17,3.2379,,4748,1,646596
hiking-opt14-strips,ptesting-2-3-4.pddl,on,1,17,3.74295,0,4748,1,646596
hiking-opt14-strips,ptesting-2-3-5.pddl,off,1,24,97.904,,12616,1,896200
hiking-opt14-strips,ptesting-2-3-5.pddl,on,1,24,105.421,0,12616,1,896200
hiking-opt14-strips,ptesting-2-3-6.pddl,off,1,28,1286.43,,19309,1,1147976
hiking-opt14-strips,ptesting-2-3-6.pddl,on,1,28,1265.43,0,19309,1,1143404
hiking-opt14-strips,ptesting-2-3-7.pddl,off,0,,,,28009,1,1323448
hiking-opt14-strips,ptesting-2-3-7.pddl,on,0,,,0,28009,1,1191384
hiking-opt14-strips,ptesting-2-4-3.pddl,off,1,10,0.192417,,1993,1,523420
hiking-opt14-strips,ptesting-2-4-3.pddl,on,1,10,0.172415,0,1993,1,523260
hiking-opt14-strips,ptesting-2-4-4.pddl,off,1,17,4.28548,,3639,1,667436
hiking-opt14-strips,ptesting-2-4-4.pddl,on,1,17,5.12423,0,3639,1,667436
hiking-opt14-strips,ptesting-2-4-5.pddl,off,1,23,130.65,,8645,1,938504
hiking-opt14-strips,ptesting-2-4-5.pddl,on,1,23,156.643,0,8645,1,903000
hiking-opt14-strips,ptesting-2-4-6.pddl,off,0,,,,12673,1,1263052
hiking-opt14-strips,ptesting-2-4-6.pddl,on,0,,,0,12673,1,1328588
hiking-opt14-strips,ptesting-2-4-7.pddl,off,0,,,,17600,1,1267972
hiking-opt14-strips,ptesting-2-4-7.pddl,on,0,,,0,17600,1,1341920
logistics00,probLOGISTICS-10-0.pddl,off,1,45,568.364,,5948,1,1169304
logistics00,probLOGISTICS-10-0.pddl,on,1,45,502.167,0,5948,1,1159260
logistics00,probLOGISTICS-10-1.pddl,off,1,42,146.637,,5948,1,1222272
logistics00,probLOGISTICS-10-1.pddl,on,1,42,150.979,0,5948,1,1222304
logistics00,probLOGISTICS-11-0.pddl,off,1,48,1034.12,,7035,1,1286920
logistics00,probLOGISTICS-11-0.pddl,on,1,48,1073.35,0,7035,1,1278220
logistics00,probLOGISTICS-11-1.pddl,off,0,,,,7035,1,1432844
logistics00,probLOGISTICS-11-1.pddl,on,0,,,0,7035,1,1435876
logistics00,probLOGISTICS-12-0.pddl,off,1,42,854.75,,7250,1,1458468
logistics00,probLOGISTICS-12-0.pddl,on,1,42,636.527,0,7250,1,1466368
logistics00,probLOGISTICS-12-1.pddl,off,0,,,,7250,1,1503680
logistics00,probLOGISTICS-12-1.pddl,on,0,,,0,7250,1,1497344
logistics00,probLOGISTICS-13-0.pddl,off,0,,,,200180,4,3085324
logistics00,probLOGISTICS-13-0.pddl,on,0,,,0,200180,4,3145152
logistics00,probLOGISTICS-13-1.pddl,off,0,,,,200180,4,2961708
logistics00,probLOGISTICS-13-1.pddl,on,0,,,0,200180,4,2901940
logistics00,probLOGISTICS-14-0.pddl,off,0,,,,284393,4,2316132
logistics00,probLOGISTICS-14-0.pddl,on,0,,,0,284393,4,2291792
logistics00,probLOGISTICS-14-1.pddl,off,0,,,,284393,4,2292412
logistics00,probLOGISTICS-14-1.pddl,on,0,,,0,284393,4,2244860
logistics00,probLOGISTICS-15-0.pddl,off,0,,,,196709,4,2407068
logistics00,probLOGISTICS-15-0.pddl,on,0,,,0,196709,4,2273748
logistics00,probLOGISTICS-15-1.pddl,off,0,,,,196709,4,2537328
logistics00,probLOGISTICS-15-1.pddl,on,0,,,0,196709,4,2288652
logistics00,probLOGISTICS-4-0.pddl,off,1,20,0.0126008,,361,1,549560
logistics00,probLOGISTICS-4-0.pddl,on,1,20,0.00836109,0,361,1,549560
logistics00,probLOGISTICS-4-1.pddl,off,1,19,0.00699988,,361,1,549560
logistics00,probLOGISTICS-4-1.pddl,on,1,19,0.00864051,0,361,1,549560
logistics00,probLOGISTICS-4-2.pddl,off,1,15,0.00699999,,361,1,549432
logistics00,probLOGISTICS-4-2.pddl,on,1,15,0.00809337,0,361,1,549432
logistics00,probLOGISTICS-5-0.pddl,off,1,27,0.0247325,,441,1,447928
logistics00,probLOGISTICS-5-0.pddl,on,1,27,0.0257872,0,441,1,447960
logistics00,probLOGISTICS-5-1.pddl,off,1,17,0.00791919,,441,1,447224
logistics00,probLOGISTICS-5-1.pddl,on,1,17,0.00980477,0,441,1,447224
logistics00,probLOGISTICS-5-2.pddl,off,1,8,0.00354358,,441,1,446936
logistics00,probLOGISTICS-5-2.pddl,on,1,8,0.0052104,0,441,1,446936
logistics00,probLOGISTICS-6-0.pddl,off,1,25,0.02615,,571,1,472788
logistics00,probLOGISTICS-6-0.pddl,on,1,25,0.0257107,0,571,1,472756
logistics00,probLOGISTICS-6-1.pddl,off,1,14,0.0129996,,571,1,471860
logistics00,probLOGISTICS-6-1.pddl,on,1,14,0.0129999,0,571,1,471860
logistics00,probLOGISTICS-6-2.pddl,off,1,25,0.0259232,,571,1,472852
logistics00,probLOGISTICS-6-2.pddl,on,1,25,0.0284043,0,571,1,472820
logistics00,probLOGISTICS-6-9.pddl,off,1,24,0.0371565,,571,1,472628
logistics00,probLOGISTICS-6-9.pddl,on,1,24,0.0230004,0,571,1,472532
logistics00,probLOGISTICS-7-0.pddl,off,1,36,0.749339,,2190,1,456944
logistics00,probLOGISTICS-7-0.pddl,on,1,36,0.762572,0,2190,1,456944
logistics00,probLOGISTICS-7-1.pddl,off,1,44,1.66596,,2190,1,490180
logistics00,probLOGISTICS-7-1.pddl,on,1,44,1.84508,0,2190,1,492960
logistics00,probLOGISTICS-8-0.pddl,off,1,31,0.943977,,2833,1,483220
logistics00,probLOGISTICS-8-0.pddl,on,1,31,0.832803,0,2833,1,483220
logistics00,probLOGISTICS-8-1.pddl,off,1,44,2.9439,,2833,1,531264
logistics00,probLOGISTICS-8-1.pddl,on,1,44,3.28381,0,2833,1,531232
logistics00,probLOGISTICS-9-0.pddl,off,1,36,1.44087,,3470,1,528480
logistics00,probLOGISTICS-9-0.pddl,on,1,36,1.55559,0,3470,1,528480
logistics00,probLOGISTICS-9-1.pddl,off,1,30,0.859707,,3470,1,498388
logistics00,probLOGISTICS-9-1.pddl,on,1,30,0.783533,0,3470,1,498388
logistics98,prob01.pddl,off,1,26,16.5282,,10082,1,784952
logistics98,prob01.pddl,on,1,26,20.763,0,10082,1,784952
logistics98,prob02.pddl,off,0,,,,233617,3,2348688
logistics98,prob02.pddl,on,0,,,0,233617,3,2193112
logistics98,prob03.pddl,off,0,,,,677091,18,3256132
logistics98,prob03.pddl,on,0,,,0,677091,18,3145784
logistics98,prob04.pddl,off,0,,,,1069289,33,2007432
logistics98,prob04.pddl,on,0,,,0,1069289,33,2015688
logistics98,prob05.pddl,off,1,22,1.46698,,9400,1,492620
logistics98,prob05.pddl,on,1,22,1.23063,0,9400,1,487660
logistics98,prob06.pddl,off,0,,,,579092,51,2964536
logistics98,prob06.pddl,on,0,,,0,579092,51,3097248
logistics98,prob07.pddl,off,0,,,,416803,11,4219012
logistics98,prob07.pddl,on,0,,,0,416803,11,3871964
logistics98,prob08.pddl,off,0,,,,953495,41,8191928
logistics98,prob08.pddl,on,0,,,0,953495,41,8191908
logistics98,prob09.pddl,off,0,,,,1935859,96,3349584
logistics98,prob09.pddl,on,0,,,0,1935859,96,3357488
logistics98,prob10.pddl,off,0,,,,1465199,35,4274280
logistics98,prob10.pddl,on,0,,,0,1465199,35,4205972
logistics98,prob11.pddl,off,0,,,,796683,38,5133280
logistics98,prob11.pddl,on,0,,,0,796683,38,3225864
logistics98,prob12.pddl,off,0,,,,1040730,65,8191876
logistics98,prob12.pddl,on,0,,,0,1040730,65,8191976
logistics98,prob13.pddl,off,0,,,,932810,58,1706524
logistics98,prob13.pddl,on,0,,,0,932810,58,1772408
logistics98,prob14.pddl,off,0,,,,3175984,121,8191976
logistics98,prob14.pddl,on,0,,,0,3175984,121,8191880
logistics98,prob15.pddl,off,0,,,,992844,28,5733400
logistics98,prob15.pddl,on,0,,,0,992844,28,5031976
logistics98,prob16.pddl,off,0,,,,1107814,94,1844704
logistics98,prob16.pddl,on,0,,,0,1107814,94,2138876
logistics98,prob17.pddl,off,0,,,,1180258,76,2485520
logistics98,prob17.pddl,on,0,,,0,1180258,76,3084008
logistics98,prob18.pddl,off,0,,,,3782444,191,3895460
logistics98,prob18.pddl,on,0,,,0,3782444,191,3758332
logistics98,prob19.pddl,off,0,,,,5526144,224,8191952
logistics98,prob19.pddl,on,0,,,0,5526144,224,8191956
logistics98,prob20.pddl,off,0,,,,4106489,225,3374280
logistics98,prob20.pddl,on,0,,,0,4106489,225,4124276
logistics98,prob21.pddl,off,0,,,,3673273,200,3905252
logistics98,prob21.pddl,on,0,,,0,3755993,193,2858464
logistics98,prob22.pddl,off,0,,,,5518372,904,8191908
logistics98,prob22.pddl,on,0,,,0,5875484,886,8191992
logistics98,prob23.pddl,off,0,,,,1362745,51,4904444
logistics98,prob23.pddl,on,0,,,0,1362745,51,4734348
logistics98,prob24.pddl,off,0,,,,1564235,88,1887600
logistics98,prob24.pddl,on,0,,,0,1564235,88,1820520
logistics98,prob25.pddl,off,0,,,,6264006,431,2758648
logistics98,prob25.pddl,on,0,,,0,6159989,433,2881580
logistics98,prob26.pddl,off,0,,,,3927898,503,8191940
logistics98,prob26.pddl,on,0,,,0,3962049,502,8191908
logistics98,prob27.pddl,off,0,,,,4400896,329,4000608
logistics98,prob27.pddl,on,0,,,0,4400896,329,2715492
logistics98,prob28.pddl,off,0,,,,17383689,1654,8191988
logistics98,prob28.pddl,on,0,,,0,17705921,1549,8191976
logistics98,prob29.pddl,off,0,,,,6828549,937,8191964
logistics98,prob29.pddl,on,0,,,0,6828549,937,8191844
logistics98,prob30.pddl,off,0,,,,7489880,621,8191980
logistics98,prob30.pddl,on,0,,,0,7380399,638,8191984
logistics98,prob31.pddl,off,1,13,0.0213861,,2175,1,513912
logistics98,prob31.pddl,on,1,13,0.0320014,0,2175,1,513912
logistics98,prob32.pddl,off,1,20,0.0369995,,1570,1,465252
logistics98,prob32.pddl,on,1,20,0.033728,0,1570,1,465284
logistics98,prob33.pddl,off,1,27,21.0743,,7620,1,810392
logistics98,prob33.pddl,on,1,27,20.2508,0,7620,1,810392
logistics98,prob34.pddl,off,0,,,,401254,17,3018680
logistics98,prob34.pddl,on,0,,,0,401254,17,2815896
logistics98,prob35.pddl,off,0,,,,251972,15,3164944
logistics98,prob35.pddl,on,0,,,0,251972,15,3069056
miconic,s1-0.pddl,off,1,4,0.000609018,,11,1,524508
miconic,s1-0.pddl,on,1,4,0.000447593,0,11,1,524508
miconic,s1-1.pddl,off,1,3,0.000370412,,11,1,524508
miconic,s1-1.pddl,on,1,3,0.000314628,0,11,1,524508
miconic,s1-2.pddl,off,1,4,0.000689577,,11,1,524508
miconic,s1-2.pddl,on,1,4,0.00051025,0,11,1,524508
miconic,s1-3.pddl,off,1,4,0.000448145,,11,1,524508
miconic,s1-3.pddl,on,1,4,0.000542864,0,11,1,524508
miconic,s1-4.pddl,off,1,4,0.000447086,,11,1,524508
miconic,s1-4.pddl,on,1,4,0.000334105,0,11,1,524508
miconic,s10-0.pddl,off,1,33,0.113142,,749,1,508568
miconic,s10-0.pddl,on,1,33,0.164,0,749,1,508568
miconic,s10-1.pddl,off,1,32,0.226901,,722,1,511384
miconic,s10-1.pddl,on,1,32,0.221043,0,722,1,511480
miconic,s10-2.pddl,off,1,32,0.194644,,704,1,511160
miconic,s10-2.pddl,on,1,32,0.173903,0,704,1,511160
miconic,s10-3.pddl,off,1,34,0.125141,,750,1,508536
miconic,s10-3.pddl,on,1,34,0.125208,0,750,1,508824
miconic,s10-4.pddl,off,1,33,0.201139,,620,1,511352
miconic,s10-4.pddl,on,1,33,0.255,0,620,1,510904
miconic,s11-0.pddl,off,1,37,0.408001,,855,1,532104
miconic,s11-0.pddl,on,1,37,0.428726,0,855,1,532488
miconic,s11-1.pddl,off,1,34,0.19745,,980,1,525932
miconic,s11-1.pddl,on,1,34,0.195034,0,980,1,525900
miconic,s11-2.pddl,off,1,38,0.160075,,752,1,525836
miconic,s11-2.pddl,on,1,38,0.281843,0,752,1,525836
miconic,s11-3.pddl,off,1,38,0.508755,,1062,1,536008
miconic,s11-3.pddl,on,1,38,0.554033,0,1062,1,537096
miconic,s11-4.pddl,off,1,35,0.417991,,1047,1,534600
miconic,s11-4.pddl,on,1,35,0.491558,0,1047,1,534600
miconic,s12-0.pddl,off,1,40,0.480687,,1170,1,552260
miconic,s12-0.pddl,on,1,40,0.517621,0,1170,1,552228
miconic,s12-1.pddl,off,1,40,0.451758,,1208,1,548836
miconic,s12-1.pddl,on,1,40,0.367794,0,1208,1,548068
miconic,s12-2.pddl,off,1,40,0.742856,,1237,1,560384
miconic,s12-2.pddl,on,1,40,0.795422,0,1237,1,560384
miconic,s12-3.pddl,off,1,39,0.922987,,1175,1,560064
miconic,s12-3.pddl,on,1,39,0.976972,0,1175,1,560064
miconic,s12-4.pddl,off,1,41,0.262796,,1168,1,545732
miconic,s12-4.pddl,on,1,41,0.311993,0,1168,1,545284
miconic,s13-0.pddl,off,1,44,1.55054,,1301,1,468148
miconic,s13-0.pddl,on,1,44,1.62294,0,1301,1,468148
miconic,s13-1.pddl,off,1,42,1.59061,,1662,1,464500
miconic,s13-1.pddl,on,1,42,1.53301,0,1662,1,464500
miconic,s13-2.pddl,off,1,46,0.663972,,1445,1,439808
miconic,s13-2.pddl,on,1,46,0.661921,0,1445,1,439808
miconic,s13-3.pddl,off,1,43,0.781024,,1441,1,444704
miconic,s13-3.pddl,on,1,43,0.600725,0,1441,1,442528
miconic,s13-4.pddl,off,1,41,2.76855,,1525,1,516828
miconic,s13-4.pddl,on,1,41,3.29449,0,1525,1,516828
miconic,s14-0.pddl,off,1,45,2.67295,,1487,1,489256
miconic,s14-0.pddl,on,1,45,2.48261,0,1487,1,486120
miconic,s14-1.pddl,off,1,47,1.78585,,1983,1,476076
miconic,s14-1.pddl,on,1,47,1.96318,0,1983,1,474224
miconic,s14-2.pddl,off,1,49,1.11851,,2121,1,460436
miconic,s14-2.pddl,on,1,49,1.46498,0,2121,1,462676
miconic,s14-3.pddl,off,1,42,0.80819,,1227,1,450648
miconic,s14-3.pddl,on,1,42,0.825434,0,1227,1,450648
miconic,s14-4.pddl,off,1,45,2.98578,,2177,1,500484
miconic,s14-4.pddl,on,1,45,3.44245,0,2177,1,504096
miconic,s15-0.pddl,off,1,46,5.3679,,1528,1,527072
miconic,s15-0.pddl,on,1,46,5.20522,0,1528,1,521924
miconic,s15-1.pddl,off,1,50,2.65387,,2568,1,490256
miconic,s15-1.pddl,on,1,50,2.38513,0,2568,1,485108
miconic,s15-2.pddl,off,1,50,2.58988,,2658,1,493904
miconic,s15-2.pddl,on,1,50,2.14686,0,2658,1,493904
miconic,s15-3.pddl,off,1,50,3.63417,,1412,1,505864
miconic,s15-3.pddl,on,1,50,3.07996,0,1412,1,492240
miconic,s15-4.pddl,off,1,47,3.18339,,1931,1,519204
miconic,s15-4.pddl,on,1,47,5.13461,0,1931,1,523392
miconic,s16-0.pddl,off,1,53,12.7746,,2106,1,634836
miconic,s16-0.pddl,on,1,53,15.0234,0,2106,1,642640
miconic,s16-1.pddl,off,1,52,8.57147,,2253,1,573328
miconic,s16-1.pddl,on,1,52,9.25867,0,2253,1,573296
miconic,s16-2.pddl,off,1,55,5.26527,,3506,1,531092
miconic,s16-2.pddl,on,1,55,6.38026,0,3506,1,536400
miconic,s16-3.pddl,off,1,52,4.42414,,2277,1,513516
miconic,s16-3.pddl,on,1,52,3.35438,0,2277,1,507724
miconic,s16-4.pddl,off,1,53,1.98381,,3389,1,490340
miconic,s16-4.pddl,on,1,53,2.05855,0,3389,1,490468
miconic,s17-0.pddl,off,1,56,8.7828,,4733,1,558796
miconic,s17-0.pddl,on,1,56,9.14437,0,4733,1,570248
miconic,s17-1.pddl,off,1,54,15.0515,,2982,1,665920
miconic,s17-1.pddl,on,1,54,15.1477,0,2982,1,656548
miconic,s17-2.pddl,off,1,54,16.4999,,4530,1,635724
miconic,s17-2.pddl,on,1,54,19.3077,0,4530,1,650852
miconic,s17-3.pddl,off,1,60,27.8276,,4700,1,756620
miconic,s17-3.pddl,on,1,60,28.5856,0,4700,1,756620
miconic,s17-4.pddl,off,1,55,75.1948,,4005,1,869792
miconic,s17-4.pddl,on,1,55,63.4065,0,4005,1,897904
miconic,s18-0.pddl,off,1,59,26.1187,,3995,1,697532
miconic,s18-0.pddl,on,1,59,21.7404,0,3995,1,679176
miconic,s18-1.pddl,off,1,58,20.2133,,3157,1,708568
miconic,s18-1.pddl,on,1,58,18.5813,0,3157,1,708600
miconic,s18-2.pddl,off,1,58,87.1731,,6240,1,922288
miconic,s18-2.pddl,on,1,58,93.2789,0,6240,1,919280
miconic,s18-3.pddl,off,1,60,18.1457,,2835,1,649616
miconic,s18-3.pddl,on,1,60,21.2886,0,2835,1,656876
miconic,s18-4.pddl,off,1,57,12.2767,,4136,1,609092
miconic,s18-4.pddl,on,1,57,12.3838,0,4136,1,609060
miconic,s19-0.pddl,off,1,62,196.86,,8572,1,1023044
miconic,s19-0.pddl,on,1,62,205.194,0,8572,1,1027456
miconic,s19-1.pddl,off,1,65,97.0877,,5094,1,809064
miconic,s19-1.pddl,on,1,65,92.6746,0,5094,1,816040
miconic,s19-2.pddl,off,1,63,79.5263,,8798,1,806028
miconic,s19-2.pddl,on,1,63,81.4099,0,8798,1,806028
miconic,s19-3.pddl,off,1,64,55.1702,,5642,1,723664
miconic,s19-3.pddl,on,1,64,47.749,0,5642,1,725812
miconic,s19-4.pddl,off,1,63,132.553,,8679,1,972508
miconic,s19-4.pddl,on,1,63,118.979,0,8679,1,954856
miconic,s2-0.pddl,off,1,7,0.000771769,,41,1,508156
miconic,s2-0.pddl,on,1,7,0.00107167,0,41,1,508156
miconic,s2-1.pddl,off,1,7,0.000571416,,41,1,508156
miconic,s2-1.pddl,on,1,7,0.00107008,0,41,1,508156
miconic,s2-2.pddl,off,1,7,0.000564992,,39,1,508156
miconic,s2-2.pddl,on,1,7,0.000759562,0,39,1,508156
miconic,s2-3.pddl,off,1,7,0.00105399,,39,1,508156
miconic,s2-3.pddl,on,1,7,0.00108681,0,39,1,508156
miconic,s2-4.pddl,off,1,7,0.000840692,,38,1,508156
miconic,s2-4.pddl,on,1,7,0.000999941,0,38,1,508156
miconic,s20-0.pddl,off,1,64,971.398,,6425,1,1279900
miconic,s20-0.pddl,on,1,64,1023.87,0,6425,1,1366832
miconic,s20-1.pddl,off,1,66,48.5248,,11215,1,737988
miconic,s20-1.pddl,on,1,66,48.251,0,11215,1,738912
miconic,s20-2.pddl,off,1,63,31.4909,,5237,1,807488
miconic,s20-2.pddl,on,1,63,32.5054,0,5237,1,807488
miconic,s20-3.pddl,off,1,63,86.7929,,6235,1,931080
miconic,s20-3.pddl,on,1,63,81.0475,0,6235,1,908564
miconic,s20-4.pddl,off,1,65,185.502,,4245,1,914416
miconic,s20-4.pddl,on,1,65,184.018,0,4245,1,926220
miconic,s21-0.pddl,off,1,70,1404.61,,6267,1,1532868
miconic,s21-0.pddl,on,1,70,1539.05,0,6267,1,1388916
miconic,s21-1.pddl,off,1,69,501.043,,5744,1,1098864
miconic,s21-1.pddl,on,1,69,587.431,0,5744,1,1141144
miconic,s21-2.pddl,off,1,69,245.506,,11300,1,1019636
miconic,s21-2.pddl,on,1,69,241.798,0,11300,1,910824
miconic,s21-3.pddl,off,1,67,154.481,,10559,1,842284
miconic,s21-3.pddl,on,1,67,166.993,0,10559,1,886132
miconic,s21-4.pddl,off,1,70,128.989,,9082,1,854468
miconic,s21-4.pddl,on,1,70,121.201,0,9082,1,854468
miconic,s22-0.pddl,off,1,73,528.605,,17373,1,1264712
miconic,s22-0.pddl,on,1,73,494.146,0,17373,1,1266792
miconic,s22-1.pddl,off,1,70,763.71,,17399,1,1380764
miconic,s22-1.pddl,on,1,70,814.992,0,17399,1,1425544
miconic,s22-2.pddl,off,1,71,1621.4,,7363,1,1519708
miconic,s22-2.pddl,on,0,,,0,7363,1,1615432
miconic,s22-3.pddl,off,1,76,605.763,,12015,1,1220508
miconic,s22-3.pddl,on,1,76,631.469,0,12015,1,1326532
miconic,s22-4.pddl,off,1,72,390.418,,22020,1,1237772
miconic,s22-4.pddl,on,1,72,353.866,0,22020,1,1221272
miconic,s23-0.pddl,off,1,76,1769.03,,12775,1,1445400
miconic,s23-0.pddl,on,1,76,1696.6,0,12775,1,1445432
miconic,s23-1.pddl,off,1,76,859.939,,16820,1,1314428
miconic,s23-1.pddl,on,1,76,719.541,0,16820,1,1329396
miconic,s23-2.pddl,off,0,,,,16768,1,1577136
miconic,s23-2.pddl,on,0,,,0,16768,1,1574584
miconic,s23-3.pddl,off,0,,,,15159,1,1772564
miconic,s23-3.pddl,on,0,,,0,15159,1,1836404
miconic,s23-4.pddl,off,0,,,,30258,1,2331996
miconic,s23-4.pddl,on,0,,,0,30258,1,2334300
miconic,s24-0.pddl,off,0,,,,35145,1,2472112
miconic,s24-0.pddl,on,0,,,0,35145,1,2295220
miconic,s24-1.pddl,off,0,,,,24656,1,1943652
miconic,s24-1.pddl,on,0,,,0,24656,1,1943652
miconic,s24-2.pddl,off,0,,,,39573,1,1703240
miconic,s24-2.pddl,on,0,,,0,39573,1,1813844
miconic,s24-3.pddl,off,0,,,,11895,1,2074504
miconic,s24-3.pddl,on,0,,,0,11895,1,1983144
miconic,s24-4.pddl,off,1,78,1053.98,,20929,1,1360436
miconic,s24-4.pddl,on,1,78,1173.04,0,20929,1,1435332
miconic,s25-0.pddl,off,0,,,,23894,1,1809260
miconic,s25-0.pddl,on,0,,,0,23894,1,1807192
miconic,s25-1.pddl,off,0,,,,57642,1,2156340
miconic,s25-1.pddl,on,0,,,0,57642,1,2165648
miconic,s25-2.pddl,off,0,,,,24231,1,1451004
miconic,s25-2.pddl,on,0,,,0,24231,1,1596192
miconic,s25-3.pddl,off,0,,,,18035,1,2762268
miconic,s25-3.pddl,on,0,,,0,18035,1,2637980
miconic,s25-4.pddl,off,0,,,,19561,1,1792652
miconic,s25-4.pddl,on,0,,,0,19561,1,1780284
miconic,s26-0.pddl,off,0,,,,85108,1,2494208
miconic,s26-0.pddl,on,0,,,0,85108,1,2516816
miconic,s26-1.pddl,off,0,,,,84520,1,1862172
miconic,s26-1.pddl,on,0,,,0,84520,1,1864472
miconic,s26-2.pddl,off,0,,,,48990,1,3179756
miconic,s26-2.pddl,on,0,,,0,48990,1,3326492
miconic,s26-3.pddl,off,0,,,,18398,1,2428428
miconic,s26-3.pddl,on,0,,,0,18398,1,2444012
miconic,s26-4.pddl,off,0,,,,85468,1,2312168
miconic,s26-4.pddl,on,0,,,0,85468,1,2312308
miconic,s27-0.pddl,off,0,,,,70889,2,3097980
miconic,s27-0.pddl,on,0,,,0,70889,2,3110744
miconic,s27-1.pddl,off,0,,,,61496,1,2213224
miconic,s27-1.pddl,on,0,,,0,61496,1,2012952
miconic,s27-2.pddl,off,0,,,,72308,2,2910872
miconic,s27-2.pddl,on,0,,,0,72308,2,3372716
miconic,s27-3.pddl,off,0,,,,60175,1,2539388
miconic,s27-3.pddl,on,0,,,0,60175,1,2539388
miconic,s27-4.pddl,off,0,,,,80393,1,2213528
miconic,s27-4.pddl,on,0,,,0,80393,1,2265644
miconic,s28-0.pddl,off,0,,,,58720,2,2953324
miconic,s28-0.pddl,on,0,,,0,58720,2,2885764
miconic,s28-1.pddl,off,0,,,,72723,1,1744208
miconic,s28-1.pddl,on,0,,,0,72723,1,1723824
miconic,s28-2.pddl,off,0,,,,43022,1,2009484
miconic,s28-2.pddl,on,0,,,0,43022,1,2009276
miconic,s28-3.pddl,off,0,,,,27563,1,1957332
miconic,s28-3.pddl,on,0,,,0,27563,1,1693712
miconic,s28-4.pddl,off,0,,,,78967,2,3190700
miconic,s28-4.pddl,on,0,,,0,78967,2,2957900
miconic,s29-0.pddl,off,0,,,,74877,2,2070120
miconic,s29-0.pddl,on,0,,,0,74877,2,2275116
miconic,s29-1.pddl,off,0,,,,55767,2,1968788
miconic,s29-1.pddl,on,0,,,0,55767,2,2097816
miconic,s29-2.pddl,off,0,,,,82274,2,3141376
miconic,s29-2.pddl,on,0,,,0,82274,2,2440024
miconic,s29-3.pddl,off,0,,,,93735,2,2218508
miconic,s29-3.pddl,on,0,,,0,93735,2,2205916
miconic,s29-4.pddl,off,0,,,,80485,1,2675820
miconic,s29-4.pddl,on,0,,,0,80485,1,2907592
miconic,s3-0.pddl,off,1,10,0.00150188,,94,1,450840
miconic,s3-0.pddl,on,1,10,0.00135573,0,94,1,450840
miconic,s3-1.pddl,off,1,11,0.00254582,,82,1,450840
miconic,s3-1.pddl,on,1,11,0.0015463,0,82,1,450840
miconic,s3-2.pddl,off,1,10,0.00132296,,88,1,450840
miconic,s3-2.pddl,on,1,10,0.00171668,0,88,1,450840
miconic,s3-3.pddl,off,1,10,0.00114257,,96,1,450840
miconic,s3-3.pddl,on,1,10,0.00133647,0,96,1,450840
miconic,s3-4.pddl,off,1,10,0.00113877,,81,1,450840
miconic,s3-4.pddl,on,1,10,0.00158691,0,81,1,450840
miconic,s30-0.pddl,off,0,,,,70396,1,1528204
miconic,s30-0.pddl,on,0,,,0,70396,1,1642324
miconic,s30-1.pddl,off,0,,,,78821,2,2333120
miconic,s30-1.pddl,on,0,,,0,78821,2,2872692
miconic,s30-2.pddl,off,0,,,,69700,2,2937932
miconic,s30-2.pddl,on,0,,,0,69700,2,2940332
miconic,s30-3.pddl,off,0,,,,80902,1,2134432
miconic,s30-3.pddl,on,0,,,0,80902,1,2188816
miconic,s30-4.pddl,off,0,,,,56654,1,2334100
miconic,s30-4.pddl,on,0,,,0,56654,1,2334036
miconic,s4-0.pddl,off,1,14,0.00316473,,124,1,483732
miconic,s4-0.pddl,on,1,14,0.00380739,0,124,1,483732
miconic,s4-1.pddl,off,1,13,0.00399951,,122,1,483732
miconic,s4-1.pddl,on,1,13,0.00358821,0,122,1,483732
miconic,s4-2.pddl,off,1,15,0.00400008,,114,1,483600
miconic,s4-2.pddl,on,1,15,0.00344514,0,114,1,483600
miconic,s4-3.pddl,off,1,15,0.00399765,,117,1,483732
miconic,s4-3.pddl,on,1,15,0.00400017,0,117,1,483732
miconic,s4-4.pddl,off,1,15,0.00314864,,114,1,483600
miconic,s4-4.pddl,on,1,15,0.00347613,0,114,1,483600
miconic,s5-0.pddl,off,1,17,0.00903297,,211,1,533052
miconic,s5-0.pddl,on,1,17,0.00899993,0,211,1,533052
miconic,s5-1.pddl,off,1,17,0.00519426,,210,1,533052
miconic,s5-1.pddl,on,1,17,0.00915741,0,210,1,533052
miconic,s5-2.pddl,off,1,15,0.00800022,,221,1,533052
miconic,s5-2.pddl,on,1,15,0.0080009,0,221,1,533052
miconic,s5-3.pddl,off,1,17,0.00965001,,206,1,533052
miconic,s5-3.pddl,on,1,17,0.00948822,0,206,1,533052
miconic,s5-4.pddl,off,1,18,0.00971421,,214,1,533052
miconic,s5-4.pddl,on,1,18,0.00991258,0,214,1,533052
miconic,s6-0.pddl,off,1,19,0.0145203,,269,1,430840
miconic,s6-0.pddl,on,1,19,0.0122392,0,269,1,430840
miconic,s6-1.pddl,off,1,19,0.00999876,,261,1,430712
miconic,s6-1.pddl,on,1,19,0.0102889,0,261,1,430712
miconic,s6-2.pddl,off,1,20,0.0170264,,283,1,431000
miconic,s6-2.pddl,on,1,20,0.0180005,0,283,1,431000
miconic,s6-3.pddl,off,1,20,0.0170883,,241,1,430968
miconic,s6-3.pddl,on,1,20,0.018655,0,241,1,430968
miconic,s6-4.pddl,off,1,21,0.0192099,,276,1,431128
miconic,s6-4.pddl,on,1,21,0.0199395,0,276,1,431032
miconic,s7-0.pddl,off,1,23,0.0276412,,298,1,448200
miconic,s7-0.pddl,on,1,23,0.027694,0,298,1,448136
miconic,s7-1.pddl,off,1,24,0.0363177,,340,1,447916
miconic,s7-1.pddl,on,1,24,0.037707,0,340,1,447948
miconic,s7-2.pddl,off,1,22,0.0379994,,395,1,448072
miconic,s7-2.pddl,on,1,22,0.0384199,0,395,1,448072
miconic,s7-3.pddl,off,1,22,0.0298582,,315,1,447688
miconic,s7-3.pddl,on,1,22,0.032981,0,315,1,447688
miconic,s7-4.pddl,off,1,25,0.0409653,,351,1,447848
miconic,s7-4.pddl,on,1,25,0.0454042,0,351,1,447816
miconic,s8-0.pddl,off,1,27,0.0570412,,378,1,464832
miconic,s8-0.pddl,on,1,27,0.0601163,0,378,1,464800
miconic,s8-1.pddl,off,1,27,0.0280023,,415,1,464384
miconic,s8-1.pddl,on,1,27,0.0309997,0,415,1,464416
miconic,s8-2.pddl,off,1,26,0.0569991,,458,1,465440
miconic,s8-2.pddl,on,1,26,0.0478712,0,458,1,465440
miconic,s8-3.pddl,off,1,28,0.0303303,,393,1,464384
miconic,s8-3.pddl,on,1,28,0.0292393,0,393,1,464384
miconic,s8-4.pddl,off,1,27,0.0298769,,440,1,464608
miconic,s8-4.pddl,on,1,27,0.0304525,0,440,1,464608
miconic,s9-0.pddl,off,1,31,0.109805,,664,1,492120
miconic,s9-0.pddl,on,1,31,0.108001,0,664,1,492120
miconic,s9-1.pddl,off,1,30,0.100993,,597,1,491448
miconic,s9-1.pddl,on,1,30,0.0988939,0,597,1,491448
miconic,s9-2.pddl,off,1,30,0.120986,,600,1,492952
miconic,s9-2.pddl,on,1,30,0.124516,0,600,1,493048
miconic,s9-3.pddl,off,1,32,0.0896771,,501,1,490172
miconic,s9-3.pddl,on,1,32,0.0989995,0,501,1,490300
miconic,s9-4.pddl,off,1,28,0.127,,635,1,491128
miconic,s9-4.pddl,on,1,28,0.12481,0,635,1,491128
movie,prob01.pddl,off,1,7,0.000912134,,49,1,540932
movie,prob01.pddl,on,1,7,0.000850551,0,49,1,540932
movie,prob02.pddl,off,1,7,0.000874716,,49,1,540936
movie,prob02.pddl,on,1,7,0.000888726,0,49,1,540936
movie,prob03.pddl,off,1,7,0.000905363,,49,1,540936
movie,prob03.pddl,on,1,7,0.000999414,0,49,1,540936
movie,prob04.pddl,off,1,7,0.000915926,,49,1,540936
movie,prob04.pddl,on,1,7,0.000921888,0,49,1,540936
movie,prob05.pddl,off,1,7,0.000991401,,49,1,540936
movie,prob05.pddl,on,1,7,0.000985856,0,49,1,540936
movie,prob06.pddl,off,1,7,0.000944766,,49,1,540936
movie,prob06.pddl,on,1,7,0.000946665,0,49,1,540936
movie,prob07.pddl,off,1,7,0.00100102,,49,1,540936
movie,prob07.pddl,on,1,7,0.0010245,0,49,1,540936
movie,prob08.pddl,off,1,7,0.00100011,,49,1,540940
movie,prob08.pddl,on,1,7,0.00100154,0,49,1,540940
movie,prob09.pddl,off,1,7,0.00105578,,49,1,540940
movie,prob09.pddl,on,1,7,0.00181332,0,49,1,540940
movie,prob10.pddl,off,1,7,0.00108085,,49,1,540940
movie,prob10.pddl,on,1,7,0.00100042,0,49,1,540940
movie,prob11.pddl,off,1,7,0.00200044,,49,1,540940
movie,prob11.pddl,on,1,7,0.00159771,0,49,1,540940
movie,prob12.pddl,off,1,7,0.00126532,,49,1,540912
movie,prob12.pddl,on,1,7,0.00117158,0,49,1,540912
movie,prob13.pddl,off,1,7,0.00152934,,49,1,540912
movie,prob13.pddl,on,1,7,0.000999523,0,49,1,540912
movie,prob14.pddl,off,1,7,0.00197101,,49,1,540912
movie,prob14.pddl,on,1,7,0.00200003,0,49,1,540912
movie,prob15.pddl,off,1,7,0.00199999,,49,1,540912
movie,prob15.pddl,on,1,7,0.00100005,0,49,1,540912
movie,prob16.pddl,off,1,7,0.00199989,,49,1,540912
movie,prob16.pddl,on,1,7,0.0013908,0,49,1,540912
movie,prob17.pddl,off,1,7,0.0012369,,49,1,540912
movie,prob17.pddl,on,1,7,0.00176266,0,49,1,540912
movie,prob18.pddl,off,1,7,0.00184375,,49,1,540916
movie,prob18.pddl,on,1,7,0.00200026,0,49,1,540916
movie,prob19.pddl,off,1,7,0.00199981,,49,1,540916
movie,prob19.pddl,on,1,7,0.0018834,0,49,1,540916
movie,prob20.pddl,off,1,7,0.00199987,,49,1,540916
movie,prob20.pddl,on,1,7,0.000999925,0,49,1,540916
movie,prob21.pddl,off,1,7,0.00199989,,49,1,540912
movie,prob21.pddl,on,1,7,0.00197097,0,49,1,540912
movie,prob22.pddl,off,1,7,0.00279717,,49,1,540912
movie,prob22.pddl,on,1,7,0.00124769,0,49,1,540912
movie,prob23.pddl,off,1,7,0.00199918,,49,1,540912
movie,prob23.pddl,on,1,7,0.00274862,0,49,1,540912
movie,prob24.pddl,off,1,7,0.0020001,,49,1,540912
movie,prob24.pddl,on,1,7,0.00189698,0,49,1,540912
movie,prob25.pddl,off,1,7,0.00300045,,49,1,540916
movie,prob25.pddl,on,1,7,0.00176253,0,49,1,540916
movie,prob26.pddl,off,1,7,0.00175926,,49,1,540916
movie,prob26.pddl,on,1,7,0.00341211,0,49,1,540916
movie,prob27.pddl,off,1,7,0.00200014,,49,1,540916
movie,prob27.pddl,on,1,7,0.00269811,0,49,1,540916
movie,prob28.pddl,off,1,7,0.00256028,,49,1,540916
movie,prob28.pddl,on,1,7,0.00248289,0,49,1,540916
movie,prob29.pddl,off,1,7,0.00288474,,49,1,540916
movie,prob29.pddl,on,1,7,0.00263083,0,49,1,540916
movie,prob30.pddl,off,1,7,0.00261472,,49,1,540920
movie,prob30.pddl,on,1,7,0.00265242,0,49,1,540920
mprime,prob01.pddl,off,1,5,0.0419276,,1041,1,431328
mprime,prob01.pddl,on,1,5,0.0469165,0,1041,1,431328
mprime,prob02.pddl,off,1,7,25.506,,1052368,17,1084764
mprime,prob02.pddl,on,1,7,26.206,210,1695405,43,1272908
mprime,prob03.pddl,off,1,4,4.34577,,582591,23,753072
mprime,prob03.pddl,on,1,4,5.01274,36,552668,22,740820
mprime,prob04.pddl,off,1,8,0.120027,,3502,1,432160
mprime,prob04.pddl,on,1,8,0.117148,28,3352,1,432444
mprime,prob05.pddl,off,1,11,68.6328,,704952,11,1230464
mprime,prob05.pddl,on,1,11,65.6125,0,704952,11,1299484
mprime,prob06.pddl,off,0,,,,2626237,98,7094272
mprime,prob06.pddl,on,0,,,135,3051944,85,8192000
mprime,prob07.pddl,off,1,5,4.82829,,30919,1,584576
mprime,prob07.pddl,on,1,5,0.381157,600,16892,1,462620
mprime,prob08.pddl,off,1,6,43.8536,,1067222,41,1025780
mprime,prob08.pddl,on,1,6,29.8305,30,826221,42,1195992
mprime,prob09.pddl,off,1,8,11.6972,,937829,19,780276
mprime,prob09.pddl,on,1,8,9.5586,273,397069,5,732964
mprime,prob10.pddl,off,0,,,,4991799,524,8191956
mprime,prob10.pddl,on,0,,,2340,5981880,505,8191860
mprime,prob11.pddl,off,1,7,0.0989993,,2682,1,553144
mprime,prob11.pddl,on,1,7,0.0973992,0,2682,1,553144
mprime,prob12.pddl,off,1,6,0.484988,,55326,1,542988
mprime,prob12.pddl,on,1,6,0.484695,18,55314,1,545672
mprime,prob13.pddl,off,0,,,,6939836,414,8191940
mprime,prob13.pddl,on,0,,,2162,6893756,423,8191940
mprime,prob14.pddl,off,0,,,,5606400,421,8191964
mprime,prob14.pddl,on,0,,,990,5674196,512,8191868
mprime,prob15.pddl,off,1,6,1291.96,,3198236,272,6321512
mprime,prob15.pddl,on,1,6,1322.35,364,3053516,201,7596104
mprime,prob16.pddl,off,1,6,25.1631,,1456510,44,916972
mprime,prob16.pddl,on,1,6,16.0464,90,1229628,43,1027544
mprime,prob17.pddl,off,1,4,108.577,,4114734,216,2627448
mprime,prob17.pddl,on,1,4,114.106,630,3584361,179,2700696
mprime,prob18.pddl,off,0,,,,1887039,65,4759552
mprime,prob18.pddl,on,0,,,135,1923191,62,3544976
mprime,prob19.pddl,off,1,6,97.373,,3174604,117,1573520
mprime,prob19.pddl,on,1,6,97.5506,210,2492846,108,1438364
mprime,prob20.pddl,off,0,,,,1199783,45,8191964
mprime,prob20.pddl,on,0,,,50,1127065,43,8191928
mprime,prob21.pddl,off,1,6,108.151,,2043190,105,1471920
mprime,prob21.pddl,on,1,6,73.5657,595,2743856,176,1423720
mprime,prob22.pddl,off,0,,,,9293016,529,8191924
mprime,prob22.pddl,on,0,,,1368,7828634,496,8191940
mprime,prob23.pddl,off,0,,,,3496812,120,8191860
mprime,prob23.pddl,on,0,,,272,2730810,112,5005292
mprime,prob24.pddl,off,1,8,1120.44,,1096430,14,4150624
mprime,prob24.pddl,on,1,8,1157.62,0,1096430,14,4158216
mprime,prob25.pddl,off,1,4,0.00980188,,703,1,505076
mprime,prob25.pddl,on,1,4,0.0109999,3,660,1,504952
mprime,prob26.pddl,off,1,6,3.91481,,451518,15,677832
mprime,prob26.pddl,on,1,6,5.01006,30,511303,12,674696
mprime,prob27.pddl,off,1,5,0.434541,,43782,1,472556
mprime,prob27.pddl,on,1,5,0.467972,0,43782,1,472556
mprime,prob28.pddl,off,1,7,0.0404105,,1243,1,468536
mprime,prob28.pddl,on,1,7,0.0454876,0,1243,1,468536
mprime,prob29.pddl,off,1,4,0.242781,,10333,1,493492
mprime,prob29.pddl,on,1,4,0.315588,0,10333,1,493492
mprime,prob30.pddl,off,1,9,932.276,,1056124,23,3875440
mprime,prob30.pddl,on,1,9,868.333,56,881026,21,3660560
mprime,prob31.pddl,off,1,4,31.108,,2127921,64,1138456
mprime,prob31.pddl,on,1,4,30.3305,220,1695065,60,1172620
mprime,prob32.pddl,off,1,7,0.627562,,17181,1,509032
mprime,prob32.pddl,on,1,7,0.58195,0,17181,1,509032
mprime,prob33.pddl,off,0,,,,3227450,110,5931024
mprime,prob33.pddl,on,0,,,2460,6121372,240,8191896
mprime,prob34.pddl,off,1,4,33.0441,,1323898,32,1056204
mprime,prob34.pddl,on,1,4,17.8855,253,3146632,56,801500
mprime,prob35.pddl,off,1,5,0.0741987,,30392,1,495860
mprime,prob35.pddl,on,1,5,0.0761001,0,30392,1,495860
mystery,prob01.pddl,off,1,5,0.00861234,,897,1,529244
mystery,prob01.pddl,on,1,5,0.00873926,38,766,1,529272
mystery,prob02.pddl,off,1,7,15.2637,,794724,13,841936
mystery,prob02.pddl,on,1,7,17.8131,234,1822170,42,1044964
mystery,prob03.pddl,off,1,4,4.53684,,515392,19,665792
mystery,prob03.pddl,on,1,4,11.0717,115,10908,1,730428
mystery,prob04.pddl,off,0,,0.000350505,,0,0,491720
mystery,prob04.pddl,on,0,,0.000502937,0,0,0,491720
mystery,prob05.pddl,off,0,,0.000373622,,0,0,491720
mystery,prob05.pddl,on,0,,0.000574308,0,0,0,491720
mystery,prob06.pddl,off,0,,,,2042831,83,8191948
mystery,prob06.pddl,on,0,,,694,1853123,84,8191916
mystery,prob07.pddl,off,0,,0.000564399,,0,0,491720
mystery,prob07.pddl,on,0,,0.000561811,0,0,0,491720
mystery,prob08.pddl,off,0,,0.000585804,,0,0,491720
mystery,prob08.pddl,on,0,,0.00054014,0,0,0,491720
mystery,prob09.pddl,off,1,8,8.29582,,811395,16,763456
mystery,prob09.pddl,on,1,8,5.93093,392,417436,5,623652
mystery,prob10.pddl,off,0,,,,5057595,380,8191996
mystery,prob10.pddl,on,0,,,7655,7061369,535,8191916
mystery,prob11.pddl,off,1,7,0.0374952,,4387,1,492412
mystery,prob11.pddl,on,1,7,0.0470336,237,2947,1,492684
mystery,prob12.pddl,off,0,,0.000415361,,0,0,491720
mystery,prob12.pddl,on,0,,0.000576401,0,0,0,491720
mystery,prob13.pddl,off,0,,,,2044349,51,8191940
mystery,prob13.pddl,on,0,,,8181,1260056,21,8191948
mystery,prob14.pddl,off,0,,,,5012836,336,8191944
mystery,prob14.pddl,on,0,,,1867,5800022,420,8191952
mystery,prob15.pddl,off,1,6,199.518,,3906111,149,2855868
mystery,prob15.pddl,on,1,6,69.5164,680,99846,1,780520
mystery,prob16.pddl,off,0,,0.000198704,,0,0,491720
mystery,prob16.pddl,on,0,,0.000475896,0,0,0,491720
mystery,prob17.pddl,off,1,4,104.338,,4162702,172,2509272
mystery,prob17.pddl,on,1,4,62.0018,993,168891,2,840136
mystery,prob18.pddl,off,0,,0.000431589,,0,0,491720
mystery,prob18.pddl,on,0,,0.000537794,0,0,0,491720
mystery,prob19.pddl,off,1,6,54.982,,1332802,35,1888760
mystery,prob19.pddl,on,1,6,31.9856,1582,1247144,31,1211776
mystery,prob20.pddl,off,1,7,106.864,,1054358,42,1790208
mystery,prob20.pddl,on,1,7,69.8516,353,88792,1,858056
mystery,prob21.pddl,off,0,,0.000590398,,0,0,491720
mystery,prob21.pddl,on,0,,0.000446329,0,0,0,491720
mystery,prob22.pddl,off,0,,0.00037917,,0,0,491720
mystery,prob22.pddl,on,0,,0.00016624,0,0,0,491720
mystery,prob23.pddl,off,0,,0.000590602,,0,0,491720
mystery,prob23.pddl,on,0,,0.000439579,0,0,0,491720
mystery,prob24.pddl,off,0,,0.000257396,,0,0,491720
mystery,prob24.pddl,on,0,,0.000546902,0,0,0,491720
mystery,prob25.pddl,off,1,4,0.00500045,,741,1,480036
mystery,prob25.pddl,on,1,4,0.00608572,9,712,1,479884
mystery,prob26.pddl,off,1,6,1.01613,,300047,8,648592
mystery,prob26.pddl,on,1,6,1.16659,323,404181,9,650220
mystery,prob27.pddl,off,1,5,0.190874,,44235,1,448800
mystery,prob27.pddl,on,1,5,0.212334,18,51870,1,449084
mystery,prob28.pddl,off,1,7,0.0183645,,1777,1,454112
mystery,prob28.pddl,on,1,7,0.0144063,104,1458,1,454112
mystery,prob29.pddl,off,1,4,0.112715,,13525,1,462124
mystery,prob29.pddl,on,1,4,0.109994,83,13866,1,460336
mystery,prob30.pddl,off,1,9,35.1289,,822426,26,1084456
mystery,prob30.pddl,on,1,9,25.6728,171,19572,1,1144768
nomystery-opt11-strips,p01.pddl,off,1,11,0.0105836,,1504,1,439508
nomystery-opt11-strips,p01.pddl,on,1,11,0.0126913,162,1306,1,439412
nomystery-opt11-strips,p02.pddl,off,1,14,0.0587936,,3137,1,484276
nomystery-opt11-strips,p02.pddl,on,1,14,0.0605855,385,2963,1,484084
nomystery-opt11-strips,p03.pddl,off,1,15,0.0611532,,4323,1,500692
nomystery-opt11-strips,p03.pddl,on,1,15,0.0443231,479,2940,1,499476
nomystery-opt11-strips,p04.pddl,off,1,19,0.393605,,6683,1,548492
nomystery-opt11-strips,p04.pddl,on,1,19,0.443365,961,5561,1,547724
nomystery-opt11-strips,p05.pddl,off,1,23,3.43095,,13641,1,636140
nomystery-opt11-strips,p05.pddl,on,1,23,7.98574,1017,10326,1,664384
nomystery-opt11-strips,p06.pddl,off,1,26,13.0559,,18822,1,925712
nomystery-opt11-strips,p06.pddl,on,1,26,10.3534,1886,12081,1,784632
nomystery-opt11-strips,p07.pddl,off,1,30,177.617,,20125,1,1378300
nomystery-opt11-strips,p07.pddl,on,1,30,102.55,1963,14069,1,1571272
nomystery-opt11-strips,p08.pddl,off,0,,,,21624,1,4249612
nomystery-opt11-strips,p08.pddl,on,0,,,1869,16066,1,3307100
nomystery-opt11-strips,p09.pddl,off,0,,,,29581,1,4408348
nomystery-opt11-strips,p09.pddl,on,0,,,2493,19512,1,3576364
nomystery-opt11-strips,p10.pddl,off,0,,,,26414,1,4480912
nomystery-opt11-strips,p10.pddl,on,0,,,2434,16260,1,2769584
nomystery-opt11-strips,p11.pddl,off,1,12,0.00842097,,1181,1,430952
nomystery-opt11-strips,p11.pddl,on,1,12,0.00816675,142,1062,1,430920
nomystery-opt11-strips,p12.pddl,off,1,14,0.0554171,,2612,1,473844
nomystery-opt11-strips,p12.pddl,on,1,14,0.0529993,385,2432,1,473716
nomystery-opt11-strips,p13.pddl,off,1,15,0.044,,3963,1,498192
nomystery-opt11-strips,p13.pddl,on,1,15,0.0279927,477,3166,1,498128
nomystery-opt11-strips,p14.pddl,off,1,19,0.133,,6165,1,528292
nomystery-opt11-strips,p14.pddl,on,1,19,0.175993,851,4952,1,528932
nomystery-opt11-strips,p15.pddl,off,1,23,2.71524,,12785,1,583656
nomystery-opt11-strips,p15.pddl,on,1,23,4.07271,1017,9369,1,577484
nomystery-opt11-strips,p16.pddl,off,1,26,9.61818,,18091,1,820444
nomystery-opt11-strips,p16.pddl,on,1,26,7.96737,1886,11421,1,713460
nomystery-opt11-strips,p17.pddl,off,1,30,122.089,,19708,1,1365264
nomystery-opt11-strips,p17.pddl,on,1,30,83.2172,1963,13385,1,1327780
nomystery-opt11-strips,p18.pddl,off,1,34,1683.82,,20964,1,4293884
nomystery-opt11-strips,p18.pddl,on,0,,,1869,15618,1,3414408
nomystery-opt11-strips,p19.pddl,off,0,,,,28384,1,3776764
nomystery-opt11-strips,p19.pddl,on,0,,,2493,18120,1,3624780
nomystery-opt11-strips,p20.pddl,off,0,,,,25212,1,4486388
nomystery-opt11-strips,p20.pddl,on,0,,,2434,14961,1,3223988
openstacks-opt08-strips,p01.pddl,off,1,2,0.00473957,,290,2,446936
openstacks-opt08-strips,p01.pddl,on,1,2,0.00468356,18,292,2,446940
openstacks-opt08-strips,p02.pddl,off,1,2,0.00623174,,295,2,471708
openstacks-opt08-strips,p02.pddl,on,1,2,0.00600009,16,302,2,471708
openstacks-opt08-strips,p03.pddl,off,1,2,0.0135364,,337,2,496452
openstacks-opt08-strips,p03.pddl,on,1,2,0.00886128,18,329,2,496452
openstacks-opt08-strips,p04.pddl,off,1,3,0.0197858,,441,2,529808
openstacks-opt08-strips,p04.pddl,on,1,3,0.0173106,26,440,2,529712
openstacks-opt08-strips,p05.pddl,off,1,4,0.0169994,,570,2,425388
openstacks-opt08-strips,p05.pddl,on,1,4,0.0170783,46,590,2,425520
openstacks-opt08-strips,p06.pddl,off,1,2,0.0224877,,721,2,437992
openstacks-opt08-strips,p06.pddl,on,1,2,0.0235603,40,614,2,438056
openstacks-opt08-strips,p07.pddl,off,1,5,0.0388463,,741,2,451024
openstacks-opt08-strips,p07.pddl,on,1,5,0.0406816,58,683,2,451216
openstacks-opt08-strips,p08.pddl,off,1,5,0.0570859,,880,2,464352
openstacks-opt08-strips,p08.pddl,on,1,5,0.0454498,72,783,2,463904
openstacks-opt08-strips,p09.pddl,off,1,3,0.0465206,,750,2,476180
openstacks-opt08-strips,p09.pddl,on,1,3,0.0460007,60,765,2,476300
openstacks-opt08-strips,p10.pddl,off,1,3,0.0547197,,1102,2,489032
openstacks-opt08-strips,p10.pddl,on,1,3,0.0554182,70,1076,2,488904
openstacks-opt08-strips,p11.pddl,off,1,4,0.102176,,892,2,503756
openstacks-opt08-strips,p11.pddl,on,1,4,0.111235,74,886,2,503916
openstacks-opt08-strips,p12.pddl,off,1,3,0.109041,,1230,2,519744
openstacks-opt08-strips,p12.pddl,on,1,3,0.106674,74,1186,2,519744
openstacks-opt08-strips,p13.pddl,off,1,4,0.177213,,1157,2,533444
openstacks-opt08-strips,p13.pddl,on,1,4,0.117329,78,1038,2,533060
openstacks-opt08-strips,p14.pddl,off,1,4,0.165662,,1359,2,546652
openstacks-opt08-strips,p14.pddl,on,1,4,0.178105,94,1278,2,547704
openstacks-opt08-strips,p15.pddl,off,1,4,0.175992,,1192,2,431588
openstacks-opt08-strips,p15.pddl,on,1,4,0.169223,90,1180,2,430824
openstacks-opt08-strips,p16.pddl,off,1,4,0.238978,,1916,2,439920
openstacks-opt08-strips,p16.pddl,on,1,4,0.232889,110,1736,2,439728
openstacks-opt08-strips,p17.pddl,off,1,4,0.252475,,1391,2,446056
openstacks-opt08-strips,p17.pddl,on,1,4,0.230688,114,1526,2,446472
openstacks-opt08-strips,p18.pddl,off,1,3,0.297884,,2127,2,453788
openstacks-opt08-strips,p18.pddl,on,1,3,0.294805,118,2190,2,453180
openstacks-opt08-strips,p19.pddl,off,1,4,0.335713,,1721,2,460208
openstacks-opt08-strips,p19.pddl,on,1,4,0.302565,124,1774,2,460308
openstacks-opt08-strips,p20.pddl,off,1,4,0.353673,,2096,2,467696
openstacks-opt08-strips,p20.pddl,on,1,4,0.376653,118,1892,2,468304
openstacks-opt08-strips,p21.pddl,off,1,3,0.543117,,1724,2,477836
openstacks-opt08-strips,p21.pddl,on,1,3,0.53438,110,1534,2,477672
openstacks-opt08-strips,p22.pddl,off,1,4,0.574268,,4249,2,487264
openstacks-opt08-strips,p22.pddl,on,1,4,0.532977,170,4380,2,486336
openstacks-opt08-strips,p23.pddl,off,1,4,1.24594,,2203,2,506940
openstacks-opt08-strips,p23.pddl,on,1,4,1.01047,150,2045,2,502204
openstacks-opt08-strips,p24.pddl,off,1,5,0.795559,,2736,2,502304
openstacks-opt08-strips,p24.pddl,on,1,5,0.790382,150,2337,2,500960
openstacks-opt08-strips,p25.pddl,off,1,4,0.917655,,3048,2,514292
openstacks-opt08-strips,p25.pddl,on,1,4,0.931989,176,2704,2,513492
openstacks-opt08-strips,p26.pddl,off,1,5,1.27156,,2370,2,522020
openstacks-opt08-strips,p26.pddl,on,1,5,9.61858,162,2011,2,565680
openstacks-opt08-strips,p27.pddl,off,1,6,1.59653,,5360,2,540960
openstacks-opt08-strips,p27.pddl,on,1,6,1.46786,224,4574,2,542720
openstacks-opt08-strips,p28.pddl,off,1,4,1.27172,,2910,2,532628
openstacks-opt08-strips,p28.pddl,on,1,4,1.09476,174,2634,2,530708
openstacks-opt08-strips,p29.pddl,off,1,5,1.54968,,5497,2,549420
openstacks-opt08-strips,p29.pddl,on,1,5,1.43998,220,4210,2,551852
openstacks-opt08-strips,p30.pddl,off,1,4,2.01024,,3760,2,561248
openstacks-opt08-strips,p30.pddl,on,1,4,1.8752,184,2952,2,562720
openstacks-opt11-strips,p01.pddl,off,1,2,0.0359983,,721,2,437992
openstacks-opt11-strips,p01.pddl,on,1,2,0.0305099,40,614,2,438184
openstacks-opt11-strips,p02.pddl,off,1,5,0.0862778,,741,2,451632
openstacks-opt11-strips,p02.pddl,on,1,5,0.0709832,58,683,2,451536
openstacks-opt11-strips,p03.pddl,off,1,5,0.101999,,880,2,464480
openstacks-opt11-strips,p03.pddl,on,1,5,0.0548352,72,783,2,463904
openstacks-opt11-strips,p04.pddl,off,1,3,0.0599323,,750,2,476372
openstacks-opt11-strips,p04.pddl,on,1,3,0.0831479,60,765,2,476300
openstacks-opt11-strips,p05.pddl,off,1,3,0.0903473,,1102,2,489032
openstacks-opt11-strips,p05.pddl,on,1,3,0.0688097,70,1076,2,488840
openstacks-opt11-strips,p06.pddl,off,1,4,0.112992,,892,2,503756
openstacks-opt11-strips,p06.pddl,on,1,4,0.120739,74,886,2,503628
openstacks-opt11-strips,p07.pddl,off,1,3,0.127,,1230,2,519760
openstacks-opt11-strips,p07.pddl,on,1,3,0.121266,74,1186,2,519872
openstacks-opt11-strips,p08.pddl,off,1,4,0.157269,,1157,2,533444
openstacks-opt11-strips,p08.pddl,on,1,4,0.145958,78,1038,2,532676
openstacks-opt11-strips,p09.pddl,off,1,4,0.212,,1359,2,546524
openstacks-opt11-strips,p09.pddl,on,1,4,0.264972,94,1278,2,547512
openstacks-opt11-strips,p10.pddl,off,1,4,0.636992,,4249,2,487936
openstacks-opt11-strips,p10.pddl,on,1,4,0.580347,170,4380,2,486336
openstacks-opt11-strips,p11.pddl,off,1,4,0.255228,,1192,2,431588
openstacks-opt11-strips,p11.pddl,on,1,4,0.248999,90,1180,2,430824
openstacks-opt11-strips,p12.pddl,off,1,4,0.28852,,1916,2,439920
openstacks-opt11-strips,p12.pddl,on,1,4,0.235787,110,1736,2,439728
openstacks-opt11-strips,p13.pddl,off,1,4,0.314966,,1391,2,446024
openstacks-opt11-strips,p13.pddl,on,1,4,0.378374,114,1526,2,446632
openstacks-opt11-strips,p14.pddl,off,1,3,0.325522,,2127,2,453788
openstacks-opt11-strips,p14.pddl,on,1,3,0.380603,118,2190,2,453180
openstacks-opt11-strips,p15.pddl,off,1,4,0.372632,,1721,2,460208
openstacks-opt11-strips,p15.pddl,on,1,4,0.327949,124,1774,2,460148
openstacks-opt11-strips,p16.pddl,off,1,3,0.633972,,1724,2,477804
openstacks-opt11-strips,p16.pddl,on,1,3,0.575992,110,1534,2,477864
openstacks-opt11-strips,p17.pddl,off,1,4,0.441983,,2096,2,467696
openstacks-opt11-strips,p17.pddl,on,1,4,0.436553,118,1892,2,468144
openstacks-opt11-strips,p18.pddl,off,1,4,1.37858,,2203,2,507260
openstacks-opt11-strips,p18.pddl,on,1,4,1.22524,150,2045,2,502140
openstacks-opt11-strips,p19.pddl,off,1,5,0.980926,,2736,2,502304
openstacks-opt11-strips,p19.pddl,on,1,5,1.17264,150,2337,2,500800
openstacks-opt11-strips,p20.pddl,off,1,4,1.03,,3048,2,513972
openstacks-opt11-strips,p20.pddl,on,1,4,1.15473,176,2704,2,513844
openstacks-opt14-strips,p20_1.pddl,off,1,3,0.258872,,1323,2,437544
openstacks-opt14-strips,p20_1.pddl,on,1,3,0.206727,74,1213,2,436744
openstacks-opt14-strips,p20_2.pddl,off,1,3,0.220283,,1323,2,437544
openstacks-opt14-strips,p20_2.pddl,on,1,3,0.229255,74,1213,2,436744
openstacks-opt14-strips,p20_3.pddl,off,1,3,0.222777,,1323,2,436744
openstacks-opt14-strips,p20_3.pddl,on,1,3,0.217408,74,1213,2,436744
openstacks-opt14-strips,p25_1.pddl,off,0,,0.00014723,,0,0,491720
openstacks-opt14-strips,p25_1.pddl,on,0,,0.000420368,0,0,0,491720
openstacks-opt14-strips,p25_3.pddl,off,0,,0.000328139,,0,0,491720
openstacks-opt14-strips,p25_3.pddl,on,0,,0.00037066,0,0,0,491720
openstacks-opt14-strips,p30_1.pddl,off,0,,0.000394501,,0,0,491720
openstacks-opt14-strips,p30_1.pddl,on,0,,0.00055099,0,0,0,491720
openstacks-opt14-strips,p30_2.pddl,off,0,,0.000400962,,0,0,491720
openstacks-opt14-strips,p30_2.pddl,on,0,,0.00048797,0,0,0,491720
openstacks-opt14-strips,p30_3.pddl,off,0,,0.000663134,,0,0,491720
openstacks-opt14-strips,p30_3.pddl,on,0,,0.000514427,0,0,0,491720
openstacks-opt14-strips,p35_1.pddl,off,0,,0.000505588,,0,0,491720
openstacks-opt14-strips,p35_1.pddl,on,0,,0.000328944,0,0,0,491720
openstacks-opt14-strips,p35_2.pddl,off,0,,0.000521152,,0,0,491720
openstacks-opt14-strips,p35_2.pddl,on,0,,0.000414203,0,0,0,491720
openstacks-opt14-strips,p35_3.pddl,off,0,,0.000525454,,0,0,491720
openstacks-opt14-strips,p35_3.pddl,on,0,,0.000493146,0,0,0,491720
openstacks-opt14-strips,p40_1.pddl,off,0,,0.000435446,,0,0,491720
openstacks-opt14-strips,p40_1.pddl,on,0,,0.000574787,0,0,0,491720
openstacks-opt14-strips,p40_2.pddl,off,0,,0.000378904,,0,0,491720
openstacks-opt14-strips,p40_2.pddl,on,0,,0.000321195,0,0,0,491720
openstacks-opt14-strips,p40_3.pddl,off,0,,0.000224359,,0,0,491720
openstacks-opt14-strips,p40_3.pddl,on,0,,0.00049886,0,0,0,491720
openstacks-opt14-strips,p45_1.pddl,off,0,,0.000200586,,0,0,491720
openstacks-opt14-strips,p45_1.pddl,on,0,,0.000243359,0,0,0,491720
openstacks-opt14-strips,p45_2.pddl,off,0,,0.000172063,,0,0,491720
openstacks-opt14-strips,p45_2.pddl,on,0,,0.000192442,0,0,0,491720
openstacks-opt14-strips,p45_3.pddl,off,0,,0.000337024,,0,0,491720
openstacks-opt14-strips,p45_3.pddl,on,0,,0.000480974,0,0,0,491720
openstacks-opt14-strips,p50_1.pddl,off,0,,0.000711529,,0,0,491720
openstacks-opt14-strips,p50_1.pddl,on,0,,0.000472722,0,0,0,491720
openstacks-opt14-strips,p50_2.pddl,off,0,,0.000170352,,0,0,491720
openstacks-opt14-strips,p50_2.pddl,on,0,,0.000462368,0,0,0,491720
openstacks-opt14-strips,p50_3.pddl,off,0,,0.000357243,,0,0,491720
openstacks-opt14-strips,p50_3.pddl,on,0,,0.000516163,0,0,0,491720
openstacks-strips,p01.pddl,off,1,23,0.0118921,,763,1,513264
openstacks-strips,p01.pddl,on,1,23,0.0117809,78,723,1,513136
openstacks-strips,p02.pddl,off,1,23,0.0117728,,763,1,513136
openstacks-strips,p02.pddl,on,1,23,0.0110225,78,723,1,513136
openstacks-strips,p03.pddl,off,1,23,0.0196734,,763,1,513136
openstacks-strips,p03.pddl,on,1,23,0.0118656,78,723,1,513136
openstacks-strips,p04.pddl,off,1,23,0.0125312,,763,1,513136
openstacks-strips,p04.pddl,on,1,23,0.010956,78,723,1,513136
openstacks-strips,p05.pddl,off,1,23,0.011706,,763,1,513264
openstacks-strips,p05.pddl,on,1,23,0.0139993,78,723,1,513168
openstacks-strips,p06.pddl,off,0,,,,,,
openstacks-strips,p06.pddl,on,0,,,,,,
openstacks-strips,p07.pddl,off,0,,,,,,
openstacks-strips,p07.pddl,on,0,,,,,,
openstacks-strips,p08.pddl,off,0,,,,,,
openstacks-strips,p08.pddl,on,0,,,,,,
openstacks-strips,p09.pddl,off,0,,,,,,
openstacks-strips,p09.pddl,on,0,,,,,,
openstacks-strips,p10.pddl,off,0,,,,,,
openstacks-strips,p10.pddl,on,0,,,,,,
openstacks-strips,p11.pddl,off,0,,,,,,
openstacks-strips,p11.pddl,on,0,,,,,,
openstacks-strips,p12.pddl,off,0,,,,,,
openstacks-strips,p12.pddl,on,0,,,,,,
openstacks-strips,p13.pddl,off,0,,,,,,
openstacks-strips,p13.pddl,on,0,,,,,,
openstacks-strips,p14.pddl,off,0,,,,,,
openstacks-strips,p14.pddl,on,0,,,,,,
openstacks-strips,p15.pddl,off,0,,,,,,
openstacks-strips,p15.pddl,on,0,,,,,,
openstacks-strips,p16.pddl,off,0,,,,,,
openstacks-strips,p16.pddl,on,0,,,,,,
openstacks-strips,p17.pddl,off,0,,,,,,
openstacks-strips,p17.pddl,on,0,,,,,,
openstacks-strips,p18.pddl,off,0,,,,,,
openstacks-strips,p18.pddl,on,0,,,,,,
openstacks-strips,p19.pddl,off,0,,,,,,
openstacks-strips,p19.pddl,on,0,,,,,,
openstacks-strips,p20.pddl,off,0,,,,,,
openstacks-strips,p20.pddl,on,0,,,,,,
openstacks-strips,p21.pddl,off,0,,,,,,
openstacks-strips,p21.pddl,on,0,,,,,,
openstacks-strips,p22.pddl,off,0,,,,,,
openstacks-strips,p22.pddl,on,0,,,,,,
openstacks-strips,p23.pddl,off,0,,,,,,
openstacks-strips,p23.pddl,on,0,,,,,,
openstacks-strips,p24.pddl,off,0,,,,,,
openstacks-strips,p24.pddl,on,0,,,,,,
openstacks-strips,p25.pddl,off,0,,,,,,
openstacks-strips,p25.pddl,on,0,,,,,,
openstacks-strips,p26.pddl,off,0,,,,,,
openstacks-strips,p26.pddl,on,0,,,,,,
openstacks-strips,p27.pddl,off,0,,,,,,
openstacks-strips,p27.pddl,on,0,,,,,,
openstacks-strips,p28.pddl,off,0,,,,,,
openstacks-strips,p28.pddl,on,0,,,,,,
openstacks-strips,p29.pddl,off,0,,,,,,
openstacks-strips,p29.pddl,on,0,,,,,,
openstacks-strips,p30.pddl,off,0,,,,,,
openstacks-strips,p30.pddl,on,0,,,,,,
organic-synthesis-opt18-strips,p01.pddl,off,1,1,0.0012478,,19,1,450816
organic-synthesis-opt18-strips,p01.pddl,on,1,1,0.000657645,72,19,1,450816
organic-synthesis-opt18-strips,p02.pddl,off,1,1,0.000900605,,19,1,450824
organic-synthesis-opt18-strips,p02.pddl,on,1,1,0.00091151,72,19,1,450824
organic-synthesis-opt18-strips,p03.pddl,off,1,2,0.001371,,47,1,499992
organic-synthesis-opt18-strips,p03.pddl,on,1,2,0.00138009,85,47,1,499992
organic-synthesis-opt18-strips,p04.pddl,off,0,,,,,,
organic-synthesis-opt18-strips,p04.pddl,on,0,,,,,,
organic-synthesis-opt18-strips,p05.pddl,off,0,,,,,,
organic-synthesis-opt18-strips,p05.pddl,on,0,,,,,,
organic-synthesis-opt18-strips,p06.pddl,off,0,,,,,,
organic-synthesis-opt18-strips,p06.pddl,on,0,,,,,,
organic-synthesis-opt18-strips,p07.pddl,off,1,2,0.000948996,,47,1,467208
organic-synthesis-opt18-strips,p07.pddl,on,1,2,0.000914138,40,47,1,467208
organic-synthesis-opt18-strips,p08.pddl,off,0,,,,,,
organic-synthesis-opt18-strips,p08.pddl,on,0,,,,,,
organic-synthesis-opt18-strips,p09.pddl,off,1,2,0.000786598,,27,1,540916
organic-synthesis-opt18-strips,p09.pddl,on,1,2,0.000762569,30,27,1,540916
organic-synthesis-opt18-strips,p10.pddl,off,1,2,0.00150809,,27,1,540916
organic-synthesis-opt18-strips,p10.pddl,on,1,2,0.00079917,30,27,1,540916
organic-synthesis-opt18-strips,p11.pddl,off,0,,,,,,
organic-synthesis-opt18-strips,p11.pddl,on,0,,,,,,
organic-synthesis-opt18-strips,p12.pddl,off,0,,,,,,
organic-synthesis-opt18-strips,p12.pddl,on,0,,,,,,
organic-synthesis-opt18-strips,p13.pddl,off,0,,,,,,
organic-synthesis-opt18-strips,p13.pddl,on,0,,,,,,
organic-synthesis-opt18-strips,p14.pddl,off,1,2,0.00179519,,87,1,446800
organic-synthesis-opt18-strips,p14.pddl,on,1,2,0.00138178,144,87,1,446800
organic-synthesis-opt18-strips,p15.pddl,off,0,,,,,,
organic-synthesis-opt18-strips,p15.pddl,on,0,,,,,,
organic-synthesis-opt18-strips,p16.pddl,off,0,,,,,,
organic-synthesis-opt18-strips,p16.pddl,on,0,,,,,,
organic-synthesis-opt18-strips,p17.pddl,off,0,,,,,,
organic-synthesis-opt18-strips,p17.pddl,on,0,,,,,,
organic-synthesis-opt18-strips,p18.pddl,off,0,,,,,,
organic-synthesis-opt18-strips,p18.pddl,on,0,,,,,,
organic-synthesis-opt18-strips,p19.pddl,off,0,,,,,,
organic-synthesis-opt18-strips,p19.pddl,on,0,,,,,,
organic-synthesis-opt18-strips,p20.pddl,off,0,,,,,,
organic-synthesis-opt18-strips,p20.pddl,on,0,,,,,,
organic-synthesis-split-opt18-strips,p01.pddl,off,1,41,0.00292125,,318,2,520908
organic-synthesis-split-opt18-strips,p01.pddl,on,1,41,0.00659612,325,315,2,520908
organic-synthesis-split-opt18-strips,p02.pddl,off,1,41,0.00764893,,580,2,445620
organic-synthesis-split-opt18-strips,p02.pddl,on,1,41,0.00999984,536,696,2,445620
organic-synthesis-split-opt18-strips,p03.pddl,off,1,252,0.0648029,,2480,4,470988
organic-synthesis-split-opt18-strips,p03.pddl,on,1,252,0.0979873,2608,4292,4,473196
organic-synthesis-split-opt18-strips,p04.pddl,off,1,252,0.0199997,,1104,5,512388
organic-synthesis-split-opt18-strips,p04.pddl,on,1,252,0.0155369,1132,1038,5,512388
organic-synthesis-split-opt18-strips,p05.pddl,off,1,252,0.0113868,,851,3,495656
organic-synthesis-split-opt18-strips,p05.pddl,on,1,252,0.0100251,914,931,3,495496
organic-synthesis-split-opt18-strips,p06.pddl,off,1,252,0.0480005,,1536,4,444176
organic-synthesis-split-opt18-strips,p06.pddl,on,1,252,0.0661168,2215,2486,4,444976
organic-synthesis-split-opt18-strips,p07.pddl,off,1,252,0.0110926,,1422,14,429224
organic-synthesis-split-opt18-strips,p07.pddl,on,1,252,0.0136182,179,1397,14,429224
organic-synthesis-split-opt18-strips,p08.pddl,off,0,,,,,,4317732
organic-synthesis-split-opt18-strips,p08.pddl,on,0,,,482584,68781931,5010,5210240
organic-synthesis-split-opt18-strips,p09.pddl,off,1,82,0.0488736,,2628,4,451016
organic-synthesis-split-opt18-strips,p09.pddl,on,1,82,0.0490004,1506,3685,4,450252
organic-synthesis-split-opt18-strips,p10.pddl,off,1,82,0.0277952,,2253,4,449772
organic-synthesis-split-opt18-strips,p10.pddl,on,1,82,0.0254204,1506,3683,4,450348
organic-synthesis-split-opt18-strips,p11.pddl,off,1,82,2.94811,,184409,7,654356
organic-synthesis-split-opt18-strips,p11.pddl,on,1,82,1.56995,7340,272813,9,721232
organic-synthesis-split-opt18-strips,p12.pddl,off,1,82,0.796975,,45964,4,607008
organic-synthesis-split-opt18-strips,p12.pddl,on,1,82,4.36692,8140,197929,6,674156
organic-synthesis-split-opt18-strips,p13.pddl,off,0,,,,,,
organic-synthesis-split-opt18-strips,p13.pddl,on,0,,,,,,
organic-synthesis-split-opt18-strips,p14.pddl,off,1,82,0.0220166,,1104,3,428084
organic-synthesis-split-opt18-strips,p14.pddl,on,1,82,0.0169993,1354,1135,3,428116
organic-synthesis-split-opt18-strips,p15.pddl,off,0,,,,,,
organic-synthesis-split-opt18-strips,p15.pddl,on,0,,,,,,
organic-synthesis-split-opt18-strips,p16.pddl,off,0,,,,,,
organic-synthesis-split-opt18-strips,p16.pddl,on,0,,,,,,
organic-synthesis-split-opt18-strips,p17.pddl,off,0,,,,,,
organic-synthesis-split-opt18-strips,p17.pddl,on,0,,,0,76259689,23922,8191976
organic-synthesis-split-opt18-strips,p18.pddl,off,0,,,,,,
organic-synthesis-split-opt18-strips,p18.pddl,on,0,,,,,,
organic-synthesis-split-opt18-strips,p19.pddl,off,1,504,1.19898,,20306,5,536384
organic-synthesis-split-opt18-strips,p19.pddl,on,1,504,9.84746,23374,299057,11,900544
organic-synthesis-split-opt18-strips,p20.pddl,off,0,,,,,,
organic-synthesis-split-opt18-strips,p20.pddl,on,0,,,,,,
parcprinter-08-strips,p01.pddl,off,1,169009,0.00500029,,296,8,471688
parcprinter-08-strips,p01.pddl,on,1,169009,0.00500088,474,311,8,471688
parcprinter-08-strips,p02.pddl,off,1,438047,0.0180004,,581,8,529716
parcprinter-08-strips,p02.pddl,on,1,438047,0.0171367,694,625,8,529556
parcprinter-08-strips,p03.pddl,off,1,807114,0.018445,,780,5,529440
parcprinter-08-strips,p03.pddl,on,1,807114,0.0156568,456,738,5,529504
parcprinter-08-strips,p04.pddl,off,1,876094,0.337857,,1701,8,480732
parcprinter-08-strips,p04.pddl,on,1,876094,0.376794,1368,2195,8,484660
parcprinter-08-strips,p05.pddl,off,1,1145132,3.22153,,2879,8,544880
parcprinter-08-strips,p05.pddl,on,1,1145132,2.3886,1638,2991,8,561500
parcprinter-08-strips,p06.pddl,off,1,1514199,7.95782,,3831,8,642536
parcprinter-08-strips,p06.pddl,on,1,1514199,3.90699,1746,3093,8,592704
parcprinter-08-strips,p07.pddl,off,1,1383121,115.718,,4198,8,690192
parcprinter-08-strips,p07.pddl,on,1,1383121,172.443,2892,7418,8,988572
parcprinter-08-strips,p08.pddl,off,1,1852217,154.921,,6984,8,700364
parcprinter-08-strips,p08.pddl,on,1,1852217,395.41,2812,6346,8,963716
parcprinter-08-strips,p09.pddl,off,0,,,,11241,8,2408948
parcprinter-08-strips,p09.pddl,on,0,,,3250,12761,8,2694024
parcprinter-08-strips,p10.pddl,off,0,,,,11025,8,3312652
parcprinter-08-strips,p10.pddl,on,0,,,3302,9699,8,1887972
parcprinter-08-strips,p11.pddl,off,1,182808,0.0087645,,677,21,504800
parcprinter-08-strips,p11.pddl,on,1,182808,0.00696437,665,677,21,504800
parcprinter-08-strips,p12.pddl,off,1,510256,0.109,,1819,21,442984
parcprinter-08-strips,p12.pddl,on,1,510256,0.083,1082,1807,21,442792
parcprinter-08-strips,p13.pddl,off,1,693064,1.99882,,3798,21,503592
parcprinter-08-strips,p13.pddl,on,1,693064,2.01374,1629,3684,21,501564
parcprinter-08-strips,p14.pddl,off,1,1020512,22.3307,,5569,21,759812
parcprinter-08-strips,p14.pddl,on,1,1020512,53.8086,2154,5385,21,1079344
parcprinter-08-strips,p15.pddl,off,0,,,,8610,21,1272472
parcprinter-08-strips,p15.pddl,on,0,,,2747,8167,21,2595604
parcprinter-08-strips,p16.pddl,off,0,,,,12953,21,3295392
parcprinter-08-strips,p16.pddl,on,0,,,3290,11151,21,3297052
parcprinter-08-strips,p17.pddl,off,0,,,,16911,21,2352000
parcprinter-08-strips,p17.pddl,on,0,,,4149,15239,21,2907428
parcprinter-08-strips,p18.pddl,off,0,,,,23047,21,1876768
parcprinter-08-strips,p18.pddl,on,0,,,4602,20564,21,2492768
parcprinter-08-strips,p19.pddl,off,0,,,,20098,22,1447296
parcprinter-08-strips,p19.pddl,on,0,,,5321,23143,22,1719216
parcprinter-08-strips,p20.pddl,off,0,,,,29424,21,1727456
parcprinter-08-strips,p20.pddl,on,0,,,6536,35472,21,2255764
parcprinter-08-strips,p21.pddl,off,1,143411,0.00421043,,254,10,438740
parcprinter-08-strips,p21.pddl,on,1,143411,0.00429485,255,252,10,438740
parcprinter-08-strips,p22.pddl,off,1,375821,0.00995904,,594,10,504640
parcprinter-08-strips,p22.pddl,on,1,375821,0.00974247,426,598,10,504640
parcprinter-08-strips,p23.pddl,off,1,519232,0.0477626,,1383,10,437988
parcprinter-08-strips,p23.pddl,on,1,519232,0.0539993,681,1380,10,438180
parcprinter-08-strips,p24.pddl,off,1,751642,0.224997,,1980,10,475096
parcprinter-08-strips,p24.pddl,on,1,751642,0.347983,924,1860,10,476248
parcprinter-08-strips,p25.pddl,off,1,1215839,5.92921,,2264,11,554676
parcprinter-08-strips,p25.pddl,on,1,1215839,7.47182,1203,2823,11,650168
parcprinter-08-strips,p26.pddl,off,1,1216462,5.32875,,3338,10,608636
parcprinter-08-strips,p26.pddl,on,1,1216462,5.62245,1442,4343,10,628200
parcprinter-08-strips,p27.pddl,off,1,1270874,72.9125,,4910,10,667680
parcprinter-08-strips,p27.pddl,on,1,1270874,167.985,1909,5779,10,794648
parcprinter-08-strips,p28.pddl,off,1,1681282,155.529,,5274,10,716320
parcprinter-08-strips,p28.pddl,on,1,1681282,223.229,2064,5900,10,746692
parcprinter-08-strips,p29.pddl,off,0,,,,6239,11,2192824
parcprinter-08-strips,p29.pddl,on,0,,,2411,7979,11,1256972
parcprinter-08-strips,p30.pddl,off,0,,,,7454,11,1338352
parcprinter-08-strips,p30.pddl,on,0,,,3110,12201,11,2275292
parcprinter-opt11-strips,p01.pddl,off,1,375821,0.00794267,,594,10,504640
parcprinter-opt11-strips,p01.pddl,on,1,375821,0.0060919,426,598,10,504640
parcprinter-opt11-strips,p02.pddl,off,1,438047,0.0101345,,581,8,529716
parcprinter-opt11-strips,p02.pddl,on,1,438047,0.0160007,694,625,8,529556
parcprinter-opt11-strips,p03.pddl,off,1,510256,0.0993366,,1819,21,442792
parcprinter-opt11-strips,p03.pddl,on,1,510256,0.0730331,1082,1807,21,442792
parcprinter-opt11-strips,p04.pddl,off,1,876094,0.493987,,1701,8,481972
parcprinter-opt11-strips,p04.pddl,on,1,876094,0.407993,1368,2195,8,484660
parcprinter-opt11-strips,p05.pddl,off,1,519232,0.0390007,,1383,10,438116
parcprinter-opt11-strips,p05.pddl,on,1,519232,0.0379638,681,1380,10,438180
parcprinter-opt11-strips,p06.pddl,off,1,1514199,7.32464,,3831,8,642728
parcprinter-opt11-strips,p06.pddl,on,1,1514199,4.50795,1746,3093,8,592852
parcprinter-opt11-strips,p07.pddl,off,1,1145132,2.3927,,2879,8,545148
parcprinter-opt11-strips,p07.pddl,on,1,1145132,3.20276,1638,2991,8,561456
parcprinter-opt11-strips,p08.pddl,off,1,751642,0.194975,,1980,10,474968
parcprinter-opt11-strips,p08.pddl,on,1,751642,0.294378,924,1860,10,476248
parcprinter-opt11-strips,p09.pddl,off,1,693064,2.38194,,3798,21,503712
parcprinter-opt11-strips,p09.pddl,on,1,693064,1.64935,1629,3684,21,501736
parcprinter-opt11-strips,p10.pddl,off,1,1215839,2.65506,,2264,11,548728
parcprinter-opt11-strips,p10.pddl,on,1,1215839,8.81537,1203,2823,11,666648
parcprinter-opt11-strips,p11.pddl,off,1,1216462,5.30813,,3338,10,617732
parcprinter-opt11-strips,p11.pddl,on,1,1216462,5.491,1442,4343,10,635492
parcprinter-opt11-strips,p12.pddl,off,1,1020512,29.4963,,5569,21,788580
parcprinter-opt11-strips,p12.pddl,on,1,1020512,29.1349,2154,5385,21,942552
parcprinter-opt11-strips,p13.pddl,off,1,1383121,114.914,,4198,8,685024
parcprinter-opt11-strips,p13.pddl,on,1,1383121,145.52,2892,7418,8,981984
parcprinter-opt11-strips,p14.pddl,off,1,1852217,135.467,,6984,8,706948
parcprinter-opt11-strips,p14.pddl,on,1,1852217,226.981,2812,6346,8,963568
parcprinter-opt11-strips,p15.pddl,off,0,,,,11241,8,2357908
parcprinter-opt11-strips,p15.pddl,on,0,,,3250,12761,8,2945140
parcprinter-opt11-strips,p16.pddl,off,0,,,,11025,8,3277140
parcprinter-opt11-strips,p16.pddl,on,0,,,3302,9699,8,1872504
parcprinter-opt11-strips,p17.pddl,off,0,,,,8610,21,1197468
parcprinter-opt11-strips,p17.pddl,on,0,,,2747,8167,21,2624564
parcprinter-opt11-strips,p18.pddl,off,0,,,,12953,21,3190876
parcprinter-opt11-strips,p18.pddl,on,0,,,3290,11151,21,3240492
parcprinter-opt11-strips,p19.pddl,off,0,,,,16911,21,2097512
parcprinter-opt11-strips,p19.pddl,on,0,,,4149,15239,21,2987136
parcprinter-opt11-strips,p20.pddl,off,1,1270874,52.9336,,4910,10,658716
parcprinter-opt11-strips,p20.pddl,on,1,1270874,172.546,1909,5779,10,795092
parking-opt11-strips,pfile03-011.pddl,off,1,14,362.867,,5409143,104,1601384
parking-opt11-strips,pfile03-011.pddl,on,1,14,79.6396,3216,1489828,27,1104780
parking-opt11-strips,pfile03-012.pddl,off,0,,,,5409143,104,2887436
parking-opt11-strips,pfile03-012.pddl,on,0,,,3216,1489828,27,3235240
parking-opt11-strips,pfile04-013.pddl,off,0,,,,9466517,367,2837860
parking-opt11-strips,pfile04-013.pddl,on,0,,,5061,2591006,40,3281260
parking-opt11-strips,pfile04-014.pddl,off,0,,,,9155899,380,3113284
parking-opt11-strips,pfile04-014.pddl,on,0,,,5061,2591006,40,3391576
parking-opt11-strips,pfile04-015.pddl,off,0,,,,9425178,313,3356392
parking-opt11-strips,pfile04-015.pddl,on,0,,,5061,2591006,40,3313652
parking-opt11-strips,pfile04-016.pddl,off,0,,,,9415271,296,3273608
parking-opt11-strips,pfile04-016.pddl,on,0,,,5061,2591006,40,3212808
parking-opt11-strips,pfile05-017.pddl,off,0,,,,14051712,953,3474772
parking-opt11-strips,pfile05-017.pddl,on,0,,,7504,5924565,86,3505468
parking-opt11-strips,pfile05-018.pddl,off,0,,,,15540381,869,3248532
parking-opt11-strips,pfile05-018.pddl,on,0,,,7504,5924565,86,3423116
parking-opt11-strips,pfile05-019.pddl,off,0,,,,14051712,953,3272684
parking-opt11-strips,pfile05-019.pddl,on,0,,,7504,5924565,86,4967908
parking-opt11-strips,pfile05-020.pddl,off,0,,,,14560108,919,3138656
parking-opt11-strips,pfile05-020.pddl,on,0,,,7504,5924565,86,3292112
parking-opt11-strips,pfile06-021.pddl,off,0,,,,23481760,1553,3049176
parking-opt11-strips,pfile06-021.pddl,on,0,,,10629,13131923,201,4402548
parking-opt11-strips,pfile06-022.pddl,off,0,,,,23481760,1553,4599892
parking-opt11-strips,pfile06-022.pddl,on,0,,,10629,13056351,212,4658136
parking-opt11-strips,pfile06-023.pddl,off,0,,,,23481084,1548,4397476
parking-opt11-strips,pfile06-023.pddl,on,0,,,10629,13131923,201,4087856
parking-opt11-strips,pfile06-024.pddl,off,0,,,,23481680,1559,4184024
parking-opt11-strips,pfile06-024.pddl,on,0,,,10629,12961427,236,3461144
parking-opt11-strips,pfile07-025.pddl,off,0,,,,38046713,2174,3934584
parking-opt11-strips,pfile07-025.pddl,on,0,,,14520,19248968,619,3208916
parking-opt11-strips,pfile07-026.pddl,off,0,,,,39065731,2114,4102116
parking-opt11-strips,pfile07-026.pddl,on,0,,,14520,19741863,475,4527568
parking-opt11-strips,pfile07-027.pddl,off,0,,,,38230989,2171,3936644
parking-opt11-strips,pfile07-027.pddl,on,0,,,14520,18664479,659,3553732
parking-opt11-strips,pfile07-028.pddl,off,0,,,,38162450,2166,3839452
parking-opt11-strips,pfile07-028.pddl,on,0,,,14520,19438178,508,3812872
parking-opt11-strips,pfile08-029.pddl,off,0,,,,50527169,4101,5171436
parking-opt11-strips,pfile08-029.pddl,on,0,,,19261,23587994,1782,5028632
parking-opt11-strips,pfile08-030.pddl,off,0,,,,46550801,4313,4169964
parking-opt11-strips,pfile08-030.pddl,on,0,,,19261,24654015,1444,4764012
parking-opt14-strips,p_12_7-01.pddl,off,0,,,,5409143,104,2997260
parking-opt14-strips,p_12_7-01.pddl,on,1,18,1519.38,3216,1489828,27,2689560
parking-opt14-strips,p_12_7-02.pddl,off,0,,,,5409143,104,2856856
parking-opt14-strips,p_12_7-02.pddl,on,1,18,1482.7,3216,1489828,27,2868384
parking-opt14-strips,p_12_7-03.pddl,off,0,,,,5409143,104,2961028
parking-opt14-strips,p_12_7-03.pddl,on,1,17,1009.23,3216,1489828,27,2358404
parking-opt14-strips,p_12_7-04.pddl,off,0,,,,5409143,104,2832388
parking-opt14-strips,p_12_7-04.pddl,on,0,,,3216,1489828,27,3363840
parking-opt14-strips,p_14_8-01.pddl,off,0,,,,9540757,288,3275728
parking-opt14-strips,p_14_8-01.pddl,on,0,,,5061,2591006,40,3633176
parking-opt14-strips,p_14_8-02.pddl,off,0,,,,9540757,288,3115384
parking-opt14-strips,p_14_8-02.pddl,on,0,,,5061,2591006,40,3083600
parking-opt14-strips,p_14_8-03.pddl,off,0,,,,9419182,322,3465664
parking-opt14-strips,p_14_8-03.pddl,on,0,,,5061,2591006,40,3230916
parking-opt14-strips,p_14_8-04.pddl,off,0,,,,9527691,290,3367632
parking-opt14-strips,p_14_8-04.pddl,on,0,,,5061,2591006,40,3283400
parking-opt14-strips,p_16_9-01.pddl,off,0,,,,14051712,953,3216484
parking-opt14-strips,p_16_9-01.pddl,on,0,,,7504,5924565,86,3322912
parking-opt14-strips,p_16_9-02.pddl,off,0,,,,14373443,1008,3453940
parking-opt14-strips,p_16_9-02.pddl,on,0,,,7504,5924565,86,3422044
parking-opt14-strips,p_16_9-03.pddl,off,0,,,,14051712,953,3382372
parking-opt14-strips,p_16_9-03.pddl,on,0,,,7504,5924565,86,3212144
parking-opt14-strips,p_16_9-04.pddl,off,0,,,,13679534,975,3372492
parking-opt14-strips,p_16_9-04.pddl,on,0,,,7504,5924565,86,3684592
parking-opt14-strips,p_18_10-01.pddl,off,0,,,,23479976,1578,3984796
parking-opt14-strips,p_18_10-01.pddl,on,0,,,10629,12998269,221,3988744
parking-opt14-strips,p_18_10-02.pddl,off,0,,,,23481084,1548,4321704
parking-opt14-strips,p_18_10-02.pddl,on,0,,,10629,13126372,202,4177632
parking-opt14-strips,p_18_10-03.pddl,off,0,,,,23481760,1553,2953980
parking-opt14-strips,p_18_10-03.pddl,on,0,,,10629,13068784,207,3770140
parking-opt14-strips,p_18_10-04.pddl,off,0,,,,23481680,1559,4310576
parking-opt14-strips,p_18_10-04.pddl,on,0,,,10629,13131923,201,3549096
parking-opt14-strips,p_20_11-01.pddl,off,0,,,,38130102,2154,3933448
parking-opt14-strips,p_20_11-01.pddl,on,0,,,14520,18577780,664,3893348
parking-opt14-strips,p_20_11-02.pddl,off,0,,,,38128358,2167,3705156
parking-opt14-strips,p_20_11-02.pddl,on,0,,,14520,19017254,647,3701140
parking-opt14-strips,p_20_11-03.pddl,off,0,,,,38333305,2128,3936848
parking-opt14-strips,p_20_11-03.pddl,on,0,,,14520,19291672,605,3502132
parking-opt14-strips,p_20_11-04.pddl,off,0,,,,39063078,2133,3677792
parking-opt14-strips,p_20_11-04.pddl,on,0,,,14520,19285195,571,3694052
pathways,p01.pddl,off,0,,0.000217859,,0,0,491720
pathways,p01.pddl,on,0,,0.000440937,0,0,0,491720
pathways,p02.pddl,off,1,12,0.0110003,,1980,1,446008
pathways,p02.pddl,on,1,12,0.0111704,82,1269,1,445848
pathways,p03.pddl,off,0,,,,,,
pathways,p03.pddl,on,0,,,,,,
pathways,p04.pddl,off,0,,,,,,
pathways,p04.pddl,on,0,,,,,,
pathways,p05.pddl,off,0,,,,,,
pathways,p05.pddl,on,0,,,,,,
pathways,p06.pddl,off,0,,,,,,
pathways,p06.pddl,on,0,,,,,,
pathways,p07.pddl,off,0,,,,,,
pathways,p07.pddl,on,0,,,,,,
pathways,p08.pddl,off,0,,,,,,
pathways,p08.pddl,on,0,,,,,,
pathways,p09.pddl,off,0,,,,,,
pathways,p09.pddl,on,0,,,,,,
pathways,p10.pddl,off,0,,,,,,
pathways,p10.pddl,on,0,,,,,,
pathways,p11.pddl,off,0,,,,,,
pathways,p11.pddl,on,0,,,,,,
pathways,p12.pddl,off,0,,,,,,
pathways,p12.pddl,on,0,,,,,,
pathways,p13.pddl,off,0,,,,,,
pathways,p13.pddl,on,0,,,,,,
pathways,p14.pddl,off,0,,,,,,
pathways,p14.pddl,on,0,,,,,,
pathways,p15.pddl,off,0,,,,,,
pathways,p15.pddl,on,0,,,,,,
pathways,p16.pddl,off,0,,,,,,
pathways,p16.pddl,on,0,,,,,,
pathways,p17.pddl,off,0,,,,,,
pathways,p17.pddl,on,0,,,,,,
pathways,p18.pddl,off,0,,,,,,
pathways,p18.pddl,on,0,,,,,,
pathways,p19.pddl,off,0,,,,,,
pathways,p19.pddl,on,0,,,,,,
pathways,p20.pddl,off,0,,,,,,
pathways,p20.pddl,on,0,,,,,,
pathways,p21.pddl,off,0,,,,,,
pathways,p21.pddl,on,0,,,,,,
pathways,p22.pddl,off,0,,,,,,
pathways,p22.pddl,on,0,,,,,,
pathways,p23.pddl,off,0,,,,,,
pathways,p23.pddl,on,0,,,,,,
pathways,p24.pddl,off,0,,,,,,
pathways,p24.pddl,on,0,,,,,,
pathways,p25.pddl,off,0,,,,,,
pathways,p25.pddl,on,0,,,,,,
pathways,p26.pddl,off,0,,,,,,
pathways,p26.pddl,on,0,,,,,,
pathways,p27.pddl,off,0,,,,,,
pathways,p27.pddl,on,0,,,,,,
pathways,p28.pddl,off,0,,,,,,
pathways,p28.pddl,on,0,,,,,,
pathways,p29.pddl,off,0,,,,,,
pathways,p29.pddl,on,0,,,,,,
pathways,p30.pddl,off,0,,,,,,
pathways,p30.pddl,on,0,,,,,,
pegsol-08-strips,p01.pddl,off,1,2,0.00100061,,132,2,500000
pegsol-08-strips,p01.pddl,on,1,2,0.00143556,74,137,2,500000
pegsol-08-strips,p02.pddl,off,1,5,0.00120602,,144,2,483604
pegsol-08-strips,p02.pddl,on,1,5,0.00179739,40,142,2,483604
pegsol-08-strips,p03.pddl,off,1,4,0.00752981,,1876,2,472188
pegsol-08-strips,p03.pddl,on,1,4,0.00635943,95,1436,2,472028
pegsol-08-strips,p04.pddl,off,1,4,0.00417966,,483,2,463468
pegsol-08-strips,p04.pddl,on,1,4,0.00382912,176,658,2,463500
pegsol-08-strips,p05.pddl,off,1,4,0.0139105,,2157,2,504992
pegsol-08-strips,p05.pddl,on,1,4,0.00922002,39,1911,2,504992
pegsol-08-strips,p06.pddl,off,1,4,0.0678826,,17158,2,444724
pegsol-08-strips,p06.pddl,on,1,4,0.078069,136,28358,2,446164
pegsol-08-strips,p07.pddl,off,1,3,0.0253137,,5494,2,431920
pegsol-08-strips,p07.pddl,on,1,3,0.0269997,450,3400,2,431092
pegsol-08-strips,p08.pddl,off,1,6,0.724044,,68478,3,543040
pegsol-08-strips,p08.pddl,on,1,6,0.835277,49,72766,3,556252
pegsol-08-strips,p09.pddl,off,1,5,0.278999,,56676,2,485976
pegsol-08-strips,p09.pddl,on,1,5,0.368063,145,64719,2,489700
pegsol-08-strips,p10.pddl,off,1,6,0.701099,,68478,3,543296
pegsol-08-strips,p10.pddl,on,1,6,0.887094,49,72766,3,556444
pegsol-08-strips,p11.pddl,off,1,7,0.0950158,,23392,2,447512
pegsol-08-strips,p11.pddl,on,1,7,0.105991,132,22399,2,447480
pegsol-08-strips,p12.pddl,off,1,8,0.792972,,68478,3,547552
pegsol-08-strips,p12.pddl,on,1,8,0.993969,49,72766,3,561976
pegsol-08-strips,p13.pddl,off,1,9,0.918525,,68478,3,551772
pegsol-08-strips,p13.pddl,on,1,9,0.93498,49,72766,3,564152
pegsol-08-strips,p14.pddl,off,1,7,0.818885,,68478,3,548384
pegsol-08-strips,p14.pddl,on,1,7,0.780364,49,72766,3,560856
pegsol-08-strips,p15.pddl,off,1,8,1.00099,,68478,3,552604
pegsol-08-strips,p15.pddl,on,1,8,0.918914,49,72766,3,561624
pegsol-08-strips,p16.pddl,off,1,8,0.763718,,68478,3,545440
pegsol-08-strips,p16.pddl,on,1,8,0.830848,49,72766,3,557720
pegsol-08-strips,p17.pddl,off,1,10,3.37938,,68478,3,621660
pegsol-08-strips,p17.pddl,on,1,10,3.63659,49,72766,3,632536
pegsol-08-strips,p18.pddl,off,1,7,0.915953,,68478,3,545440
pegsol-08-strips,p18.pddl,on,1,7,0.896188,49,72766,3,557496
pegsol-08-strips,p19.pddl,off,1,8,1.05399,,68478,3,556476
pegsol-08-strips,p19.pddl,on,1,8,1.63598,49,72766,3,573844
pegsol-08-strips,p20.pddl,off,1,7,0.87781,,68478,3,549024
pegsol-08-strips,p20.pddl,on,1,7,1.01895,49,72766,3,561880
pegsol-08-strips,p21.pddl,off,1,8,1.30457,,68478,3,564568
pegsol-08-strips,p21.pddl,on,1,8,1.77102,49,72766,3,580752
pegsol-08-strips,p22.pddl,off,1,6,1.06,,68478,3,543648
pegsol-08-strips,p22.pddl,on,1,6,0.709986,49,72766,3,556508
pegsol-08-strips,p23.pddl,off,1,8,1.42459,,68478,3,566296
pegsol-08-strips,p23.pddl,on,1,8,1.45097,49,72766,3,579120
pegsol-08-strips,p24.pddl,off,1,8,1.67489,,68478,3,575696
pegsol-08-strips,p24.pddl,on,1,8,1.63936,49,72766,3,585996
pegsol-08-strips,p25.pddl,off,1,8,1.40697,,68478,3,565528
pegsol-08-strips,p25.pddl,on,1,8,1.74857,49,72766,3,578800
pegsol-08-strips,p26.pddl,off,1,9,2.50172,,68478,3,599560
pegsol-08-strips,p26.pddl,on,1,9,3.60804,49,72766,3,619104
pegsol-08-strips,p27.pddl,off,1,7,1.21372,,68478,3,557020
pegsol-08-strips,p27.pddl,on,1,7,1.13096,49,72766,3,570196
pegsol-08-strips,p28.pddl,off,1,12,75.5571,,68478,3,1076468
pegsol-08-strips,p28.pddl,on,1,12,64.1233,49,72766,3,1064132
pegsol-08-strips,p29.pddl,off,1,11,25.1746,,68478,3,875464
pegsol-08-strips,p29.pddl,on,1,11,24.9766,49,72766,3,986488
pegsol-08-strips,p30.pddl,off,1,18,1528.85,,68478,3,5389048
pegsol-08-strips,p30.pddl,on,1,18,1548.69,49,72766,3,5943256
pegsol-opt11-strips,p01.pddl,off,1,3,0.0539992,,6814,2,459900
pegsol-opt11-strips,p01.pddl,on,1,3,0.0525596,473,5955,2,459932
pegsol-opt11-strips,p02.pddl,off,1,10,3.2548,,68478,3,621660
pegsol-opt11-strips,p02.pddl,on,1,10,3.25691,49,72766,3,632536
pegsol-opt11-strips,p03.pddl,off,1,7,0.695321,,68478,3,545440
pegsol-opt11-strips,p03.pddl,on,1,7,0.826963,49,72766,3,558488
pegsol-opt11-strips,p04.pddl,off,1,8,1.27399,,68478,3,556476
pegsol-opt11-strips,p04.pddl,on,1,8,1.16207,49,72766,3,573844
pegsol-opt11-strips,p05.pddl,off,1,12,0.925944,,86027,2,513388
pegsol-opt11-strips,p05.pddl,on,1,12,1.15491,149,11723,3,522120
pegsol-opt11-strips,p06.pddl,off,1,9,1.68995,,68478,3,571540
pegsol-opt11-strips,p06.pddl,on,1,9,1.51858,49,72766,3,584780
pegsol-opt11-strips,p07.pddl,off,1,7,0.921984,,68478,3,551612
pegsol-opt11-strips,p07.pddl,on,1,7,0.973988,49,72766,3,563320
pegsol-opt11-strips,p08.pddl,off,1,7,0.926094,,68478,3,550236
pegsol-opt11-strips,p08.pddl,on,1,7,0.933207,49,72766,3,562776
pegsol-opt11-strips,p09.pddl,off,1,8,1.51293,,68478,3,561784
pegsol-opt11-strips,p09.pddl,on,1,8,1.25299,49,72766,3,576208
pegsol-opt11-strips,p10.pddl,off,1,8,1.17091,,68478,3,564568
pegsol-opt11-strips,p10.pddl,on,1,8,1.37606,49,72766,3,580752
pegsol-opt11-strips,p11.pddl,off,1,6,0.677992,,68478,3,543616
pegsol-opt11-strips,p11.pddl,on,1,6,0.738153,49,72766,3,556508
pegsol-opt11-strips,p12.pddl,off,1,11,1.32098,,61741,3,559136
pegsol-opt11-strips,p12.pddl,on,1,11,0.941988,104,49913,3,555300
pegsol-opt11-strips,p13.pddl,off,1,8,1.15014,,68478,3,566296
pegsol-opt11-strips,p13.pddl,on,1,8,1.55555,49,72766,3,579120
pegsol-opt11-strips,p14.pddl,off,1,8,2.25296,,68478,3,590860
pegsol-opt11-strips,p14.pddl,on,1,8,1.62998,49,72766,3,585996
pegsol-opt11-strips,p15.pddl,off,1,8,1.22752,,68478,3,565528
pegsol-opt11-strips,p15.pddl,on,1,8,1.53279,49,72766,3,578800
pegsol-opt11-strips,p16.pddl,off,1,9,2.92262,,68478,3,607716
pegsol-opt11-strips,p16.pddl,on,1,9,3.42411,49,72766,3,619104
pegsol-opt11-strips,p17.pddl,off,1,7,1.29698,,68478,3,557020
pegsol-opt11-strips,p17.pddl,on,1,7,1.24493,49,72766,3,570196
pegsol-opt11-strips,p18.pddl,off,1,12,69.7636,,68478,3,1076468
pegsol-opt11-strips,p18.pddl,on,1,12,67.8018,49,72766,3,1064164
pegsol-opt11-strips,p19.pddl,off,1,11,21.2486,,68478,3,932524
pegsol-opt11-strips,p19.pddl,on,1,11,28.7218,49,72766,3,986488
pegsol-opt11-strips,p20.pddl,off,1,18,1706.14,,68478,3,6199024
pegsol-opt11-strips,p20.pddl,on,1,18,1667.77,49,72766,3,5268808
petri-net-alignment-opt18-strips,p01.pddl,off,1,16,2.87085,,32957,2,771172
petri-net-alignment-opt18-strips,p01.pddl,on,1,16,3.02729,32137,39643,2,807548
petri-net-alignment-opt18-strips,p02.pddl,off,1,35,5.23194,,42290,2,932072
petri-net-alignment-opt18-strips,p02.pddl,on,1,35,8.4028,31858,53345,2,964380
petri-net-alignment-opt18-strips,p03.pddl,off,1,64,11.1281,,48574,2,1068020
petri-net-alignment-opt18-strips,p03.pddl,on,1,64,12.0197,32106,47098,2,1102164
petri-net-alignment-opt18-strips,p04.pddl,off,1,79,49.209,,58216,2,936856
petri-net-alignment-opt18-strips,p04.pddl,on,1,79,19.9363,31842,45473,2,1268672
petri-net-alignment-opt18-strips,p05.pddl,off,1,66,13.3157,,36987,2,918448
petri-net-alignment-opt18-strips,p05.pddl,on,1,66,22.8362,32117,44686,2,1000008
petri-net-alignment-opt18-strips,p06.pddl,off,1,95,38.1884,,54578,2,1135492
petri-net-alignment-opt18-strips,p06.pddl,on,1,95,26.3911,32110,46592,2,973856
petri-net-alignment-opt18-strips,p07.pddl,off,1,106,72.5367,,52592,2,1001656
petri-net-alignment-opt18-strips,p07.pddl,on,1,106,37.3051,31842,46951,2,1225716
petri-net-alignment-opt18-strips,p08.pddl,off,1,111,65.5618,,59051,2,983000
petri-net-alignment-opt18-strips,p08.pddl,on,1,111,49.2585,32112,47737,2,973108
petri-net-alignment-opt18-strips,p09.pddl,off,1,132,32.1659,,48470,2,982748
petri-net-alignment-opt18-strips,p09.pddl,on,1,132,102.199,31869,50717,2,1289628
petri-net-alignment-opt18-strips,p10.pddl,off,1,169,139.773,,50235,2,1157716
petri-net-alignment-opt18-strips,p10.pddl,on,1,169,82.4935,32096,50000,2,984396
petri-net-alignment-opt18-strips,p11.pddl,off,1,155,46.7424,,45440,2,968328
petri-net-alignment-opt18-strips,p11.pddl,on,1,155,47.2688,31881,47708,2,907720
petri-net-alignment-opt18-strips,p12.pddl,off,1,187,198.646,,58818,2,1012392
petri-net-alignment-opt18-strips,p12.pddl,on,1,187,153.054,31880,51736,2,992788
petri-net-alignment-opt18-strips,p13.pddl,off,1,192,144.859,,53163,2,1062008
petri-net-alignment-opt18-strips,p13.pddl,on,1,192,96.5069,31860,51829,2,951940
petri-net-alignment-opt18-strips,p14.pddl,off,1,201,87.3371,,46740,2,920956
petri-net-alignment-opt18-strips,p14.pddl,on,1,201,84.7939,31972,45826,2,947104
petri-net-alignment-opt18-strips,p15.pddl,off,1,216,452.448,,51467,2,1474984
petri-net-alignment-opt18-strips,p15.pddl,on,1,216,52.8379,31899,48484,2,1231208
petri-net-alignment-opt18-strips,p16.pddl,off,1,237,188.548,,66533,2,1034848
petri-net-alignment-opt18-strips,p16.pddl,on,1,237,97.6276,31880,52132,2,1041100
petri-net-alignment-opt18-strips,p17.pddl,off,1,252,119.425,,53530,2,1018620
petri-net-alignment-opt18-strips,p17.pddl,on,1,252,106.919,31912,50729,2,1211040
petri-net-alignment-opt18-strips,p18.pddl,off,1,261,363.469,,44934,2,1117516
petri-net-alignment-opt18-strips,p18.pddl,on,1,261,166.708,31998,48511,2,1121124
petri-net-alignment-opt18-strips,p19.pddl,off,1,268,528.345,,44245,2,1426704
petri-net-alignment-opt18-strips,p19.pddl,on,1,268,66.797,32128,49442,2,1010588
petri-net-alignment-opt18-strips,p20.pddl,off,1,295,207.471,,61556,2,1028828
petri-net-alignment-opt18-strips,p20.pddl,on,1,295,70.8498,31852,53977,2,932788
pipesworld-notankage,p01-net1-b6-g2.pddl,off,1,5,0.0309989,,8097,1,474664
pipesworld-notankage,p01-net1-b6-g2.pddl,on,1,5,0.0305963,258,7896,1,474408
pipesworld-notankage,p02-net1-b6-g4.pddl,off,1,12,0.0532226,,8063,1,475368
pipesworld-notankage,p02-net1-b6-g4.pddl,on,1,12,0.0439322,258,7992,1,475080
pipesworld-notankage,p03-net1-b8-g3.pddl,off,1,8,0.183,,37556,1,547024
pipesworld-notankage,p03-net1-b8-g3.pddl,on,1,8,0.166038,408,35730,1,546768
pipesworld-notankage,p04-net1-b8-g5.pddl,off,1,11,0.166055,,37357,1,547056
pipesworld-notankage,p04-net1-b8-g5.pddl,on,1,11,0.173463,408,35730,1,547760
pipesworld-notankage,p05-net1-b10-g4.pddl,off,1,8,0.864909,,202741,3,536572
pipesworld-notankage,p05-net1-b10-g4.pddl,on,1,8,0.777961,590,163960,3,528160
pipesworld-notankage,p06-net1-b10-g6.pddl,off,1,10,0.818674,,174244,3,537660
pipesworld-notankage,p06-net1-b10-g6.pddl,on,1,10,0.919867,590,188218,3,531872
pipesworld-notankage,p07-net1-b12-g5.pddl,off,1,8,2.9125,,537598,9,745244
pipesworld-notankage,p07-net1-b12-g5.pddl,on,1,8,2.5619,804,501870,7,789032
pipesworld-notankage,p08-net1-b12-g7.pddl,off,1,10,3.844,,499073,7,793092
pipesworld-notankage,p08-net1-b12-g7.pddl,on,1,10,3.35694,804,517242,9,755352
pipesworld-notankage,p09-net1-b14-g6.pddl,off,1,13,42.6504,,1023536,20,1251064
pipesworld-notankage,p09-net1-b14-g6.pddl,on,1,13,36.3447,1050,1131297,21,1194840
pipesworld-notankage,p10-net1-b14-g8.pddl,off,1,18,161.972,,1014206,21,1211544
pipesworld-notankage,p10-net1-b14-g8.pddl,on,1,18,144.22,1050,1121173,19,1234068
pipesworld-notankage,p11-net2-b10-g2.pddl,off,1,20,202.423,,530281,13,1467500
pipesworld-notankage,p11-net2-b10-g2.pddl,on,1,20,90.3525,2015,279157,5,1320600
pipesworld-notankage,p12-net2-b10-g4.pddl,off,1,24,156.78,,520686,12,1191932
pipesworld-notankage,p12-net2-b10-g4.pddl,on,1,24,63.1425,2015,291159,5,1145896
pipesworld-notankage,p13-net2-b12-g3.pddl,off,1,16,77.1521,,427490,11,1091828
pipesworld-notankage,p13-net2-b12-g3.pddl,on,1,16,63.2294,2614,520120,8,1399268
pipesworld-notankage,p14-net2-b12-g5.pddl,off,0,,,,1105872,17,4099832
pipesworld-notankage,p14-net2-b12-g5.pddl,on,0,,,2826,643681,15,4180472
pipesworld-notankage,p15-net2-b14-g4.pddl,off,1,26,137.163,,318693,7,1396740
pipesworld-notankage,p15-net2-b14-g4.pddl,on,1,26,124.704,2753,445126,7,1325348
pipesworld-notankage,p16-net2-b14-g6.pddl,off,0,,,,330826,7,4363928
pipesworld-notankage,p16-net2-b14-g6.pddl,on,0,,,2753,454080,7,3565944
pipesworld-notankage,p17-net2-b16-g5.pddl,off,0,,,,1860475,30,3649832
pipesworld-notankage,p17-net2-b16-g5.pddl,on,0,,,5000,1010409,18,4917208
pipesworld-notankage,p18-net2-b16-g7.pddl,off,0,,,,1664181,29,4362504
pipesworld-notankage,p18-net2-b16-g7.pddl,on,0,,,5000,1063341,16,4831796
pipesworld-notankage,p19-net2-b18-g6.pddl,off,0,,,,1267212,25,4795196
pipesworld-notankage,p19-net2-b18-g6.pddl,on,0,,,6402,1302584,19,4622520
pipesworld-notankage,p20-net2-b18-g8.pddl,off,0,,,,1314884,23,4340368
pipesworld-notankage,p20-net2-b18-g8.pddl,on,0,,,6402,1187533,24,4687380
pipesworld-notankage,p21-net3-b12-g2.pddl,off,1,14,121.828,,1461292,28,1606484
pipesworld-notankage,p21-net3-b12-g2.pddl,on,1,14,161.385,3909,625300,12,1699148
pipesworld-notankage,p22-net3-b12-g4.pddl,off,0,,,,1486405,29,4862252
pipesworld-notankage,p22-net3-b12-g4.pddl,on,0,,,3909,683239,11,4677520
pipesworld-notankage,p23-net3-b14-g3.pddl,off,0,,,,3132631,121,6372256
pipesworld-notankage,p23-net3-b14-g3.pddl,on,0,,,5978,1187487,22,3884084
pipesworld-notankage,p24-net3-b14-g5.pddl,off,0,,,,3175662,121,3909020
pipesworld-notankage,p24-net3-b14-g5.pddl,on,0,,,5978,1505182,30,3588340
pipesworld-notankage,p25-net3-b16-g5.pddl,off,0,,,,3599975,115,5393888
pipesworld-notankage,p25-net3-b16-g5.pddl,on,0,,,8223,3545738,75,6179568
pipesworld-notankage,p26-net3-b16-g7.pddl,off,0,,,,3876515,138,4698420
pipesworld-notankage,p26-net3-b16-g7.pddl,on,0,,,8223,3697319,65,5053876
pipesworld-notankage,p27-net3-b18-g6.pddl,off,0,,,,3559594,179,5079228
pipesworld-notankage,p27-net3-b18-g6.pddl,on,0,,,10185,5242567,100,5539860
pipesworld-notankage,p28-net3-b18-g7.pddl,off,0,,,,2484827,304,5237876
pipesworld-notankage,p28-net3-b18-g7.pddl,on,0,,,10185,3616529,91,5392256
pipesworld-notankage,p29-net3-b20-g6.pddl,off,0,,,,4108204,338,6371856
pipesworld-notankage,p29-net3-b20-g6.pddl,on,0,,,13510,6372415,174,4345908
pipesworld-notankage,p30-net3-b20-g8.pddl,off,0,,,,3132028,226,5294228
pipesworld-notankage,p30-net3-b20-g8.pddl,on,0,,,11710,2530874,59,5587880
pipesworld-notankage,p31-net4-b14-g3.pddl,off,0,,,,4551619,175,4417664
pipesworld-notankage,p31-net4-b14-g3.pddl,on,0,,,6510,1994191,39,4165480
pipesworld-notankage,p32-net4-b14-g5.pddl,off,0,,,,4615246,174,6733096
pipesworld-notankage,p32-net4-b14-g5.pddl,on,0,,,6510,1842907,40,4803092
pipesworld-notankage,p33-net4-b16-g5.pddl,off,0,,,,4451955,184,6503932
pipesworld-notankage,p33-net4-b16-g5.pddl,on,0,,,7131,1281152,25,4972944
pipesworld-notankage,p34-net4-b16-g6.pddl,off,0,,,,3960646,113,5039140
pipesworld-notankage,p34-net4-b16-g6.pddl,on,0,,,8419,2029444,45,6312760
pipesworld-notankage,p35-net4-b18-g4.pddl,off,0,,,,3780679,454,5269892
pipesworld-notankage,p35-net4-b18-g4.pddl,on,0,,,11439,4808344,114,5967324
pipesworld-notankage,p36-net4-b18-g6.pddl,off,0,,,,3634495,456,3947448
pipesworld-notankage,p36-net4-b18-g6.pddl,on,0,,,11439,4654338,101,5357584
pipesworld-notankage,p37-net4-b20-g5.pddl,off,0,,,,4506040,313,4821308
pipesworld-notankage,p37-net4-b20-g5.pddl,on,0,,,13509,4653270,113,4890332
pipesworld-notankage,p38-net4-b20-g7.pddl,off,0,,,,4395785,312,5137384
pipesworld-notankage,p38-net4-b20-g7.pddl,on,0,,,13509,4325611,81,5173848
pipesworld-notankage,p39-net4-b22-g7.pddl,off,0,,,,6809597,605,8191948
pipesworld-notankage,p39-net4-b22-g7.pddl,on,0,,,19041,10695345,360,6204040
pipesworld-notankage,p40-net4-b22-g8.pddl,off,0,,,,6286149,712,3450088
pipesworld-notankage,p40-net4-b22-g8.pddl,on,0,,,19041,7773880,374,6064092
pipesworld-notankage,p41-net5-b22-g2.pddl,off,0,,,,9143262,703,5858968
pipesworld-notankage,p41-net5-b22-g2.pddl,on,0,,,21282,9838041,416,4055008
pipesworld-notankage,p42-net5-b22-g4.pddl,off,0,,,,7399263,712,4904240
pipesworld-notankage,p42-net5-b22-g4.pddl,on,0,,,21282,9978873,382,6420960
pipesworld-notankage,p43-net5-b24-g3.pddl,off,0,,,,8541295,858,6180024
pipesworld-notankage,p43-net5-b24-g3.pddl,on,0,,,26043,9535647,569,4814048
pipesworld-notankage,p44-net5-b24-g5.pddl,off,0,,,,9641655,857,4709040
pipesworld-notankage,p44-net5-b24-g5.pddl,on,0,,,26043,12481693,575,3288664
pipesworld-notankage,p45-net5-b26-g4.pddl,off,0,,,,13235849,1010,7051084
pipesworld-notankage,p45-net5-b26-g4.pddl,on,0,,,31064,12987502,683,5659428
pipesworld-notankage,p46-net5-b26-g6.pddl,off,0,,,,12026306,1020,5380524
pipesworld-notankage,p46-net5-b26-g6.pddl,on,0,,,31064,14624449,701,3383456
pipesworld-notankage,p47-net5-b28-g5.pddl,off,0,,,,15964579,1450,6507280
pipesworld-notankage,p47-net5-b28-g5.pddl,on,0,,,36167,14404551,780,5329104
pipesworld-notankage,p48-net5-b28-g7.pddl,off,0,,,,14560941,1162,5632388
pipesworld-notankage,p48-net5-b28-g7.pddl,on,0,,,36167,14517105,830,6388468
pipesworld-notankage,p49-net5-b30-g6.pddl,off,0,,,,16627148,1335,5882688
pipesworld-notankage,p49-net5-b30-g6.pddl,on,0,,,42426,15579891,916,5447216
pipesworld-notankage,p50-net5-b30-g8.pddl,off,0,,,,15709975,1307,4017728
pipesworld-notankage,p50-net5-b30-g8.pddl,on,0,,,42426,15473242,844,5173000
pipesworld-tankage,p01-net1-b6-g2-t50.pddl,off,1,5,0.0178985,,4213,1,434896
pipesworld-tankage,p01-net1-b6-g2-t50.pddl,on,1,5,0.0158736,157,2865,1,434576
pipesworld-tankage,p02-net1-b6-g4-t50.pddl,off,1,12,0.0199993,,3655,1,435088
pipesworld-tankage,p02-net1-b6-g4-t50.pddl,on,1,12,0.0234676,157,2864,1,434704
pipesworld-tankage,p03-net1-b8-g3-t80.pddl,off,1,8,0.118773,,9795,1,484828
pipesworld-tankage,p03-net1-b8-g3-t80.pddl,on,1,8,0.100608,77,5081,1,483740
pipesworld-tankage,p04-net1-b8-g5-t80.pddl,off,1,11,0.169691,,7719,1,486584
pipesworld-tankage,p04-net1-b8-g5-t80.pddl,on,1,11,0.182,77,5084,1,485556
pipesworld-tankage,p05-net1-b10-g4-t50.pddl,off,1,8,0.384957,,25688,1,518068
pipesworld-tankage,p05-net1-b10-g4-t50.pddl,on,1,8,0.285025,149,13749,1,516272
pipesworld-tankage,p06-net1-b10-g6-t50.pddl,off,1,10,0.382088,,19167,1,515796
pipesworld-tankage,p06-net1-b10-g6-t50.pddl,on,1,10,0.379048,149,10230,1,517456
pipesworld-tankage,p07-net1-b12-g5-t80.pddl,off,1,8,1.70505,,37821,1,653620
pipesworld-tankage,p07-net1-b12-g5-t80.pddl,on,1,8,4.20054,84,24472,1,717240
pipesworld-tankage,p08-net1-b12-g7-t80.pddl,off,1,11,7.56409,,37913,1,751456
pipesworld-tankage,p08-net1-b12-g7-t80.pddl,on,1,11,11.9793,84,24816,1,855596
pipesworld-tankage,p09-net1-b14-g6-t50.pddl,off,1,18,179.827,,46757,1,1208796
pipesworld-tankage,p09-net1-b14-g6-t50.pddl,on,1,18,51.7354,129,18237,1,1072000
pipesworld-tankage,p10-net1-b14-g8-t50.pddl,off,1,19,146.263,,49130,1,1149412
pipesworld-tankage,p10-net1-b14-g8-t50.pddl,on,1,19,26.4667,129,18267,1,1195980
pipesworld-tankage,p11-net2-b10-g2-t30.pddl,off,1,22,246.544,,735892,9,1405300
pipesworld-tankage,p11-net2-b10-g2-t30.pddl,on,1,22,227.02,1117,875348,12,1371032
pipesworld-tankage,p12-net2-b10-g4-t60.pddl,off,1,24,359.446,,886101,11,1493720
pipesworld-tankage,p12-net2-b10-g4-t60.pddl,on,1,24,299.483,1117,822609,11,1440696
pipesworld-tankage,p13-net2-b12-g3-t70.pddl,off,1,16,227.935,,1154377,22,1567296
pipesworld-tankage,p13-net2-b12-g3-t70.pddl,on,1,16,556.228,1565,1229081,22,2054296
pipesworld-tankage,p14-net2-b12-g5-t30.pddl,off,0,,,,1300365,23,3694068
pipesworld-tankage,p14-net2-b12-g5-t30.pddl,on,0,,,1575,1112162,24,3482260
pipesworld-tankage,p15-net2-b14-g4-t30.pddl,off,1,30,44.8612,,299320,5,1344276
pipesworld-tankage,p15-net2-b14-g4-t30.pddl,on,1,30,374.781,1641,1009515,24,1770452
pipesworld-tankage,p16-net2-b14-g6-t80.pddl,off,0,,,,1041642,26,3497504
pipesworld-tankage,p16-net2-b14-g6-t80.pddl,on,0,,,1622,1000644,26,3380372
pipesworld-tankage,p17-net2-b16-g5-t20.pddl,off,0,,,,1931492,48,2945824
pipesworld-tankage,p17-net2-b16-g5-t20.pddl,on,0,,,2786,1554505,41,3100540
pipesworld-tankage,p18-net2-b16-g7-t60.pddl,off,0,,,,2033203,48,3312972
pipesworld-tankage,p18-net2-b16-g7-t60.pddl,on,0,,,2770,1585408,51,3492856
pipesworld-tankage,p19-net2-b18-g6-t60.pddl,off,0,,,,2325436,66,5371936
pipesworld-tankage,p19-net2-b18-g6-t60.pddl,on,0,,,3545,2521101,58,6061832
pipesworld-tankage,p20-net2-b18-g8-t90.pddl,off,0,,,,2068192,173,3177920
pipesworld-tankage,p20-net2-b18-g8-t90.pddl,on,0,,,3539,2305288,289,3208396
pipesworld-tankage,p21-net3-b12-g2-t60.pddl,off,1,14,83.4582,,2127930,37,1512760
pipesworld-tankage,p21-net3-b12-g2-t60.pddl,on,1,14,163.679,1911,1476097,22,1549672
pipesworld-tankage,p22-net3-b12-g4-t60.pddl,off,0,,,,1285961,29,3662692
pipesworld-tankage,p22-net3-b12-g4-t60.pddl,on,0,,,1911,1484173,23,3978732
pipesworld-tankage,p23-net3-b14-g3-t60.pddl,off,0,,,,2162553,51,3625024
pipesworld-tankage,p23-net3-b14-g3-t60.pddl,on,0,,,2997,1855398,54,5156968
pipesworld-tankage,p24-net3-b14-g5-t60.pddl,off,0,,,,2028418,51,3721724
pipesworld-tankage,p24-net3-b14-g5-t60.pddl,on,0,,,2997,1988352,53,5045140
pipesworld-tankage,p25-net3-b16-g5-t60.pddl,off,0,,,,4082414,119,4947948
pipesworld-tankage,p25-net3-b16-g5-t60.pddl,on,0,,,4085,3876361,132,6163928
pipesworld-tankage,p26-net3-b16-g7-t70.pddl,off,0,,,,2808293,236,4029604
pipesworld-tankage,p26-net3-b16-g7-t70.pddl,on,0,,,4085,3091593,67,4189876
pipesworld-tankage,p27-net3-b18-g6-t70.pddl,off,0,,,,3577572,101,8191656
pipesworld-tankage,p27-net3-b18-g6-t70.pddl,on,0,,,4884,4492918,181,7974436
pipesworld-tankage,p28-net3-b18-g7-t70.pddl,off,0,,,,3644650,225,6456344
pipesworld-tankage,p28-net3-b18-g7-t70.pddl,on,0,,,4884,4143548,227,4738608
pipesworld-tankage,p29-net3-b20-g6-t70.pddl,off,0,,,,4345885,607,5936588
pipesworld-tankage,p29-net3-b20-g6-t70.pddl,on,0,,,6496,4509166,605,6329632
pipesworld-tankage,p30-net3-b20-g8-t70.pddl,off,0,,,,3769782,359,4437400
pipesworld-tankage,p30-net3-b20-g8-t70.pddl,on,0,,,5716,2491369,559,6953552
pipesworld-tankage,p31-net4-b14-g3-t20.pddl,off,1,39,291.073,,1856881,46,1438064
pipesworld-tankage,p31-net4-b14-g3-t20.pddl,on,1,39,276.876,2574,1075882,24,1472224
pipesworld-tankage,p32-net4-b14-g5-t30.pddl,off,0,,,,3184829,59,3515464
pipesworld-tankage,p32-net4-b14-g5-t30.pddl,on,0,,,3189,2639599,57,3964852
pipesworld-tankage,p33-net4-b16-g5-t60.pddl,off,0,,,,2569103,60,5004468
pipesworld-tankage,p33-net4-b16-g5-t60.pddl,on,0,,,3516,3910884,103,5502560
pipesworld-tankage,p34-net4-b16-g6-t60.pddl,off,0,,,,4396705,98,4729560
pipesworld-tankage,p34-net4-b16-g6-t60.pddl,on,0,,,4192,3835511,214,5608276
pipesworld-tankage,p35-net4-b18-g4-t90.pddl,off,0,,,,3437461,442,6048640
pipesworld-tankage,p35-net4-b18-g4-t90.pddl,on,0,,,5625,3812229,253,7080232
pipesworld-tankage,p36-net4-b18-g6-t90.pddl,off,0,,,,5178005,785,6540212
pipesworld-tankage,p36-net4-b18-g6-t90.pddl,on,0,,,5625,4509694,769,6377724
pipesworld-tankage,p37-net4-b20-g5-t60.pddl,off,0,,,,4556436,513,4013432
pipesworld-tankage,p37-net4-b20-g5-t60.pddl,on,0,,,6686,4571644,803,7834648
pipesworld-tankage,p38-net4-b20-g7-t60.pddl,off,0,,,,4269516,517,8191924
pipesworld-tankage,p38-net4-b20-g7-t60.pddl,on,0,,,6686,4981127,592,6558380
pipesworld-tankage,p39-net4-b22-g7-t50.pddl,off,0,,,,4560584,1300,6491852
pipesworld-tankage,p39-net4-b22-g7-t50.pddl,on,0,,,9430,6793087,1232,6552396
pipesworld-tankage,p40-net4-b22-g8-t50.pddl,off,0,,,,6020585,1374,5186880
pipesworld-tankage,p40-net4-b22-g8-t50.pddl,on,0,,,9430,4097987,1194,5543940
pipesworld-tankage,p41-net5-b22-g2-t20.pddl,off,0,,,,9656043,1361,5552892
pipesworld-tankage,p41-net5-b22-g2-t20.pddl,on,0,,,10878,8572497,1286,7430996
pipesworld-tankage,p42-net5-b22-g4-t50.pddl,off,0,,,,6276286,1775,5796148
pipesworld-tankage,p42-net5-b22-g4-t50.pddl,on,0,,,10698,6850010,1718,5636852
pipesworld-tankage,p43-net5-b24-g3-t80.pddl,off,0,,,,5876583,3623,7446004
pipesworld-tankage,p43-net5-b24-g3-t80.pddl,on,0,,,13308,5966113,6254,8191976
pipesworld-tankage,p44-net5-b24-g5-t80.pddl,off,0,,,,5665366,3908,4792024
pipesworld-tankage,p44-net5-b24-g5-t80.pddl,on,0,,,13308,6332016,6837,3294636
pipesworld-tankage,p45-net5-b26-g4-t50.pddl,off,0,,,,9881304,2810,8191980
pipesworld-tankage,p45-net5-b26-g4-t50.pddl,on,0,,,15691,9534969,2735,5749912
pipesworld-tankage,p46-net5-b26-g6-t50.pddl,off,0,,,,8712692,2949,6688136
pipesworld-tankage,p46-net5-b26-g6-t50.pddl,on,0,,,15691,8279905,2793,5064204
pipesworld-tankage,p47-net5-b28-g5-t50.pddl,off,0,,,,8899739,3221,5375840
pipesworld-tankage,p47-net5-b28-g5-t50.pddl,on,0,,,18314,9390243,3702,5297196
pipesworld-tankage,p48-net5-b28-g7-t50.pddl,off,0,,,,10011283,3349,6839624
pipesworld-tankage,p48-net5-b28-g7-t50.pddl,on,0,,,18314,9528880,3347,8191984
pipesworld-tankage,p49-net5-b30-g6-t50.pddl,off,0,,,,12688060,4044,7368080
pipesworld-tankage,p49-net5-b30-g6-t50.pddl,on,0,,,21705,11152082,6675,7292672
pipesworld-tankage,p50-net5-b30-g8-t50.pddl,off,0,,,,13298184,4020,5800296
pipesworld-tankage,p50-net5-b30-g8-t50.pddl,on,0,,,21705,11184141,7041,6944952
psr-small,p01-s2-n1-l2-f50.pddl,off,0,,0.000522459,,0,0,491720
psr-small,p01-s2-n1-l2-f50.pddl,on,0,,0.000418157,0,0,0,491720
psr-small,p02-s5-n1-l3-f30.pddl,off,0,,0.000238999,,0,0,491720
psr-small,p02-s5-n1-l3-f30.pddl,on,0,,0.000439847,0,0,0,491720
psr-small,p03-s7-n1-l3-f70.pddl,off,0,,0.000478617,,0,0,491720
psr-small,p03-s7-n1-l3-f70.pddl,on,0,,0.0004395,0,0,0,491720
psr-small,p04-s8-n1-l4-f10.pddl,off,0,,0.000382311,,0,0,491720
psr-small,p04-s8-n1-l4-f10.pddl,on,0,,0.000434445,0,0,0,491720
psr-small,p05-s9-n1-l4-f30.pddl,off,0,,0.000387916,,0,0,491720
psr-small,p05-s9-n1-l4-f30.pddl,on,0,,0.000356404,0,0,0,491720
psr-small,p06-s10-n1-l4-f50.pddl,off,0,,0.000381879,,0,0,491720
psr-small,p06-s10-n1-l4-f50.pddl,on,0,,0.000437171,0,0,0,491720
psr-small,p07-s11-n1-l4-f70.pddl,off,0,,0.000504108,,0,0,491720
psr-small,p07-s11-n1-l4-f70.pddl,on,0,,0.000430172,0,0,0,491720
psr-small,p08-s12-n1-l5-f10.pddl,off,0,,0.000732062,,0,0,491720
psr-small,p08-s12-n1-l5-f10.pddl,on,0,,0.000470382,0,0,0,491720
psr-small,p09-s13-n1-l5-f30.pddl,off,0,,0.00040977,,0,0,491720
psr-small,p09-s13-n1-l5-f30.pddl,on,0,,0.000533455,0,0,0,491720
psr-small,p10-s17-n2-l2-f30.pddl,off,0,,0.000424078,,0,0,491720
psr-small,p10-s17-n2-l2-f30.pddl,on,0,,0.0003289,0,0,0,491720
psr-small,p11-s18-n2-l2-f50.pddl,off,0,,0.000286652,,0,0,491720
psr-small,p11-s18-n2-l2-f50.pddl,on,0,,0.000442551,0,0,0,491720
psr-small,p12-s21-n2-l3-f30.pddl,off,0,,0.000418804,,0,0,491720
psr-small,p12-s21-n2-l3-f30.pddl,on,0,,0.000566656,0,0,0,491720
psr-small,p13-s22-n2-l3-f50.pddl,off,0,,0.000389203,,0,0,491720
psr-small,p13-s22-n2-l3-f50.pddl,on,0,,0.000450026,0,0,0,491720
psr-small,p14-s23-n2-l3-f70.pddl,off,0,,0.000588907,,0,0,491720
psr-small,p14-s23-n2-l3-f70.pddl,on,0,,0.000246153,0,0,0,491720
psr-small,p15-s24-n2-l4-f10.pddl,off,0,,,,,,
psr-small,p15-s24-n2-l4-f10.pddl,on,0,,,,,,
psr-small,p16-s29-n2-l5-f30.pddl,off,0,,,,,,
psr-small,p16-s29-n2-l5-f30.pddl,on,0,,,,,,
psr-small,p17-s30-n2-l5-f50.pddl,off,0,,0.000534581,,0,0,491720
psr-small,p17-s30-n2-l5-f50.pddl,on,0,,0.000469126,0,0,0,491720
psr-small,p18-s31-n2-l5-f70.pddl,off,0,,0.000549163,,0,0,491720
psr-small,p18-s31-n2-l5-f70.pddl,on,0,,0.000430291,0,0,0,491720
psr-small,p19-s33-n3-l2-f30.pddl,off,0,,,,,,
psr-small,p19-s33-n3-l2-f30.pddl,on,0,,,,,,
psr-small,p20-s34-n3-l2-f50.pddl,off,0,,0.0004817,,0,0,491720
psr-small,p20-s34-n3-l2-f50.pddl,on,0,,0.000185943,0,0,0,491720
psr-small,p21-s35-n3-l2-f70.pddl,off,0,,0.000217918,,0,0,491720
psr-small,p21-s35-n3-l2-f70.pddl,on,0,,0.000513046,0,0,0,491720
psr-small,p22-s37-n3-l3-f30.pddl,off,0,,0.000438545,,0,0,491720
psr-small,p22-s37-n3-l3-f30.pddl,on,0,,0.000427797,0,0,0,491720
psr-small,p23-s38-n3-l3-f50.pddl,off,0,,,,,,
psr-small,p23-s38-n3-l3-f50.pddl,on,0,,,,,,
psr-small,p24-s39-n3-l3-f70.pddl,off,0,,0.000358551,,0,0,491720
psr-small,p24-s39-n3-l3-f70.pddl,on,0,,0.000557688,0,0,0,491720
psr-small,p25-s40-n3-l4-f10.pddl,off,0,,,,,,
psr-small,p25-s40-n3-l4-f10.pddl,on,0,,,,,,
psr-small,p26-s41-n3-l4-f30.pddl,off,0,,0.000513448,,0,0,491720
psr-small,p26-s41-n3-l4-f30.pddl,on,0,,0.000556935,0,0,0,491720
psr-small,p27-s42-n3-l4-f50.pddl,off,0,,0.000427634,,0,0,491720
psr-small,p27-s42-n3-l4-f50.pddl,on,0,,0.000565121,0,0,0,491720
psr-small,p28-s43-n3-l4-f70.pddl,off,0,,0.000558997,,0,0,491720
psr-small,p28-s43-n3-l4-f70.pddl,on,0,,0.000365445,0,0,0,491720
psr-small,p29-s45-n3-l5-f30.pddl,off,0,,0.000583233,,0,0,491720
psr-small,p29-s45-n3-l5-f30.pddl,on,0,,0.000421319,0,0,0,491720
psr-small,p30-s46-n3-l5-f50.pddl,off,0,,0.000448373,,0,0,491720
psr-small,p30-s46-n3-l5-f50.pddl,on,0,,0.000268417,0,0,0,491720
psr-small,p31-s49-n4-l2-f30.pddl,off,0,,,,,,
psr-small,p31-s49-n4-l2-f30.pddl,on,0,,,,,,
psr-small,p32-s50-n4-l2-f50.pddl,off,0,,,,,,
psr-small,p32-s50-n4-l2-f50.pddl,on,0,,,,,,
psr-small,p33-s51-n4-l2-f70.pddl,off,0,,,,,,
psr-small,p33-s51-n4-l2-f70.pddl,on,0,,,,,,
psr-small,p34-s55-n4-l3-f70.pddl,off,0,,,,,,
psr-small,p34-s55-n4-l3-f70.pddl,on,0,,,,,,
psr-small,p35-s57-n5-l2-f30.pddl,off,0,,,,,,
psr-small,p35-s57-n5-l2-f30.pddl,on,0,,,,,,
psr-small,p36-s65-n6-l2-f30.pddl,off,0,,,,,,
psr-small,p36-s65-n6-l2-f30.pddl,on,0,,,,,,
psr-small,p37-s67-n6-l2-f70.pddl,off,0,,,,,,
psr-small,p37-s67-n6-l2-f70.pddl,on,0,,,,,,
psr-small,p38-s78-n3-l3-f50.pddl,off,1,15,0.00502722,,769,1,430704
psr-small,p38-s78-n3-l3-f50.pddl,on,1,15,0.00799977,36,982,1,430832
psr-small,p39-s79-n3-l3-f70.pddl,off,0,,0.000225783,,0,0,491720
psr-small,p39-s79-n3-l3-f70.pddl,on,0,,0.000523269,0,0,0,491720
psr-small,p40-s80-n3-l4-f10.pddl,off,0,,,,,,
psr-small,p40-s80-n3-l4-f10.pddl,on,0,,,,,,
psr-small,p41-s81-n3-l4-f30.pddl,off,0,,,,,,
psr-small,p41-s81-n3-l4-f30.pddl,on,0,,,,,,
psr-small,p42-s82-n3-l4-f50.pddl,off,0,,,,,,
psr-small,p42-s82-n3-l4-f50.pddl,on,0,,,,,,
psr-small,p43-s83-n3-l4-f70.pddl,off,1,20,0.00941415,,822,1,438912
psr-small,p43-s83-n3-l4-f70.pddl,on,1,20,0.00993159,46,696,1,438912
psr-small,p44-s89-n4-l2-f30.pddl,off,0,,,,,,
psr-small,p44-s89-n4-l2-f30.pddl,on,0,,,,,,
psr-small,p45-s94-n4-l3-f50.pddl,off,0,,,,,,
psr-small,p45-s94-n4-l3-f50.pddl,on,0,,,,,,
psr-small,p46-s97-n5-l2-f30.pddl,off,0,,,,,,
psr-small,p46-s97-n5-l2-f30.pddl,on,0,,,,,,
psr-small,p47-s98-n5-l2-f50.pddl,off,0,,,,,,
psr-small,p47-s98-n5-l2-f50.pddl,on,0,,,,,,
psr-small,p48-s101-n5-l3-f30.pddl,off,0,,,,,,
psr-small,p48-s101-n5-l3-f30.pddl,on,0,,,,,,
psr-small,p49-s105-n6-l2-f30.pddl,off,0,,,,,,
psr-small,p49-s105-n6-l2-f30.pddl,on,0,,,,,,
psr-small,p50-s107-n6-l2-f70.pddl,off,0,,,,,,
psr-small,p50-s107-n6-l2-f70.pddl,on,0,,,,,,
quantum-layout-opt23-strips,p01.pddl,off,0,,0.000465345,,0,0,491720
quantum-layout-opt23-strips,p01.pddl,on,0,,0.000498656,0,0,0,491720
quantum-layout-opt23-strips,p02.pddl,off,1,14,5.02378,,93585,2,758272
quantum-layout-opt23-strips,p02.pddl,on,1,14,6.21624,929,99521,2,792976
quantum-layout-opt23-strips,p03.pddl,off,0,,0.000315774,,0,0,491720
quantum-layout-opt23-strips,p03.pddl,on,0,,0.000450502,0,0,0,491720
quantum-layout-opt23-strips,p04.pddl,off,0,,0.000439381,,0,0,491720
quantum-layout-opt23-strips,p04.pddl,on,0,,0.000316156,0,0,0,491720
quantum-layout-opt23-strips,p05.pddl,off,0,,0.000178178,,0,0,491720
quantum-layout-opt23-strips,p05.pddl,on,0,,0.000429324,0,0,0,491720
quantum-layout-opt23-strips,p06.pddl,off,0,,0.000431968,,0,0,491720
quantum-layout-opt23-strips,p06.pddl,on,0,,0.00052515,0,0,0,491720
quantum-layout-opt23-strips,p07.pddl,off,0,,0.000243208,,0,0,491720
quantum-layout-opt23-strips,p07.pddl,on,0,,0.000417259,0,0,0,491720
quantum-layout-opt23-strips,p08.pddl,off,0,,0.000441445,,0,0,491720
quantum-layout-opt23-strips,p08.pddl,on,0,,0.000420389,0,0,0,491720
quantum-layout-opt23-strips,p09.pddl,off,0,,0.000540165,,0,0,491720
quantum-layout-opt23-strips,p09.pddl,on,0,,0.000456777,0,0,0,491720
quantum-layout-opt23-strips,p10.pddl,off,0,,0.000620668,,0,0,491720
quantum-layout-opt23-strips,p10.pddl,on,0,,0.000451941,0,0,0,491720
quantum-layout-opt23-strips,p11.pddl,off,0,,0.000571844,,0,0,491720
quantum-layout-opt23-strips,p11.pddl,on,0,,0.000531374,0,0,0,491720
quantum-layout-opt23-strips,p12.pddl,off,0,,0.000461793,,0,0,491720
quantum-layout-opt23-strips,p12.pddl,on,0,,0.000413107,0,0,0,491720
quantum-layout-opt23-strips,p13.pddl,off,0,,0.000462535,,0,0,491720
quantum-layout-opt23-strips,p13.pddl,on,0,,0.000410563,0,0,0,491720
quantum-layout-opt23-strips,p14.pddl,off,0,,0.00059139,,0,0,491720
quantum-layout-opt23-strips,p14.pddl,on,0,,0.000447249,0,0,0,491720
quantum-layout-opt23-strips,p15.pddl,off,0,,0.0004546,,0,0,491720
quantum-layout-opt23-strips,p15.pddl,on,0,,0.000425834,0,0,0,491720
quantum-layout-opt23-strips,p16.pddl,off,0,,0.00029784,,0,0,491720
quantum-layout-opt23-strips,p16.pddl,on,0,,0.000193597,0,0,0,491720
quantum-layout-opt23-strips,p17.pddl,off,0,,0.00022613,,0,0,491720
quantum-layout-opt23-strips,p17.pddl,on,0,,0.00019385,0,0,0,491720
quantum-layout-opt23-strips,p18.pddl,off,0,,0.000165016,,0,0,491720
quantum-layout-opt23-strips,p18.pddl,on,0,,0.000420669,0,0,0,491720
quantum-layout-opt23-strips,p19.pddl,off,0,,0.000186127,,0,0,491720
quantum-layout-opt23-strips,p19.pddl,on,0,,0.00056591,0,0,0,491720
quantum-layout-opt23-strips,p20.pddl,off,0,,0.0004615,,0,0,491720
quantum-layout-opt23-strips,p20.pddl,on,0,,0.000415404,0,0,0,491720
rovers,p01.pddl,off,1,10,0.00248968,,184,1,532784
rovers,p01.pddl,on,1,10,0.00233768,3,184,1,532784
rovers,p02.pddl,off,1,8,0.00123714,,159,1,467208
rovers,p02.pddl,on,1,8,0.00164765,3,159,1,467208
rovers,p03.pddl,off,1,11,0.00325896,,271,1,438732
rovers,p03.pddl,on,1,11,0.00484239,3,304,1,438732
rovers,p04.pddl,off,1,8,0.00198931,,257,1,549308
rovers,p04.pddl,on,1,8,0.00199773,5,250,1,549176
rovers,p05.pddl,off,1,22,0.0389996,,590,1,522204
rovers,p05.pddl,on,1,22,0.0359916,4,591,1,521884
rovers,p06.pddl,off,1,36,0.0440012,,770,1,438596
rovers,p06.pddl,on,1,36,0.0564177,9,723,1,438940
rovers,p07.pddl,off,1,18,0.270436,,2480,1,446952
rovers,p07.pddl,on,1,18,0.229162,5,2450,1,446984
rovers,p08.pddl,off,1,26,48.6662,,10631,1,845624
rovers,p08.pddl,on,1,26,23.6659,5,14313,1,773176
rovers,p09.pddl,off,1,31,0.860158,,4783,1,526772
rovers,p09.pddl,on,1,31,0.745903,6,3977,1,526548
rovers,p10.pddl,off,1,35,519.41,,12728,1,1304224
rovers,p10.pddl,on,1,35,123.486,8,10526,1,974516
rovers,p11.pddl,off,1,30,93.3864,,21060,1,1011888
rovers,p11.pddl,on,1,30,136.784,8,8286,1,1099344
rovers,p12.pddl,off,1,19,0.565035,,2417,1,494724
rovers,p12.pddl,on,1,19,0.320177,6,3459,1,494628
rovers,p13.pddl,off,0,,,,45464,1,1113208
rovers,p13.pddl,on,0,,,9,70390,1,1165756
rovers,p14.pddl,off,1,28,1.0655,,3146,1,548316
rovers,p14.pddl,on,1,28,0.967625,5,3134,1,548604
rovers,p15.pddl,off,1,41,2.73812,,2466,1,580468
rovers,p15.pddl,on,1,41,2.56392,8,2478,1,566012
rovers,p16.pddl,off,0,,,,86321,1,1363672
rovers,p16.pddl,on,0,,,8,83266,1,1417300
rovers,p17.pddl,off,0,,,,12230,1,1543304
rovers,p17.pddl,on,0,,,8,11094,1,1437036
rovers,p18.pddl,off,0,,,,103660,2,2296788
rovers,p18.pddl,on,0,,,7,76757,2,1720944
rovers,p19.pddl,off,0,,,,183783,3,3021184
rovers,p19.pddl,on,0,,,9,59741,3,3711900
rovers,p20.pddl,off,0,,,,50020,3,4176516
rovers,p20.pddl,on,0,,,15,58671,3,3064932
rovers,p21.pddl,off,0,,,,198813,6,4952404
rovers,p21.pddl,on,0,,,11,192449,6,5328128
rovers,p22.pddl,off,0,,,,141944,4,3260396
rovers,p22.pddl,on,0,,,11,145686,3,5291768
rovers,p23.pddl,off,0,,,,247782,6,8095880
rovers,p23.pddl,on,0,,,13,261853,7,6501192
rovers,p24.pddl,off,0,,,,189959,7,3124308
rovers,p24.pddl,on,0,,,19,163446,5,2944496
rovers,p25.pddl,off,0,,,,138114,4,5012360
rovers,p25.pddl,on,0,,,7,85128,4,8191936
rovers,p26.pddl,off,0,,,,89450,6,3267616
rovers,p26.pddl,on,0,,,11,150351,3,4669284
rovers,p27.pddl,off,0,,,,235286,5,6442368
rovers,p27.pddl,on,0,,,16,114638,5,3111420
rovers,p28.pddl,off,0,,,,325942,8,6481168
rovers,p28.pddl,on,0,,,14,396755,9,8191888
rovers,p29.pddl,off,0,,,,217262,5,5487752
rovers,p29.pddl,on,0,,,10,226339,7,4842596
rovers,p30.pddl,off,0,,,,588167,19,6185552
rovers,p30.pddl,on,0,,,19,543507,16,1709464
rovers,p31.pddl,off,0,,,,291723,9,3879056
rovers,p31.pddl,on,0,,,19,346357,10,7718828
rovers,p32.pddl,off,0,,,,734725,30,7714728
rovers,p32.pddl,on,0,,,29,465970,9,5985500
rovers,p33.pddl,off,0,,,,846475,48,1104720
rovers,p33.pddl,on,0,,,37,1245544,39,5460444
rovers,p34.pddl,off,0,,,,1370863,36,8191924
rovers,p34.pddl,on,0,,,22,936496,28,6095036
rovers,p35.pddl,off,0,,,,1063937,42,8191848
rovers,p35.pddl,on,0,,,52,954604,47,2355032
rovers,p36.pddl,off,0,,,,1028362,25,6993900
rovers,p36.pddl,on,0,,,28,789741,25,6213992
rovers,p37.pddl,off,0,,,,935854,57,8191980
rovers,p37.pddl,on,0,,,46,1006690,52,7447560
rovers,p38.pddl,off,0,,,,2223350,116,8191880
rovers,p38.pddl,on,0,,,39,2637757,150,8191872
rovers,p39.pddl,off,0,,,,941058,28,5761040
rovers,p39.pddl,on,0,,,52,994307,27,1590272
rovers,p40.pddl,off,0,,,,1917050,292,8191984
rovers,p40.pddl,on,0,,,48,1514302,484,7198200
satellite,p01-pfile1.pddl,off,1,9,0.00143671,,100,1,434420
satellite,p01-pfile1.pddl,on,1,9,0.00161674,0,100,1,434420
satellite,p02-pfile2.pddl,off,1,13,0.0042158,,275,1,500132
satellite,p02-pfile2.pddl,on,1,13,0.00492179,0,275,1,500132
satellite,p03-pfile3.pddl,off,1,11,0.0065317,,444,1,455420
satellite,p03-pfile3.pddl,on,1,11,0.00903951,8,409,1,455452
satellite,p04-pfile4.pddl,off,1,17,0.0292051,,754,1,488816
satellite,p04-pfile4.pddl,on,1,17,0.0196977,5,748,1,488816
satellite,p05-pfile5.pddl,off,1,15,0.193725,,7313,1,466952
satellite,p05-pfile5.pddl,on,1,15,0.163293,18,10356,1,465480
satellite,p06-pfile6.pddl,off,1,20,0.0685966,,1118,1,431428
satellite,p06-pfile6.pddl,on,1,20,0.0570008,10,1165,1,431440
satellite,p07-pfile7.pddl,off,1,21,0.702981,,6029,1,500328
satellite,p07-pfile7.pddl,on,1,21,0.984991,14,8240,1,507368
satellite,p08-pfile8.pddl,off,1,26,68.2529,,76223,1,1004372
satellite,p08-pfile8.pddl,on,1,26,81.1927,18,43467,1,1189204
satellite,p09-pfile9.pddl,off,1,27,91.534,,53327,1,1149408
satellite,p09-pfile9.pddl,on,1,27,73.8962,22,47691,1,1168792
satellite,p10-pfile10.pddl,off,0,,,,75909,2,2932672
satellite,p10-pfile10.pddl,on,1,29,1386.87,18,71226,2,1863708
satellite,p11-pfile11.pddl,off,1,31,65.0801,,49690,1,1090016
satellite,p11-pfile11.pddl,on,1,31,12.6034,18,13391,1,778228
satellite,p12-pfile12.pddl,off,0,,,,86591,1,1267412
satellite,p12-pfile12.pddl,on,0,,,19,83392,1,1196820
satellite,p13-pfile13.pddl,off,0,,,,68198,2,1551104
satellite,p13-pfile13.pddl,on,0,,,16,41314,2,1911888
satellite,p14-pfile14.pddl,off,0,,,,54781,3,2876268
satellite,p14-pfile14.pddl,on,0,,,22,62289,3,2569988
satellite,p15-pfile15.pddl,off,0,,,,85857,3,1562532
satellite,p15-pfile15.pddl,on,0,,,35,85411,3,2285592
satellite,p16-pfile16.pddl,off,0,,,,116233,6,4021860
satellite,p16-pfile16.pddl,on,0,,,45,215102,5,3067536
satellite,p17-pfile17.pddl,off,0,,,,149666,4,2696984
satellite,p17-pfile17.pddl,on,0,,,44,138881,4,3152452
satellite,p18-pfile18.pddl,off,1,32,156.088,,43751,1,1024420
satellite,p18-pfile18.pddl,on,1,32,26.9213,27,42253,1,794500
satellite,p19-pfile19.pddl,off,0,,,,136498,5,3480472
satellite,p19-pfile19.pddl,on,0,,,84,112254,5,3089372
satellite,p20-pfile20.pddl,off,0,,,,196683,7,3456208
satellite,p20-pfile20.pddl,on,0,,,117,140084,7,3115680
satellite,p21-HC-pfile1.pddl,off,0,,,,233440,9,4039992
satellite,p21-HC-pfile1.pddl,on,0,,,20,205575,9,3842172
satellite,p22-HC-pfile2.pddl,off,0,,,,177918,9,4901768
satellite,p22-HC-pfile2.pddl,on,0,,,17,164097,10,3365236
satellite,p23-HC-pfile3.pddl,off,0,,,,324180,14,6907984
satellite,p23-HC-pfile3.pddl,on,0,,,33,315644,17,4831796
satellite,p24-HC-pfile4.pddl,off,0,,,,504705,24,3487328
satellite,p24-HC-pfile4.pddl,on,0,,,26,560059,25,4751000
satellite,p25-HC-pfile5.pddl,off,0,,,,746924,23,7229476
satellite,p25-HC-pfile5.pddl,on,0,,,31,669674,26,7454980
satellite,p26-HC-pfile6.pddl,off,0,,,,477913,20,6808048
satellite,p26-HC-pfile6.pddl,on,0,,,38,601687,19,8191996
satellite,p27-HC-pfile7.pddl,off,0,,,,343743,17,3741624
satellite,p27-HC-pfile7.pddl,on,0,,,33,351034,19,7836620
satellite,p28-HC-pfile8.pddl,off,0,,,,771074,31,8191972
satellite,p28-HC-pfile8.pddl,on,0,,,48,681434,39,8191992
satellite,p29-HC-pfile9.pddl,off,0,,,,644738,29,3036880
satellite,p29-HC-pfile9.pddl,on,0,,,53,650884,30,3844784
satellite,p30-HC-pfile10.pddl,off,0,,,,729230,40,8191928
satellite,p30-HC-pfile10.pddl,on,0,,,58,1003022,37,8191848
satellite,p31-HC-pfile11.pddl,off,0,,,,1358806,1473,8191884
satellite,p31-HC-pfile11.pddl,on,0,,,53,1349171,2877,7113932
satellite,p32-HC-pfile12.pddl,off,0,,,,1719926,9918,5566780
satellite,p32-HC-pfile12.pddl,on,0,,,53,1638344,9919,5233660
satellite,p33-HC-pfile13.pddl,off,0,,,,2342279,30462,4828768
satellite,p33-HC-pfile13.pddl,on,0,,,66,2338244,15331,7482132
satellite,p34-HC-pfile14.pddl,off,0,,,,302401,16,5540352
satellite,p34-HC-pfile14.pddl,on,0,,,14,280641,16,5308096
satellite,p35-HC-pfile15.pddl,off,0,,,,766336,50,8191848
satellite,p35-HC-pfile15.pddl,on,0,,,30,788387,51,8191972
satellite,p36-HC-pfile16.pddl,off,0,,,,1086311,3335,4424888
satellite,p36-HC-pfile16.pddl,on,0,,,43,948893,875,8191984
scanalyzer-08-strips,p01.pddl,off,1,18,0.251393,,12731,2,509436
scanalyzer-08-strips,p01.pddl,on,1,18,0.296727,90,17533,2,512152
scanalyzer-08-strips,p02.pddl,off,1,22,0.218049,,5953,2,506520
scanalyzer-08-strips,p02.pddl,on,1,22,0.263958,90,7279,2,509492
scanalyzer-08-strips,p03.pddl,off,1,26,0.240924,,4018,2,507432
scanalyzer-08-strips,p03.pddl,on,1,26,0.277999,90,4356,2,509256
scanalyzer-08-strips,p04.pddl,off,1,24,20.8294,,45012,2,756364
scanalyzer-08-strips,p04.pddl,on,1,24,51.1623,224,117758,3,843972
scanalyzer-08-strips,p05.pddl,off,1,30,35.5665,,20522,2,867908
scanalyzer-08-strips,p05.pddl,on,1,30,93.3913,224,34256,2,823832
scanalyzer-08-strips,p06.pddl,off,1,36,46.6516,,16132,2,862664
scanalyzer-08-strips,p06.pddl,on,1,36,93.3742,224,17633,2,842384
scanalyzer-08-strips,p07.pddl,off,0,,,,249413,5,2675160
scanalyzer-08-strips,p07.pddl,on,0,,,450,382972,10,4142408
scanalyzer-08-strips,p08.pddl,off,0,,,,91024,3,2187964
scanalyzer-08-strips,p08.pddl,on,0,,,450,146070,3,2927476
scanalyzer-08-strips,p09.pddl,off,0,,,,65604,3,2125136
scanalyzer-08-strips,p09.pddl,on,0,,,450,69325,3,2244444
scanalyzer-08-strips,p10.pddl,off,0,,,,902086,13,3862988
scanalyzer-08-strips,p10.pddl,on,0,,,792,1339705,21,5119804
scanalyzer-08-strips,p11.pddl,off,0,,,,275203,5,2439608
scanalyzer-08-strips,p11.pddl,on,0,,,792,353559,6,3118344
scanalyzer-08-strips,p12.pddl,off,0,,,,177179,4,1705916
scanalyzer-08-strips,p12.pddl,on,0,,,792,187945,4,1940032
scanalyzer-08-strips,p13.pddl,off,0,,,,1662706,24,4074840
scanalyzer-08-strips,p13.pddl,on,0,,,1274,3099474,43,4327804
scanalyzer-08-strips,p14.pddl,off,0,,,,454819,9,2906872
scanalyzer-08-strips,p14.pddl,on,0,,,1274,666972,11,3178924
scanalyzer-08-strips,p15.pddl,off,0,,,,311942,7,2691972
scanalyzer-08-strips,p15.pddl,on,0,,,1274,327226,7,3009584
scanalyzer-08-strips,p16.pddl,off,0,,,,3085886,63,5709464
scanalyzer-08-strips,p16.pddl,on,0,,,1920,4173693,91,5463644
scanalyzer-08-strips,p17.pddl,off,0,,,,858040,15,4490248
scanalyzer-08-strips,p17.pddl,on,0,,,1920,1115144,18,5271744
scanalyzer-08-strips,p18.pddl,off,0,,,,566644,10,4019792
scanalyzer-08-strips,p18.pddl,on,0,,,1920,636154,10,4855980
scanalyzer-08-strips,p19.pddl,off,0,,,,5547774,113,5848144
scanalyzer-08-strips,p19.pddl,on,0,,,2754,7310882,151,5992904
scanalyzer-08-strips,p20.pddl,off,0,,,,1282933,27,5189836
scanalyzer-08-strips,p20.pddl,on,0,,,2754,1656003,29,6827128
scanalyzer-08-strips,p21.pddl,off,0,,,,822529,17,4924028
scanalyzer-08-strips,p21.pddl,on,0,,,2754,1017548,15,6713844
scanalyzer-08-strips,p22.pddl,off,1,13,0.00119039,,145,2,500000
scanalyzer-08-strips,p22.pddl,on,1,13,0.00139538,72,145,2,500000
scanalyzer-08-strips,p23.pddl,off,1,13,0.00165833,,145,2,500000
scanalyzer-08-strips,p23.pddl,on,1,13,0.0014633,72,145,2,500000
scanalyzer-08-strips,p24.pddl,off,1,13,0.00157398,,145,2,500000
scanalyzer-08-strips,p24.pddl,on,1,13,0.00149406,72,145,2,500000
scanalyzer-08-strips,p25.pddl,off,1,26,19.3768,,523944,7,911816
scanalyzer-08-strips,p25.pddl,on,1,26,17.2632,224,452423,7,841796
scanalyzer-08-strips,p26.pddl,off,1,30,38.381,,443707,6,870796
scanalyzer-08-strips,p26.pddl,on,1,30,35.791,224,260969,4,838432
scanalyzer-08-strips,p27.pddl,off,1,34,47.1268,,288954,5,850756
scanalyzer-08-strips,p27.pddl,on,1,34,38.1159,224,279088,4,854752
scanalyzer-08-strips,p28.pddl,off,0,,,,126694487,20961,5858600
scanalyzer-08-strips,p28.pddl,on,0,,,792,109727705,20344,5601240
scanalyzer-08-strips,p29.pddl,off,0,,,,85202927,10329,4537332
scanalyzer-08-strips,p29.pddl,on,0,,,792,113529741,14949,5431864
scanalyzer-08-strips,p30.pddl,off,0,,,,71602199,7950,4533536
scanalyzer-08-strips,p30.pddl,on,0,,,792,87887537,11253,4606196
scanalyzer-opt11-strips,p01.pddl,off,1,13,0.00137888,,145,2,500000
scanalyzer-opt11-strips,p01.pddl,on,1,13,0.00207466,72,145,2,500000
scanalyzer-opt11-strips,p02.pddl,off,1,22,0.225433,,5953,2,507000
scanalyzer-opt11-strips,p02.pddl,on,1,22,0.268291,90,7279,2,509588
scanalyzer-opt11-strips,p03.pddl,off,1,26,0.232319,,4018,2,507336
scanalyzer-opt11-strips,p03.pddl,on,1,26,0.281154,90,4356,2,508840
scanalyzer-opt11-strips,p04.pddl,off,1,24,22.3716,,45012,2,756364
scanalyzer-opt11-strips,p04.pddl,on,1,24,72.6044,224,117758,3,843972
scanalyzer-opt11-strips,p05.pddl,off,0,,,,249413,5,2708444
scanalyzer-opt11-strips,p05.pddl,on,0,,,450,382972,10,4307348
scanalyzer-opt11-strips,p06.pddl,off,1,30,33.0989,,20522,2,867908
scanalyzer-opt11-strips,p06.pddl,on,1,30,80.0648,224,34256,2,823832
scanalyzer-opt11-strips,p07.pddl,off,0,,,,5547774,113,5827172
scanalyzer-opt11-strips,p07.pddl,on,0,,,2754,7348695,150,6153776
scanalyzer-opt11-strips,p08.pddl,off,0,,,,902086,13,3926512
scanalyzer-opt11-strips,p08.pddl,on,0,,,792,1339705,21,4918736
scanalyzer-opt11-strips,p09.pddl,off,0,,,,1662706,24,4519232
scanalyzer-opt11-strips,p09.pddl,on,0,,,1274,3099474,43,4405632
scanalyzer-opt11-strips,p10.pddl,off,0,,,,3085886,63,5599156
scanalyzer-opt11-strips,p10.pddl,on,0,,,1920,4173693,91,5472796
scanalyzer-opt11-strips,p11.pddl,off,1,26,22.8613,,523944,7,894096
scanalyzer-opt11-strips,p11.pddl,on,1,26,20.3583,224,452423,7,840200
scanalyzer-opt11-strips,p12.pddl,off,1,36,44.029,,16132,2,862664
scanalyzer-opt11-strips,p12.pddl,on,1,36,90.0372,224,17633,2,835668
scanalyzer-opt11-strips,p13.pddl,off,1,34,40.8918,,288954,5,881108
scanalyzer-opt11-strips,p13.pddl,on,1,34,38.0247,224,279088,4,854752
scanalyzer-opt11-strips,p14.pddl,off,1,30,25.7183,,443707,6,870796
scanalyzer-opt11-strips,p14.pddl,on,1,30,36.0378,224,260969,4,816200
scanalyzer-opt11-strips,p15.pddl,off,0,,,,91024,3,2258428
scanalyzer-opt11-strips,p15.pddl,on,0,,,450,146070,3,2576020
scanalyzer-opt11-strips,p16.pddl,off,0,,,,275203,5,2448316
scanalyzer-opt11-strips,p16.pddl,on,0,,,792,353559,6,2932452
scanalyzer-opt11-strips,p17.pddl,off,0,,,,454819,9,2980156
scanalyzer-opt11-strips,p17.pddl,on,0,,,1274,666972,11,3501100
scanalyzer-opt11-strips,p18.pddl,off,0,,,,858040,15,4489976
scanalyzer-opt11-strips,p18.pddl,on,0,,,1920,1115144,18,5013208
scanalyzer-opt11-strips,p19.pddl,off,0,,,,1282933,27,5363676
scanalyzer-opt11-strips,p19.pddl,on,0,,,2754,1656003,29,6878668
scanalyzer-opt11-strips,p20.pddl,off,0,,,,121805371,22675,4941156
scanalyzer-opt11-strips,p20.pddl,on,0,,,792,118087905,17759,6216100
snake-opt18-strips,p01.pddl,off,1,24,247.236,,8351363,226,1524408
snake-opt18-strips,p01.pddl,on,1,24,133.541,1156,1763667,23,1249616
snake-opt18-strips,p02.pddl,off,1,32,1515.1,,7475164,229,5808648
snake-opt18-strips,p02.pddl,on,1,32,1119.36,867,3188686,144,3391224
snake-opt18-strips,p03.pddl,off,0,,,,7540867,221,5484312
snake-opt18-strips,p03.pddl,on,0,,,930,3313955,143,4039704
snake-opt18-strips,p04.pddl,off,1,12,90.1944,,7757260,229,1431064
snake-opt18-strips,p04.pddl,on,1,12,84.7377,731,4121951,178,1071456
snake-opt18-strips,p05.pddl,off,1,17,108.217,,8482355,204,1156864
snake-opt18-strips,p05.pddl,on,1,17,75.9494,755,2349588,32,1117736
snake-opt18-strips,p06.pddl,off,0,,,,12062795,345,6585160
snake-opt18-strips,p06.pddl,on,0,,,1019,4828062,183,5200032
snake-opt18-strips,p07.pddl,off,0,,,,12410214,366,7264780
snake-opt18-strips,p07.pddl,on,0,,,1079,4742796,223,3849308
snake-opt18-strips,p08.pddl,off,0,,,,9946803,431,7083276
snake-opt18-strips,p08.pddl,on,0,,,1211,4037793,263,3652532
snake-opt18-strips,p09.pddl,off,1,20,123.019,,12591637,311,1480156
snake-opt18-strips,p09.pddl,on,1,20,108.573,884,5681989,160,1203776
snake-opt18-strips,p10.pddl,off,1,27,1049.78,,12236337,326,3464420
snake-opt18-strips,p10.pddl,on,1,27,708.796,930,4304667,203,2671596
snake-opt18-strips,p11.pddl,off,0,,,,10876355,735,5638152
snake-opt18-strips,p11.pddl,on,0,,,1158,6717990,402,4387032
snake-opt18-strips,p12.pddl,off,0,,,,10697714,751,4321860
snake-opt18-strips,p12.pddl,on,0,,,1258,5826671,408,3269580
snake-opt18-strips,p13.pddl,off,0,,,,11392241,766,6003308
snake-opt18-strips,p13.pddl,on,0,,,1382,4924100,385,3906792
snake-opt18-strips,p14.pddl,off,0,,,,10191174,827,4834244
snake-opt18-strips,p14.pddl,on,0,,,1555,6914857,471,5988288
snake-opt18-strips,p15.pddl,off,1,25,1198.55,,9421088,748,3722440
snake-opt18-strips,p15.pddl,on,1,25,453.978,1088,5533391,376,1405532
snake-opt18-strips,p16.pddl,off,0,,,,8256646,1155,5373040
snake-opt18-strips,p16.pddl,on,0,,,1408,16148171,658,5720456
snake-opt18-strips,p17.pddl,off,0,,,,9958651,1134,4142336
snake-opt18-strips,p17.pddl,on,0,,,1533,7993530,602,3655896
snake-opt18-strips,p18.pddl,off,0,,,,8767410,1221,5656000
snake-opt18-strips,p18.pddl,on,0,,,1698,6803529,575,3809300
snake-opt18-strips,p19.pddl,off,0,,,,9208405,1250,6300432
snake-opt18-strips,p19.pddl,on,0,,,1957,6301547,617,3606248
snake-opt18-strips,p20.pddl,off,0,,,,9202396,1165,5886228
snake-opt18-strips,p20.pddl,on,0,,,1296,9395312,596,4798508
sokoban-opt08-strips,p01.pddl,off,1,11,0.0346155,,2157,2,447632
sokoban-opt08-strips,p01.pddl,on,1,11,0.0350001,618,2178,2,447728
sokoban-opt08-strips,p02.pddl,off,1,9,0.0349996,,2195,2,435068
sokoban-opt08-strips,p02.pddl,on,1,9,0.028,460,2483,2,435068
sokoban-opt08-strips,p03.pddl,off,1,10,0.0244715,,1156,2,521676
sokoban-opt08-strips,p03.pddl,on,1,10,0.0148879,252,1251,2,521548
sokoban-opt08-strips,p04.pddl,off,1,29,0.91367,,5826,2,537376
sokoban-opt08-strips,p04.pddl,on,1,29,0.41798,695,6670,2,519112
sokoban-opt08-strips,p05.pddl,off,1,8,64.6802,,29218,2,887032
sokoban-opt08-strips,p05.pddl,on,1,8,9.69284,1758,37427,2,778380
sokoban-opt08-strips,p06.pddl,off,1,9,0.085,,4033,2,454684
sokoban-opt08-strips,p06.pddl,on,1,9,0.0722806,281,4883,2,454300
sokoban-opt08-strips,p07.pddl,off,1,15,0.877691,,11464,2,496852
sokoban-opt08-strips,p07.pddl,on,1,15,6.72259,2143,16692,2,639564
sokoban-opt08-strips,p08.pddl,off,1,31,11.8641,,17221,2,876308
sokoban-opt08-strips,p08.pddl,on,1,31,10.7464,816,16118,2,845180
sokoban-opt08-strips,p09.pddl,off,1,19,0.9805,,10212,2,607956
sokoban-opt08-strips,p09.pddl,on,1,19,0.598992,1080,11416,2,590044
sokoban-opt08-strips,p10.pddl,off,1,30,0.489683,,5740,2,547156
sokoban-opt08-strips,p10.pddl,on,1,30,0.895063,967,13764,2,551412
sokoban-opt08-strips,p11.pddl,off,1,35,4.46454,,13165,2,628136
sokoban-opt08-strips,p11.pddl,on,1,35,7.73502,2712,14939,2,756660
sokoban-opt08-strips,p12.pddl,off,1,32,2.74463,,15200,2,540376
sokoban-opt08-strips,p12.pddl,on,1,32,5.65268,1097,19987,2,636936
sokoban-opt08-strips,p13.pddl,off,1,20,10.2931,,11752,2,801296
sokoban-opt08-strips,p13.pddl,on,1,20,15.4822,599,17023,2,879624
sokoban-opt08-strips,p14.pddl,off,1,29,0.390649,,6227,2,530180
sokoban-opt08-strips,p14.pddl,on,1,29,0.261989,827,7540,2,523176
sokoban-opt08-strips,p15.pddl,off,1,76,293.11,,28396,2,1475316
sokoban-opt08-strips,p15.pddl,on,1,76,391.505,1424,35511,2,1720616
sokoban-opt08-strips,p16.pddl,off,1,50,4.74755,,15767,2,601620
sokoban-opt08-strips,p16.pddl,on,1,50,3.86285,1569,14353,2,611536
sokoban-opt08-strips,p17.pddl,off,1,37,1.54859,,9423,2,631000
sokoban-opt08-strips,p17.pddl,on,1,37,1.04596,1199,11003,2,611488
sokoban-opt08-strips,p18.pddl,off,1,49,3.03096,,11388,2,609956
sokoban-opt08-strips,p18.pddl,on,1,49,3.17155,1710,14508,2,574164
sokoban-opt08-strips,p19.pddl,off,1,47,34.4241,,13495,2,1180212
sokoban-opt08-strips,p19.pddl,on,1,47,144.234,902,26873,2,1260200
sokoban-opt08-strips,p20.pddl,off,1,2,7.99468,,56230,2,1249088
sokoban-opt08-strips,p20.pddl,on,1,2,14.2159,64200,58731,2,1222644
sokoban-opt08-strips,p21.pddl,off,1,10,72.6098,,42242,2,1178852
sokoban-opt08-strips,p21.pddl,on,1,10,33.4539,2334,84122,2,940268
sokoban-opt08-strips,p22.pddl,off,1,44,179.057,,28093,2,1109000
sokoban-opt08-strips,p22.pddl,on,1,44,38.6727,1229,18970,2,825164
sokoban-opt08-strips,p23.pddl,off,1,31,49.0104,,15353,2,1245340
sokoban-opt08-strips,p23.pddl,on,1,31,100.916,711,21568,2,1116852
sokoban-opt08-strips,p24.pddl,off,1,50,91.9968,,28066,2,957608
sokoban-opt08-strips,p24.pddl,on,1,50,33.3633,1249,22415,2,833780
sokoban-opt08-strips,p25.pddl,off,1,39,182.704,,17901,2,1309228
sokoban-opt08-strips,p25.pddl,on,1,39,741.643,1190,28923,2,2434764
sokoban-opt08-strips,p26.pddl,off,1,33,529.628,,15693,2,1945260
sokoban-opt08-strips,p26.pddl,on,1,33,740.996,1207,24533,2,2261584
sokoban-opt08-strips,p27.pddl,off,0,,,,28713,2,5873396
sokoban-opt08-strips,p27.pddl,on,1,23,1082.2,1563,37965,2,3660276
sokoban-opt08-strips,p28.pddl,off,1,43,1635.85,,23399,2,4152264
sokoban-opt08-strips,p28.pddl,on,1,43,500.261,1371,26351,2,2072956
sokoban-opt08-strips,p29.pddl,off,0,,,,1004897,19,8191872
sokoban-opt08-strips,p29.pddl,on,0,,,4350,205276,4,8191968
sokoban-opt08-strips,p30.pddl,off,0,,,,1009696,25,5044112
sokoban-opt08-strips,p30.pddl,on,0,,,5783,251228,5,8186608
sokoban-opt11-strips,p01.pddl,off,1,9,0.0701926,,4033,2,454684
sokoban-opt11-strips,p01.pddl,on,1,9,0.0766464,281,4883,2,454300
sokoban-opt11-strips,p02.pddl,off,1,37,1.60382,,9423,2,631000
sokoban-opt11-strips,p02.pddl,on,1,37,1.10298,1199,11003,2,611488
sokoban-opt11-strips,p03.pddl,off,1,29,0.466339,,6227,2,530180
sokoban-opt11-strips,p03.pddl,on,1,29,0.26888,827,7540,2,523176
sokoban-opt11-strips,p04.pddl,off,1,29,0.804149,,5826,2,537376
sokoban-opt11-strips,p04.pddl,on,1,29,0.379271,695,6670,2,518312
sokoban-opt11-strips,p05.pddl,off,1,50,4.86445,,15767,2,601620
sokoban-opt11-strips,p05.pddl,on,1,50,3.69779,1569,14353,2,611504
sokoban-opt11-strips,p06.pddl,off,1,35,4.02496,,13165,2,628232
sokoban-opt11-strips,p06.pddl,on,1,35,9.63157,2712,14939,2,832460
sokoban-opt11-strips,p07.pddl,off,1,30,0.535949,,5740,2,547156
sokoban-opt11-strips,p07.pddl,on,1,30,0.982075,967,13764,2,551412
sokoban-opt11-strips,p08.pddl,off,1,19,1.22769,,10212,2,607956
sokoban-opt11-strips,p08.pddl,on,1,19,0.620581,1080,11416,2,590044
sokoban-opt11-strips,p09.pddl,off,1,15,0.789975,,11464,2,496852
sokoban-opt11-strips,p09.pddl,on,1,15,6.02088,2143,16692,2,639564
sokoban-opt11-strips,p10.pddl,off,1,8,66.3926,,29218,2,887032
sokoban-opt11-strips,p10.pddl,on,1,8,9.78435,1758,37427,2,778380
sokoban-opt11-strips,p11.pddl,off,1,20,8.90571,,11752,2,801296
sokoban-opt11-strips,p11.pddl,on,1,20,16.6688,599,17023,2,879624
sokoban-opt11-strips,p12.pddl,off,1,2,9.13998,,56230,2,1249088
sokoban-opt11-strips,p12.pddl,on,1,2,14.4065,64200,58731,2,1222644
sokoban-opt11-strips,p13.pddl,off,1,31,12.4431,,17221,2,877616
sokoban-opt11-strips,p13.pddl,on,1,31,8.93161,816,16118,2,845148
sokoban-opt11-strips,p14.pddl,off,1,32,2.72611,,15200,2,540376
sokoban-opt11-strips,p14.pddl,on,1,32,5.39844,1097,19987,2,636936
sokoban-opt11-strips,p15.pddl,off,1,49,3.65287,,11388,2,609956
sokoban-opt11-strips,p15.pddl,on,1,49,2.30197,1710,14508,2,574164
sokoban-opt11-strips,p16.pddl,off,1,76,299.764,,28396,2,1475180
sokoban-opt11-strips,p16.pddl,on,1,76,385.5,1424,35511,2,1720612
sokoban-opt11-strips,p17.pddl,off,1,47,35.2278,,13495,2,1180180
sokoban-opt11-strips,p17.pddl,on,1,47,155.44,902,26873,2,1260204
sokoban-opt11-strips,p18.pddl,off,1,10,75.2467,,42242,2,1178852
sokoban-opt11-strips,p18.pddl,on,1,10,32.8208,2334,84122,2,940268
sokoban-opt11-strips,p19.pddl,off,1,44,193.665,,28093,2,1109032
sokoban-opt11-strips,p19.pddl,on,1,44,48.7496,1229,18970,2,823208
sokoban-opt11-strips,p20.pddl,off,1,31,46.8174,,15353,2,1245372
sokoban-opt11-strips,p20.pddl,on,1,31,102.548,711,21568,2,1121036
spider-opt18-strips,p01.pddl,off,1,16,24.0385,,1099000,22,1023460
spider-opt18-strips,p01.pddl,on,1,16,33.7339,5467,1520913,34,979816
spider-opt18-strips,p02.pddl,off,1,23,59.5299,,1438990,30,1006756
spider-opt18-strips,p02.pddl,on,1,23,73.7705,9033,2547273,50,908248
spider-opt18-strips,p03.pddl,off,1,22,1352.97,,4436662,132,5010252
spider-opt18-strips,p03.pddl,on,0,,,19229,5764985,198,6556916
spider-opt18-strips,p04.pddl,off,0,,,,5367459,125,5930508
spider-opt18-strips,p04.pddl,on,0,,,27795,6898676,208,5997832
spider-opt18-strips,p05.pddl,off,0,,,,8032392,226,5095156
spider-opt18-strips,p05.pddl,on,0,,,43342,7730901,1042,2929244
spider-opt18-strips,p06.pddl,off,0,,,,29647520,1560,4467792
spider-opt18-strips,p06.pddl,on,0,,,67332,47655774,2442,3398916
spider-opt18-strips,p07.pddl,off,1,16,15.2989,,869868,21,1021952
spider-opt18-strips,p07.pddl,on,1,16,23.543,4588,1341767,25,1026584
spider-opt18-strips,p08.pddl,off,1,18,93.731,,1878280,47,1002764
spider-opt18-strips,p08.pddl,on,1,18,143.443,6998,3174383,71,1088108
spider-opt18-strips,p09.pddl,off,1,25,1507.36,,4606096,97,4250288
spider-opt18-strips,p09.pddl,on,0,,,13726,4359864,116,6231340
spider-opt18-strips,p10.pddl,off,0,,,,4970809,108,5074212
spider-opt18-strips,p10.pddl,on,0,,,18527,10620886,435,4840368
spider-opt18-strips,p11.pddl,off,0,,,,10746116,523,4682404
spider-opt18-strips,p11.pddl,on,0,,,33793,23295602,1171,3438020
spider-opt18-strips,p12.pddl,off,0,,,,19640899,1675,4070436
spider-opt18-strips,p12.pddl,on,0,,,48068,10486678,2095,4240528
spider-opt18-strips,p13.pddl,off,0,,,,18781420,2326,3067024
spider-opt18-strips,p13.pddl,on,0,,,61595,12162194,2623,3588776
spider-opt18-strips,p14.pddl,off,1,10,34.9614,,1407820,37,1045500
spider-opt18-strips,p14.pddl,on,1,10,33.8474,5044,1621673,37,1034960
spider-opt18-strips,p15.pddl,off,1,17,57.3152,,2193667,53,1008372
spider-opt18-strips,p15.pddl,on,1,17,84.8334,8443,4588875,100,1243076
spider-opt18-strips,p16.pddl,off,0,,,,5123621,139,4801380
spider-opt18-strips,p16.pddl,on,0,,,14996,4505846,114,6447852
spider-opt18-strips,p17.pddl,off,0,,,,6029047,193,5833784
spider-opt18-strips,p17.pddl,on,0,,,21731,6370464,154,8191920
spider-opt18-strips,p18.pddl,off,0,,,,11554917,932,5927904
spider-opt18-strips,p18.pddl,on,0,,,34515,26034869,1371,3771864
spider-opt18-strips,p19.pddl,off,0,,,,22931871,1604,4314484
spider-opt18-strips,p19.pddl,on,0,,,56218,39418401,3460,3627616
spider-opt18-strips,p20.pddl,off,0,,,,17244957,2234,3864316
spider-opt18-strips,p20.pddl,on,0,,,69289,16183108,1723,3931176
storage,p01.pddl,off,1,3,0.000815292,,90,1,434448
storage,p01.pddl,on,1,3,0.000777738,15,90,1,434448
storage,p02.pddl,off,1,3,0.00240669,,504,1,516524
storage,p02.pddl,on,1,3,0.00257474,36,378,1,516524
storage,p03.pddl,off,1,3,0.00484673,,1257,1,463652
storage,p03.pddl,on,1,3,0.00490083,74,1346,1,463652
storage,p04.pddl,off,1,8,0.00695449,,1033,1,447408
storage,p04.pddl,on,1,8,0.00800028,53,1018,1,447280
storage,p05.pddl,off,1,8,0.0136719,,2722,1,480796
storage,p05.pddl,on,1,8,0.0143659,82,2538,1,480924
storage,p06.pddl,off,1,8,0.0519986,,4556,1,532416
storage,p06.pddl,on,1,8,0.0319978,117,5072,1,531776
storage,p07.pddl,off,1,14,0.0570007,,4246,1,540900
storage,p07.pddl,on,1,14,0.041145,126,3326,1,540260
storage,p08.pddl,off,1,12,0.222056,,10142,1,453388
storage,p08.pddl,on,1,12,0.235552,180,7442,1,451468
storage,p09.pddl,off,1,11,0.652955,,21815,1,485672
storage,p09.pddl,on,1,11,0.81721,243,14478,1,504416
storage,p10.pddl,off,1,18,0.42599,,9811,1,473164
storage,p10.pddl,on,1,18,0.563193,242,8634,1,487332
storage,p11.pddl,off,1,17,3.73758,,29558,1,613176
storage,p11.pddl,on,1,17,3.76426,328,15674,1,605596
storage,p12.pddl,off,1,16,33.3934,,69450,1,960148
storage,p12.pddl,on,1,16,41.4921,426,26251,1,988804
storage,p13.pddl,off,1,18,1.21156,,12947,1,559940
storage,p13.pddl,on,1,18,1.03746,410,13111,1,554344
storage,p14.pddl,off,1,19,34.2011,,34543,1,1067080
storage,p14.pddl,on,1,19,16.9665,535,39759,1,982512
storage,p15.pddl,off,1,18,888.637,,56941,1,1944788
storage,p15.pddl,on,1,18,597.052,675,60531,1,1693008
storage,p16.pddl,off,0,,,,162104,2,2961140
storage,p16.pddl,on,0,,,999,140855,2,2691304
storage,p17.pddl,off,0,,,,364790,5,3912844
storage,p17.pddl,on,0,,,1407,489220,6,4012540
storage,p18.pddl,off,0,,,,621978,9,6605736
storage,p18.pddl,on,0,,,1908,677810,9,6384824
storage,p19.pddl,off,0,,,,1923215,31,3371176
storage,p19.pddl,on,0,,,2511,1494134,30,6158420
storage,p20.pddl,off,0,,,,2157196,48,7445980
storage,p20.pddl,on,0,,,3225,2065771,46,6137448
storage,p21.pddl,off,0,,,,3795223,88,5879732
storage,p21.pddl,on,0,,,4631,4555360,135,4582616
storage,p22.pddl,off,0,,,,4012904,198,4809432
storage,p22.pddl,on,0,,,5688,4900975,144,6907696
storage,p23.pddl,off,0,,,,5055404,303,5054548
storage,p23.pddl,on,0,,,6890,5115165,198,4529000
storage,p24.pddl,off,0,,,,6121768,295,4485496
storage,p24.pddl,on,0,,,8246,5456497,272,4485204
storage,p25.pddl,off,0,,,,6794735,350,4804508
storage,p25.pddl,on,0,,,9765,6382830,423,4202716
storage,p26.pddl,off,0,,,,8032322,850,4776060
storage,p26.pddl,on,0,,,12616,9194316,781,5926596
storage,p27.pddl,off,0,,,,8971189,876,5697820
storage,p27.pddl,on,0,,,14620,8917554,832,4173780
storage,p28.pddl,off,0,,,,10406006,1095,6334444
storage,p28.pddl,on,0,,,16821,10131682,1059,6545656
storage,p29.pddl,off,0,,,,11072625,1213,3409152
storage,p29.pddl,on,0,,,19228,13008680,1422,7399084
storage,p30.pddl,off,0,,,,14420804,1479,8191936
storage,p30.pddl,on,0,,,21850,15136767,1448,8191944
termes-opt18-strips,p01.pddl,off,1,36,0.0868166,,13509,1,531272
termes-opt18-strips,p01.pddl,on,1,36,0.109191,0,13509,1,531240
termes-opt18-strips,p02.pddl,off,1,54,0.251,,13509,1,538280
termes-opt18-strips,p02.pddl,on,1,54,0.318922,0,13509,1,538568
termes-opt18-strips,p03.pddl,off,1,68,1.35743,,110481,3,530496
termes-opt18-strips,p03.pddl,on,1,68,1.48134,0,110481,3,530400
termes-opt18-strips,p04.pddl,off,1,80,2.86291,,16636,1,578476
termes-opt18-strips,p04.pddl,on,1,80,3.69356,0,16636,1,578572
termes-opt18-strips,p05.pddl,off,1,132,39.4489,,117541,3,887040
termes-opt18-strips,p05.pddl,on,1,132,41.4824,0,117541,3,880004
termes-opt18-strips,p06.pddl,off,1,164,234.651,,117541,3,1242812
termes-opt18-strips,p06.pddl,on,1,164,187.593,0,117541,3,1139496
termes-opt18-strips,p07.pddl,off,1,222,1609.52,,77678,3,2828808
termes-opt18-strips,p07.pddl,on,1,222,1629.82,0,77678,3,2655268
termes-opt18-strips,p08.pddl,off,1,216,1629.06,,77678,3,2588456
termes-opt18-strips,p08.pddl,on,1,216,1613.42,0,77678,3,2556604
termes-opt18-strips,p09.pddl,off,0,,,,127772,2,3262468
termes-opt18-strips,p09.pddl,on,0,,,0,127772,2,3264660
termes-opt18-strips,p10.pddl,off,0,,,,127772,2,3427048
termes-opt18-strips,p10.pddl,on,0,,,0,127772,2,3507604
termes-opt18-strips,p11.pddl,off,1,66,0.769206,,6233,1,557756
termes-opt18-strips,p11.pddl,on,1,66,0.748272,0,6233,1,557120
termes-opt18-strips,p12.pddl,off,1,46,0.236629,,6233,1,531976
termes-opt18-strips,p12.pddl,on,1,46,0.181787,0,6233,1,531976
termes-opt18-strips,p13.pddl,off,1,92,13.2906,,110481,3,833220
termes-opt18-strips,p13.pddl,on,1,92,13.0667,0,110481,3,833284
termes-opt18-strips,p14.pddl,off,1,104,30.9886,,16636,1,1015108
termes-opt18-strips,p14.pddl,on,1,104,24.5962,0,16636,1,1015108
termes-opt18-strips,p15.pddl,off,1,140,160.55,,117541,3,1049784
termes-opt18-strips,p15.pddl,on,1,140,162.869,0,117541,3,1079856
termes-opt18-strips,p16.pddl,off,1,152,191.349,,22072,1,1279888
termes-opt18-strips,p16.pddl,on,1,152,191.143,0,22072,1,1210632
termes-opt18-strips,p17.pddl,off,1,116,16.4308,,14940,1,995500
termes-opt18-strips,p17.pddl,on,1,116,16.1625,0,14940,1,989488
termes-opt18-strips,p18.pddl,off,1,76,4.37748,,13509,1,668396
termes-opt18-strips,p18.pddl,on,1,76,3.94763,0,13509,1,670764
termes-opt18-strips,p19.pddl,off,1,94,10.4468,,63141,1,809588
termes-opt18-strips,p19.pddl,on,1,94,12.0645,0,63141,1,809588
termes-opt18-strips,p20.pddl,off,1,106,44.1928,,110481,3,919392
termes-opt18-strips,p20.pddl,on,1,106,36.7207,0,110481,3,919360
tetris-opt14-strips,p01-10.pddl,off,0,,,,903050,21,5374436
tetris-opt14-strips,p01-10.pddl,on,0,,,24377,1348924,33,6820824
tetris-opt14-strips,p01-6.pddl,off,1,30,414.717,,196952,5,1642812
tetris-opt14-strips,p01-6.pddl,on,1,30,1274.36,8705,378783,10,3120148
tetris-opt14-strips,p01-8.pddl,off,1,36,3.80479,,41855,3,700976
tetris-opt14-strips,p01-8.pddl,on,1,36,92.5228,7305,74772,3,1445024
tetris-opt14-strips,p02-10.pddl,off,0,,,,903050,21,5178144
tetris-opt14-strips,p02-10.pddl,on,0,,,24377,1348924,33,5939172
tetris-opt14-strips,p02-4.pddl,off,1,10,0.0854852,,8822,3,465692
tetris-opt14-strips,p02-4.pddl,on,1,10,0.102036,1570,9871,3,467804
tetris-opt14-strips,p02-6.pddl,off,1,30,5.287,,36646,3,673536
tetris-opt14-strips,p02-6.pddl,on,1,30,9.83041,4437,41103,3,871372
tetris-opt14-strips,p02-8.pddl,off,0,,,,162459,4,2743824
tetris-opt14-strips,p02-8.pddl,on,0,,,8133,210836,4,3644400
tetris-opt14-strips,p03-10.pddl,off,0,,,,396097,7,5301076
tetris-opt14-strips,p03-10.pddl,on,0,,,14664,407065,10,6286392
tetris-opt14-strips,p03-4.pddl,off,1,11,0.227001,,9553,2,481592
tetris-opt14-strips,p03-4.pddl,on,1,11,0.312924,331,10260,2,482964
tetris-opt14-strips,p03-6.pddl,off,1,21,40.3365,,75693,3,787840
tetris-opt14-strips,p03-6.pddl,on,1,21,60.1788,4432,96736,3,1024844
tetris-opt14-strips,p03-8.pddl,off,1,48,34.2951,,103840,2,783736
tetris-opt14-strips,p03-8.pddl,on,1,48,160.597,2346,188373,3,1050916
tetris-opt14-strips,p04-10.pddl,off,0,,,,675880,10,5513636
tetris-opt14-strips,p04-10.pddl,on,0,,,52245,1260457,48,3612368
tetris-opt14-strips,p04-6.pddl,off,1,27,327.89,,196952,5,1536896
tetris-opt14-strips,p04-6.pddl,on,1,27,615.285,8705,378783,10,2164840
tetris-opt14-strips,p04-8.pddl,off,0,,,,188120,3,4011176
tetris-opt14-strips,p04-8.pddl,on,0,,,9173,290752,5,5704864
tetris-opt14-strips,p05-10.pddl,off,1,66,1101.09,,372466,7,2769860
tetris-opt14-strips,p05-10.pddl,on,0,,,3354,363114,6,2550808
tetris-opt14-strips,p05-6.pddl,off,1,19,3.89631,,31854,3,560880
tetris-opt14-strips,p05-6.pddl,on,1,19,8.35967,3870,41679,3,711368
tetris-opt14-strips,p05-8.pddl,off,0,,,,290569,4,2529612
tetris-opt14-strips,p05-8.pddl,on,0,,,3074,282898,4,2782416
tidybot-opt11-strips,p01.pddl,off,1,4,0.000740931,,19,1,442600
tidybot-opt11-strips,p01.pddl,on,1,4,0.0007113,0,19,1,442600
tidybot-opt11-strips,p02.pddl,off,1,33,2.28455,,343823,6,737420
tidybot-opt11-strips,p02.pddl,on,1,33,2.18696,1735,70595,2,664556
tidybot-opt11-strips,p03.pddl,off,1,16,4.44251,,273325,4,775692
tidybot-opt11-strips,p03.pddl,on,1,16,1.07484,1735,61485,1,670944
tidybot-opt11-strips,p04.pddl,off,1,32,1.91086,,343823,6,735340
tidybot-opt11-strips,p04.pddl,on,1,32,1.27383,1735,70595,2,660752
tidybot-opt11-strips,p05.pddl,off,1,38,7.44163,,624450,11,718588
tidybot-opt11-strips,p05.pddl,on,1,38,10.4847,3451,493736,17,695464
tidybot-opt11-strips,p06.pddl,off,1,32,6.82589,,431244,9,706056
tidybot-opt11-strips,p06.pddl,on,1,32,11.8568,3449,576370,17,677524
tidybot-opt11-strips,p07.pddl,off,1,17,3.31138,,579237,12,794180
tidybot-opt11-strips,p07.pddl,on,1,17,9.66111,3449,544698,16,669368
tidybot-opt11-strips,p08.pddl,off,1,37,8.13467,,624450,11,718588
tidybot-opt11-strips,p08.pddl,on,1,37,8.49355,3451,493736,17,694920
tidybot-opt11-strips,p09.pddl,off,1,27,12.3187,,503220,9,869096
tidybot-opt11-strips,p09.pddl,on,1,27,18.1296,6263,713028,27,834408
tidybot-opt11-strips,p10.pddl,off,1,29,779.701,,2807859,67,3072716
tidybot-opt11-strips,p10.pddl,on,1,29,582.357,3325,1902746,51,1907568
tidybot-opt11-strips,p11.pddl,off,1,29,222.29,,2689011,97,1333908
tidybot-opt11-strips,p11.pddl,on,1,29,726.125,3328,1908294,49,3145108
tidybot-opt11-strips,p12.pddl,off,0,,,,2590208,69,4472716
tidybot-opt11-strips,p12.pddl,on,0,,,3325,2006200,52,5725868
tidybot-opt11-strips,p13.pddl,off,1,30,1370.34,,2595809,68,3359596
tidybot-opt11-strips,p13.pddl,on,1,30,1199.47,3325,2013432,51,3049544
tidybot-opt11-strips,p14.pddl,off,1,25,1159.3,,3625883,407,2617284
tidybot-opt11-strips,p14.pddl,on,1,25,753.788,5165,3312034,98,2358220
tidybot-opt11-strips,p15.pddl,off,0,,,,3425413,578,4717688
tidybot-opt11-strips,p15.pddl,on,0,,,5266,3571615,106,4464848
tidybot-opt11-strips,p16.pddl,off,0,,,,3802654,193,4655308
tidybot-opt11-strips,p16.pddl,on,0,,,4977,3809184,86,4711796
tidybot-opt11-strips,p17.pddl,off,1,40,101.323,,1217848,20,833348
tidybot-opt11-strips,p17.pddl,on,1,40,122.545,9569,1722876,56,1048204
tidybot-opt11-strips,p18.pddl,off,1,44,282.802,,1105411,19,1126624
tidybot-opt11-strips,p18.pddl,on,1,44,147.645,9797,1362267,47,871460
tidybot-opt11-strips,p19.pddl,off,0,,,,3602914,282,4792996
tidybot-opt11-strips,p19.pddl,on,0,,,5073,3541472,101,5900344
tidybot-opt11-strips,p20.pddl,off,1,46,124.229,,1355966,23,858340
tidybot-opt11-strips,p20.pddl,on,1,46,113.936,9347,1972106,66,1005376
tidybot-opt14-strips,p01.pddl,off,0,,,,3881924,94,5009016
tidybot-opt14-strips,p01.pddl,on,0,,,4977,3481294,93,4661296
tidybot-opt14-strips,p02.pddl,off,0,,,,3228237,94,3118032
tidybot-opt14-strips,p02.pddl,on,0,,,4892,3362179,87,5520536
tidybot-opt14-strips,p03.pddl,off,1,30,75.4007,,1438923,28,745280
tidybot-opt14-strips,p03.pddl,on,1,30,70.5293,9797,1623975,48,914636
tidybot-opt14-strips,p04.pddl,off,1,24,474.198,,4721461,294,1981524
tidybot-opt14-strips,p04.pddl,on,1,24,251.613,5165,3721197,79,1366536
tidybot-opt14-strips,p05.pddl,off,0,,,,3582235,388,4760972
tidybot-opt14-strips,p05.pddl,on,0,,,5170,3304890,101,4413528
tidybot-opt14-strips,p06.pddl,off,1,63,1055.26,,957956,16,2061776
tidybot-opt14-strips,p06.pddl,on,1,63,1559.58,9133,2225862,60,2916064
tidybot-opt14-strips,p07.pddl,off,1,38,889.505,,845307,16,1918464
tidybot-opt14-strips,p07.pddl,on,1,38,115.745,9795,1570232,48,866892
tidybot-opt14-strips,p08.pddl,off,0,,,,3901553,337,4240656
tidybot-opt14-strips,p08.pddl,on,1,25,931.364,5165,3366840,100,2647020
tidybot-opt14-strips,p09.pddl,off,0,,,,6617843,514,4564192
tidybot-opt14-strips,p09.pddl,on,0,,,7438,6024736,656,4403720
tidybot-opt14-strips,p10.pddl,off,0,,,,1507495,29,2974520
tidybot-opt14-strips,p10.pddl,on,1,47,1254.25,13995,2655222,80,2711400
tidybot-opt14-strips,p11.pddl,off,1,29,241.162,,2721284,99,1342188
tidybot-opt14-strips,p11.pddl,on,1,29,618.857,3328,1908294,49,2537384
tidybot-opt14-strips,p12.pddl,off,0,,,,2590208,69,5805120
tidybot-opt14-strips,p12.pddl,on,0,,,3325,2013432,51,5552300
tidybot-opt14-strips,p13.pddl,off,0,,,,2590208,69,5320356
tidybot-opt14-strips,p13.pddl,on,1,30,894.033,3325,2006200,52,2575208
tidybot-opt14-strips,p14.pddl,off,1,25,1778.46,,3513857,460,4530368
tidybot-opt14-strips,p14.pddl,on,1,25,981.152,5165,3312034,98,2738856
tidybot-opt14-strips,p15.pddl,off,0,,,,3425413,578,3989080
tidybot-opt14-strips,p15.pddl,on,0,,,5266,3571615,106,4464784
tidybot-opt14-strips,p16.pddl,off,0,,,,3821779,276,4494212
tidybot-opt14-strips,p16.pddl,on,0,,,4977,3827859,104,4770640
tidybot-opt14-strips,p17.pddl,off,1,40,107.765,,1217848,20,856152
tidybot-opt14-strips,p17.pddl,on,1,40,117.19,9569,1737492,55,1100664
tidybot-opt14-strips,p18.pddl,off,1,44,249.377,,1105411,19,1140948
tidybot-opt14-strips,p18.pddl,on,1,44,146.173,9797,1362267,47,925872
tidybot-opt14-strips,p19.pddl,off,0,,,,3453068,320,4732308
tidybot-opt14-strips,p19.pddl,on,0,,,5073,3541472,101,5840548
tidybot-opt14-strips,p20.pddl,off,1,46,109.495,,1355966,23,865404
tidybot-opt14-strips,p20.pddl,on,1,46,124.321,9347,1972106,66,1010280
tpp,p01.pddl,off,1,5,0.000716982,,34,1,475380
tpp,p01.pddl,on,1,5,0.000635217,6,34,1,475380
tpp,p02.pddl,off,1,8,0.00116508,,65,1,450840
tpp,p02.pddl,on,1,8,0.00089461,12,65,1,450840
tpp,p03.pddl,off,1,11,0.00141523,,118,1,516388
tpp,p03.pddl,on,1,11,0.00145733,18,118,1,516388
tpp,p04.pddl,off,1,14,0.00228384,,164,1,438732
tpp,p04.pddl,on,1,14,0.00200012,24,164,1,438732
tpp,p05.pddl,off,1,19,0.012477,,796,1,537840
tpp,p05.pddl,on,1,19,0.0122804,50,708,1,537744
tpp,p06.pddl,off,1,25,0.206999,,2128,1,530572
tpp,p06.pddl,on,1,25,0.16,45,1663,1,529580
tpp,p07.pddl,off,1,34,0.493513,,2732,1,451640
tpp,p07.pddl,on,1,34,0.326863,55,2096,1,443964
tpp,p08.pddl,off,1,40,1.05513,,4055,1,489400
tpp,p08.pddl,on,1,40,0.529479,64,2394,1,470592
tpp,p09.pddl,off,0,,,,46323,1,1579496
tpp,p09.pddl,on,1,48,1089.12,79,10196,1,1600128
tpp,p10.pddl,off,0,,,,84275,1,1653208
tpp,p10.pddl,on,0,,,81,13531,1,1772880
tpp,p11.pddl,off,0,,,,20342,1,1464340
tpp,p11.pddl,on,0,,,73,6185,1,1450880
tpp,p12.pddl,off,0,,,,25987,1,1794856
tpp,p12.pddl,on,0,,,76,8739,1,1438236
tpp,p13.pddl,off,0,,,,121862,2,3402692
tpp,p13.pddl,on,0,,,44,85229,2,1674904
tpp,p14.pddl,off,0,,,,62730,3,3082264
tpp,p14.pddl,on,0,,,47,89747,3,3040076
tpp,p15.pddl,off,0,,,,148013,3,4099264
tpp,p15.pddl,on,0,,,52,74131,3,6936092
tpp,p16.pddl,off,0,,,,127805,5,5428284
tpp,p16.pddl,on,0,,,57,100914,4,5111488
tpp,p17.pddl,off,0,,,,187653,7,5648200
tpp,p17.pddl,on,0,,,63,202190,6,4749388
tpp,p18.pddl,off,0,,,,314404,6,6181476
tpp,p18.pddl,on,0,,,68,239149,6,3374600
tpp,p19.pddl,off,0,,,,179058,8,8191924
tpp,p19.pddl,on,0,,,72,286897,7,3480304
tpp,p20.pddl,off,0,,,,319727,8,5330832
tpp,p20.pddl,on,0,,,77,369471,6,7974588
tpp,p21.pddl,off,0,,,,301015,9,7494832
tpp,p21.pddl,on,0,,,67,289599,9,5684572
tpp,p22.pddl,off,0,,,,355235,9,8191912
tpp,p22.pddl,on,0,,,74,258857,9,8191948
tpp,p23.pddl,off,0,,,,390020,9,8191956
tpp,p23.pddl,on,0,,,76,318260,10,7524668
tpp,p24.pddl,off,0,,,,394611,10,5460112
tpp,p24.pddl,on,0,,,80,355825,10,8191904
tpp,p25.pddl,off,0,,,,475205,14,8191928
tpp,p25.pddl,on,0,,,89,407382,14,4903760
tpp,p26.pddl,off,0,,,,383127,18,5544332
tpp,p26.pddl,on,0,,,114,367045,18,8191868
tpp,p27.pddl,off,0,,,,537709,19,8191892
tpp,p27.pddl,on,0,,,118,571539,19,8191992
tpp,p28.pddl,off,0,,,,523944,19,7509780
tpp,p28.pddl,on,0,,,126,517395,19,6780772
tpp,p29.pddl,off,0,,,,828536,27,7164240
tpp,p29.pddl,on,0,,,137,847519,24,5832300
tpp,p30.pddl,off,0,,,,751775,29,6184300
tpp,p30.pddl,on,0,,,144,823486,27,8191848
transport-opt08-strips,p01.pddl,off,1,54,0.00499859,,317,3,430536
transport-opt08-strips,p01.pddl,on,1,54,0.00399972,0,317,3,430536
transport-opt08-strips,p02.pddl,off,1,131,0.0360385,,1047,7,472944
transport-opt08-strips,p02.pddl,on,1,131,0.0429991,0,1047,7,472944
transport-opt08-strips,p03.pddl,off,1,250,1.20624,,2621,14,587892
transport-opt08-strips,p03.pddl,on,1,250,1.20194,0,2621,14,587828
transport-opt08-strips,p04.pddl,off,1,318,8.93023,,4065,18,634940
transport-opt08-strips,p04.pddl,on,1,318,7.47319,0,4065,18,633628
transport-opt08-strips,p05.pddl,off,1,332,1428.52,,6960,16,3280300
transport-opt08-strips,p05.pddl,on,1,332,1504.79,0,6960,16,3361796
transport-opt08-strips,p06.pddl,off,0,,,,15708,20,5174336
transport-opt08-strips,p06.pddl,on,0,,,0,15708,20,4450872
transport-opt08-strips,p07.pddl,off,0,,,,19604,17,4086052
transport-opt08-strips,p07.pddl,on,0,,,0,19604,17,3823568
transport-opt08-strips,p08.pddl,off,0,,,,24631,17,4204872
transport-opt08-strips,p08.pddl,on,0,,,0,24631,17,4046528
transport-opt08-strips,p09.pddl,off,0,,,,30241,16,4538256
transport-opt08-strips,p09.pddl,on,0,,,0,30241,16,4501780
transport-opt08-strips,p10.pddl,off,0,,,,43539,17,5132912
transport-opt08-strips,p10.pddl,on,0,,,0,43539,17,4963032
transport-opt08-strips,p11.pddl,off,1,456,0.00726886,,408,4,430680
transport-opt08-strips,p11.pddl,on,1,456,0.00536755,0,408,4,430680
transport-opt08-strips,p12.pddl,off,1,594,0.131942,,1658,9,499732
transport-opt08-strips,p12.pddl,on,1,594,0.135239,0,1658,9,499700
transport-opt08-strips,p13.pddl,off,1,550,2.67714,,3325,17,627640
transport-opt08-strips,p13.pddl,on,1,550,2.57387,0,3325,17,627640
transport-opt08-strips,p14.pddl,off,1,941,1157.77,,6056,20,1824336
transport-opt08-strips,p14.pddl,on,1,941,1206.83,0,6056,20,1736320
transport-opt08-strips,p15.pddl,off,0,,,,9219,23,2867868
transport-opt08-strips,p15.pddl,on,0,,,0,9219,23,2864900
transport-opt08-strips,p16.pddl,off,0,,,,20641,27,4574064
transport-opt08-strips,p16.pddl,on,0,,,0,20641,27,4731824
transport-opt08-strips,p17.pddl,off,0,,,,26161,27,4048192
transport-opt08-strips,p17.pddl,on,0,,,0,26161,27,4016496
transport-opt08-strips,p18.pddl,off,0,,,,38185,25,4631304
transport-opt08-strips,p18.pddl,on,0,,,0,38185,25,4549752
transport-opt08-strips,p19.pddl,off,0,,,,47635,23,4497568
transport-opt08-strips,p19.pddl,on,0,,,0,47635,23,4540356
transport-opt08-strips,p20.pddl,off,0,,,,56917,23,4340276
transport-opt08-strips,p20.pddl,on,0,,,0,56917,23,4271224
transport-opt08-strips,p21.pddl,off,1,478,0.00398177,,300,2,430536
transport-opt08-strips,p21.pddl,on,1,478,0.00327804,0,300,2,430536
transport-opt08-strips,p22.pddl,off,1,632,0.0615996,,1045,7,473848
transport-opt08-strips,p22.pddl,on,1,632,0.0675423,0,1045,7,473848
transport-opt08-strips,p23.pddl,off,1,630,0.710971,,2454,10,566024
transport-opt08-strips,p23.pddl,on,1,630,0.709328,0,2454,10,566024
transport-opt08-strips,p24.pddl,off,1,614,7.29781,,3846,14,642000
transport-opt08-strips,p24.pddl,on,1,614,8.1345,0,3846,14,641968
transport-opt08-strips,p25.pddl,off,1,970,573.222,,6965,20,1415920
transport-opt08-strips,p25.pddl,on,1,970,526.563,0,6965,20,1384488
transport-opt08-strips,p26.pddl,off,0,,,,16565,32,3367448
transport-opt08-strips,p26.pddl,on,0,,,0,16565,32,3495612
transport-opt08-strips,p27.pddl,off,0,,,,20977,35,3084348
transport-opt08-strips,p27.pddl,on,0,,,0,20977,35,3066932
transport-opt08-strips,p28.pddl,off,0,,,,25305,29,3367612
transport-opt08-strips,p28.pddl,on,0,,,0,25305,29,3263100
transport-opt08-strips,p29.pddl,off,0,,,,31449,33,3261836
transport-opt08-strips,p29.pddl,on,0,,,0,31449,33,3237120
transport-opt08-strips,p30.pddl,off,0,,,,44913,37,4630108
transport-opt08-strips,p30.pddl,on,0,,,0,44913,37,4548844
transport-opt11-strips,p01.pddl,off,1,630,0.769292,,2454,10,565992
transport-opt11-strips,p01.pddl,on,1,630,0.822983,0,2454,10,565928
transport-opt11-strips,p02.pddl,off,1,250,1.19441,,2621,14,587828
transport-opt11-strips,p02.pddl,on,1,250,1.12605,0,2621,14,586676
transport-opt11-strips,p03.pddl,off,1,594,0.127001,,1658,9,499700
transport-opt11-strips,p03.pddl,on,1,594,0.111161,0,1658,9,499668
transport-opt11-strips,p04.pddl,off,1,550,2.69081,,3325,17,629240
transport-opt11-strips,p04.pddl,on,1,550,2.71196,0,3325,17,629240
transport-opt11-strips,p05.pddl,off,1,614,9.51315,,3846,14,642284
transport-opt11-strips,p05.pddl,on,1,614,7.22991,0,3846,14,638608
transport-opt11-strips,p06.pddl,off,1,318,9.52034,,4065,18,639768
transport-opt11-strips,p06.pddl,on,1,318,8.87946,0,4065,18,635228
transport-opt11-strips,p07.pddl,off,1,282,110.529,,5012,14,970344
transport-opt11-strips,p07.pddl,on,1,282,123.023,0,5012,14,1017936
transport-opt11-strips,p08.pddl,off,0,,,,8086,13,4380088
transport-opt11-strips,p08.pddl,on,0,,,0,8086,13,4921040
transport-opt11-strips,p09.pddl,off,0,,,,6094,14,3877444
transport-opt11-strips,p09.pddl,on,0,,,0,6094,14,4142308
transport-opt11-strips,p10.pddl,off,0,,,,11574,12,3879272
transport-opt11-strips,p10.pddl,on,0,,,0,11574,12,3924784
transport-opt11-strips,p11.pddl,off,0,,,,7139,22,3540324
transport-opt11-strips,p11.pddl,on,0,,,0,7139,22,3546676
transport-opt11-strips,p12.pddl,off,0,,,,13792,22,4564708
transport-opt11-strips,p12.pddl,on,0,,,0,13792,22,4551464
transport-opt11-strips,p13.pddl,off,0,,,,8741,9,3980556
transport-opt11-strips,p13.pddl,on,0,,,0,8741,9,4102900
transport-opt11-strips,p14.pddl,off,0,,,,14298,17,4540856
transport-opt11-strips,p14.pddl,on,0,,,0,14298,17,4621096
transport-opt11-strips,p15.pddl,off,0,,,,10378,23,2780372
transport-opt11-strips,p15.pddl,on,0,,,0,10378,23,2642632
transport-opt11-strips,p16.pddl,off,0,,,,16290,23,3348704
transport-opt11-strips,p16.pddl,on,0,,,0,16290,23,3587052
transport-opt11-strips,p17.pddl,off,1,332,1250.94,,6960,16,3487476
transport-opt11-strips,p17.pddl,on,1,332,1314.37,0,6960,16,3589144
transport-opt11-strips,p18.pddl,off,1,941,1139.96,,6056,20,1894816
transport-opt11-strips,p18.pddl,on,1,941,1080.79,0,6056,20,1893152
transport-opt11-strips,p19.pddl,off,1,970,441.469,,6965,20,1375688
transport-opt11-strips,p19.pddl,on,1,970,573.448,0,6965,20,1348112
transport-opt11-strips,p20.pddl,off,0,,,,15708,20,5156956
transport-opt11-strips,p20.pddl,on,0,,,0,15708,20,5193232
transport-opt14-strips,p01.pddl,off,1,148,0.169542,,1198,7,501924
transport-opt14-strips,p01.pddl,on,1,148,0.175544,0,1198,7,501764
transport-opt14-strips,p02.pddl,off,1,191,3.34914,,2669,10,626072
transport-opt14-strips,p02.pddl,on,1,191,3.75007,0,2669,10,623864
transport-opt14-strips,p03.pddl,off,1,300,12.3371,,3932,13,736860
transport-opt14-strips,p03.pddl,on,1,300,10.8445,0,3932,13,681616
transport-opt14-strips,p04.pddl,off,1,250,481.39,,8927,17,1587076
transport-opt14-strips,p04.pddl,on,1,250,422.525,0,8927,17,1593192
transport-opt14-strips,p05.pddl,off,0,,,,13802,21,4359116
transport-opt14-strips,p05.pddl,on,0,,,0,13802,21,4205660
transport-opt14-strips,p06.pddl,off,0,,,,14630,18,3968572
transport-opt14-strips,p06.pddl,on,0,,,0,14630,18,4097504
transport-opt14-strips,p07.pddl,off,1,967,6.9431,,2705,12,710124
transport-opt14-strips,p07.pddl,on,1,967,7.62172,0,2705,12,713292
transport-opt14-strips,p08.pddl,off,1,1173,1290.19,,6017,17,1638404
transport-opt14-strips,p08.pddl,on,1,1173,1163.01,0,6017,17,1565548
transport-opt14-strips,p09.pddl,off,0,,,,8841,19,2949328
transport-opt14-strips,p09.pddl,on,0,,,0,8841,19,3062416
transport-opt14-strips,p10.pddl,off,0,,,,19522,22,3425000
transport-opt14-strips,p10.pddl,on,0,,,0,19522,22,3033268
transport-opt14-strips,p11.pddl,off,0,,,,29631,24,3926788
transport-opt14-strips,p11.pddl,on,0,,,0,29631,24,4186028
transport-opt14-strips,p12.pddl,off,0,,,,32177,23,3758928
transport-opt14-strips,p12.pddl,on,0,,,0,32177,23,3528040
transport-opt14-strips,p13.pddl,off,1,594,1.97,,4595,16,482720
transport-opt14-strips,p13.pddl,on,1,594,2.00702,0,4595,16,482720
transport-opt14-strips,p14.pddl,off,1,526,97.4007,,8640,22,978608
transport-opt14-strips,p14.pddl,on,1,526,98.876,0,8640,22,978640
transport-opt14-strips,p15.pddl,off,0,,,,15181,27,2832868
transport-opt14-strips,p15.pddl,on,0,,,0,15181,27,2696616
transport-opt14-strips,p16.pddl,off,0,,,,28906,25,3365148
transport-opt14-strips,p16.pddl,on,0,,,0,28906,25,3574004
transport-opt14-strips,p17.pddl,off,0,,,,42575,26,3747780
transport-opt14-strips,p17.pddl,on,0,,,0,42575,26,3461316
transport-opt14-strips,p18.pddl,off,0,,,,46384,24,3055544
transport-opt14-strips,p18.pddl,on,0,,,0,46384,24,2670988
transport-opt14-strips,p19.pddl,off,0,,,,53814,24,2898564
transport-opt14-strips,p19.pddl,on,0,,,0,53814,24,3114316
transport-opt14-strips,p20.pddl,off,0,,,,53814,24,3150356
transport-opt14-strips,p20.pddl,on,0,,,0,53814,24,3158012
trucks-strips,p01.pddl,off,1,13,0.0148167,,966,1,455456
trucks-strips,p01.pddl,on,1,13,0.00896914,76,951,1,455528
trucks-strips,p02.pddl,off,1,17,0.0160021,,1160,1,480312
trucks-strips,p02.pddl,on,1,17,0.0210003,112,1988,1,480440
trucks-strips,p03.pddl,off,0,,,,,,
trucks-strips,p03.pddl,on,0,,,,,,
trucks-strips,p04.pddl,off,0,,,,,,
trucks-strips,p04.pddl,on,0,,,,,,
trucks-strips,p05.pddl,off,0,,,,,,
trucks-strips,p05.pddl,on,0,,,,,,
trucks-strips,p06.pddl,off,0,,,,,,
trucks-strips,p06.pddl,on,0,,,,,,
trucks-strips,p07.pddl,off,0,,,,,,
trucks-strips,p07.pddl,on,0,,,,,,
trucks-strips,p08.pddl,off,0,,,,,,
trucks-strips,p08.pddl,on,0,,,,,,
trucks-strips,p09.pddl,off,0,,,,,,
trucks-strips,p09.pddl,on,0,,,,,,
trucks-strips,p10.pddl,off,0,,,,,,
trucks-strips,p10.pddl,on,0,,,,,,
trucks-strips,p11.pddl,off,0,,,,,,
trucks-strips,p11.pddl,on,0,,,,,,
trucks-strips,p12.pddl,off,0,,,,,,
trucks-strips,p12.pddl,on,0,,,,,,
trucks-strips,p13.pddl,off,0,,,,,,
trucks-strips,p13.pddl,on,0,,,,,,
trucks-strips,p14.pddl,off,0,,,,,,
trucks-strips,p14.pddl,on,0,,,,,,
trucks-strips,p15.pddl,off,0,,,,,,
trucks-strips,p15.pddl,on,0,,,,,,
trucks-strips,p16.pddl,off,0,,,,,,
trucks-strips,p16.pddl,on,0,,,,,,
trucks-strips,p17.pddl,off,0,,,,,,
trucks-strips,p17.pddl,on,0,,,,,,
trucks-strips,p18.pddl,off,0,,,,,,
trucks-strips,p18.pddl,on,0,,,,,,
trucks-strips,p19.pddl,off,0,,,,,,
trucks-strips,p19.pddl,on,0,,,,,,
trucks-strips,p20.pddl,off,0,,,,,,
trucks-strips,p20.pddl,on,0,,,,,,
trucks-strips,p21.pddl,off,0,,,,,,
trucks-strips,p21.pddl,on,0,,,,,,
trucks-strips,p22.pddl,off,0,,,,,,
trucks-strips,p22.pddl,on,0,,,,,,
trucks-strips,p23.pddl,off,0,,,,,,
trucks-strips,p23.pddl,on,0,,,,,,
trucks-strips,p24.pddl,off,0,,,,,,
trucks-strips,p24.pddl,on,0,,,,,,
trucks-strips,p25.pddl,off,0,,,,,,
trucks-strips,p25.pddl,on,0,,,,,,
trucks-strips,p26.pddl,off,0,,,,,,
trucks-strips,p26.pddl,on,0,,,,,,
trucks-strips,p27.pddl,off,0,,,,,,
trucks-strips,p27.pddl,on,0,,,,,,
trucks-strips,p28.pddl,off,0,,,,,,
trucks-strips,p28.pddl,on,0,,,,,,
trucks-strips,p29.pddl,off,0,,,,,,
trucks-strips,p29.pddl,on,0,,,,,,
trucks-strips,p30.pddl,off,0,,,,,,
trucks-strips,p30.pddl,on,0,,,,,,
visitall-opt11-strips,problem02-full.pddl,off,1,3,0.000915717,,38,1,475376
visitall-opt11-strips,problem02-full.pddl,on,1,3,0.00096405,3,38,1,475376
visitall-opt11-strips,problem02-half.pddl,off,1,1,0.000866294,,16,1,524508
visitall-opt11-strips,problem02-half.pddl,on,1,1,0.000732409,1,16,1,524508
visitall-opt11-strips,problem03-full.pddl,off,1,8,0.00397101,,345,1,500120
visitall-opt11-strips,problem03-full.pddl,on,1,8,0.00400012,8,345,1,500148
visitall-opt11-strips,problem03-half.pddl,off,1,6,0.00192698,,108,1,434448
visitall-opt11-strips,problem03-half.pddl,on,1,6,0.00138975,4,108,1,434448
visitall-opt11-strips,problem04-full.pddl,off,1,15,0.0343504,,1471,1,456516
visitall-opt11-strips,problem04-full.pddl,on,1,15,0.0320258,15,1471,1,456516
visitall-opt11-strips,problem04-half.pddl,off,1,11,0.00580847,,337,1,483732
visitall-opt11-strips,problem04-half.pddl,on,1,11,0.00498292,7,337,1,483732
visitall-opt11-strips,problem05-full.pddl,off,1,24,0.485565,,22806,1,565460
visitall-opt11-strips,problem05-full.pddl,on,1,24,0.729796,24,22806,1,565460
visitall-opt11-strips,problem05-half.pddl,off,1,18,0.0372345,,1701,1,456516
visitall-opt11-strips,problem05-half.pddl,on,1,18,0.0250009,14,1701,1,456516
visitall-opt11-strips,problem06-full.pddl,off,1,35,53.514,,75475,2,928952
visitall-opt11-strips,problem06-full.pddl,on,1,35,54.0966,35,75475,2,928952
visitall-opt11-strips,problem06-half.pddl,off,1,23,0.102875,,1798,1,475600
visitall-opt11-strips,problem06-half.pddl,on,1,23,0.102078,15,1798,1,475600
visitall-opt11-strips,problem07-full.pddl,off,0,,,,94599,4,3934844
visitall-opt11-strips,problem07-full.pddl,on,0,,,48,94599,4,3922576
visitall-opt11-strips,problem07-half.pddl,off,1,36,17.5647,,35693,3,814112
visitall-opt11-strips,problem07-half.pddl,on,1,36,22.2198,32,35693,3,814112
visitall-opt11-strips,problem08-full.pddl,off,0,,,,101865,6,4937344
visitall-opt11-strips,problem08-full.pddl,on,0,,,63,101865,6,4948476
visitall-opt11-strips,problem08-half.pddl,off,1,43,40.3399,,20175,2,1038416
visitall-opt11-strips,problem08-half.pddl,on,1,43,74.593,32,20175,2,1038416
visitall-opt11-strips,problem09-full.pddl,off,0,,,,102049,9,3970040
visitall-opt11-strips,problem09-full.pddl,on,0,,,80,102049,9,4106040
visitall-opt11-strips,problem09-half.pddl,off,0,,,,150498,5,4803180
visitall-opt11-strips,problem09-half.pddl,on,0,,,49,150498,5,4337736
visitall-opt11-strips,problem10-full.pddl,off,0,,,,168482,11,4458872
visitall-opt11-strips,problem10-full.pddl,on,0,,,99,168482,11,4470620
visitall-opt11-strips,problem10-half.pddl,off,0,,,,66043,4,4648040
visitall-opt11-strips,problem10-half.pddl,on,0,,,47,66043,4,4647424
visitall-opt11-strips,problem11-full.pddl,off,0,,,,188944,14,4373256
visitall-opt11-strips,problem11-full.pddl,on,0,,,120,188944,14,4378260
visitall-opt11-strips,problem11-half.pddl,off,0,,,,149724,5,4590752
visitall-opt11-strips,problem11-half.pddl,on,0,,,57,149724,5,4673044
visitall-opt14-strips,p-05-10.pddl,off,0,,,,127976,3,4620948
visitall-opt14-strips,p-05-10.pddl,on,0,,,45,127976,3,4011072
visitall-opt14-strips,p-05-5.pddl,off,1,21,0.133992,,5203,1,485184
visitall-opt14-strips,p-05-5.pddl,on,1,21,0.132878,17,5203,1,485184
visitall-opt14-strips,p-05-6.pddl,off,1,25,0.203999,,4455,1,495008
visitall-opt14-strips,p-05-6.pddl,on,1,25,0.207,17,4455,1,495008
visitall-opt14-strips,p-05-7.pddl,off,1,34,2.00094,,17627,1,596592
visitall-opt14-strips,p-05-7.pddl,on,1,34,1.94894,23,17627,1,596592
visitall-opt14-strips,p-05-8.pddl,off,1,43,33.2546,,44331,2,829200
visitall-opt14-strips,p-05-8.pddl,on,1,43,26.0181,30,44331,2,804732
visitall-opt14-strips,p-05-9.pddl,off,0,,,,46781,3,3280128
visitall-opt14-strips,p-05-9.pddl,on,0,,,41,46781,3,3264484
visitall-opt14-strips,p-1-10.pddl,off,0,,,,168482,11,4522104
visitall-opt14-strips,p-1-10.pddl,on,0,,,99,168482,11,3590816
visitall-opt14-strips,p-1-11.pddl,off,0,,,,188944,14,4369976
visitall-opt14-strips,p-1-11.pddl,on,0,,,120,188944,14,4142912
visitall-opt14-strips,p-1-12.pddl,off,0,,,,280788,17,5859632
visitall-opt14-strips,p-1-12.pddl,on,0,,,143,280788,17,5729240
visitall-opt14-strips,p-1-13.pddl,off,0,,,,365562,20,5582904
visitall-opt14-strips,p-1-13.pddl,on,0,,,168,365562,20,5421540
visitall-opt14-strips,p-1-14.pddl,off,0,,,,409028,22,5173152
visitall-opt14-strips,p-1-14.pddl,on,0,,,195,409028,22,5388696
visitall-opt14-strips,p-1-15.pddl,off,0,,,,359507,28,5654288
visitall-opt14-strips,p-1-15.pddl,on,0,,,224,359507,28,5585504
visitall-opt14-strips,p-1-16.pddl,off,0,,,,449188,33,5053232
visitall-opt14-strips,p-1-16.pddl,on,0,,,255,449188,33,5025120
visitall-opt14-strips,p-1-17.pddl,off,0,,,,550458,37,4335492
visitall-opt14-strips,p-1-17.pddl,on,0,,,288,550458,37,4486468
visitall-opt14-strips,p-1-18.pddl,off,0,,,,572025,43,5589676
visitall-opt14-strips,p-1-18.pddl,on,0,,,323,572025,43,5566036
visitall-opt14-strips,p-1-5.pddl,off,1,24,0.397003,,22806,1,564956
visitall-opt14-strips,p-1-5.pddl,on,1,24,0.420999,24,22806,1,564956
visitall-opt14-strips,p-1-6.pddl,off,1,35,42.8491,,75475,2,926876
visitall-opt14-strips,p-1-6.pddl,on,1,35,40.2033,35,75475,2,887120
visitall-opt14-strips,p-1-7.pddl,off,0,,,,94599,4,3934900
visitall-opt14-strips,p-1-7.pddl,on,0,,,48,94599,4,4221416
visitall-opt14-strips,p-1-8.pddl,off,0,,,,101865,6,4954508
visitall-opt14-strips,p-1-8.pddl,on,0,,,63,101865,6,4955592
visitall-opt14-strips,p-1-9.pddl,off,0,,,,102049,9,4912748
visitall-opt14-strips,p-1-9.pddl,on,0,,,80,102049,9,4911616
woodworking-opt08-strips,p01.pddl,off,1,170,0.0145132,,799,5,545908
woodworking-opt08-strips,p01.pddl,on,1,170,0.0103488,131,774,5,545780
woodworking-opt08-strips,p02.pddl,off,1,185,0.0289991,,1097,6,434156
woodworking-opt08-strips,p02.pddl,on,1,185,0.0342651,107,1123,6,434156
woodworking-opt08-strips,p03.pddl,off,1,275,0.238417,,2902,6,548304
woodworking-opt08-strips,p03.pddl,on,1,275,0.193991,257,3024,6,547572
woodworking-opt08-strips,p04.pddl,off,1,280,0.789855,,4687,6,469312
woodworking-opt08-strips,p04.pddl,on,1,280,0.948999,360,3917,6,472288
woodworking-opt08-strips,p05.pddl,off,1,270,1.91572,,6947,6,560628
woodworking-opt08-strips,p05.pddl,on,1,270,1.60395,552,6337,6,546684
woodworking-opt08-strips,p06.pddl,off,1,430,11.6068,,9895,6,649228
woodworking-opt08-strips,p06.pddl,on,1,430,8.70725,349,10596,6,653892
woodworking-opt08-strips,p07.pddl,off,1,400,104.799,,7515,6,890744
woodworking-opt08-strips,p07.pddl,on,1,400,107.737,560,6939,6,811544
woodworking-opt08-strips,p08.pddl,off,1,430,250.337,,10990,6,1039604
woodworking-opt08-strips,p08.pddl,on,1,430,154.762,705,9656,6,906584
woodworking-opt08-strips,p09.pddl,off,1,445,5.1469,,5060,6,601472
woodworking-opt08-strips,p09.pddl,on,1,445,4.02475,540,4673,6,602624
woodworking-opt08-strips,p10.pddl,off,0,,,,35696,6,2387720
woodworking-opt08-strips,p10.pddl,on,0,,,755,23309,6,2240356
woodworking-opt08-strips,p11.pddl,off,1,130,0.00838631,,819,5,529404
woodworking-opt08-strips,p11.pddl,on,1,130,0.00900017,110,751,5,529404
woodworking-opt08-strips,p12.pddl,off,1,225,0.0739998,,2269,5,506752
woodworking-opt08-strips,p12.pddl,on,1,225,0.0549932,236,1907,5,505952
woodworking-opt08-strips,p13.pddl,off,1,215,0.2212,,4325,6,442864
woodworking-opt08-strips,p13.pddl,on,1,215,0.223999,315,3454,6,442704
woodworking-opt08-strips,p14.pddl,off,1,225,0.288331,,3523,6,446248
woodworking-opt08-strips,p14.pddl,on,1,225,0.213999,299,2985,6,443628
woodworking-opt08-strips,p15.pddl,off,1,270,3.09187,,8888,6,548232
woodworking-opt08-strips,p15.pddl,on,1,270,2.06973,358,9415,6,537804
woodworking-opt08-strips,p16.pddl,off,1,315,1.60534,,5059,6,544276
woodworking-opt08-strips,p16.pddl,on,1,315,2.02185,448,4690,6,545720
woodworking-opt08-strips,p17.pddl,off,1,290,14.439,,11501,6,617732
woodworking-opt08-strips,p17.pddl,on,1,290,9.26976,570,9535,6,560092
woodworking-opt08-strips,p18.pddl,off,1,455,149.342,,13448,6,835024
woodworking-opt08-strips,p18.pddl,on,1,455,195.758,643,11088,6,823336
woodworking-opt08-strips,p19.pddl,off,1,415,504.974,,16665,6,1198228
woodworking-opt08-strips,p19.pddl,on,1,415,452.714,660,14896,6,1057304
woodworking-opt08-strips,p20.pddl,off,1,490,1456.51,,23321,6,1744372
woodworking-opt08-strips,p20.pddl,on,1,490,953.089,842,18708,6,1614156
woodworking-opt08-strips,p21.pddl,off,1,95,0.0116908,,876,6,529404
woodworking-opt08-strips,p21.pddl,on,1,95,0.00727061,98,805,6,529276
woodworking-opt08-strips,p22.pddl,off,1,185,0.0547278,,1809,5,480200
woodworking-opt08-strips,p22.pddl,on,1,185,0.0335334,195,1678,5,480072
woodworking-opt08-strips,p23.pddl,off,1,195,0.0623885,,1972,6,505720
woodworking-opt08-strips,p23.pddl,on,1,195,0.0766695,215,1694,6,505528
woodworking-opt08-strips,p24.pddl,off,1,245,0.307991,,2896,5,452212
woodworking-opt08-strips,p24.pddl,on,1,245,0.245991,312,2407,5,447512
woodworking-opt08-strips,p25.pddl,off,1,380,6.3203,,13356,6,635100
woodworking-opt08-strips,p25.pddl,on,1,380,7.72346,367,8959,6,595084
woodworking-opt08-strips,p26.pddl,off,1,240,4.02241,,8245,6,577936
woodworking-opt08-strips,p26.pddl,on,1,240,2.52819,482,8934,6,591400
woodworking-opt08-strips,p27.pddl,off,1,350,7.51142,,7368,6,649660
woodworking-opt08-strips,p27.pddl,on,1,350,3.92676,519,5728,6,604332
woodworking-opt08-strips,p28.pddl,off,1,555,507.48,,19143,5,929092
woodworking-opt08-strips,p28.pddl,on,1,555,182.941,579,10964,5,840108
woodworking-opt08-strips,p29.pddl,off,0,,,,32647,6,1624868
woodworking-opt08-strips,p29.pddl,on,1,545,1416.58,823,22210,6,1321264
woodworking-opt08-strips,p30.pddl,off,0,,,,25740,6,2499472
woodworking-opt08-strips,p30.pddl,on,0,,,757,16419,6,1581652
woodworking-opt11-strips,p01.pddl,off,1,195,0.0719867,,1972,6,505816
woodworking-opt11-strips,p01.pddl,on,1,195,0.0525039,215,1694,6,505304
woodworking-opt11-strips,p02.pddl,off,1,225,0.0879627,,2269,5,506752
woodworking-opt11-strips,p02.pddl,on,1,225,0.0609612,236,1907,5,505888
woodworking-opt11-strips,p03.pddl,off,1,215,0.230285,,4325,6,443376
woodworking-opt11-strips,p03.pddl,on,1,215,0.258999,315,3454,6,442640
woodworking-opt11-strips,p04.pddl,off,1,275,0.265103,,2902,6,548304
woodworking-opt11-strips,p04.pddl,on,1,275,0.190988,257,3024,6,547252
woodworking-opt11-strips,p05.pddl,off,1,245,0.354153,,2896,5,451860
woodworking-opt11-strips,p05.pddl,on,1,245,0.241997,312,2407,5,447288
woodworking-opt11-strips,p06.pddl,off,1,280,0.698096,,4687,6,468548
woodworking-opt11-strips,p06.pddl,on,1,280,1.13899,360,3917,6,471360
woodworking-opt11-strips,p07.pddl,off,1,225,0.276584,,3523,6,445704
woodworking-opt11-strips,p07.pddl,on,1,225,0.194999,299,2985,6,443404
woodworking-opt11-strips,p08.pddl,off,1,380,8.22295,,13356,6,644344
woodworking-opt11-strips,p08.pddl,on,1,380,7.63634,367,8959,6,595084
woodworking-opt11-strips,p09.pddl,off,1,270,2.06597,,6947,6,560628
woodworking-opt11-strips,p09.pddl,on,1,270,1.78246,552,6337,6,546076
woodworking-opt11-strips,p10.pddl,off,1,270,2.73597,,8888,6,548296
woodworking-opt11-strips,p10.pddl,on,1,270,3.02575,358,9415,6,541000
woodworking-opt11-strips,p11.pddl,off,1,240,2.98292,,8245,6,578480
woodworking-opt11-strips,p11.pddl,on,1,240,3.4059,482,8934,6,583532
woodworking-opt11-strips,p12.pddl,off,1,315,1.70498,,5059,6,544372
woodworking-opt11-strips,p12.pddl,on,1,315,2.27005,448,4690,6,545400
woodworking-opt11-strips,p13.pddl,off,1,430,12.2416,,9895,6,649228
woodworking-opt11-strips,p13.pddl,on,1,430,9.1022,349,10596,6,654820
woodworking-opt11-strips,p14.pddl,off,1,350,7.31721,,7368,6,658904
woodworking-opt11-strips,p14.pddl,on,1,350,4.10691,519,5728,6,613928
woodworking-opt11-strips,p15.pddl,off,1,290,12.6255,,11501,6,618368
woodworking-opt11-strips,p15.pddl,on,1,290,11.2418,570,9535,6,568760
woodworking-opt11-strips,p16.pddl,off,1,400,148.884,,7515,6,890552
woodworking-opt11-strips,p16.pddl,on,1,400,86.4248,560,6939,6,811544
woodworking-opt11-strips,p17.pddl,off,1,555,754.6,,19143,5,937972
woodworking-opt11-strips,p17.pddl,on,1,555,224.82,579,10964,5,852028
woodworking-opt11-strips,p18.pddl,off,1,455,154.76,,13448,6,798264
woodworking-opt11-strips,p18.pddl,on,1,455,205.397,643,11088,6,826824
woodworking-opt11-strips,p19.pddl,off,1,430,265.954,,10990,6,1045920
woodworking-opt11-strips,p19.pddl,on,1,430,153.931,705,9656,6,834848
woodworking-opt11-strips,p20.pddl,off,0,,,,32647,6,1518972
woodworking-opt11-strips,p20.pddl,on,1,545,1357.35,823,22210,6,1267972
zenotravel,p01.pddl,off,1,1,0.00175563,,93,1,450824
zenotravel,p01.pddl,on,1,1,0.00176865,0,93,1,450824
zenotravel,p02.pddl,off,1,6,0.00218119,,93,1,450976
zenotravel,p02.pddl,on,1,6,0.00226058,0,93,1,450976
zenotravel,p03.pddl,off,1,6,0.00672957,,499,1,480180
zenotravel,p03.pddl,on,1,6,0.00599964,0,499,1,480180
zenotravel,p04.pddl,off,1,8,0.0088242,,499,1,480180
zenotravel,p04.pddl,on,1,8,0.0073128,0,499,1,480180
zenotravel,p05.pddl,off,1,11,0.0158027,,570,1,480640
zenotravel,p05.pddl,on,1,11,0.0198168,0,570,1,480640
zenotravel,p06.pddl,off,1,11,0.0295902,,788,1,506164
zenotravel,p06.pddl,on,1,11,0.0272743,0,788,1,506164
zenotravel,p07.pddl,off,1,15,0.0454464,,788,1,506832
zenotravel,p07.pddl,on,1,15,0.0550008,0,788,1,506832
zenotravel,p08.pddl,off,1,11,0.110034,,5352,1,452436
zenotravel,p08.pddl,on,1,11,0.0986676,0,5352,1,451960
zenotravel,p09.pddl,off,1,21,57.9169,,8090,1,905320
zenotravel,p09.pddl,on,1,21,82.6283,0,8090,1,954424
zenotravel,p10.pddl,off,1,22,681.046,,10803,1,1456012
zenotravel,p10.pddl,on,1,22,662.52,0,10803,1,1483680
zenotravel,p11.pddl,off,1,14,2.22536,,15151,1,569592
zenotravel,p11.pddl,on,1,14,1.98264,0,15151,1,569592
zenotravel,p12.pddl,off,1,21,1432.41,,20746,1,2713424
zenotravel,p12.pddl,on,1,21,1474.64,0,20746,1,2337292
zenotravel,p13.pddl,off,0,,,,21889,1,2686196
zenotravel,p13.pddl,on,0,,,0,21889,1,2976616
zenotravel,p14.pddl,off,0,,,,163477,13,4098792
zenotravel,p14.pddl,on,0,,,0,163477,13,3875016
zenotravel,p15.pddl,off,0,,,,544737,21,7137608
zenotravel,p15.pddl,on,0,,,0,544737,21,6357256
zenotravel,p16.pddl,off,0,,,,465907,29,5516044
zenotravel,p16.pddl,on,0,,,0,465907,29,5208616
zenotravel,p17.pddl,off,0,,,,434729,35,5199172
zenotravel,p17.pddl,on,0,,,0,434729,35,5034640
zenotravel,p18.pddl,off,0,,,,547169,43,5722392
zenotravel,p18.pddl,on,0,,,0,547169,43,7558328
zenotravel,p19.pddl,off,0,,,,603127,56,6064048
zenotravel,p19.pddl,on,0,,,0,603127,56,6653204
zenotravel,p20.pddl,off,0,,,,1049015,58,4531548
zenotravel,p20.pddl,on,0,,,0,1049015,58,4875988
