domain,problem,config,solved,cost,wall,search_time,picked,tr_off,tr_on,probe_time
agricola-opt18-strips,p01.pddl,off,1,786,15.209,8.7385,,,,
agricola-opt18-strips,p01.pddl,on,1,786,16.817,10.4093,,,,
agricola-opt18-strips,p01.pddl,selector,1,786,15.528,8.73749,presolve,,,
agricola-opt18-strips,p02.pddl,off,1,878,27.292,16.7266,,,,
agricola-opt18-strips,p02.pddl,on,1,878,25.364,16.0454,,,,
agricola-opt18-strips,p02.pddl,selector,1,878,36.595,16.142,on,89047,29924,19.305
agricola-opt18-strips,p03.pddl,off,1,788,113.393,99.1015,,,,
agricola-opt18-strips,p03.pddl,on,1,788,63.092,47.34,,,,
agricola-opt18-strips,p03.pddl,selector,1,788,72.648,47.0554,on,243369,99886,24.386
agricola-opt18-strips,p04.pddl,off,1,946,35.543,27.6123,,,,
agricola-opt18-strips,p04.pddl,on,1,946,55.146,45.1971,,,,
agricola-opt18-strips,p04.pddl,selector,1,946,51.976,32.5642,on,89155,43728,18.142
agricola-opt18-strips,p05.pddl,off,1,979,59.014,46.1925,,,,
agricola-opt18-strips,p05.pddl,on,1,979,58.814,45.8964,,,,
agricola-opt18-strips,p05.pddl,selector,1,979,80.590,54.247,on,153783,47556,25.035
agricola-opt18-strips,p06.pddl,off,1,1038,227.682,209.088,,,,
agricola-opt18-strips,p06.pddl,on,1,1038,117.153,99.0133,,,,
agricola-opt18-strips,p06.pddl,selector,1,1038,129.973,99.2511,on,268623,54972,29.316
agricola-opt18-strips,p07.pddl,off,1,1048,105.182,94.6693,,,,
agricola-opt18-strips,p07.pddl,on,1,1048,516.459,504.918,,,,
agricola-opt18-strips,p07.pddl,selector,1,1048,110.312,87.5702,off,140040,306323,21.420
agricola-opt18-strips,p08.pddl,off,1,897,333.866,316.102,,,,
agricola-opt18-strips,p08.pddl,on,1,897,774.744,756.15,,,,
agricola-opt18-strips,p08.pddl,selector,1,897,428.275,397.673,off,89469,276748,27.851
agricola-opt18-strips,p09.pddl,off,1,923,579.340,552.071,,,,
agricola-opt18-strips,p09.pddl,on,0,,1800.122,,,,,
agricola-opt18-strips,p09.pddl,selector,1,923,622.780,584.91,off,351184,332385,35.048
agricola-opt18-strips,p10.pddl,off,1,1114,256.024,240.961,,,,
agricola-opt18-strips,p10.pddl,on,1,1114,550.070,534.838,,,,
agricola-opt18-strips,p10.pddl,selector,1,1114,244.454,219.629,off,178020,159023,22.775
agricola-opt18-strips,p11.pddl,off,1,1116,213.114,193.057,,,,
agricola-opt18-strips,p11.pddl,on,0,,1800.377,,,,,
agricola-opt18-strips,p11.pddl,selector,1,1116,227.104,194.663,off,85566,259526,30.072
agricola-opt18-strips,p12.pddl,off,1,1057,565.581,534.35,,,,
agricola-opt18-strips,p12.pddl,on,1,1057,781.530,752.857,,,,
agricola-opt18-strips,p12.pddl,selector,1,1057,812.498,771.242,on,455325,106766,37.468
agricola-opt18-strips,p13.pddl,off,1,1182,962.803,945.574,,,,
agricola-opt18-strips,p13.pddl,on,1,1182,727.189,711.24,,,,
agricola-opt18-strips,p13.pddl,selector,1,1182,957.674,927.12,off,242873,193299,26.449
agricola-opt18-strips,p14.pddl,off,1,974,1054.036,1028.87,,,,
agricola-opt18-strips,p14.pddl,on,1,974,390.038,356.602,,,,
agricola-opt18-strips,p14.pddl,selector,1,974,444.259,407.64,on,412012,211392,34.191
agricola-opt18-strips,p15.pddl,off,0,,1668.423,,,,,
agricola-opt18-strips,p15.pddl,on,0,,1800.174,,,,,
agricola-opt18-strips,p15.pddl,selector,0,,1800.376,,off,101291,457138,43.749
agricola-opt18-strips,p16.pddl,off,1,1309,1391.839,1370.28,,,,
agricola-opt18-strips,p16.pddl,on,1,1309,584.793,559.277,,,,
agricola-opt18-strips,p16.pddl,selector,1,1309,1308.345,1273.26,off,121355,193260,29.016
agricola-opt18-strips,p17.pddl,off,1,1100,1412.358,1382.73,,,,
agricola-opt18-strips,p17.pddl,on,1,1100,673.640,647.24,,,,
agricola-opt18-strips,p17.pddl,selector,0,,1799.739,,off,92682,211760,38.215
agricola-opt18-strips,p18.pddl,off,0,,1800.320,,,,,
agricola-opt18-strips,p18.pddl,on,0,,1800.250,,,,,
agricola-opt18-strips,p18.pddl,selector,0,,1795.792,,off,104194,233416,49.130
agricola-opt18-strips,p19.pddl,off,0,,1610.081,,,,,
agricola-opt18-strips,p19.pddl,on,1,1376,1508.009,1476.97,,,,
agricola-opt18-strips,p19.pddl,selector,0,,1612.693,,off,134258,127656,29.758
agricola-opt18-strips,p20.pddl,off,0,,1800.501,,,,,
agricola-opt18-strips,p20.pddl,on,0,,1799.452,,,,,
agricola-opt18-strips,p20.pddl,selector,0,,1800.515,,off,130817,212580,45.962
airport,p01-airport1-p1.pddl,off,1,8,0.568,0.00563778,,,,
airport,p01-airport1-p1.pddl,on,1,8,0.467,0.00599998,,,,
airport,p01-airport1-p1.pddl,selector,1,8,0.669,0.00550489,presolve,,,
airport,p02-airport1-p1.pddl,off,0,,0.367,0.000221483,,,,
airport,p02-airport1-p1.pddl,on,0,,0.367,0.000436208,,,,
airport,p02-airport1-p1.pddl,selector,0,,1.323,0.000152577,off,0,0,0.899
airport,p03-airport1-p2.pddl,off,0,,0.518,0.000531382,,,,
airport,p03-airport1-p2.pddl,on,0,,0.518,0.000548751,,,,
airport,p03-airport1-p2.pddl,selector,0,,1.373,0.000511836,off,0,0,0.949
airport,p04-airport2-p1.pddl,off,0,,0.467,0.000438131,,,,
airport,p04-airport2-p1.pddl,on,0,,0.468,0.00037196,,,,
airport,p04-airport2-p1.pddl,selector,0,,1.423,0.000610852,off,0,0,0.949
airport,p05-airport2-p1.pddl,off,0,,0.518,0.000592871,,,,
airport,p05-airport2-p1.pddl,on,0,,0.468,0.000529786,,,,
airport,p05-airport2-p1.pddl,selector,0,,1.373,0.000486892,off,0,0,0.949
airport,p06-airport2-p2.pddl,off,0,,0.468,0.000537051,,,,
airport,p06-airport2-p2.pddl,on,0,,0.467,0.000220209,,,,
airport,p06-airport2-p2.pddl,selector,0,,1.373,0.000490715,off,0,0,0.949
airport,p07-airport2-p2.pddl,off,0,,0.467,0.000395601,,,,
airport,p07-airport2-p2.pddl,on,0,,0.468,0.00053892,,,,
airport,p07-airport2-p2.pddl,selector,0,,1.373,0.000556771,off,0,0,0.949
airport,p08-airport2-p3.pddl,off,0,,0.467,0.000184677,,,,
airport,p08-airport2-p3.pddl,on,0,,0.468,0.000527219,,,,
airport,p08-airport2-p3.pddl,selector,0,,1.423,0.000195204,off,0,0,0.949
airport,p09-airport2-p4.pddl,off,0,,0.568,0.000560164,,,,
airport,p09-airport2-p4.pddl,on,0,,0.468,0.000526135,,,,
airport,p09-airport2-p4.pddl,selector,0,,1.322,0.000186907,off,0,0,0.898
airport,p10-airport3-p1.pddl,off,0,,0.468,0.000273653,,,,
airport,p10-airport3-p1.pddl,on,0,,0.468,0.000349773,,,,
airport,p10-airport3-p1.pddl,selector,0,,1.322,0.000293756,off,0,0,0.899
airport,p11-airport3-p1.pddl,off,0,,0.468,0.000580537,,,,
airport,p11-airport3-p1.pddl,on,0,,0.467,0.000513322,,,,
airport,p11-airport3-p1.pddl,selector,0,,1.323,0.000502259,off,0,0,0.899
airport,p12-airport3-p2.pddl,off,0,,0.467,0.000176286,,,,
airport,p12-airport3-p2.pddl,on,0,,0.468,0.000541007,,,,
airport,p12-airport3-p2.pddl,selector,0,,1.323,0.000521392,off,0,0,0.899
airport,p13-airport3-p2.pddl,off,0,,0.467,0.000177021,,,,
airport,p13-airport3-p2.pddl,on,0,,0.468,0.000466084,,,,
airport,p13-airport3-p2.pddl,selector,0,,1.322,0.000520821,off,0,0,0.899
airport,p14-airport3-p3.pddl,off,0,,0.467,0.000473103,,,,
airport,p14-airport3-p3.pddl,on,0,,0.417,0.000377159,,,,
airport,p14-airport3-p3.pddl,selector,0,,1.122,0.000461155,off,0,0,0.747
airport,p15-airport3-p3.pddl,off,0,,0.367,0.000396696,,,,
airport,p15-airport3-p3.pddl,on,0,,0.367,0.000160202,,,,
airport,p15-airport3-p3.pddl,selector,0,,1.122,0.000398244,off,0,0,0.747
airport,p16-airport3-p4.pddl,off,0,,0.367,0.000452779,,,,
airport,p16-airport3-p4.pddl,on,0,,0.367,0.000184524,,,,
airport,p16-airport3-p4.pddl,selector,0,,1.222,0.000547547,off,0,0,0.798
airport,p17-airport3-p5.pddl,off,0,,0.367,0.00046753,,,,
airport,p17-airport3-p5.pddl,on,0,,0.417,0.000352456,,,,
airport,p17-airport3-p5.pddl,selector,0,,1.322,0.000536921,off,0,0,0.899
airport,p18-airport3-p6.pddl,off,0,,0.467,0.000557795,,,,
airport,p18-airport3-p6.pddl,on,0,,0.518,0.000680838,,,,
airport,p18-airport3-p6.pddl,selector,0,,1.323,0.000471081,off,0,0,0.899
airport,p19-airport3-p6.pddl,off,0,,0.468,0.000298302,,,,
airport,p19-airport3-p6.pddl,on,0,,0.467,0.000573827,,,,
airport,p19-airport3-p6.pddl,selector,0,,1.323,0.000558972,off,0,0,0.899
airport,p20-airport3-p7.pddl,off,0,,0.468,0.000562678,,,,
airport,p20-airport3-p7.pddl,on,0,,0.468,0.000542653,,,,
airport,p20-airport3-p7.pddl,selector,0,,1.323,0.000527104,off,0,0,0.899
airport,p21-airport4halfMUC-p2.pddl,off,0,,0.518,0.000552403,,,,
airport,p21-airport4halfMUC-p2.pddl,on,0,,0.467,0.000550784,,,,
airport,p21-airport4halfMUC-p2.pddl,selector,0,,1.323,0.000555573,off,0,0,0.898
airport,p22-airport4halfMUC-p3.pddl,off,0,,0.468,0.000553992,,,,
airport,p22-airport4halfMUC-p3.pddl,on,0,,0.467,0.000345649,,,,
airport,p22-airport4halfMUC-p3.pddl,selector,0,,1.372,0.000527554,off,0,0,0.948
airport,p23-airport4halfMUC-p4.pddl,off,0,,0.467,0.000523289,,,,
airport,p23-airport4halfMUC-p4.pddl,on,0,,0.468,0.000566298,,,,
airport,p23-airport4halfMUC-p4.pddl,selector,0,,1.322,0.000405355,off,0,0,0.898
airport,p24-airport4halfMUC-p4.pddl,off,0,,0.467,0.000565606,,,,
airport,p24-airport4halfMUC-p4.pddl,on,0,,0.518,0.000573052,,,,
airport,p24-airport4halfMUC-p4.pddl,selector,0,,1.373,0.000536267,off,0,0,0.949
airport,p25-airport4halfMUC-p5.pddl,off,0,,0.467,0.000204432,,,,
airport,p25-airport4halfMUC-p5.pddl,on,0,,0.518,0.000535834,,,,
airport,p25-airport4halfMUC-p5.pddl,selector,0,,1.424,0.000523728,off,0,0,1.000
airport,p26-airport4halfMUC-p6.pddl,off,0,,0.518,0.000540333,,,,
airport,p26-airport4halfMUC-p6.pddl,on,0,,0.467,0.000523579,,,,
airport,p26-airport4halfMUC-p6.pddl,selector,0,,1.473,0.000535209,off,0,0,0.999
airport,p27-airport4halfMUC-p6.pddl,off,0,,0.518,0.000672745,,,,
airport,p27-airport4halfMUC-p6.pddl,on,0,,0.467,0.000312427,,,,
airport,p27-airport4halfMUC-p6.pddl,selector,0,,1.373,0.000510317,off,0,0,0.949
airport,p28-airport4halfMUC-p7.pddl,off,0,,0.517,0.000586063,,,,
airport,p28-airport4halfMUC-p7.pddl,on,0,,0.518,0.000193312,,,,
airport,p28-airport4halfMUC-p7.pddl,selector,0,,1.373,0.000307447,off,0,0,0.949
airport,p29-airport4halfMUC-p8.pddl,off,0,,0.518,0.000396162,,,,
airport,p29-airport4halfMUC-p8.pddl,on,0,,0.518,0.000177597,,,,
airport,p29-airport4halfMUC-p8.pddl,selector,0,,1.373,0.000565636,off,0,0,0.949
airport,p30-airport4halfMUC-p8.pddl,off,0,,0.518,0.000572745,,,,
airport,p30-airport4halfMUC-p8.pddl,on,0,,0.568,0.000547373,,,,
airport,p30-airport4halfMUC-p8.pddl,selector,0,,1.373,0.00017992,off,0,0,0.949
airport,p31-airport4halfMUC-p9.pddl,off,0,,0.518,0.000343996,,,,
airport,p31-airport4halfMUC-p9.pddl,on,0,,0.518,0.00033143,,,,
airport,p31-airport4halfMUC-p9.pddl,selector,0,,1.424,0.00054261,off,0,0,0.999
airport,p32-airport4halfMUC-p10.pddl,off,0,,0.518,0.000701343,,,,
airport,p32-airport4halfMUC-p10.pddl,on,0,,0.518,0.000509668,,,,
airport,p32-airport4halfMUC-p10.pddl,selector,0,,1.473,0.000549216,off,0,0,1.050
airport,p33-airport4halfMUC-p10.pddl,off,0,,0.568,0.000556515,,,,
airport,p33-airport4halfMUC-p10.pddl,on,0,,0.518,0.000508565,,,,
airport,p33-airport4halfMUC-p10.pddl,selector,0,,1.373,0.000521762,off,0,0,0.949
airport,p34-airport4halfMUC-p11.pddl,off,0,,0.517,0.000535089,,,,
airport,p34-airport4halfMUC-p11.pddl,on,0,,0.518,0.00031287,,,,
airport,p34-airport4halfMUC-p11.pddl,selector,0,,1.373,0.000545222,off,0,0,0.948
airport,p35-airport4halfMUC-p12.pddl,off,0,,0.568,0.000268936,,,,
airport,p35-airport4halfMUC-p12.pddl,on,0,,0.569,0.000524522,,,,
airport,p35-airport4halfMUC-p12.pddl,selector,0,,1.424,0.000502875,off,0,0,0.999
airport,p36-airport5MUC-p2.pddl,off,0,,0.467,0.000454599,,,,
airport,p36-airport5MUC-p2.pddl,on,0,,0.517,0.000562453,,,,
airport,p36-airport5MUC-p2.pddl,selector,0,,1.373,0.000531171,off,0,0,0.949
airport,p37-airport5MUC-p3.pddl,off,0,,0.518,0.000552838,,,,
airport,p37-airport5MUC-p3.pddl,on,0,,0.518,0.000292358,,,,
airport,p37-airport5MUC-p3.pddl,selector,0,,1.424,0.000539113,off,0,0,0.999
airport,p38-airport5MUC-p3.pddl,off,0,,0.568,0.000583834,,,,
airport,p38-airport5MUC-p3.pddl,on,0,,0.517,0.000538798,,,,
airport,p38-airport5MUC-p3.pddl,selector,0,,1.424,0.00037143,off,0,0,0.999
airport,p39-airport5MUC-p4.pddl,off,0,,0.518,0.000561375,,,,
airport,p39-airport5MUC-p4.pddl,on,0,,0.518,0.00049542,,,,
airport,p39-airport5MUC-p4.pddl,selector,0,,1.373,0.000547523,off,0,0,0.949
airport,p40-airport5MUC-p4.pddl,off,0,,0.517,0.000307631,,,,
airport,p40-airport5MUC-p4.pddl,on,0,,0.518,0.000229957,,,,
airport,p40-airport5MUC-p4.pddl,selector,0,,1.373,0.000549122,off,0,0,0.949
airport,p41-airport5MUC-p4.pddl,off,0,,0.518,0.000523118,,,,
airport,p41-airport5MUC-p4.pddl,on,0,,0.467,0.000610779,,,,
airport,p41-airport5MUC-p4.pddl,selector,0,,1.423,0.000528017,off,0,0,0.999
airport,p42-airport5MUC-p5.pddl,off,0,,0.518,0.000547099,,,,
airport,p42-airport5MUC-p5.pddl,on,0,,0.417,0.00042399,,,,
airport,p42-airport5MUC-p5.pddl,selector,0,,1.423,0.00046433,off,0,0,0.999
airport,p43-airport5MUC-p5.pddl,off,0,,0.417,0.00046781,,,,
airport,p43-airport5MUC-p5.pddl,on,0,,0.518,0.000248114,,,,
airport,p43-airport5MUC-p5.pddl,selector,0,,1.373,0.000292156,off,0,0,0.898
airport,p44-airport5MUC-p5.pddl,off,0,,0.417,0.000267964,,,,
airport,p44-airport5MUC-p5.pddl,on,0,,0.418,0.000399049,,,,
airport,p44-airport5MUC-p5.pddl,selector,0,,1.373,0.000318705,off,0,0,0.949
airport,p45-airport5MUC-p6.pddl,off,0,,0.468,0.000429672,,,,
airport,p45-airport5MUC-p6.pddl,on,0,,0.468,0.00018546,,,,
airport,p45-airport5MUC-p6.pddl,selector,0,,1.222,0.000411572,off,0,0,0.848
airport,p46-airport5MUC-p6.pddl,off,0,,0.418,0.000343824,,,,
airport,p46-airport5MUC-p6.pddl,on,0,,0.568,0.000282695,,,,
airport,p46-airport5MUC-p6.pddl,selector,0,,1.323,0.000318444,off,0,0,0.898
airport,p47-airport5MUC-p8.pddl,off,0,,0.468,0.0006322,,,,
airport,p47-airport5MUC-p8.pddl,on,0,,0.518,0.000438161,,,,
airport,p47-airport5MUC-p8.pddl,selector,0,,1.323,0.000390085,off,0,0,0.949
airport,p48-airport5MUC-p9.pddl,off,0,,0.417,0.000345907,,,,
airport,p48-airport5MUC-p9.pddl,on,0,,0.467,0.000449751,,,,
airport,p48-airport5MUC-p9.pddl,selector,0,,1.323,0.000455985,off,0,0,0.898
airport,p49-airport5MUC-p10.pddl,off,0,,0.568,0.000488082,,,,
airport,p49-airport5MUC-p10.pddl,on,0,,0.417,0.000226795,,,,
airport,p49-airport5MUC-p10.pddl,selector,0,,1.373,0.000493409,off,0,0,0.898
airport,p50-airport5MUC-p15.pddl,off,0,,0.518,0.000284035,,,,
airport,p50-airport5MUC-p15.pddl,on,0,,0.467,0.00041023,,,,
airport,p50-airport5MUC-p15.pddl,selector,0,,1.322,0.000538063,off,0,0,0.899
barman-opt11-strips,pfile01-001.pddl,off,1,90,10.781,9.82774,,,,
barman-opt11-strips,pfile01-001.pddl,on,1,90,7.607,6.7228,,,,
barman-opt11-strips,pfile01-001.pddl,selector,1,90,23.859,11.7943,off,8837,8452,11.211
barman-opt11-strips,pfile01-002.pddl,off,1,90,11.939,10.8967,,,,
barman-opt11-strips,pfile01-002.pddl,on,1,90,6.702,5.79735,,,,
barman-opt11-strips,pfile01-002.pddl,selector,1,90,7.963,6.93644,presolve,,,
barman-opt11-strips,pfile01-003.pddl,off,1,90,8.918,7.89017,,,,
barman-opt11-strips,pfile01-003.pddl,on,1,90,4.088,3.31308,,,,
barman-opt11-strips,pfile01-003.pddl,selector,1,90,8.162,6.92827,presolve,,,
barman-opt11-strips,pfile01-004.pddl,off,1,90,10.125,9.16244,,,,
barman-opt11-strips,pfile01-004.pddl,on,1,90,5.898,4.98349,,,,
barman-opt11-strips,pfile01-004.pddl,selector,1,90,8.012,7.07052,presolve,,,
barman-opt11-strips,pfile02-005.pddl,off,1,121,102.481,101.024,,,,
barman-opt11-strips,pfile02-005.pddl,on,1,121,128.407,126.856,,,,
barman-opt11-strips,pfile02-005.pddl,selector,1,121,112.794,100.493,off,25107,18695,11.110
barman-opt11-strips,pfile02-006.pddl,off,1,121,127.897,126.51,,,,
barman-opt11-strips,pfile02-006.pddl,on,1,121,81.473,80.2502,,,,
barman-opt11-strips,pfile02-006.pddl,selector,1,121,145.439,132.511,off,26350,19101,11.510
barman-opt11-strips,pfile02-007.pddl,off,1,121,103.135,101.877,,,,
barman-opt11-strips,pfile02-007.pddl,on,1,121,70.538,69.3637,,,,
barman-opt11-strips,pfile02-007.pddl,selector,1,121,98.104,85.2995,on,17236,11744,11.311
barman-opt11-strips,pfile02-008.pddl,off,1,121,95.796,94.5234,,,,
barman-opt11-strips,pfile02-008.pddl,on,1,121,70.189,69.0341,,,,
barman-opt11-strips,pfile02-008.pddl,selector,1,121,113.958,101.376,off,23341,19307,11.306
barman-opt11-strips,pfile03-009.pddl,off,1,152,1404.948,1400.44,,,,
barman-opt11-strips,pfile03-009.pddl,on,1,152,1649.947,1645.28,,,,
barman-opt11-strips,pfile03-009.pddl,selector,1,152,1733.260,1716.09,on,41549,24894,11.312
barman-opt11-strips,pfile03-010.pddl,off,0,,1799.458,,,,,
barman-opt11-strips,pfile03-010.pddl,on,1,152,1178.392,1174.17,,,,
barman-opt11-strips,pfile03-010.pddl,selector,1,152,1181.191,1165.92,on,47841,32304,11.263
barman-opt11-strips,pfile03-011.pddl,off,1,152,1179.525,1175.34,,,,
barman-opt11-strips,pfile03-011.pddl,on,1,152,1151.580,1147.89,,,,
barman-opt11-strips,pfile03-011.pddl,selector,1,152,990.252,975.522,on,35655,24372,11.311
barman-opt11-strips,pfile03-012.pddl,off,1,152,1488.971,1483.96,,,,
barman-opt11-strips,pfile03-012.pddl,on,1,152,1121.625,1118.05,,,,
barman-opt11-strips,pfile03-012.pddl,selector,1,152,1687.110,1671.22,off,46616,37224,11.312
barman-opt11-strips,pfile04-013.pddl,off,0,,1799.630,,,,,
barman-opt11-strips,pfile04-013.pddl,on,0,,1799.717,,,,,
barman-opt11-strips,pfile04-013.pddl,selector,0,,1800.120,,off,100831,98278,11.715
barman-opt11-strips,pfile04-014.pddl,off,0,,1799.752,,,,,
barman-opt11-strips,pfile04-014.pddl,on,0,,1799.735,,,,,
barman-opt11-strips,pfile04-014.pddl,selector,0,,1800.292,,off,110576,98298,11.712
barman-opt11-strips,pfile04-015.pddl,off,0,,1799.543,,,,,
barman-opt11-strips,pfile04-015.pddl,on,0,,1799.709,,,,,
barman-opt11-strips,pfile04-015.pddl,selector,0,,1800.144,,off,123680,97954,11.762
barman-opt11-strips,pfile04-016.pddl,off,0,,1799.897,,,,,
barman-opt11-strips,pfile04-016.pddl,on,0,,1799.806,,,,,
barman-opt11-strips,pfile04-016.pddl,selector,0,,1800.499,,off,132935,100433,11.915
barman-opt11-strips,pfile05-017.pddl,off,0,,1799.893,,,,,
barman-opt11-strips,pfile05-017.pddl,on,0,,1799.805,,,,,
barman-opt11-strips,pfile05-017.pddl,selector,0,,1799.571,,on,171709,57563,12.115
barman-opt11-strips,pfile05-018.pddl,off,0,,1799.694,,,,,
barman-opt11-strips,pfile05-018.pddl,on,0,,1799.881,,,,,
barman-opt11-strips,pfile05-018.pddl,selector,0,,1800.386,,on,246718,41598,11.912
barman-opt11-strips,pfile05-019.pddl,off,0,,1799.847,,,,,
barman-opt11-strips,pfile05-019.pddl,on,0,,1799.684,,,,,
barman-opt11-strips,pfile05-019.pddl,selector,0,,1800.402,,on,133905,47664,11.911
barman-opt11-strips,pfile05-020.pddl,off,0,,1799.843,,,,,
barman-opt11-strips,pfile05-020.pddl,on,0,,1799.686,,,,,
barman-opt11-strips,pfile05-020.pddl,selector,0,,1800.244,,on,250221,60166,12.768
barman-opt14-strips,p435-1.pddl,off,1,49,33.961,32.879,,,,
barman-opt14-strips,p435-1.pddl,on,1,49,31.108,29.9704,,,,
barman-opt14-strips,p435-1.pddl,selector,1,49,50.719,38.1109,off,18303,17306,11.459
barman-opt14-strips,p435-2.pddl,off,1,49,30.957,29.9193,,,,
barman-opt14-strips,p435-2.pddl,on,1,49,43.020,41.8141,,,,
barman-opt14-strips,p435-2.pddl,selector,1,49,41.656,29.6268,off,29065,22370,11.109
barman-opt14-strips,p435-3.pddl,off,1,49,57.376,56.01,,,,
barman-opt14-strips,p435-3.pddl,on,1,49,37.444,36.216,,,,
barman-opt14-strips,p435-3.pddl,selector,1,49,41.840,29.3662,on,31980,17231,11.407
barman-opt14-strips,p536-1.pddl,off,1,62,480.177,477.858,,,,
barman-opt14-strips,p536-1.pddl,on,1,62,451.687,448.912,,,,
barman-opt14-strips,p536-1.pddl,selector,1,62,419.331,405.322,on,48710,24699,11.707
barman-opt14-strips,p536-2.pddl,off,1,62,1111.898,1108.46,,,,
barman-opt14-strips,p536-2.pddl,on,1,62,509.087,506.492,,,,
barman-opt14-strips,p536-2.pddl,selector,1,62,500.365,486.205,on,58594,32773,11.703
barman-opt14-strips,p536-3.pddl,off,1,62,168.459,166.819,,,,
barman-opt14-strips,p536-3.pddl,on,1,62,272.871,270.352,,,,
barman-opt14-strips,p536-3.pddl,selector,1,62,228.501,215.629,on,58447,24708,11.259
barman-opt14-strips,p638-1.pddl,off,0,,1799.639,,,,,
barman-opt14-strips,p638-1.pddl,on,0,,1799.710,,,,,
barman-opt14-strips,p638-1.pddl,selector,0,,1800.180,,on,161474,99332,12.568
barman-opt14-strips,p638-2.pddl,off,0,,1799.726,,,,,
barman-opt14-strips,p638-2.pddl,on,0,,1799.686,,,,,
barman-opt14-strips,p638-2.pddl,selector,0,,1799.720,,on,160574,98733,12.163
barman-opt14-strips,p638-3.pddl,off,0,,1799.748,,,,,
barman-opt14-strips,p638-3.pddl,on,0,,1799.672,,,,,
barman-opt14-strips,p638-3.pddl,selector,0,,1800.161,,on,206725,100036,11.753
barman-opt14-strips,p739-1.pddl,off,0,,1799.782,,,,,
barman-opt14-strips,p739-1.pddl,on,0,,1799.686,,,,,
barman-opt14-strips,p739-1.pddl,selector,0,,1799.535,,on,304876,52261,12.014
barman-opt14-strips,p739-2.pddl,off,0,,1799.743,,,,,
barman-opt14-strips,p739-2.pddl,on,0,,1799.771,,,,,
barman-opt14-strips,p739-2.pddl,selector,0,,1799.516,,on,340083,57585,13.062
barman-opt14-strips,p739-3.pddl,off,0,,1799.836,,,,,
barman-opt14-strips,p739-3.pddl,on,0,,1799.839,,,,,
barman-opt14-strips,p739-3.pddl,selector,0,,1800.447,,on,363940,57035,12.922
barman-opt14-strips,p839-1.pddl,off,0,,1799.643,,,,,
barman-opt14-strips,p839-1.pddl,on,0,,1799.945,,,,,
barman-opt14-strips,p839-1.pddl,selector,0,,1800.203,,on,282979,58197,12.719
barman-opt14-strips,p839-2.pddl,off,0,,1799.912,,,,,
barman-opt14-strips,p839-2.pddl,on,0,,1799.792,,,,,
barman-opt14-strips,p839-2.pddl,selector,0,,1800.422,,on,287390,58581,12.919
blocks,probBLOCKS-10-0.pddl,off,1,34,1.826,1.17715,,,,
blocks,probBLOCKS-10-0.pddl,on,1,34,2.278,1.63513,,,,
blocks,probBLOCKS-10-0.pddl,selector,1,34,2.027,1.21097,presolve,,,
blocks,probBLOCKS-10-1.pddl,off,1,32,2.027,1.35698,,,,
blocks,probBLOCKS-10-1.pddl,on,1,32,1.927,1.25309,,,,
blocks,probBLOCKS-10-1.pddl,selector,1,32,1.423,0.661666,presolve,,,
blocks,probBLOCKS-10-2.pddl,off,1,34,1.474,0.853517,,,,
blocks,probBLOCKS-10-2.pddl,on,1,34,1.976,1.38651,,,,
blocks,probBLOCKS-10-2.pddl,selector,1,34,1.272,0.644501,presolve,,,
blocks,probBLOCKS-11-0.pddl,off,1,32,1.825,1.27396,,,,
blocks,probBLOCKS-11-0.pddl,on,1,32,3.687,3.09833,,,,
blocks,probBLOCKS-11-0.pddl,selector,1,32,2.027,1.23799,presolve,,,
blocks,probBLOCKS-11-1.pddl,off,1,30,3.133,2.42804,,,,
blocks,probBLOCKS-11-1.pddl,on,1,30,4.239,3.64057,,,,
blocks,probBLOCKS-11-1.pddl,selector,1,30,2.178,1.53995,presolve,,,
blocks,probBLOCKS-11-2.pddl,off,1,34,2.681,2.00033,,,,
blocks,probBLOCKS-11-2.pddl,on,1,34,2.881,2.31147,,,,
blocks,probBLOCKS-11-2.pddl,selector,1,34,2.076,1.36896,presolve,,,
blocks,probBLOCKS-12-0.pddl,off,1,34,4.340,3.61331,,,,
blocks,probBLOCKS-12-0.pddl,on,1,34,4.038,3.47394,,,,
blocks,probBLOCKS-12-0.pddl,selector,1,34,3.184,2.50068,presolve,,,
blocks,probBLOCKS-12-1.pddl,off,1,34,2.530,1.97538,,,,
blocks,probBLOCKS-12-1.pddl,on,1,34,3.385,2.7972,,,,
blocks,probBLOCKS-12-1.pddl,selector,1,34,3.788,3.03958,presolve,,,
blocks,probBLOCKS-13-0.pddl,off,1,42,52.230,51.1956,,,,
blocks,probBLOCKS-13-0.pddl,on,1,42,59.725,58.7266,,,,
blocks,probBLOCKS-13-0.pddl,selector,1,42,102.399,85.0014,on,651730,190313,16.239
blocks,probBLOCKS-13-1.pddl,off,1,44,40.107,39.4031,,,,
blocks,probBLOCKS-13-1.pddl,on,1,44,77.518,76.3483,,,,
blocks,probBLOCKS-13-1.pddl,selector,1,44,93.515,77.7089,on,650316,188555,14.733
blocks,probBLOCKS-14-0.pddl,off,1,38,22.801,22.1124,,,,
blocks,probBLOCKS-14-0.pddl,on,1,38,26.967,26.0689,,,,
blocks,probBLOCKS-14-0.pddl,selector,1,38,42.272,26.3469,on,923144,225946,15.134
blocks,probBLOCKS-14-1.pddl,off,1,36,58.115,57.0569,,,,
blocks,probBLOCKS-14-1.pddl,on,1,36,75.472,74.3503,,,,
blocks,probBLOCKS-14-1.pddl,selector,1,36,76.640,61.4753,on,800373,219375,14.228
blocks,probBLOCKS-15-0.pddl,off,1,40,565.259,562.508,,,,
blocks,probBLOCKS-15-0.pddl,on,1,40,645.261,641.423,,,,
blocks,probBLOCKS-15-0.pddl,selector,1,40,647.242,629.251,on,886154,304713,14.430
blocks,probBLOCKS-15-1.pddl,off,0,,1799.558,,,,,
blocks,probBLOCKS-15-1.pddl,on,0,,1799.501,,,,,
blocks,probBLOCKS-15-1.pddl,selector,0,,1800.357,,on,901853,304517,14.934
blocks,probBLOCKS-16-1.pddl,off,0,,1799.882,,,,,
blocks,probBLOCKS-16-1.pddl,on,0,,1799.723,,,,,
blocks,probBLOCKS-16-1.pddl,selector,0,,1799.987,,on,1170514,492359,28.429
blocks,probBLOCKS-16-2.pddl,off,0,,1799.599,,,,,
blocks,probBLOCKS-16-2.pddl,on,0,,1799.667,,,,,
blocks,probBLOCKS-16-2.pddl,selector,0,,1800.403,,on,1170514,492359,28.871
blocks,probBLOCKS-17-0.pddl,off,0,,1799.655,,,,,
blocks,probBLOCKS-17-0.pddl,on,0,,1799.673,,,,,
blocks,probBLOCKS-17-0.pddl,selector,0,,1799.722,,on,1222725,642169,56.246
blocks,probBLOCKS-4-0.pddl,off,1,6,0.467,0.0037116,,,,
blocks,probBLOCKS-4-0.pddl,on,1,6,0.417,0.00297211,,,,
blocks,probBLOCKS-4-0.pddl,selector,1,6,0.618,0.00461667,presolve,,,
blocks,probBLOCKS-4-1.pddl,off,1,10,0.467,0.00413727,,,,
blocks,probBLOCKS-4-1.pddl,on,1,10,0.417,0.00348069,,,,
blocks,probBLOCKS-4-1.pddl,selector,1,10,0.668,0.00429032,presolve,,,
blocks,probBLOCKS-4-2.pddl,off,1,6,0.467,0.00336553,,,,
blocks,probBLOCKS-4-2.pddl,on,1,6,0.467,0.00408564,,,,
blocks,probBLOCKS-4-2.pddl,selector,1,6,0.669,0.00381004,presolve,,,
blocks,probBLOCKS-5-0.pddl,off,1,12,0.518,0.00892041,,,,
blocks,probBLOCKS-5-0.pddl,on,1,12,0.518,0.00900008,,,,
blocks,probBLOCKS-5-0.pddl,selector,1,12,0.668,0.00899992,presolve,,,
blocks,probBLOCKS-5-1.pddl,off,1,10,0.518,0.00896366,,,,
blocks,probBLOCKS-5-1.pddl,on,1,10,0.518,0.00890618,,,,
blocks,probBLOCKS-5-1.pddl,selector,1,10,0.669,0.00860986,presolve,,,
blocks,probBLOCKS-5-2.pddl,off,1,16,0.568,0.0106923,,,,
blocks,probBLOCKS-5-2.pddl,on,1,16,0.517,0.009768,,,,
blocks,probBLOCKS-5-2.pddl,selector,1,16,0.669,0.00999937,presolve,,,
blocks,probBLOCKS-6-0.pddl,off,1,12,0.568,0.0206961,,,,
blocks,probBLOCKS-6-0.pddl,on,1,12,0.518,0.0179995,,,,
blocks,probBLOCKS-6-0.pddl,selector,1,12,0.719,0.0200001,presolve,,,
blocks,probBLOCKS-6-1.pddl,off,1,10,0.568,0.0180455,,,,
blocks,probBLOCKS-6-1.pddl,on,1,10,0.518,0.016,,,,
blocks,probBLOCKS-6-1.pddl,selector,1,10,0.719,0.0179747,presolve,,,
blocks,probBLOCKS-6-2.pddl,off,1,20,0.568,0.022896,,,,
blocks,probBLOCKS-6-2.pddl,on,1,20,0.517,0.0201426,,,,
blocks,probBLOCKS-6-2.pddl,selector,1,20,0.719,0.0220004,presolve,,,
blocks,probBLOCKS-7-0.pddl,off,1,20,0.618,0.0486744,,,,
blocks,probBLOCKS-7-0.pddl,on,1,20,0.568,0.0399996,,,,
blocks,probBLOCKS-7-0.pddl,selector,1,20,0.769,0.0490077,presolve,,,
blocks,probBLOCKS-7-1.pddl,off,1,22,0.618,0.056999,,,,
blocks,probBLOCKS-7-1.pddl,on,1,22,0.618,0.0537185,,,,
blocks,probBLOCKS-7-1.pddl,selector,1,22,0.769,0.0576673,presolve,,,
blocks,probBLOCKS-7-2.pddl,off,1,20,0.669,0.053978,,,,
blocks,probBLOCKS-7-2.pddl,on,1,20,0.518,0.0314544,,,,
blocks,probBLOCKS-7-2.pddl,selector,1,20,0.668,0.0340795,presolve,,,
blocks,probBLOCKS-8-0.pddl,off,1,18,0.920,0.370981,,,,
blocks,probBLOCKS-8-0.pddl,on,1,18,0.769,0.232239,,,,
blocks,probBLOCKS-8-0.pddl,selector,1,18,1.071,0.382792,presolve,,,
blocks,probBLOCKS-8-1.pddl,off,1,20,0.969,0.402988,,,,
blocks,probBLOCKS-8-1.pddl,on,1,20,0.769,0.259022,,,,
blocks,probBLOCKS-8-1.pddl,selector,1,20,1.071,0.383999,presolve,,,
blocks,probBLOCKS-8-2.pddl,off,1,16,0.920,0.38614,,,,
blocks,probBLOCKS-8-2.pddl,on,1,16,0.769,0.234894,,,,
blocks,probBLOCKS-8-2.pddl,selector,1,16,1.122,0.384999,presolve,,,
blocks,probBLOCKS-9-0.pddl,off,1,30,0.971,0.427669,,,,
blocks,probBLOCKS-9-0.pddl,on,1,30,0.970,0.416227,,,,
blocks,probBLOCKS-9-0.pddl,selector,1,30,1.222,0.420183,presolve,,,
blocks,probBLOCKS-9-1.pddl,off,1,28,0.920,0.344781,,,,
blocks,probBLOCKS-9-1.pddl,on,1,28,0.920,0.299978,,,,
blocks,probBLOCKS-9-1.pddl,selector,1,28,1.071,0.352494,presolve,,,
blocks,probBLOCKS-9-2.pddl,off,1,26,0.970,0.398999,,,,
blocks,probBLOCKS-9-2.pddl,on,1,26,0.870,0.306436,,,,
blocks,probBLOCKS-9-2.pddl,selector,1,26,1.021,0.279984,presolve,,,
childsnack-opt14-strips,child-snack_pfile01-2.pddl,off,1,21,235.281,234.456,,,,
childsnack-opt14-strips,child-snack_pfile01-2.pddl,on,1,21,280.179,279.306,,,,
childsnack-opt14-strips,child-snack_pfile01-2.pddl,selector,1,21,317.578,305.819,off,9100,8954,10.957
childsnack-opt14-strips,child-snack_pfile01.pddl,off,1,20,184.736,183.959,,,,
childsnack-opt14-strips,child-snack_pfile01.pddl,on,1,20,232.840,231.968,,,,
childsnack-opt14-strips,child-snack_pfile01.pddl,selector,1,20,195.891,184.283,off,7973,7831,10.857
childsnack-opt14-strips,child-snack_pfile02-2.pddl,off,0,,1799.402,,,,,
childsnack-opt14-strips,child-snack_pfile02-2.pddl,on,0,,1799.433,,,,,
childsnack-opt14-strips,child-snack_pfile02-2.pddl,selector,0,,1799.406,,off,12563,12378,11.011
childsnack-opt14-strips,child-snack_pfile02.pddl,off,0,,1799.453,,,,,
childsnack-opt14-strips,child-snack_pfile02.pddl,on,0,,1799.441,,,,,
childsnack-opt14-strips,child-snack_pfile02.pddl,selector,0,,1799.343,,off,11216,10990,11.057
childsnack-opt14-strips,child-snack_pfile03-2.pddl,off,0,,1799.441,,,,,
childsnack-opt14-strips,child-snack_pfile03-2.pddl,on,0,,1799.637,,,,,
childsnack-opt14-strips,child-snack_pfile03-2.pddl,selector,0,,1800.273,,on,86080,14736,10.905
childsnack-opt14-strips,child-snack_pfile03.pddl,off,0,,1799.366,,,,,
childsnack-opt14-strips,child-snack_pfile03.pddl,on,0,,1790.972,,,,,
childsnack-opt14-strips,child-snack_pfile03.pddl,selector,0,,1266.737,,on,75076,14074,11.057
childsnack-opt14-strips,child-snack_pfile04-2.pddl,off,0,,1799.501,,,,,
childsnack-opt14-strips,child-snack_pfile04-2.pddl,on,0,,1799.450,,,,,
childsnack-opt14-strips,child-snack_pfile04-2.pddl,selector,0,,1799.696,,off,47226,47007,11.360
childsnack-opt14-strips,child-snack_pfile04.pddl,off,0,,1799.573,,,,,
childsnack-opt14-strips,child-snack_pfile04.pddl,on,0,,1799.481,,,,,
childsnack-opt14-strips,child-snack_pfile04.pddl,selector,0,,1799.921,,off,49670,50123,11.612
childsnack-opt14-strips,child-snack_pfile05-2.pddl,off,0,,1799.576,,,,,
childsnack-opt14-strips,child-snack_pfile05-2.pddl,on,0,,1799.595,,,,,
childsnack-opt14-strips,child-snack_pfile05-2.pddl,selector,0,,1800.391,,off,181439,159841,11.865
childsnack-opt14-strips,child-snack_pfile05.pddl,off,0,,1799.694,,,,,
childsnack-opt14-strips,child-snack_pfile05.pddl,on,0,,1799.536,,,,,
childsnack-opt14-strips,child-snack_pfile05.pddl,selector,0,,1800.307,,off,155927,146807,11.963
childsnack-opt14-strips,child-snack_pfile06-2.pddl,off,0,,1799.817,,,,,
childsnack-opt14-strips,child-snack_pfile06-2.pddl,on,0,,1799.792,,,,,
childsnack-opt14-strips,child-snack_pfile06-2.pddl,selector,0,,1799.477,,off,66712,115177,12.062
childsnack-opt14-strips,child-snack_pfile06.pddl,off,0,,1799.791,,,,,
childsnack-opt14-strips,child-snack_pfile06.pddl,on,0,,1799.846,,,,,
childsnack-opt14-strips,child-snack_pfile06.pddl,selector,0,,1800.198,,off,49832,188514,11.663
childsnack-opt14-strips,child-snack_pfile07-2.pddl,off,0,,1799.971,,,,,
childsnack-opt14-strips,child-snack_pfile07-2.pddl,on,0,,1799.766,,,,,
childsnack-opt14-strips,child-snack_pfile07-2.pddl,selector,0,,1799.488,,off,215252,198405,12.067
childsnack-opt14-strips,child-snack_pfile07.pddl,off,0,,1800.079,,,,,
childsnack-opt14-strips,child-snack_pfile07.pddl,on,0,,1799.920,,,,,
childsnack-opt14-strips,child-snack_pfile07.pddl,selector,0,,1800.270,,off,217354,196152,12.821
childsnack-opt14-strips,child-snack_pfile08-2.pddl,off,0,,1800.013,,,,,
childsnack-opt14-strips,child-snack_pfile08-2.pddl,on,0,,1799.911,,,,,
childsnack-opt14-strips,child-snack_pfile08-2.pddl,selector,0,,1799.509,,off,200402,206793,13.122
childsnack-opt14-strips,child-snack_pfile08.pddl,off,0,,1799.922,,,,,
childsnack-opt14-strips,child-snack_pfile08.pddl,on,0,,1800.193,,,,,
childsnack-opt14-strips,child-snack_pfile08.pddl,selector,0,,1799.513,,off,248273,247351,13.117
childsnack-opt14-strips,child-snack_pfile09-2.pddl,off,0,,1800.152,,,,,
childsnack-opt14-strips,child-snack_pfile09-2.pddl,on,0,,1800.199,,,,,
childsnack-opt14-strips,child-snack_pfile09-2.pddl,selector,0,,1799.632,,off,148962,133503,12.112
childsnack-opt14-strips,child-snack_pfile09.pddl,off,0,,1800.139,,,,,
childsnack-opt14-strips,child-snack_pfile09.pddl,on,0,,1799.641,,,,,
childsnack-opt14-strips,child-snack_pfile09.pddl,selector,0,,1799.563,,off,120645,107337,12.064
childsnack-opt14-strips,child-snack_pfile10-2.pddl,off,0,,1800.352,,,,,
childsnack-opt14-strips,child-snack_pfile10-2.pddl,on,0,,1276.894,,,,,
childsnack-opt14-strips,child-snack_pfile10-2.pddl,selector,0,,1800.209,,off,234733,220107,13.726
childsnack-opt14-strips,child-snack_pfile10.pddl,off,0,,1800.283,,,,,
childsnack-opt14-strips,child-snack_pfile10.pddl,on,0,,1451.639,,,,,
childsnack-opt14-strips,child-snack_pfile10.pddl,selector,0,,1800.126,,off,210908,244007,13.673
data-network-opt18-strips,p01.pddl,off,1,105,0.669,0.0484566,,,,
data-network-opt18-strips,p01.pddl,on,1,105,0.669,0.0482068,,,,
data-network-opt18-strips,p01.pddl,selector,1,105,0.870,0.0721084,presolve,,,
data-network-opt18-strips,p02.pddl,off,1,73,0.920,0.0869997,,,,
data-network-opt18-strips,p02.pddl,on,1,73,0.921,0.0861592,,,,
data-network-opt18-strips,p02.pddl,selector,1,73,1.071,0.0890003,presolve,,,
data-network-opt18-strips,p03.pddl,off,1,78,5.043,4.08692,,,,
data-network-opt18-strips,p03.pddl,on,1,78,4.341,3.32155,,,,
data-network-opt18-strips,p03.pddl,selector,1,78,5.345,4.27111,presolve,,,
data-network-opt18-strips,p04.pddl,off,1,121,37.548,36.4144,,,,
data-network-opt18-strips,p04.pddl,on,1,121,48.138,46.7131,,,,
data-network-opt18-strips,p04.pddl,selector,1,121,54.025,41.5846,off,6937,6937,11.413
data-network-opt18-strips,p05.pddl,off,1,104,12.942,12.0128,,,,
data-network-opt18-strips,p05.pddl,on,1,104,16.720,15.7188,,,,
data-network-opt18-strips,p05.pddl,selector,1,104,23.659,11.9167,off,5852,5852,11.009
data-network-opt18-strips,p06.pddl,off,1,107,30.904,29.6274,,,,
data-network-opt18-strips,p06.pddl,on,1,107,29.596,28.3902,,,,
data-network-opt18-strips,p06.pddl,selector,1,107,49.548,37.2004,off,7151,7151,11.306
data-network-opt18-strips,p07.pddl,off,0,,1799.627,,,,,
data-network-opt18-strips,p07.pddl,on,0,,1799.650,,,,,
data-network-opt18-strips,p07.pddl,selector,0,,1799.886,,off,9135,9135,11.461
data-network-opt18-strips,p08.pddl,off,0,,1799.694,,,,,
data-network-opt18-strips,p08.pddl,on,0,,1799.704,,,,,
data-network-opt18-strips,p08.pddl,selector,0,,1799.860,,off,7850,7850,11.362
data-network-opt18-strips,p09.pddl,off,1,73,0.970,0.218004,,,,
data-network-opt18-strips,p09.pddl,on,1,73,1.171,0.319101,,,,
data-network-opt18-strips,p09.pddl,selector,1,73,1.373,0.31589,presolve,,,
data-network-opt18-strips,p10.pddl,off,1,105,8.920,7.85632,,,,
data-network-opt18-strips,p10.pddl,on,1,105,8.867,7.87343,,,,
data-network-opt18-strips,p10.pddl,selector,1,105,8.818,7.64791,presolve,,,
data-network-opt18-strips,p11.pddl,off,1,47,1.222,0.182228,,,,
data-network-opt18-strips,p11.pddl,on,1,47,1.323,0.221026,,,,
data-network-opt18-strips,p11.pddl,selector,1,47,1.221,0.122935,presolve,,,
data-network-opt18-strips,p12.pddl,off,1,62,1.122,0.258066,,,,
data-network-opt18-strips,p12.pddl,on,1,62,1.122,0.255982,,,,
data-network-opt18-strips,p12.pddl,selector,1,62,1.221,0.260271,presolve,,,
data-network-opt18-strips,p13.pddl,off,1,104,4.844,3.85294,,,,
data-network-opt18-strips,p13.pddl,on,1,104,5.846,4.47792,,,,
data-network-opt18-strips,p13.pddl,selector,1,104,4.895,3.79228,presolve,,,
data-network-opt18-strips,p14.pddl,off,0,,1800.140,,,,,
data-network-opt18-strips,p14.pddl,on,0,,1799.937,,,,,
data-network-opt18-strips,p14.pddl,selector,0,,1799.806,,off,17049,17049,11.261
data-network-opt18-strips,p15.pddl,off,1,50,1.172,0.155252,,,,
data-network-opt18-strips,p15.pddl,on,1,50,1.172,0.152059,,,,
data-network-opt18-strips,p15.pddl,selector,1,50,1.323,0.153999,presolve,,,
data-network-opt18-strips,p16.pddl,off,0,,1799.991,,,,,
data-network-opt18-strips,p16.pddl,on,0,,1799.799,,,,,
data-network-opt18-strips,p16.pddl,selector,0,,1800.140,,off,25103,25103,11.715
data-network-opt18-strips,p17.pddl,off,1,127,83.530,81.7985,,,,
data-network-opt18-strips,p17.pddl,on,1,127,96.158,93.9942,,,,
data-network-opt18-strips,p17.pddl,selector,1,127,124.174,110.552,off,104569,104569,12.069
data-network-opt18-strips,p18.pddl,off,0,,1799.835,,,,,
data-network-opt18-strips,p18.pddl,on,0,,1799.885,,,,,
data-network-opt18-strips,p18.pddl,selector,0,,1800.147,,off,133753,133753,11.712
data-network-opt18-strips,p19.pddl,off,0,,1800.440,,,,,
data-network-opt18-strips,p19.pddl,on,0,,1800.447,,,,,
data-network-opt18-strips,p19.pddl,selector,0,,1800.256,,off,152619,152619,12.719
data-network-opt18-strips,p20.pddl,off,0,,1800.095,,,,,
data-network-opt18-strips,p20.pddl,on,0,,1800.240,,,,,
data-network-opt18-strips,p20.pddl,selector,0,,1799.404,,off,94673,94673,13.024
depot,p01.pddl,off,1,10,0.568,0.00976327,,,,
depot,p01.pddl,on,1,10,0.568,0.00990906,,,,
depot,p01.pddl,selector,1,10,0.719,0.0095687,presolve,,,
depot,p02.pddl,off,1,15,0.669,0.105249,,,,
depot,p02.pddl,on,1,15,0.719,0.112751,,,,
depot,p02.pddl,selector,1,15,0.870,0.10094,presolve,,,
depot,p03.pddl,off,1,27,5.746,4.9469,,,,
depot,p03.pddl,on,1,27,3.988,3.26076,,,,
depot,p03.pddl,selector,1,27,6.102,5.08487,presolve,,,
depot,p04.pddl,off,1,30,115.364,114.291,,,,
depot,p04.pddl,on,1,30,52.785,51.7239,,,,
depot,p04.pddl,selector,1,30,55.946,43.804,on,363789,98080,11.363
depot,p05.pddl,off,0,,1799.571,,,,,
depot,p05.pddl,on,0,,1799.597,,,,,
depot,p05.pddl,selector,0,,1799.669,,on,1439159,560238,13.267
depot,p06.pddl,off,0,,1800.102,,,,,
depot,p06.pddl,on,0,,1800.080,,,,,
depot,p06.pddl,selector,0,,1800.427,,on,3295238,1222835,111.811
depot,p07.pddl,off,1,21,9.070,8.40791,,,,
depot,p07.pddl,on,1,21,8.920,8.08777,,,,
depot,p07.pddl,selector,1,21,9.123,8.31584,presolve,,,
depot,p08.pddl,off,0,,1799.734,,,,,
depot,p08.pddl,on,0,,1799.650,,,,,
depot,p08.pddl,selector,0,,1800.167,,on,1330385,506748,13.673
depot,p09.pddl,off,0,,1800.145,,,,,
depot,p09.pddl,on,0,,1800.063,,,,,
depot,p09.pddl,selector,0,,1799.741,,on,3746807,2081079,106.095
depot,p10.pddl,off,1,24,692.001,688.716,,,,
depot,p10.pddl,on,1,24,722.328,720.204,,,,
depot,p10.pddl,selector,1,24,965.748,951.119,on,193432,123469,11.762
depot,p11.pddl,off,0,,1799.783,,,,,
depot,p11.pddl,on,0,,1799.877,,,,,
depot,p11.pddl,selector,0,,1800.296,,on,2734689,901089,37.632
depot,p12.pddl,off,0,,1799.452,,,,,
depot,p12.pddl,on,0,,1800.226,,,,,
depot,p12.pddl,selector,0,,1800.703,,on,6516001,2470997,123.783
depot,p13.pddl,off,1,25,791.224,788.336,,,,
depot,p13.pddl,on,1,25,65.042,63.8797,,,,
depot,p13.pddl,selector,1,25,548.647,534.183,off,220177,157669,12.010
depot,p14.pddl,off,0,,1800.148,,,,,
depot,p14.pddl,on,0,,1799.965,,,,,
depot,p14.pddl,selector,0,,1800.216,,on,2535786,834603,43.463
depot,p15.pddl,off,0,,1799.660,,,,,
depot,p15.pddl,on,0,,1799.573,,,,,
depot,p15.pddl,selector,0,,1799.952,,off,5641812,4670829,101.436
depot,p16.pddl,off,0,,1799.823,,,,,
depot,p16.pddl,on,0,,1799.671,,,,,
depot,p16.pddl,selector,0,,1800.364,,off,396904,385391,11.966
depot,p17.pddl,off,0,,1072.812,,,,,
depot,p17.pddl,on,0,,1799.402,,,,,
depot,p17.pddl,selector,0,,1800.310,,on,4093779,2314751,51.709
depot,p18.pddl,off,0,,1799.929,,,,,
depot,p18.pddl,on,0,,1799.931,,,,,
depot,p18.pddl,selector,0,,1799.878,,on,9180755,4148469,129.294
depot,p19.pddl,off,0,,243.277,,,,,
depot,p19.pddl,on,0,,1799.962,,,,,
depot,p19.pddl,selector,0,,1799.585,,on,1629185,482814,22.069
depot,p20.pddl,off,0,,840.377,,,,,
depot,p20.pddl,on,0,,1800.449,,,,,
depot,p20.pddl,selector,0,,1799.930,,on,9124877,3246116,132.355
depot,p21.pddl,off,0,,1799.941,,,,,
depot,p21.pddl,on,0,,1799.911,,,,,
depot,p21.pddl,selector,0,,1800.225,,off,3514138,3067859,73.821
depot,p22.pddl,off,0,,1672.145,,,,,
depot,p22.pddl,on,0,,1620.087,,,,,
depot,p22.pddl,selector,0,,1800.261,,off,23643726,20357055,313.666
driverlog,p01.pddl,off,1,7,0.518,0.00460622,,,,
driverlog,p01.pddl,on,1,7,0.518,0.00533821,,,,
driverlog,p01.pddl,selector,1,7,0.669,0.0052476,presolve,,,
driverlog,p02.pddl,off,1,19,0.518,0.0201949,,,,
driverlog,p02.pddl,on,1,19,0.518,0.020648,,,,
driverlog,p02.pddl,selector,1,19,0.719,0.0229999,presolve,,,
driverlog,p03.pddl,off,1,12,0.518,0.0136681,,,,
driverlog,p03.pddl,on,1,12,0.518,0.0125808,,,,
driverlog,p03.pddl,selector,1,12,0.719,0.0129998,presolve,,,
driverlog,p04.pddl,off,1,16,0.568,0.0323294,,,,
driverlog,p04.pddl,on,1,16,0.669,0.032914,,,,
driverlog,p04.pddl,selector,1,16,0.769,0.0330002,presolve,,,
driverlog,p05.pddl,off,1,18,0.719,0.087989,,,,
driverlog,p05.pddl,on,1,18,0.618,0.0577549,,,,
driverlog,p05.pddl,selector,1,18,0.568,0.0569997,presolve,,,
driverlog,p06.pddl,off,1,11,0.518,0.0299999,,,,
driverlog,p06.pddl,on,1,11,0.568,0.0392489,,,,
driverlog,p06.pddl,selector,1,11,0.719,0.031609,presolve,,,
driverlog,p07.pddl,off,1,13,0.669,0.119225,,,,
driverlog,p07.pddl,on,1,13,0.669,0.106229,,,,
driverlog,p07.pddl,selector,1,13,0.769,0.114367,presolve,,,
driverlog,p08.pddl,off,1,22,1.524,0.949228,,,,
driverlog,p08.pddl,on,1,22,2.229,1.64452,,,,
driverlog,p08.pddl,selector,1,22,1.473,0.767171,presolve,,,
driverlog,p09.pddl,off,1,22,1.423,0.838125,,,,
driverlog,p09.pddl,on,1,22,1.373,0.822985,,,,
driverlog,p09.pddl,selector,1,22,1.574,0.836166,presolve,,,
driverlog,p10.pddl,off,1,17,1.675,1.10763,,,,
driverlog,p10.pddl,on,1,17,1.574,1.09355,,,,
driverlog,p10.pddl,selector,1,17,1.724,1.10021,presolve,,,
driverlog,p11.pddl,off,1,19,3.285,2.66623,,,,
driverlog,p11.pddl,on,1,19,3.284,2.68743,,,,
driverlog,p11.pddl,selector,1,19,3.536,2.73561,presolve,,,
driverlog,p12.pddl,off,1,35,805.134,803.316,,,,
driverlog,p12.pddl,on,1,35,766.771,765.289,,,,
driverlog,p12.pddl,selector,1,35,785.650,772.87,off,98778,99073,11.156
driverlog,p13.pddl,off,1,26,58.377,57.5637,,,,
driverlog,p13.pddl,on,1,26,89.234,88.1817,,,,
driverlog,p13.pddl,selector,1,26,70.600,58.8316,off,203801,204223,10.959
driverlog,p14.pddl,off,1,28,518.690,516.553,,,,
driverlog,p14.pddl,on,1,28,844.157,841.88,,,,
driverlog,p14.pddl,selector,1,28,768.364,755.624,off,99798,100702,11.007
driverlog,p15.pddl,off,0,,1800.004,,,,,
driverlog,p15.pddl,on,0,,1799.735,,,,,
driverlog,p15.pddl,selector,0,,1800.585,,off,434585,435578,11.914
driverlog,p16.pddl,off,0,,1800.245,,,,,
driverlog,p16.pddl,on,0,,1799.565,,,,,
driverlog,p16.pddl,selector,0,,1799.569,,off,898902,663506,13.220
driverlog,p17.pddl,off,0,,1800.177,,,,,
driverlog,p17.pddl,on,0,,1799.479,,,,,
driverlog,p17.pddl,selector,0,,1800.068,,off,735820,738969,16.635
driverlog,p18.pddl,off,0,,1800.201,,,,,
driverlog,p18.pddl,on,0,,1800.047,,,,,
driverlog,p18.pddl,selector,0,,1800.322,,off,522519,466693,21.767
driverlog,p19.pddl,off,0,,1799.417,,,,,
driverlog,p19.pddl,on,0,,1799.802,,,,,
driverlog,p19.pddl,selector,0,,1799.733,,off,824828,705617,17.294
driverlog,p20.pddl,off,0,,1799.456,,,,,
driverlog,p20.pddl,on,0,,1799.778,,,,,
driverlog,p20.pddl,selector,0,,1799.907,,off,690910,655844,41.405
elevators-opt08-strips,p01.pddl,off,1,42,0.719,0.170999,,,,
elevators-opt08-strips,p01.pddl,on,1,42,0.769,0.17109,,,,
elevators-opt08-strips,p01.pddl,selector,1,42,0.920,0.178751,presolve,,,
elevators-opt08-strips,p02.pddl,off,1,26,0.669,0.11802,,,,
elevators-opt08-strips,p02.pddl,on,1,26,0.669,0.116204,,,,
elevators-opt08-strips,p02.pddl,selector,1,26,0.870,0.118093,presolve,,,
elevators-opt08-strips,p03.pddl,off,1,55,1.424,0.894988,,,,
elevators-opt08-strips,p03.pddl,on,1,55,1.474,0.885114,,,,
elevators-opt08-strips,p03.pddl,selector,1,55,1.674,0.888961,presolve,,,
elevators-opt08-strips,p04.pddl,off,1,40,1.774,1.19595,,,,
elevators-opt08-strips,p04.pddl,on,1,40,1.775,1.20227,,,,
elevators-opt08-strips,p04.pddl,selector,1,40,1.977,1.21292,presolve,,,
elevators-opt08-strips,p05.pddl,off,1,55,4.694,4.16989,,,,
elevators-opt08-strips,p05.pddl,on,1,55,3.787,3.2576,,,,
elevators-opt08-strips,p05.pddl,selector,1,55,3.837,3.2589,presolve,,,
elevators-opt08-strips,p06.pddl,off,1,53,8.212,7.50867,,,,
elevators-opt08-strips,p06.pddl,on,1,53,6.000,5.41728,,,,
elevators-opt08-strips,p06.pddl,selector,1,53,6.151,5.46246,presolve,,,
elevators-opt08-strips,p07.pddl,off,1,62,31.962,31.146,,,,
elevators-opt08-strips,p07.pddl,on,1,62,31.701,30.9071,,,,
elevators-opt08-strips,p07.pddl,selector,1,62,41.711,30.1495,off,2901,2901,10.753
elevators-opt08-strips,p08.pddl,off,1,53,30.047,29.2187,,,,
elevators-opt08-strips,p08.pddl,on,1,53,31.854,31.0441,,,,
elevators-opt08-strips,p08.pddl,selector,1,53,44.485,32.7381,off,3716,3716,10.908
elevators-opt08-strips,p09.pddl,off,1,78,184.398,182.517,,,,
elevators-opt08-strips,p09.pddl,on,1,78,196.342,194.392,,,,
elevators-opt08-strips,p09.pddl,selector,1,78,188.850,176.369,off,3274,3274,10.653
elevators-opt08-strips,p10.pddl,off,1,69,667.377,662.578,,,,
elevators-opt08-strips,p10.pddl,on,1,69,641.259,636.484,,,,
elevators-opt08-strips,p10.pddl,selector,1,69,697.389,681.922,off,4523,4523,10.810
elevators-opt08-strips,p11.pddl,off,1,56,1.021,0.427,,,,
elevators-opt08-strips,p11.pddl,on,1,56,1.071,0.416318,,,,
elevators-opt08-strips,p11.pddl,selector,1,56,1.171,0.379147,presolve,,,
elevators-opt08-strips,p12.pddl,off,1,54,1.523,0.923428,,,,
elevators-opt08-strips,p12.pddl,on,1,54,1.474,0.8937,,,,
elevators-opt08-strips,p12.pddl,selector,1,54,1.624,0.898714,presolve,,,
elevators-opt08-strips,p13.pddl,off,1,59,2.128,1.54175,,,,
elevators-opt08-strips,p13.pddl,on,1,59,2.076,1.51298,,,,
elevators-opt08-strips,p13.pddl,selector,1,59,2.328,1.57488,presolve,,,
elevators-opt08-strips,p14.pddl,off,1,63,6.705,6.00345,,,,
elevators-opt08-strips,p14.pddl,on,1,63,7.159,6.54434,,,,
elevators-opt08-strips,p14.pddl,selector,1,63,5.345,4.65341,presolve,,,
elevators-opt08-strips,p15.pddl,off,1,66,9.571,8.9748,,,,
elevators-opt08-strips,p15.pddl,on,1,66,11.328,10.594,,,,
elevators-opt08-strips,p15.pddl,selector,1,66,10.376,9.60681,presolve,,,
elevators-opt08-strips,p16.pddl,off,1,87,196.756,194.991,,,,
elevators-opt08-strips,p16.pddl,on,1,87,153.956,152.325,,,,
elevators-opt08-strips,p16.pddl,selector,1,87,166.398,154.105,off,4712,4712,10.709
elevators-opt08-strips,p17.pddl,off,1,78,308.308,305.457,,,,
elevators-opt08-strips,p17.pddl,on,1,78,336.769,334.091,,,,
elevators-opt08-strips,p17.pddl,selector,1,78,306.145,292.799,off,3610,3610,10.654
elevators-opt08-strips,p18.pddl,off,1,61,41.872,40.9138,,,,
elevators-opt08-strips,p18.pddl,on,1,61,56.354,55.2622,,,,
elevators-opt08-strips,p18.pddl,selector,1,61,53.575,41.9168,off,5512,5512,10.756
elevators-opt08-strips,p19.pddl,off,0,,1462.630,,,,,
elevators-opt08-strips,p19.pddl,on,0,,1678.821,,,,,
elevators-opt08-strips,p19.pddl,selector,0,,1437.180,,off,4094,4094,10.760
elevators-opt08-strips,p20.pddl,off,0,,1326.274,,,,,
elevators-opt08-strips,p20.pddl,on,0,,1643.603,,,,,
elevators-opt08-strips,p20.pddl,selector,0,,1695.154,,off,6663,6663,11.004
elevators-opt08-strips,p21.pddl,off,1,48,0.820,0.363295,,,,
elevators-opt08-strips,p21.pddl,on,1,48,1.222,0.639624,,,,
elevators-opt08-strips,p21.pddl,selector,1,48,1.222,0.512471,presolve,,,
elevators-opt08-strips,p22.pddl,off,1,54,4.743,3.96973,,,,
elevators-opt08-strips,p22.pddl,on,1,54,4.390,3.75242,,,,
elevators-opt08-strips,p22.pddl,selector,1,54,4.894,4.01901,presolve,,,
elevators-opt08-strips,p23.pddl,off,1,69,14.603,13.8404,,,,
elevators-opt08-strips,p23.pddl,on,1,69,14.200,13.4367,,,,
elevators-opt08-strips,p23.pddl,selector,1,69,25.310,13.8708,off,3415,3415,10.808
elevators-opt08-strips,p24.pddl,off,1,56,10.430,9.67656,,,,
elevators-opt08-strips,p24.pddl,on,1,56,8.969,8.23181,,,,
elevators-opt08-strips,p24.pddl,selector,1,56,9.417,8.41481,presolve,,,
elevators-opt08-strips,p25.pddl,off,1,63,13.697,12.9225,,,,
elevators-opt08-strips,p25.pddl,on,1,63,10.380,9.66566,,,,
elevators-opt08-strips,p25.pddl,selector,1,63,25.767,14.3466,off,4265,4265,10.760
elevators-opt08-strips,p26.pddl,off,1,48,28.922,27.8896,,,,
elevators-opt08-strips,p26.pddl,on,1,48,18.914,18.0007,,,,
elevators-opt08-strips,p26.pddl,selector,1,48,39.897,28.2972,off,5691,5691,10.755
elevators-opt08-strips,p27.pddl,off,1,82,275.763,272.792,,,,
elevators-opt08-strips,p27.pddl,on,1,82,369.135,365.255,,,,
elevators-opt08-strips,p27.pddl,selector,1,82,263.827,250.438,off,5110,5110,10.755
elevators-opt08-strips,p28.pddl,off,0,,1202.777,,,,,
elevators-opt08-strips,p28.pddl,on,0,,1799.791,,,,,
elevators-opt08-strips,p28.pddl,selector,0,,1376.433,,off,6723,6723,10.751
elevators-opt08-strips,p29.pddl,off,0,,1600.782,,,,,
elevators-opt08-strips,p29.pddl,on,0,,1515.954,,,,,
elevators-opt08-strips,p29.pddl,selector,0,,1491.272,,off,6024,6024,10.756
elevators-opt08-strips,p30.pddl,off,0,,1056.751,,,,,
elevators-opt08-strips,p30.pddl,on,0,,1091.028,,,,,
elevators-opt08-strips,p30.pddl,selector,0,,903.216,,off,8078,8078,11.010
elevators-opt11-strips,p01.pddl,off,1,56,0.971,0.377933,,,,
elevators-opt11-strips,p01.pddl,on,1,56,1.021,0.387142,,,,
elevators-opt11-strips,p01.pddl,selector,1,56,1.172,0.405963,presolve,,,
elevators-opt11-strips,p02.pddl,off,1,48,1.122,0.541436,,,,
elevators-opt11-strips,p02.pddl,on,1,48,1.071,0.509988,,,,
elevators-opt11-strips,p02.pddl,selector,1,48,1.272,0.532373,presolve,,,
elevators-opt11-strips,p03.pddl,off,1,54,1.523,0.940806,,,,
elevators-opt11-strips,p03.pddl,on,1,54,1.474,0.896282,,,,
elevators-opt11-strips,p03.pddl,selector,1,54,1.775,0.923987,presolve,,,
elevators-opt11-strips,p04.pddl,off,1,55,1.171,0.634786,,,,
elevators-opt11-strips,p04.pddl,on,1,55,1.071,0.621881,,,,
elevators-opt11-strips,p04.pddl,selector,1,55,1.171,0.624634,presolve,,,
elevators-opt11-strips,p05.pddl,off,1,59,1.573,1.10733,,,,
elevators-opt11-strips,p05.pddl,on,1,59,1.625,1.12018,,,,
elevators-opt11-strips,p05.pddl,selector,1,59,1.675,1.11435,presolve,,,
elevators-opt11-strips,p06.pddl,off,1,40,1.321,0.83599,,,,
elevators-opt11-strips,p06.pddl,on,1,40,1.775,1.23479,,,,
elevators-opt11-strips,p06.pddl,selector,1,40,1.977,1.22199,presolve,,,
elevators-opt11-strips,p07.pddl,off,1,48,22.998,22.056,,,,
elevators-opt11-strips,p07.pddl,on,1,48,27.031,25.987,,,,
elevators-opt11-strips,p07.pddl,selector,1,48,34.171,22.5435,off,5691,5691,10.860
elevators-opt11-strips,p08.pddl,off,1,55,5.143,4.50891,,,,
elevators-opt11-strips,p08.pddl,on,1,55,5.348,4.7069,,,,
elevators-opt11-strips,p08.pddl,selector,1,55,5.246,4.50591,presolve,,,
elevators-opt11-strips,p09.pddl,off,1,54,4.694,4.02541,,,,
elevators-opt11-strips,p09.pddl,on,1,54,4.744,4.0459,,,,
elevators-opt11-strips,p09.pddl,selector,1,54,4.693,3.85593,presolve,,,
elevators-opt11-strips,p10.pddl,off,1,63,7.261,6.56867,,,,
elevators-opt11-strips,p10.pddl,on,1,63,7.209,6.54685,,,,
elevators-opt11-strips,p10.pddl,selector,1,63,5.746,4.85787,presolve,,,
elevators-opt11-strips,p11.pddl,off,0,,1228.068,,,,,
elevators-opt11-strips,p11.pddl,on,0,,1268.552,,,,,
elevators-opt11-strips,p11.pddl,selector,0,,1290.514,,off,6723,6723,11.016
elevators-opt11-strips,p12.pddl,off,1,53,6.103,5.55763,,,,
elevators-opt11-strips,p12.pddl,on,1,53,6.096,5.52447,,,,
elevators-opt11-strips,p12.pddl,selector,1,53,7.656,6.81983,presolve,,,
elevators-opt11-strips,p13.pddl,off,1,62,31.306,30.5515,,,,
elevators-opt11-strips,p13.pddl,on,1,62,33.218,32.3043,,,,
elevators-opt11-strips,p13.pddl,selector,1,62,51.813,40.1318,off,2901,2901,10.852
elevators-opt11-strips,p14.pddl,off,1,53,32.361,31.5113,,,,
elevators-opt11-strips,p14.pddl,on,1,53,32.255,31.3868,,,,
elevators-opt11-strips,p14.pddl,selector,1,53,48.189,36.5963,off,3716,3716,10.758
elevators-opt11-strips,p15.pddl,off,1,78,185.772,183.315,,,,
elevators-opt11-strips,p15.pddl,on,1,78,210.731,208.665,,,,
elevators-opt11-strips,p15.pddl,selector,1,78,203.207,190.708,off,3274,3274,10.707
elevators-opt11-strips,p16.pddl,off,1,66,9.778,9.17503,,,,
elevators-opt11-strips,p16.pddl,on,1,66,13.449,12.7555,,,,
elevators-opt11-strips,p16.pddl,selector,1,66,24.603,13.1295,off,3006,3006,10.805
elevators-opt11-strips,p17.pddl,off,1,78,272.409,269.864,,,,
elevators-opt11-strips,p17.pddl,on,1,78,287.307,284.598,,,,
elevators-opt11-strips,p17.pddl,selector,1,78,291.360,278.032,off,3610,3610,10.658
elevators-opt11-strips,p18.pddl,off,1,61,56.961,55.6721,,,,
elevators-opt11-strips,p18.pddl,on,1,61,56.667,55.579,,,,
elevators-opt11-strips,p18.pddl,selector,1,61,76.461,64.3301,off,5512,5512,10.959
elevators-opt11-strips,p19.pddl,off,1,69,15.000,14.2833,,,,
elevators-opt11-strips,p19.pddl,on,1,69,10.574,9.99623,,,,
elevators-opt11-strips,p19.pddl,selector,1,69,22.243,10.7968,off,3415,3415,10.859
elevators-opt11-strips,p20.pddl,off,1,56,6.503,5.92459,,,,
elevators-opt11-strips,p20.pddl,on,1,56,8.315,7.64744,,,,
elevators-opt11-strips,p20.pddl,selector,1,56,6.602,5.834,presolve,,,
floortile-opt11-strips,opt-p01-001.pddl,off,1,38,0.669,0.129968,,,,
floortile-opt11-strips,opt-p01-001.pddl,on,1,38,0.518,0.0775123,,,,
floortile-opt11-strips,opt-p01-001.pddl,selector,1,38,0.820,0.128,presolve,,,
floortile-opt11-strips,opt-p01-002.pddl,off,1,33,0.518,0.0834578,,,,
floortile-opt11-strips,opt-p01-002.pddl,on,1,33,0.619,0.0966051,,,,
floortile-opt11-strips,opt-p01-002.pddl,selector,1,33,0.669,0.0858488,presolve,,,
floortile-opt11-strips,opt-p02-003.pddl,off,1,62,1.070,0.474019,,,,
floortile-opt11-strips,opt-p02-003.pddl,on,1,62,0.920,0.411855,,,,
floortile-opt11-strips,opt-p02-003.pddl,selector,1,62,1.221,0.468357,presolve,,,
floortile-opt11-strips,opt-p02-004.pddl,off,1,53,0.869,0.311206,,,,
floortile-opt11-strips,opt-p02-004.pddl,on,1,53,0.869,0.357209,,,,
floortile-opt11-strips,opt-p02-004.pddl,selector,1,53,1.222,0.420223,presolve,,,
floortile-opt11-strips,opt-p03-005.pddl,off,1,58,0.920,0.405968,,,,
floortile-opt11-strips,opt-p03-005.pddl,on,1,58,1.724,1.04578,,,,
floortile-opt11-strips,opt-p03-005.pddl,selector,1,58,1.020,0.397999,presolve,,,
floortile-opt11-strips,opt-p03-006.pddl,off,1,60,1.172,0.584775,,,,
floortile-opt11-strips,opt-p03-006.pddl,on,1,60,1.473,0.906295,,,,
floortile-opt11-strips,opt-p03-006.pddl,selector,1,60,1.422,0.588953,presolve,,,
floortile-opt11-strips,opt-p04-007.pddl,off,1,66,2.930,2.37696,,,,
floortile-opt11-strips,opt-p04-007.pddl,on,1,66,3.788,3.11386,,,,
floortile-opt11-strips,opt-p04-007.pddl,selector,1,66,3.535,2.68348,presolve,,,
floortile-opt11-strips,opt-p04-008.pddl,off,1,76,4.440,3.75258,,,,
floortile-opt11-strips,opt-p04-008.pddl,on,1,76,5.243,4.52172,,,,
floortile-opt11-strips,opt-p04-008.pddl,selector,1,76,4.590,3.71787,presolve,,,
floortile-opt11-strips,opt-p05-009.pddl,off,1,76,4.693,3.99182,,,,
floortile-opt11-strips,opt-p05-009.pddl,on,1,76,9.822,9.13051,,,,
floortile-opt11-strips,opt-p05-009.pddl,selector,1,76,5.650,4.76585,presolve,,,
floortile-opt11-strips,opt-p05-010.pddl,off,1,87,4.997,4.36329,,,,
floortile-opt11-strips,opt-p05-010.pddl,on,1,87,11.284,10.3887,,,,
floortile-opt11-strips,opt-p05-010.pddl,selector,1,87,7.006,6.0873,presolve,,,
floortile-opt11-strips,opt-p06-011.pddl,off,1,101,16.108,15.2636,,,,
floortile-opt11-strips,opt-p06-011.pddl,on,1,101,26.078,25.3408,,,,
floortile-opt11-strips,opt-p06-011.pddl,selector,1,101,22.099,10.6282,off,13764,10636,10.904
floortile-opt11-strips,opt-p06-012.pddl,off,1,106,11.836,11.1997,,,,
floortile-opt11-strips,opt-p06-012.pddl,on,1,106,28.079,27.2661,,,,
floortile-opt11-strips,opt-p06-012.pddl,selector,1,106,26.877,15.1763,off,13764,10636,11.007
floortile-opt11-strips,opt-p07-013.pddl,off,1,108,87.820,86.6812,,,,
floortile-opt11-strips,opt-p07-013.pddl,on,1,108,111.910,110.914,,,,
floortile-opt11-strips,opt-p07-013.pddl,selector,1,108,129.577,117.625,on,23451,15241,10.907
floortile-opt11-strips,opt-p07-014.pddl,off,1,110,75.467,74.5024,,,,
floortile-opt11-strips,opt-p07-014.pddl,on,1,110,137.800,136.638,,,,
floortile-opt11-strips,opt-p07-014.pddl,selector,1,110,128.320,116.467,on,23451,15241,10.859
floortile-opt11-strips,opt-p08-015.pddl,off,0,,1799.485,,,,,
floortile-opt11-strips,opt-p08-015.pddl,on,0,,1799.537,,,,,
floortile-opt11-strips,opt-p08-015.pddl,selector,0,,1799.852,,on,80660,48974,12.468
floortile-opt11-strips,opt-p08-016.pddl,off,0,,1799.448,,,,,
floortile-opt11-strips,opt-p08-016.pddl,on,0,,1799.568,,,,,
floortile-opt11-strips,opt-p08-016.pddl,selector,0,,1799.967,,on,80660,48974,12.569
floortile-opt11-strips,opt-p09-017.pddl,off,0,,1799.614,,,,,
floortile-opt11-strips,opt-p09-017.pddl,on,0,,1799.639,,,,,
floortile-opt11-strips,opt-p09-017.pddl,selector,0,,1799.704,,on,294026,197371,14.320
floortile-opt11-strips,opt-p09-018.pddl,off,0,,1799.546,,,,,
floortile-opt11-strips,opt-p09-018.pddl,on,0,,1799.590,,,,,
floortile-opt11-strips,opt-p09-018.pddl,selector,0,,1799.675,,on,294026,197371,14.277
floortile-opt11-strips,opt-p10-019.pddl,off,0,,1799.586,,,,,
floortile-opt11-strips,opt-p10-019.pddl,on,0,,1799.530,,,,,
floortile-opt11-strips,opt-p10-019.pddl,selector,0,,1800.232,,on,109711,60084,11.809
floortile-opt11-strips,opt-p10-020.pddl,off,0,,1799.537,,,,,
floortile-opt11-strips,opt-p10-020.pddl,on,0,,1799.687,,,,,
floortile-opt11-strips,opt-p10-020.pddl,selector,0,,1800.331,,on,109711,60084,11.914
floortile-opt14-strips,p01-4-3-2.pddl,off,1,56,0.819,0.311475,,,,
floortile-opt14-strips,p01-4-3-2.pddl,on,1,56,0.870,0.379399,,,,
floortile-opt14-strips,p01-4-3-2.pddl,selector,1,56,0.921,0.305622,presolve,,,
floortile-opt14-strips,p01-4-4-2.pddl,off,1,68,3.133,2.48579,,,,
floortile-opt14-strips,p01-4-4-2.pddl,on,1,68,3.585,2.9705,,,,
floortile-opt14-strips,p01-4-4-2.pddl,selector,1,68,3.182,2.5169,presolve,,,
floortile-opt14-strips,p01-5-3-2.pddl,off,1,63,1.070,0.43519,,,,
floortile-opt14-strips,p01-5-3-2.pddl,on,1,63,1.524,0.927841,,,,
floortile-opt14-strips,p01-5-3-2.pddl,selector,1,63,1.524,0.654377,presolve,,,
floortile-opt14-strips,p01-5-4-2.pddl,off,1,91,6.851,6.05485,,,,
floortile-opt14-strips,p01-5-4-2.pddl,on,1,91,10.574,9.7577,,,,
floortile-opt14-strips,p01-5-4-2.pddl,selector,1,91,6.705,5.7989,presolve,,,
floortile-opt14-strips,p01-5-5-2.pddl,off,1,111,90.560,89.505,,,,
floortile-opt14-strips,p01-5-5-2.pddl,on,1,111,130.128,129.048,,,,
floortile-opt14-strips,p01-5-5-2.pddl,selector,1,111,128.610,116.825,on,23451,15241,10.857
floortile-opt14-strips,p01-6-4-2.pddl,off,1,104,10.882,10.2547,,,,
floortile-opt14-strips,p01-6-4-2.pddl,on,1,104,36.388,35.5971,,,,
floortile-opt14-strips,p01-6-4-2.pddl,selector,1,104,22.747,11.0123,off,13764,10636,11.058
floortile-opt14-strips,p01-6-5-2.pddl,off,1,122,149.770,148.587,,,,
floortile-opt14-strips,p01-6-5-2.pddl,on,1,122,309.434,308.021,,,,
floortile-opt14-strips,p01-6-5-2.pddl,selector,1,122,150.127,137.499,off,26753,19227,11.559
floortile-opt14-strips,p02-4-4-2.pddl,off,1,75,4.392,3.66997,,,,
floortile-opt14-strips,p02-4-4-2.pddl,on,1,75,4.893,4.17044,,,,
floortile-opt14-strips,p02-4-4-2.pddl,selector,1,75,4.539,3.63576,presolve,,,
floortile-opt14-strips,p02-5-3-2.pddl,off,1,65,1.272,0.611874,,,,
floortile-opt14-strips,p02-5-3-2.pddl,on,1,65,1.976,1.29198,,,,
floortile-opt14-strips,p02-5-3-2.pddl,selector,1,65,1.424,0.609483,presolve,,,
floortile-opt14-strips,p02-5-4-2.pddl,off,1,98,7.411,6.63882,,,,
floortile-opt14-strips,p02-5-4-2.pddl,on,1,98,14.854,13.9845,,,,
floortile-opt14-strips,p02-5-4-2.pddl,selector,1,98,8.010,7.08853,presolve,,,
floortile-opt14-strips,p02-5-5-2.pddl,off,1,106,94.316,93.197,,,,
floortile-opt14-strips,p02-5-5-2.pddl,on,1,106,113.430,112.396,,,,
floortile-opt14-strips,p02-5-5-2.pddl,selector,1,106,157.914,146.037,on,23451,15241,10.857
floortile-opt14-strips,p02-6-4-2.pddl,off,1,109,11.636,10.8831,,,,
floortile-opt14-strips,p02-6-4-2.pddl,on,1,109,28.590,27.8921,,,,
floortile-opt14-strips,p02-6-4-2.pddl,selector,1,109,22.449,10.912,off,13764,10636,10.960
floortile-opt14-strips,p02-6-5-2.pddl,off,1,141,163.919,162.773,,,,
floortile-opt14-strips,p02-6-5-2.pddl,on,1,141,349.271,347.599,,,,
floortile-opt14-strips,p02-6-5-2.pddl,selector,1,141,192.215,179.421,off,26753,19227,11.562
floortile-opt14-strips,p03-4-3-2.pddl,off,1,56,0.819,0.313558,,,,
floortile-opt14-strips,p03-4-3-2.pddl,on,1,56,0.870,0.366994,,,,
floortile-opt14-strips,p03-4-3-2.pddl,selector,1,56,1.171,0.449148,presolve,,,
floortile-opt14-strips,p03-4-4-2.pddl,off,1,72,4.493,3.71611,,,,
floortile-opt14-strips,p03-4-4-2.pddl,on,1,72,4.945,4.20631,,,,
floortile-opt14-strips,p03-4-4-2.pddl,selector,1,72,4.390,3.51357,presolve,,,
floortile-opt14-strips,p03-5-3-2.pddl,off,1,65,0.970,0.448668,,,,
floortile-opt14-strips,p03-5-3-2.pddl,on,1,65,1.524,0.96143,,,,
floortile-opt14-strips,p03-5-3-2.pddl,selector,1,65,1.122,0.454774,presolve,,,
floortile-opt14-strips,p03-5-4-2.pddl,off,1,83,4.845,4.1216,,,,
floortile-opt14-strips,p03-5-4-2.pddl,on,1,83,12.985,12.1652,,,,
floortile-opt14-strips,p03-5-4-2.pddl,selector,1,83,4.894,4.10866,presolve,,,
floortile-opt14-strips,p03-5-5-2.pddl,off,1,100,66.760,65.8704,,,,
floortile-opt14-strips,p03-5-5-2.pddl,on,1,100,118.311,117.154,,,,
floortile-opt14-strips,p03-5-5-2.pddl,selector,1,100,146.048,134.09,on,23451,15241,10.910
floortile-opt14-strips,p03-6-4-2.pddl,off,1,116,15.963,15.2292,,,,
floortile-opt14-strips,p03-6-4-2.pddl,on,1,116,29.743,28.8933,,,,
floortile-opt14-strips,p03-6-4-2.pddl,selector,1,116,27.732,15.8458,off,13764,10636,11.161
floortile-opt14-strips,p03-6-5-2.pddl,off,1,130,153.547,152.446,,,,
floortile-opt14-strips,p03-6-5-2.pddl,on,1,130,351.812,350.092,,,,
floortile-opt14-strips,p03-6-5-2.pddl,selector,1,130,199.062,186.751,off,26753,19227,11.158
freecell,p01.pddl,off,1,8,0.618,0.0471418,,,,
freecell,p01.pddl,on,1,8,0.769,0.0929999,,,,
freecell,p01.pddl,selector,1,8,1.020,0.0734869,presolve,,,
freecell,p02.pddl,off,1,14,1.623,0.740091,,,,
freecell,p02.pddl,on,1,14,1.876,0.753999,,,,
freecell,p02.pddl,selector,1,14,2.027,0.746731,presolve,,,
freecell,p03.pddl,off,1,18,6.958,5.60447,,,,
freecell,p03.pddl,on,1,18,3.033,2.09095,,,,
freecell,p03.pddl,selector,1,18,5.899,4.5374,presolve,,,
freecell,p04.pddl,off,1,26,13.685,12.5275,,,,
freecell,p04.pddl,on,1,26,33.315,31.643,,,,
freecell,p04.pddl,selector,1,26,31.259,17.391,off,194452,249349,12.868
freecell,p05.pddl,off,1,30,101.995,100.094,,,,
freecell,p05.pddl,on,1,30,220.930,218.511,,,,
freecell,p05.pddl,selector,1,30,105.374,91.2337,off,448791,596825,12.970
freecell,p06.pddl,off,1,34,1277.485,1273.28,,,,
freecell,p06.pddl,on,0,,1800.245,,,,,
freecell,p06.pddl,selector,1,34,1186.367,1166.93,off,504920,715397,15.336
freecell,p07.pddl,off,1,41,1044.773,1040.13,,,,
freecell,p07.pddl,on,0,,1800.310,,,,,
freecell,p07.pddl,selector,1,41,986.148,968.504,off,587347,578606,14.578
freecell,p08.pddl,off,0,,1799.593,,,,,
freecell,p08.pddl,on,0,,1799.467,,,,,
freecell,p08.pddl,selector,0,,1800.139,,off,626522,778175,17.755
freecell,p09.pddl,off,0,,1799.663,,,,,
freecell,p09.pddl,on,0,,1799.990,,,,,
freecell,p09.pddl,selector,0,,1799.900,,off,699143,747720,16.492
freecell,p10.pddl,off,0,,1800.248,,,,,
freecell,p10.pddl,on,0,,1799.444,,,,,
freecell,p10.pddl,selector,0,,1800.501,,off,875393,726223,16.845
freecell,p11.pddl,off,0,,1800.370,,,,,
freecell,p11.pddl,on,0,,1800.303,,,,,
freecell,p11.pddl,selector,0,,1799.957,,off,1167387,959642,32.497
freecell,p12.pddl,off,0,,1800.259,,,,,
freecell,p12.pddl,on,0,,1800.448,,,,,
freecell,p12.pddl,selector,0,,1799.854,,off,783218,849472,17.444
freecell,p13.pddl,off,0,,1800.003,,,,,
freecell,p13.pddl,on,0,,1800.001,,,,,
freecell,p13.pddl,selector,0,,1799.752,,off,783324,1136975,22.326
freecell,p14.pddl,off,0,,1799.741,,,,,
freecell,p14.pddl,on,0,,1799.997,,,,,
freecell,p14.pddl,selector,0,,1799.907,,off,1016948,958895,19.104
freecell,p15.pddl,off,0,,1799.649,,,,,
freecell,p15.pddl,on,0,,1799.913,,,,,
freecell,p15.pddl,selector,0,,1800.050,,off,1242541,1193832,38.532
freecell,p16.pddl,off,0,,1799.643,,,,,
freecell,p16.pddl,on,0,,1799.710,,,,,
freecell,p16.pddl,selector,0,,1799.798,,off,936107,1119155,31.377
freecell,p17.pddl,off,0,,1800.114,,,,,
freecell,p17.pddl,on,0,,1799.938,,,,,
freecell,p17.pddl,selector,0,,1799.695,,off,971583,1349706,33.291
freecell,p18.pddl,off,0,,1800.048,,,,,
freecell,p18.pddl,on,0,,1800.191,,,,,
freecell,p18.pddl,selector,0,,1800.305,,off,1278500,1404730,36.766
freecell,p19.pddl,off,0,,1800.310,,,,,
freecell,p19.pddl,on,0,,1800.389,,,,,
freecell,p19.pddl,selector,0,,1799.909,,off,1492113,1588198,50.501
freecell,p20.pddl,off,0,,1800.266,,,,,
freecell,p20.pddl,on,0,,1800.121,,,,,
freecell,p20.pddl,selector,0,,1799.872,,off,1436101,1715448,49.455
freecell,probfreecell-10-1.pddl,off,0,,1799.356,,,,,
freecell,probfreecell-10-1.pddl,on,0,,1799.744,,,,,
freecell,probfreecell-10-1.pddl,selector,0,,1799.802,,off,730114,1247981,25.493
freecell,probfreecell-10-2.pddl,off,0,,1799.424,,,,,
freecell,probfreecell-10-2.pddl,on,0,,1799.486,,,,,
freecell,probfreecell-10-2.pddl,selector,0,,1800.241,,off,1016515,1115835,51.811
freecell,probfreecell-10-3.pddl,off,0,,1799.618,,,,,
freecell,probfreecell-10-3.pddl,on,0,,1799.541,,,,,
freecell,probfreecell-10-3.pddl,selector,0,,1799.716,,off,1228880,1163016,24.235
freecell,probfreecell-10-4.pddl,off,0,,1799.627,,,,,
freecell,probfreecell-10-4.pddl,on,0,,1800.079,,,,,
freecell,probfreecell-10-4.pddl,selector,0,,1799.782,,off,886398,1175316,24.388
freecell,probfreecell-10-5.pddl,off,0,,1799.629,,,,,
freecell,probfreecell-10-5.pddl,on,0,,1800.430,,,,,
freecell,probfreecell-10-5.pddl,selector,0,,1799.788,,off,830847,1173800,33.280
freecell,probfreecell-11-1.pddl,off,0,,1800.230,,,,,
freecell,probfreecell-11-1.pddl,on,0,,1800.546,,,,,
freecell,probfreecell-11-1.pddl,selector,0,,1800.247,,off,833705,1283018,25.792
freecell,probfreecell-11-2.pddl,off,0,,1800.190,,,,,
freecell,probfreecell-11-2.pddl,on,0,,1800.256,,,,,
freecell,probfreecell-11-2.pddl,selector,0,,1799.976,,off,1106836,1353466,62.539
freecell,probfreecell-11-3.pddl,off,0,,1799.950,,,,,
freecell,probfreecell-11-3.pddl,on,0,,1800.101,,,,,
freecell,probfreecell-11-3.pddl,selector,0,,1800.295,,off,1213283,1542767,55.840
freecell,probfreecell-11-4.pddl,off,0,,1800.105,,,,,
freecell,probfreecell-11-4.pddl,on,0,,1799.641,,,,,
freecell,probfreecell-11-4.pddl,selector,0,,1799.786,,off,1022712,1412959,32.385
freecell,probfreecell-11-5.pddl,off,0,,1799.833,,,,,
freecell,probfreecell-11-5.pddl,on,0,,1799.780,,,,,
freecell,probfreecell-11-5.pddl,selector,0,,1799.623,,off,1375874,1533025,57.137
freecell,probfreecell-12-1.pddl,off,0,,1799.822,,,,,
freecell,probfreecell-12-1.pddl,on,0,,1800.096,,,,,
freecell,probfreecell-12-1.pddl,selector,0,,1800.309,,off,1135978,1294590,27.955
freecell,probfreecell-12-2.pddl,off,0,,1799.695,,,,,
freecell,probfreecell-12-2.pddl,on,0,,1799.687,,,,,
freecell,probfreecell-12-2.pddl,selector,0,,1800.148,,off,1032499,1472114,28.761
freecell,probfreecell-12-3.pddl,off,0,,1799.344,,,,,
freecell,probfreecell-12-3.pddl,on,0,,1799.745,,,,,
freecell,probfreecell-12-3.pddl,selector,0,,1800.002,,off,1177057,1372158,44.549
freecell,probfreecell-12-4.pddl,off,0,,1799.730,,,,,
freecell,probfreecell-12-4.pddl,on,0,,1799.850,,,,,
freecell,probfreecell-12-4.pddl,selector,0,,1800.255,,off,1155808,1371015,42.803
freecell,probfreecell-12-5.pddl,off,0,,1799.712,,,,,
freecell,probfreecell-12-5.pddl,on,0,,1799.966,,,,,
freecell,probfreecell-12-5.pddl,selector,0,,1799.881,,off,1571944,1400937,47.332
freecell,probfreecell-13-1.pddl,off,0,,1799.457,,,,,
freecell,probfreecell-13-1.pddl,on,0,,1800.386,,,,,
freecell,probfreecell-13-1.pddl,selector,0,,1799.856,,off,1220376,1637200,46.428
freecell,probfreecell-13-2.pddl,off,0,,1800.084,,,,,
freecell,probfreecell-13-2.pddl,on,0,,1800.353,,,,,
freecell,probfreecell-13-2.pddl,selector,0,,1800.150,,off,1440919,1713410,55.631
freecell,probfreecell-13-3.pddl,off,0,,1800.343,,,,,
freecell,probfreecell-13-3.pddl,on,0,,1800.287,,,,,
freecell,probfreecell-13-3.pddl,selector,0,,1800.188,,off,1515299,1461774,44.678
freecell,probfreecell-13-4.pddl,off,0,,1799.593,,,,,
freecell,probfreecell-13-4.pddl,on,0,,1800.311,,,,,
freecell,probfreecell-13-4.pddl,selector,0,,1799.544,,off,1278947,1826759,59.143
freecell,probfreecell-13-5.pddl,off,0,,1800.301,,,,,
freecell,probfreecell-13-5.pddl,on,0,,1799.747,,,,,
freecell,probfreecell-13-5.pddl,selector,0,,1800.302,,off,1633058,1442657,52.909
freecell,probfreecell-2-1.pddl,off,1,9,1.373,0.34126,,,,
freecell,probfreecell-2-1.pddl,on,1,9,1.624,0.338722,,,,
freecell,probfreecell-2-1.pddl,selector,1,9,1.876,0.362993,presolve,,,
freecell,probfreecell-2-2.pddl,off,1,8,1.623,0.344936,,,,
freecell,probfreecell-2-2.pddl,on,1,8,1.675,0.359738,,,,
freecell,probfreecell-2-2.pddl,selector,1,8,1.926,0.351606,presolve,,,
freecell,probfreecell-2-3.pddl,off,1,8,1.775,0.286522,,,,
freecell,probfreecell-2-3.pddl,on,1,8,1.473,0.195,,,,
freecell,probfreecell-2-3.pddl,selector,1,8,1.876,0.286,presolve,,,
freecell,probfreecell-2-4.pddl,off,1,8,1.724,0.44072,,,,
freecell,probfreecell-2-4.pddl,on,1,8,1.473,0.333999,,,,
freecell,probfreecell-2-4.pddl,selector,1,8,1.624,0.239597,presolve,,,
freecell,probfreecell-2-5.pddl,off,1,9,1.170,0.213667,,,,
freecell,probfreecell-2-5.pddl,on,1,9,1.121,0.172803,,,,
freecell,probfreecell-2-5.pddl,selector,1,9,1.524,0.335265,presolve,,,
freecell,probfreecell-3-1.pddl,off,1,14,3.234,1.35397,,,,
freecell,probfreecell-3-1.pddl,on,1,14,3.436,1.49994,,,,
freecell,probfreecell-3-1.pddl,selector,1,14,2.529,0.946955,presolve,,,
freecell,probfreecell-3-2.pddl,off,1,13,3.032,1.10294,,,,
freecell,probfreecell-3-2.pddl,on,1,13,2.982,1.09099,,,,
freecell,probfreecell-3-2.pddl,selector,1,13,3.385,1.20498,presolve,,,
freecell,probfreecell-3-3.pddl,off,1,12,2.680,1.13698,,,,
freecell,probfreecell-3-3.pddl,on,1,12,3.183,1.13097,,,,
freecell,probfreecell-3-3.pddl,selector,1,12,2.228,0.751053,presolve,,,
freecell,probfreecell-3-4.pddl,off,1,12,3.184,1.33714,,,,
freecell,probfreecell-3-4.pddl,on,1,12,2.327,0.887978,,,,
freecell,probfreecell-3-4.pddl,selector,1,12,3.433,1.30799,presolve,,,
freecell,probfreecell-3-5.pddl,off,1,13,2.680,0.923978,,,,
freecell,probfreecell-3-5.pddl,on,1,13,2.278,0.840919,,,,
freecell,probfreecell-3-5.pddl,selector,1,13,3.534,1.40185,presolve,,,
freecell,probfreecell-4-1.pddl,off,1,19,35.106,33.0827,,,,
freecell,probfreecell-4-1.pddl,on,1,19,35.681,33.499,,,,
freecell,probfreecell-4-1.pddl,selector,1,19,55.599,41.2077,off,211090,158209,13.472
freecell,probfreecell-4-2.pddl,off,1,17,17.016,15.1107,,,,
freecell,probfreecell-4-2.pddl,on,1,17,11.979,10.0559,,,,
freecell,probfreecell-4-2.pddl,selector,1,17,23.851,9.97156,on,142579,87322,13.120
freecell,probfreecell-4-3.pddl,off,1,18,20.886,19.0625,,,,
freecell,probfreecell-4-3.pddl,on,1,18,13.798,11.8471,,,,
freecell,probfreecell-4-3.pddl,selector,1,18,37.528,23.5601,off,84248,67734,13.120
freecell,probfreecell-4-4.pddl,off,1,18,14.502,12.6284,,,,
freecell,probfreecell-4-4.pddl,on,1,18,13.036,11.1835,,,,
freecell,probfreecell-4-4.pddl,selector,1,18,25.463,12.3211,off,85351,73701,12.413
freecell,probfreecell-4-5.pddl,off,1,18,13.543,11.641,,,,
freecell,probfreecell-4-5.pddl,on,1,18,12.639,10.6984,,,,
freecell,probfreecell-4-5.pddl,selector,1,18,24.814,11.437,off,75315,60282,12.620
freecell,probfreecell-5-1.pddl,off,0,,1799.894,,,,,
freecell,probfreecell-5-1.pddl,on,0,,1800.061,,,,,
freecell,probfreecell-5-1.pddl,selector,0,,1799.969,,on,336653,192504,13.670
freecell,probfreecell-5-2.pddl,off,1,23,1192.162,1187.32,,,,
freecell,probfreecell-5-2.pddl,on,0,,1799.854,,,,,
freecell,probfreecell-5-2.pddl,selector,1,23,1078.409,1061.94,off,359193,344819,13.725
freecell,probfreecell-5-3.pddl,off,1,24,71.742,69.3467,,,,
freecell,probfreecell-5-3.pddl,on,0,,1799.785,,,,,
freecell,probfreecell-5-3.pddl,selector,1,24,113.622,98.787,off,110405,268074,13.572
freecell,probfreecell-5-4.pddl,off,1,23,862.144,858.327,,,,
freecell,probfreecell-5-4.pddl,on,0,,1799.566,,,,,
freecell,probfreecell-5-4.pddl,selector,1,23,940.788,924.235,off,181370,358812,14.678
freecell,probfreecell-5-5.pddl,off,0,,1799.836,,,,,
freecell,probfreecell-5-5.pddl,on,0,,1799.937,,,,,
freecell,probfreecell-5-5.pddl,selector,0,,1799.392,,on,364766,224152,15.030
freecell,probfreecell-6-1.pddl,off,0,,1799.381,,,,,
freecell,probfreecell-6-1.pddl,on,0,,1799.599,,,,,
freecell,probfreecell-6-1.pddl,selector,0,,1800.077,,off,276471,446152,16.741
freecell,probfreecell-6-2.pddl,off,0,,1799.338,,,,,
freecell,probfreecell-6-2.pddl,on,0,,1800.341,,,,,
freecell,probfreecell-6-2.pddl,selector,0,,1799.934,,off,441508,449563,16.536
freecell,probfreecell-6-3.pddl,off,0,,1799.607,,,,,
freecell,probfreecell-6-3.pddl,on,0,,1799.486,,,,,
freecell,probfreecell-6-3.pddl,selector,0,,1799.736,,off,359553,373215,14.377
freecell,probfreecell-6-4.pddl,off,0,,1800.240,,,,,
freecell,probfreecell-6-4.pddl,on,0,,1799.337,,,,,
freecell,probfreecell-6-4.pddl,selector,0,,1800.203,,off,240034,509132,14.834
freecell,probfreecell-6-5.pddl,off,0,,1800.334,,,,,
freecell,probfreecell-6-5.pddl,on,0,,1800.275,,,,,
freecell,probfreecell-6-5.pddl,selector,0,,1799.624,,off,454625,439759,16.092
freecell,probfreecell-7-1.pddl,off,0,,1800.176,,,,,
freecell,probfreecell-7-1.pddl,on,0,,1799.827,,,,,
freecell,probfreecell-7-1.pddl,selector,0,,1800.140,,off,660602,542515,15.635
freecell,probfreecell-7-2.pddl,off,0,,1799.896,,,,,
freecell,probfreecell-7-2.pddl,on,0,,1799.909,,,,,
freecell,probfreecell-7-2.pddl,selector,0,,1800.251,,off,613841,573670,15.534
freecell,probfreecell-7-3.pddl,off,0,,1799.857,,,,,
freecell,probfreecell-7-3.pddl,on,0,,1799.759,,,,,
freecell,probfreecell-7-3.pddl,selector,0,,1800.465,,off,446135,648954,16.992
freecell,probfreecell-7-4.pddl,off,0,,1799.906,,,,,
freecell,probfreecell-7-4.pddl,on,0,,1799.906,,,,,
freecell,probfreecell-7-4.pddl,selector,0,,1799.936,,off,569444,561054,15.483
freecell,probfreecell-7-5.pddl,off,0,,1800.095,,,,,
freecell,probfreecell-7-5.pddl,on,0,,1799.858,,,,,
freecell,probfreecell-7-5.pddl,selector,0,,1800.356,,off,528037,756119,15.989
freecell,probfreecell-8-1.pddl,off,0,,1800.405,,,,,
freecell,probfreecell-8-1.pddl,on,0,,1799.538,,,,,
freecell,probfreecell-8-1.pddl,selector,0,,1799.840,,off,606961,739091,20.409
freecell,probfreecell-8-2.pddl,off,0,,1799.636,,,,,
freecell,probfreecell-8-2.pddl,on,0,,1800.286,,,,,
freecell,probfreecell-8-2.pddl,selector,0,,1800.307,,off,658838,605434,16.843
freecell,probfreecell-8-3.pddl,off,0,,1800.284,,,,,
freecell,probfreecell-8-3.pddl,on,0,,1799.792,,,,,
freecell,probfreecell-8-3.pddl,selector,0,,1799.689,,off,471883,717736,19.252
freecell,probfreecell-8-4.pddl,off,0,,1800.391,,,,,
freecell,probfreecell-8-4.pddl,on,0,,1799.637,,,,,
freecell,probfreecell-8-4.pddl,selector,0,,1800.069,,off,601877,767318,17.649
freecell,probfreecell-8-5.pddl,off,0,,1799.383,,,,,
freecell,probfreecell-8-5.pddl,on,0,,1800.419,,,,,
freecell,probfreecell-8-5.pddl,selector,0,,1800.439,,off,535127,726278,18.956
freecell,probfreecell-9-1.pddl,off,0,,1799.886,,,,,
freecell,probfreecell-9-1.pddl,on,0,,1799.630,,,,,
freecell,probfreecell-9-1.pddl,selector,0,,1800.082,,off,737846,857502,24.642
freecell,probfreecell-9-2.pddl,off,0,,1799.782,,,,,
freecell,probfreecell-9-2.pddl,on,0,,1799.797,,,,,
freecell,probfreecell-9-2.pddl,selector,0,,1799.430,,off,810504,915637,19.002
freecell,probfreecell-9-3.pddl,off,0,,1800.102,,,,,
freecell,probfreecell-9-3.pddl,on,0,,1800.014,,,,,
freecell,probfreecell-9-3.pddl,selector,0,,1800.283,,off,817251,955564,21.771
freecell,probfreecell-9-4.pddl,off,0,,1799.607,,,,,
freecell,probfreecell-9-4.pddl,on,0,,1799.879,,,,,
freecell,probfreecell-9-4.pddl,selector,0,,1799.654,,off,821014,911765,20.213
freecell,probfreecell-9-5.pddl,off,0,,1799.803,,,,,
freecell,probfreecell-9-5.pddl,on,0,,1799.902,,,,,
freecell,probfreecell-9-5.pddl,selector,0,,1799.966,,off,918368,884572,24.492
ged-opt14-strips,d-1-2.pddl,off,1,1,0.618,0.0132875,,,,
ged-opt14-strips,d-1-2.pddl,on,1,1,0.618,0.012643,,,,
ged-opt14-strips,d-1-2.pddl,selector,1,1,0.618,0.0133966,presolve,,,
ged-opt14-strips,d-1-3.pddl,off,1,4,1.725,0.970239,,,,
ged-opt14-strips,d-1-3.pddl,on,1,4,1.826,0.910986,,,,
ged-opt14-strips,d-1-3.pddl,selector,1,4,1.776,0.809715,presolve,,,
ged-opt14-strips,d-1-4.pddl,off,1,1,0.870,0.0198786,,,,
ged-opt14-strips,d-1-4.pddl,on,1,1,0.618,0.018415,,,,
ged-opt14-strips,d-1-4.pddl,selector,1,1,0.971,0.0206851,presolve,,,
ged-opt14-strips,d-1-8.pddl,off,1,4,5.546,4.49238,,,,
ged-opt14-strips,d-1-8.pddl,on,1,4,2.932,2.13926,,,,
ged-opt14-strips,d-1-8.pddl,selector,1,4,6.302,5.11042,presolve,,,
ged-opt14-strips,d-2-1.pddl,off,1,1,0.719,0.0193798,,,,
ged-opt14-strips,d-2-1.pddl,on,1,1,0.769,0.0202112,,,,
ged-opt14-strips,d-2-1.pddl,selector,1,1,0.669,0.0131226,presolve,,,
ged-opt14-strips,d-2-3.pddl,off,1,3,0.870,0.196601,,,,
ged-opt14-strips,d-2-3.pddl,on,1,3,0.921,0.147155,,,,
ged-opt14-strips,d-2-3.pddl,selector,1,3,0.870,0.126974,presolve,,,
ged-opt14-strips,d-2-4.pddl,off,1,2,0.669,0.0569989,,,,
ged-opt14-strips,d-2-4.pddl,on,1,2,0.618,0.0342732,,,,
ged-opt14-strips,d-2-4.pddl,selector,1,2,0.669,0.0370161,presolve,,,
ged-opt14-strips,d-2-8.pddl,off,1,5,78.149,76.5915,,,,
ged-opt14-strips,d-2-8.pddl,on,1,5,44.131,42.8012,,,,
ged-opt14-strips,d-2-8.pddl,selector,1,5,106.687,92.2434,off,422163,568474,13.071
ged-opt14-strips,d-3-1.pddl,off,1,4,1.373,0.66298,,,,
ged-opt14-strips,d-3-1.pddl,on,1,4,1.624,0.937849,,,,
ged-opt14-strips,d-3-1.pddl,selector,1,4,1.323,0.573949,presolve,,,
ged-opt14-strips,d-3-2.pddl,off,1,3,0.870,0.126212,,,,
ged-opt14-strips,d-3-2.pddl,on,1,3,0.819,0.141722,,,,
ged-opt14-strips,d-3-2.pddl,selector,1,3,1.172,0.199634,presolve,,,
ged-opt14-strips,d-3-4.pddl,off,1,5,10.879,10.032,,,,
ged-opt14-strips,d-3-4.pddl,on,1,5,8.813,7.62477,,,,
ged-opt14-strips,d-3-4.pddl,selector,1,5,9.016,7.94499,presolve,,,
ged-opt14-strips,d-4-2.pddl,off,1,2,0.668,0.0569998,,,,
ged-opt14-strips,d-4-2.pddl,on,1,2,0.769,0.0510001,,,,
ged-opt14-strips,d-4-2.pddl,selector,1,2,1.021,0.062317,presolve,,,
ged-opt14-strips,d-4-3.pddl,off,1,5,12.136,11.0253,,,,
ged-opt14-strips,d-4-3.pddl,on,1,5,8.870,7.87242,,,,
ged-opt14-strips,d-4-3.pddl,selector,1,5,20.790,8.15872,off,132558,100806,11.966
ged-opt14-strips,d-4-8.pddl,off,1,5,84.300,82.5953,,,,
ged-opt14-strips,d-4-8.pddl,on,1,5,55.489,54.0805,,,,
ged-opt14-strips,d-4-8.pddl,selector,1,5,79.680,64.2052,off,422163,568474,14.379
ged-opt14-strips,d-7-5.pddl,off,1,4,4.441,3.59592,,,,
ged-opt14-strips,d-7-5.pddl,on,1,4,3.587,2.69721,,,,
ged-opt14-strips,d-7-5.pddl,selector,1,4,4.591,3.52993,presolve,,,
ged-opt14-strips,d-7-6.pddl,off,1,4,1.976,1.1179,,,,
ged-opt14-strips,d-7-6.pddl,on,1,4,2.178,1.31649,,,,
ged-opt14-strips,d-7-6.pddl,selector,1,4,2.177,1.1368,presolve,,,
ged-opt14-strips,d-8-1.pddl,off,1,4,4.642,3.82419,,,,
ged-opt14-strips,d-8-1.pddl,on,1,4,3.887,2.83389,,,,
ged-opt14-strips,d-8-1.pddl,selector,1,4,4.389,3.53963,presolve,,,
ged-opt14-strips,d-8-2.pddl,off,1,5,74.979,73.0722,,,,
ged-opt14-strips,d-8-2.pddl,on,1,5,60.157,58.7909,,,,
ged-opt14-strips,d-8-2.pddl,selector,1,5,84.056,67.9276,off,422163,568474,15.031
ged-opt14-strips,d-8-4.pddl,off,1,5,64.232,62.8294,,,,
ged-opt14-strips,d-8-4.pddl,on,1,5,57.673,56.1503,,,,
ged-opt14-strips,d-8-4.pddl,selector,1,5,91.469,76.0984,off,422163,568474,13.972
ged-opt14-strips,d-8-9.pddl,off,1,6,793.750,787.219,,,,
ged-opt14-strips,d-8-9.pddl,on,1,6,696.631,690.67,,,,
ged-opt14-strips,d-8-9.pddl,selector,1,6,833.882,814.872,off,422163,568474,12.918
grid,prob01.pddl,off,1,14,2.379,1.41702,,,,
grid,prob01.pddl,on,1,14,61.554,60.6519,,,,
grid,prob01.pddl,selector,1,14,2.579,1.29113,presolve,,,
grid,prob02.pddl,off,1,26,16.352,14.9743,,,,
grid,prob02.pddl,on,1,26,963.030,958.54,,,,
grid,prob02.pddl,selector,1,26,30.142,17.521,off,171070,125005,11.859
grid,prob03.pddl,off,0,,1799.958,,,,,
grid,prob03.pddl,on,0,,1800.159,,,,,
grid,prob03.pddl,selector,0,,1800.196,,on,253241,84216,13.575
grid,prob04.pddl,off,0,,1795.591,,,,,
grid,prob04.pddl,on,0,,1800.092,,,,,
grid,prob04.pddl,selector,0,,1799.670,,on,510464,185682,17.039
grid,prob05.pddl,off,0,,1315.218,,,,,
grid,prob05.pddl,on,0,,1550.585,,,,,
grid,prob05.pddl,selector,0,,1519.552,,on,439462,304482,20.104
gripper,prob01.pddl,off,1,11,0.467,0.00277046,,,,
gripper,prob01.pddl,on,1,11,0.417,0.00326794,,,,
gripper,prob01.pddl,selector,1,11,0.568,0.00300237,presolve,,,
gripper,prob02.pddl,off,1,17,0.518,0.0156907,,,,
gripper,prob02.pddl,on,1,17,0.518,0.0142814,,,,
gripper,prob02.pddl,selector,1,17,0.669,0.0142907,presolve,,,
gripper,prob03.pddl,off,1,23,0.568,0.0380229,,,,
gripper,prob03.pddl,on,1,23,0.618,0.0455731,,,,
gripper,prob03.pddl,selector,1,23,0.668,0.0273013,presolve,,,
gripper,prob04.pddl,off,1,29,0.669,0.0927417,,,,
gripper,prob04.pddl,on,1,29,0.618,0.1021,,,,
gripper,prob04.pddl,selector,1,29,0.719,0.0618502,presolve,,,
gripper,prob05.pddl,off,1,35,0.769,0.21401,,,,
gripper,prob05.pddl,on,1,35,0.618,0.143118,,,,
gripper,prob05.pddl,selector,1,35,0.820,0.165,presolve,,,
gripper,prob06.pddl,off,1,41,0.820,0.29743,,,,
gripper,prob06.pddl,on,1,41,0.819,0.302117,,,,
gripper,prob06.pddl,selector,1,41,1.121,0.449956,presolve,,,
gripper,prob07.pddl,off,1,47,1.323,0.78109,,,,
gripper,prob07.pddl,on,1,47,1.272,0.750932,,,,
gripper,prob07.pddl,selector,1,47,1.523,0.83718,presolve,,,
gripper,prob08.pddl,off,1,53,1.473,0.944116,,,,
gripper,prob08.pddl,on,1,53,1.523,0.948825,,,,
gripper,prob08.pddl,selector,1,53,1.272,0.710138,presolve,,,
gripper,prob09.pddl,off,1,59,2.379,1.80466,,,,
gripper,prob09.pddl,on,1,59,1.624,1.17642,,,,
gripper,prob09.pddl,selector,1,59,1.825,1.24514,presolve,,,
gripper,prob10.pddl,off,1,65,3.234,2.60423,,,,
gripper,prob10.pddl,on,1,65,2.730,2.20464,,,,
gripper,prob10.pddl,selector,1,65,2.982,2.30315,presolve,,,
gripper,prob11.pddl,off,1,71,4.894,4.22875,,,,
gripper,prob11.pddl,on,1,71,3.081,2.56943,,,,
gripper,prob11.pddl,selector,1,71,3.284,2.57183,presolve,,,
gripper,prob12.pddl,off,1,77,4.440,3.8353,,,,
gripper,prob12.pddl,on,1,77,5.548,5.05317,,,,
gripper,prob12.pddl,selector,1,77,6.653,5.9313,presolve,,,
gripper,prob13.pddl,off,1,83,6.803,6.29765,,,,
gripper,prob13.pddl,on,1,83,6.855,6.36644,,,,
gripper,prob13.pddl,selector,1,83,7.611,6.85598,presolve,,,
gripper,prob14.pddl,off,1,89,9.673,8.96948,,,,
gripper,prob14.pddl,on,1,89,4.191,3.66495,,,,
gripper,prob14.pddl,selector,1,89,23.750,10.8386,off,9719,8878,12.311
gripper,prob15.pddl,off,1,95,11.283,10.5329,,,,
gripper,prob15.pddl,on,1,95,12.083,11.4706,,,,
gripper,prob15.pddl,selector,1,95,26.117,14.7563,off,11750,10700,10.859
gripper,prob16.pddl,off,1,101,7.108,6.56611,,,,
gripper,prob16.pddl,on,1,101,12.534,11.9714,,,,
gripper,prob16.pddl,selector,1,101,33.654,21.912,off,12891,11557,11.155
gripper,prob17.pddl,off,1,107,20.285,19.7059,,,,
gripper,prob17.pddl,on,1,107,8.865,8.20183,,,,
gripper,prob17.pddl,selector,1,107,30.680,19.1753,off,14069,12650,10.955
gripper,prob18.pddl,off,1,113,26.525,25.9533,,,,
gripper,prob18.pddl,on,1,113,9.219,8.54561,,,,
gripper,prob18.pddl,selector,1,113,34.828,23.3364,off,15303,14049,10.959
gripper,prob19.pddl,off,1,119,16.202,15.4804,,,,
gripper,prob19.pddl,on,1,119,34.723,34.0175,,,,
gripper,prob19.pddl,selector,1,119,27.173,15.629,off,16578,15002,11.010
gripper,prob20.pddl,off,1,125,16.909,16.3256,,,,
gripper,prob20.pddl,on,1,125,33.958,33.2873,,,,
gripper,prob20.pddl,selector,1,125,27.621,15.9662,off,17897,16254,11.161
hiking-opt14-strips,ptesting-1-2-3.pddl,off,1,11,0.467,0.00386934,,,,
hiking-opt14-strips,ptesting-1-2-3.pddl,on,1,11,0.518,0.00580886,,,,
hiking-opt14-strips,ptesting-1-2-3.pddl,selector,1,11,0.719,0.0057741,presolve,,,
hiking-opt14-strips,ptesting-1-2-4.pddl,off,1,17,0.568,0.0169756,,,,
hiking-opt14-strips,ptesting-1-2-4.pddl,on,1,17,0.568,0.0168709,,,,
hiking-opt14-strips,ptesting-1-2-4.pddl,selector,1,17,0.669,0.0099325,presolve,,,
hiking-opt14-strips,ptesting-1-2-5.pddl,off,1,25,0.467,0.0340801,,,,
hiking-opt14-strips,ptesting-1-2-5.pddl,on,1,25,0.568,0.0582417,,,,
hiking-opt14-strips,ptesting-1-2-5.pddl,selector,1,25,0.769,0.0579339,presolve,,,
hiking-opt14-strips,ptesting-1-2-7.pddl,off,1,38,0.769,0.148436,,,,
hiking-opt14-strips,ptesting-1-2-7.pddl,on,1,38,0.819,0.203521,,,,
hiking-opt14-strips,ptesting-1-2-7.pddl,selector,1,38,0.971,0.225018,presolve,,,
hiking-opt14-strips,ptesting-1-2-8.pddl,off,1,45,1.121,0.378,,,,
hiking-opt14-strips,ptesting-1-2-8.pddl,on,1,45,1.020,0.371381,,,,
hiking-opt14-strips,ptesting-1-2-8.pddl,selector,1,45,1.121,0.332194,presolve,,,
hiking-opt14-strips,ptesting-2-2-3.pddl,off,1,10,0.769,0.0571306,,,,
hiking-opt14-strips,ptesting-2-2-3.pddl,on,1,10,0.769,0.0839991,,,,
hiking-opt14-strips,ptesting-2-2-3.pddl,selector,1,10,0.920,0.0838403,presolve,,,
hiking-opt14-strips,ptesting-2-2-4.pddl,off,1,16,1.977,1.12744,,,,
hiking-opt14-strips,ptesting-2-2-4.pddl,on,1,16,1.272,0.63614,,,,
hiking-opt14-strips,ptesting-2-2-4.pddl,selector,1,16,1.876,0.899393,presolve,,,
hiking-opt14-strips,ptesting-2-2-5.pddl,off,1,22,10.525,9.79479,,,,
hiking-opt14-strips,ptesting-2-2-5.pddl,on,1,22,15.005,13.9906,,,,
hiking-opt14-strips,ptesting-2-2-5.pddl,selector,1,22,26.019,14.1908,off,10287,10287,11.258
hiking-opt14-strips,ptesting-2-2-6.pddl,off,1,30,75.586,74.3373,,,,
hiking-opt14-strips,ptesting-2-2-6.pddl,on,1,30,78.600,77.3258,,,,
hiking-opt14-strips,ptesting-2-2-6.pddl,selector,1,30,106.304,94.6699,off,16331,16331,11.106
hiking-opt14-strips,ptesting-2-2-7.pddl,off,1,34,335.473,333.695,,,,
hiking-opt14-strips,ptesting-2-2-7.pddl,on,1,34,314.373,312.951,,,,
hiking-opt14-strips,ptesting-2-2-7.pddl,selector,1,34,414.290,401.528,off,24702,24702,11.959
hiking-opt14-strips,ptesting-2-2-8.pddl,off,1,42,1332.174,1330.07,,,,
hiking-opt14-strips,ptesting-2-2-8.pddl,on,1,42,1461.055,1458.79,,,,
hiking-opt14-strips,ptesting-2-2-8.pddl,selector,1,42,1408.481,1394.65,off,33396,33396,12.420
hiking-opt14-strips,ptesting-2-3-4.pddl,off,1,17,3.436,2.71601,,,,
hiking-opt14-strips,ptesting-2-3-4.pddl,on,1,17,4.693,3.88972,,,,
hiking-opt14-strips,ptesting-2-3-4.pddl,selector,1,17,4.943,3.82165,presolve,,,
hiking-opt14-strips,ptesting-2-3-5.pddl,off,1,24,84.423,83.4996,,,,
hiking-opt14-strips,ptesting-2-3-5.pddl,on,1,24,71.342,70.2068,,,,
hiking-opt14-strips,ptesting-2-3-5.pddl,selector,1,24,82.106,70.4261,off,12616,12616,11.110
hiking-opt14-strips,ptesting-2-3-6.pddl,off,1,28,773.253,771.81,,,,
hiking-opt14-strips,ptesting-2-3-6.pddl,on,1,28,800.149,798.681,,,,
hiking-opt14-strips,ptesting-2-3-6.pddl,selector,1,28,828.816,816.572,off,19309,19309,11.412
hiking-opt14-strips,ptesting-2-3-7.pddl,off,0,,1799.645,,,,,
hiking-opt14-strips,ptesting-2-3-7.pddl,on,0,,1800.149,,,,,
hiking-opt14-strips,ptesting-2-3-7.pddl,selector,0,,1799.277,,off,28009,28009,12.057
hiking-opt14-strips,ptesting-2-4-3.pddl,off,1,10,0.970,0.203948,,,,
hiking-opt14-strips,ptesting-2-4-3.pddl,on,1,10,1.121,0.260096,,,,
hiking-opt14-strips,ptesting-2-4-3.pddl,selector,1,10,1.222,0.203294,presolve,,,
hiking-opt14-strips,ptesting-2-4-4.pddl,off,1,17,4.640,3.39392,,,,
hiking-opt14-strips,ptesting-2-4-4.pddl,on,1,17,5.295,4.36579,,,,
hiking-opt14-strips,ptesting-2-4-4.pddl,selector,1,17,5.498,4.21581,presolve,,,
hiking-opt14-strips,ptesting-2-4-5.pddl,off,1,23,122.263,120.71,,,,
hiking-opt14-strips,ptesting-2-4-5.pddl,on,1,23,118.423,116.924,,,,
hiking-opt14-strips,ptesting-2-4-5.pddl,selector,1,23,100.040,88.1719,off,8645,8645,11.308
hiking-opt14-strips,ptesting-2-4-6.pddl,off,1,30,1363.164,1361.37,,,,
hiking-opt14-strips,ptesting-2-4-6.pddl,on,1,30,1383.216,1381.39,,,,
hiking-opt14-strips,ptesting-2-4-6.pddl,selector,1,30,1378.535,1365.1,off,12673,12673,12.466
hiking-opt14-strips,ptesting-2-4-7.pddl,off,0,,1800.123,,,,,
hiking-opt14-strips,ptesting-2-4-7.pddl,on,0,,1799.465,,,,,
hiking-opt14-strips,ptesting-2-4-7.pddl,selector,0,,1799.433,,off,17600,17600,12.167
logistics00,probLOGISTICS-10-0.pddl,off,1,45,487.182,486.496,,,,
logistics00,probLOGISTICS-10-0.pddl,on,1,45,424.107,423.392,,,,
logistics00,probLOGISTICS-10-0.pddl,selector,1,45,450.910,439.396,off,5948,5948,10.809
logistics00,probLOGISTICS-10-1.pddl,off,1,42,101.228,100.515,,,,
logistics00,probLOGISTICS-10-1.pddl,on,1,42,102.052,101.456,,,,
logistics00,probLOGISTICS-10-1.pddl,selector,1,42,132.348,120.799,off,5948,5948,10.898
logistics00,probLOGISTICS-11-0.pddl,off,1,48,768.662,767.924,,,,
logistics00,probLOGISTICS-11-0.pddl,on,1,48,804.504,803.788,,,,
logistics00,probLOGISTICS-11-0.pddl,selector,1,48,794.894,783.206,off,7035,7035,10.907
logistics00,probLOGISTICS-11-1.pddl,off,0,,1799.257,,,,,
logistics00,probLOGISTICS-11-1.pddl,on,0,,1799.235,,,,,
logistics00,probLOGISTICS-11-1.pddl,selector,0,,1799.948,,off,7035,7035,10.755
logistics00,probLOGISTICS-12-0.pddl,off,1,42,514.428,513.723,,,,
logistics00,probLOGISTICS-12-0.pddl,on,1,42,502.006,501.234,,,,
logistics00,probLOGISTICS-12-0.pddl,selector,1,42,528.597,516.995,off,7250,7250,10.908
logistics00,probLOGISTICS-12-1.pddl,off,0,,1799.273,,,,,
logistics00,probLOGISTICS-12-1.pddl,on,0,,1799.322,,,,,
logistics00,probLOGISTICS-12-1.pddl,selector,0,,1799.902,,off,7250,7250,10.697
logistics00,probLOGISTICS-13-0.pddl,off,0,,1799.395,,,,,
logistics00,probLOGISTICS-13-0.pddl,on,0,,1799.419,,,,,
logistics00,probLOGISTICS-13-0.pddl,selector,0,,1800.050,,off,200180,200180,10.753
logistics00,probLOGISTICS-13-1.pddl,off,0,,1799.494,,,,,
logistics00,probLOGISTICS-13-1.pddl,on,0,,1799.391,,,,,
logistics00,probLOGISTICS-13-1.pddl,selector,0,,1800.069,,off,200180,200180,10.757
logistics00,probLOGISTICS-14-0.pddl,off,0,,1799.544,,,,,
logistics00,probLOGISTICS-14-0.pddl,on,0,,1799.494,,,,,
logistics00,probLOGISTICS-14-0.pddl,selector,0,,1800.252,,off,284393,284393,10.910
logistics00,probLOGISTICS-14-1.pddl,off,0,,1799.391,,,,,
logistics00,probLOGISTICS-14-1.pddl,on,0,,1799.454,,,,,
logistics00,probLOGISTICS-14-1.pddl,selector,0,,1799.561,,off,284393,284393,11.211
logistics00,probLOGISTICS-15-0.pddl,off,0,,1799.409,,,,,
logistics00,probLOGISTICS-15-0.pddl,on,0,,1799.413,,,,,
logistics00,probLOGISTICS-15-0.pddl,selector,0,,1800.317,,off,196709,196709,10.908
logistics00,probLOGISTICS-15-1.pddl,off,0,,1799.365,,,,,
logistics00,probLOGISTICS-15-1.pddl,on,0,,1799.419,,,,,
logistics00,probLOGISTICS-15-1.pddl,selector,0,,1800.174,,off,196709,196709,10.855
logistics00,probLOGISTICS-4-0.pddl,off,1,20,0.468,0.00700039,,,,
logistics00,probLOGISTICS-4-0.pddl,on,1,20,0.468,0.00705438,,,,
logistics00,probLOGISTICS-4-0.pddl,selector,1,20,0.719,0.0112712,presolve,,,
logistics00,probLOGISTICS-4-1.pddl,off,1,19,0.568,0.00899981,,,,
logistics00,probLOGISTICS-4-1.pddl,on,1,19,0.568,0.00977621,,,,
logistics00,probLOGISTICS-4-1.pddl,selector,1,19,0.769,0.0100002,presolve,,,
logistics00,probLOGISTICS-4-2.pddl,off,1,15,0.517,0.00700259,,,,
logistics00,probLOGISTICS-4-2.pddl,on,1,15,0.568,0.00704515,,,,
logistics00,probLOGISTICS-4-2.pddl,selector,1,15,0.719,0.00704581,presolve,,,
logistics00,probLOGISTICS-5-0.pddl,off,1,27,0.518,0.0244619,,,,
logistics00,probLOGISTICS-5-0.pddl,on,1,27,0.467,0.0165615,,,,
logistics00,probLOGISTICS-5-0.pddl,selector,1,27,0.619,0.0165032,presolve,,,
logistics00,probLOGISTICS-5-1.pddl,off,1,17,0.467,0.0100034,,,,
logistics00,probLOGISTICS-5-1.pddl,on,1,17,0.417,0.0069672,,,,
logistics00,probLOGISTICS-5-1.pddl,selector,1,17,0.668,0.010072,presolve,,,
logistics00,probLOGISTICS-5-2.pddl,off,1,8,0.417,0.00386113,,,,
logistics00,probLOGISTICS-5-2.pddl,on,1,8,0.417,0.00320667,,,,
logistics00,probLOGISTICS-5-2.pddl,selector,1,8,0.619,0.00328545,presolve,,,
logistics00,probLOGISTICS-6-0.pddl,off,1,25,0.518,0.0214867,,,,
logistics00,probLOGISTICS-6-0.pddl,on,1,25,0.467,0.0212283,,,,
logistics00,probLOGISTICS-6-0.pddl,selector,1,25,0.669,0.0212571,presolve,,,
logistics00,probLOGISTICS-6-1.pddl,off,1,14,0.518,0.0110002,,,,
logistics00,probLOGISTICS-6-1.pddl,on,1,14,0.417,0.00702524,,,,
logistics00,probLOGISTICS-6-1.pddl,selector,1,14,0.669,0.0102851,presolve,,,
logistics00,probLOGISTICS-6-2.pddl,off,1,25,0.417,0.0210017,,,,
logistics00,probLOGISTICS-6-2.pddl,on,1,25,0.518,0.0317426,,,,
logistics00,probLOGISTICS-6-2.pddl,selector,1,25,0.719,0.0339992,presolve,,,
logistics00,probLOGISTICS-6-9.pddl,off,1,24,0.517,0.028024,,,,
logistics00,probLOGISTICS-6-9.pddl,on,1,24,0.568,0.0283873,,,,
logistics00,probLOGISTICS-6-9.pddl,selector,1,24,0.719,0.0290003,presolve,,,
logistics00,probLOGISTICS-7-0.pddl,off,1,36,1.171,0.685963,,,,
logistics00,probLOGISTICS-7-0.pddl,on,1,36,0.971,0.476701,,,,
logistics00,probLOGISTICS-7-0.pddl,selector,1,36,1.322,0.674004,presolve,,,
logistics00,probLOGISTICS-7-1.pddl,off,1,44,1.775,1.34295,,,,
logistics00,probLOGISTICS-7-1.pddl,on,1,44,1.925,1.41871,,,,
logistics00,probLOGISTICS-7-1.pddl,selector,1,44,1.926,1.37923,presolve,,,
logistics00,probLOGISTICS-8-0.pddl,off,1,31,1.071,0.626198,,,,
logistics00,probLOGISTICS-8-0.pddl,on,1,31,1.071,0.637516,,,,
logistics00,probLOGISTICS-8-0.pddl,selector,1,31,1.222,0.632326,presolve,,,
logistics00,probLOGISTICS-8-1.pddl,off,1,44,3.386,2.93868,,,,
logistics00,probLOGISTICS-8-1.pddl,on,1,44,3.235,2.78114,,,,
logistics00,probLOGISTICS-8-1.pddl,selector,1,44,2.580,1.90109,presolve,,,
logistics00,probLOGISTICS-9-0.pddl,off,1,36,1.725,1.21026,,,,
logistics00,probLOGISTICS-9-0.pddl,on,1,36,1.574,1.13711,,,,
logistics00,probLOGISTICS-9-0.pddl,selector,1,36,1.775,1.14293,presolve,,,
logistics00,probLOGISTICS-9-1.pddl,off,1,30,1.121,0.640353,,,,
logistics00,probLOGISTICS-9-1.pddl,on,1,30,1.071,0.544568,,,,
logistics00,probLOGISTICS-9-1.pddl,selector,1,30,1.474,0.777981,presolve,,,
logistics98,prob01.pddl,off,1,26,12.887,12.3711,,,,
logistics98,prob01.pddl,on,1,26,12.946,12.3052,,,,
logistics98,prob01.pddl,selector,1,26,24.015,12.6217,off,10082,10082,10.806
logistics98,prob02.pddl,off,0,,1799.490,,,,,
logistics98,prob02.pddl,on,0,,1799.496,,,,,
logistics98,prob02.pddl,selector,0,,1799.321,,off,233617,233617,11.007
logistics98,prob03.pddl,off,0,,1799.669,,,,,
logistics98,prob03.pddl,on,0,,1799.773,,,,,
logistics98,prob03.pddl,selector,0,,1799.802,,off,677091,677091,12.314
logistics98,prob04.pddl,off,0,,1799.954,,,,,
logistics98,prob04.pddl,on,0,,1799.832,,,,,
logistics98,prob04.pddl,selector,0,,1799.888,,off,1069289,1069289,12.569
logistics98,prob05.pddl,off,1,22,1.977,1.40612,,,,
logistics98,prob05.pddl,on,1,22,1.977,1.41073,,,,
logistics98,prob05.pddl,selector,1,22,1.623,0.953292,presolve,,,
logistics98,prob06.pddl,off,0,,1800.206,,,,,
logistics98,prob06.pddl,on,0,,1799.737,,,,,
logistics98,prob06.pddl,selector,0,,1800.070,,off,579092,579092,32.750
logistics98,prob07.pddl,off,0,,1799.661,,,,,
logistics98,prob07.pddl,on,0,,1799.821,,,,,
logistics98,prob07.pddl,selector,0,,1799.637,,off,416803,416803,12.207
logistics98,prob08.pddl,off,0,,729.855,,,,,
logistics98,prob08.pddl,on,0,,457.601,,,,,
logistics98,prob08.pddl,selector,0,,448.043,,off,953495,953495,14.328
logistics98,prob09.pddl,off,0,,1800.044,,,,,
logistics98,prob09.pddl,on,0,,1800.050,,,,,
logistics98,prob09.pddl,selector,0,,1799.883,,off,1935859,1935859,78.475
logistics98,prob10.pddl,off,0,,1800.251,,,,,
logistics98,prob10.pddl,on,0,,1800.308,,,,,
logistics98,prob10.pddl,selector,0,,1799.494,,off,1465199,1465199,15.032
logistics98,prob11.pddl,off,0,,1799.701,,,,,
logistics98,prob11.pddl,on,0,,1799.753,,,,,
logistics98,prob11.pddl,selector,0,,1800.458,,off,796683,796683,12.980
logistics98,prob12.pddl,off,0,,429.169,,,,,
logistics98,prob12.pddl,on,0,,450.008,,,,,
logistics98,prob12.pddl,selector,0,,560.102,,off,1040730,1040730,44.119
logistics98,prob13.pddl,off,0,,1419.594,,,,,
logistics98,prob13.pddl,on,0,,1295.709,,,,,
logistics98,prob13.pddl,selector,0,,1295.114,,off,932810,932810,21.322
logistics98,prob14.pddl,off,0,,144.641,,,,,
logistics98,prob14.pddl,on,0,,143.743,,,,,
logistics98,prob14.pddl,selector,0,,241.277,,off,3175984,3175984,65.439
logistics98,prob15.pddl,off,0,,1799.732,,,,,
logistics98,prob15.pddl,on,0,,1799.924,,,,,
logistics98,prob15.pddl,selector,0,,1800.058,,off,992844,992844,12.416
logistics98,prob16.pddl,off,0,,1799.501,,,,,
logistics98,prob16.pddl,on,0,,1799.447,,,,,
logistics98,prob16.pddl,selector,0,,1800.123,,off,1107814,1107814,19.756
logistics98,prob17.pddl,off,0,,1800.232,,,,,
logistics98,prob17.pddl,on,0,,1800.122,,,,,
logistics98,prob17.pddl,selector,0,,1799.653,,off,1180258,1180258,39.241
logistics98,prob18.pddl,off,0,,1799.959,,,,,
logistics98,prob18.pddl,on,0,,1799.787,,,,,
logistics98,prob18.pddl,selector,0,,1800.039,,off,3782444,3908018,152.610
logistics98,prob19.pddl,off,0,,161.583,,,,,
logistics98,prob19.pddl,on,0,,190.802,,,,,
logistics98,prob19.pddl,selector,0,,338.511,,off,5526144,5679471,142.818
logistics98,prob20.pddl,off,0,,1799.440,,,,,
logistics98,prob20.pddl,on,0,,1799.522,,,,,
logistics98,prob20.pddl,selector,0,,1800.025,,off,4237915,4175171,152.540
logistics98,prob21.pddl,off,0,,1799.515,,,,,
logistics98,prob21.pddl,on,0,,1800.365,,,,,
logistics98,prob21.pddl,selector,0,,1799.926,,off,3817571,3796290,139.539
logistics98,prob22.pddl,off,0,,236.463,,,,,
logistics98,prob22.pddl,on,0,,269.642,,,,,
logistics98,prob22.pddl,selector,0,,353.174,,off,6885095,6885095,191.337
logistics98,prob23.pddl,off,0,,1703.375,,,,,
logistics98,prob23.pddl,on,0,,1758.376,,,,,
logistics98,prob23.pddl,selector,0,,1799.934,,off,1362745,1362745,34.265
logistics98,prob24.pddl,off,0,,1753.806,,,,,
logistics98,prob24.pddl,on,0,,1789.808,,,,,
logistics98,prob24.pddl,selector,0,,1799.839,,off,1564235,1564235,59.299
logistics98,prob25.pddl,off,0,,1799.270,,,,,
logistics98,prob25.pddl,on,0,,1799.540,,,,,
logistics98,prob25.pddl,selector,0,,1800.168,,off,6266007,6266007,189.734
logistics98,prob26.pddl,off,0,,202.738,,,,,
logistics98,prob26.pddl,on,0,,186.485,,,,,
logistics98,prob26.pddl,selector,0,,317.215,,off,4267095,4267095,163.918
logistics98,prob27.pddl,off,0,,1799.740,,,,,
logistics98,prob27.pddl,on,0,,1799.635,,,,,
logistics98,prob27.pddl,selector,0,,1799.456,,off,4445707,4445707,157.148
logistics98,prob28.pddl,off,0,,524.354,,,,,
logistics98,prob28.pddl,on,0,,489.149,,,,,
logistics98,prob28.pddl,selector,0,,636.762,,off,17948155,17948155,446.301
logistics98,prob29.pddl,off,0,,209.087,,,,,
logistics98,prob29.pddl,on,0,,227.133,,,,,
logistics98,prob29.pddl,selector,0,,348.898,,off,6828022,6828022,188.545
logistics98,prob30.pddl,off,0,,219.505,,,,,
logistics98,prob30.pddl,on,0,,264.492,,,,,
logistics98,prob30.pddl,selector,0,,325.552,,off,8460043,8460043,179.999
logistics98,prob31.pddl,off,1,13,0.467,0.017998,,,,
logistics98,prob31.pddl,on,1,13,0.467,0.0179953,,,,
logistics98,prob31.pddl,selector,1,13,0.669,0.0289524,presolve,,,
logistics98,prob32.pddl,off,1,20,0.568,0.0436364,,,,
logistics98,prob32.pddl,on,1,20,0.568,0.0497677,,,,
logistics98,prob32.pddl,selector,1,20,0.719,0.0450409,presolve,,,
logistics98,prob33.pddl,off,1,27,21.484,20.8097,,,,
logistics98,prob33.pddl,on,1,27,16.865,16.22,,,,
logistics98,prob33.pddl,selector,1,27,25.109,13.9868,off,7620,7620,10.653
logistics98,prob34.pddl,off,0,,1799.463,,,,,
logistics98,prob34.pddl,on,0,,1799.462,,,,,
logistics98,prob34.pddl,selector,0,,1799.944,,off,401254,401254,11.611
logistics98,prob35.pddl,off,0,,1799.655,,,,,
logistics98,prob35.pddl,on,0,,1799.520,,,,,
logistics98,prob35.pddl,selector,0,,1799.753,,off,251972,251972,11.360
miconic,s1-0.pddl,off,1,4,0.417,0.000528636,,,,
miconic,s1-0.pddl,on,1,4,0.417,0.000508407,,,,
miconic,s1-0.pddl,selector,1,4,0.719,0.00070447,presolve,,,
miconic,s1-1.pddl,off,1,3,0.518,0.000651642,,,,
miconic,s1-1.pddl,on,1,3,0.467,0.000614414,,,,
miconic,s1-1.pddl,selector,1,3,0.669,0.000643375,presolve,,,
miconic,s1-2.pddl,off,1,4,0.467,0.000771487,,,,
miconic,s1-2.pddl,on,1,4,0.467,0.000652719,,,,
miconic,s1-2.pddl,selector,1,4,0.618,0.000521219,presolve,,,
miconic,s1-3.pddl,off,1,4,0.467,0.000722092,,,,
miconic,s1-3.pddl,on,1,4,0.467,0.000655462,,,,
miconic,s1-3.pddl,selector,1,4,0.669,0.00071098,presolve,,,
miconic,s1-4.pddl,off,1,4,0.467,0.000610388,,,,
miconic,s1-4.pddl,on,1,4,0.467,0.000287105,,,,
miconic,s1-4.pddl,selector,1,4,0.668,0.000686114,presolve,,,
miconic,s10-0.pddl,off,1,33,0.719,0.13508,,,,
miconic,s10-0.pddl,on,1,33,0.668,0.117663,,,,
miconic,s10-0.pddl,selector,1,33,0.668,0.0930752,presolve,,,
miconic,s10-1.pddl,off,1,32,0.618,0.149469,,,,
miconic,s10-1.pddl,on,1,32,0.617,0.160321,,,,
miconic,s10-1.pddl,selector,1,32,0.719,0.149545,presolve,,,
miconic,s10-2.pddl,off,1,32,0.568,0.132999,,,,
miconic,s10-2.pddl,on,1,32,0.568,0.13298,,,,
miconic,s10-2.pddl,selector,1,32,0.719,0.132243,presolve,,,
miconic,s10-3.pddl,off,1,34,0.719,0.13442,,,,
miconic,s10-3.pddl,on,1,34,0.719,0.130622,,,,
miconic,s10-3.pddl,selector,1,34,0.920,0.142838,presolve,,,
miconic,s10-4.pddl,off,1,33,0.819,0.207981,,,,
miconic,s10-4.pddl,on,1,33,0.769,0.195205,,,,
miconic,s10-4.pddl,selector,1,33,0.919,0.197598,presolve,,,
miconic,s11-0.pddl,off,1,37,1.020,0.407567,,,,
miconic,s11-0.pddl,on,1,37,1.021,0.414499,,,,
miconic,s11-0.pddl,selector,1,37,1.172,0.403987,presolve,,,
miconic,s11-1.pddl,off,1,34,0.869,0.249987,,,,
miconic,s11-1.pddl,on,1,34,0.819,0.191198,,,,
miconic,s11-1.pddl,selector,1,34,0.979,0.189652,presolve,,,
miconic,s11-2.pddl,off,1,38,0.819,0.197794,,,,
miconic,s11-2.pddl,on,1,38,0.769,0.187894,,,,
miconic,s11-2.pddl,selector,1,38,0.769,0.126349,presolve,,,
miconic,s11-3.pddl,off,1,38,1.121,0.526399,,,,
miconic,s11-3.pddl,on,1,38,0.819,0.359839,,,,
miconic,s11-3.pddl,selector,1,38,1.272,0.51907,presolve,,,
miconic,s11-4.pddl,off,1,35,0.969,0.334964,,,,
miconic,s11-4.pddl,on,1,35,1.021,0.416325,,,,
miconic,s11-4.pddl,selector,1,35,1.121,0.411798,presolve,,,
miconic,s12-0.pddl,off,1,40,0.870,0.372466,,,,
miconic,s12-0.pddl,on,1,40,1.171,0.430361,,,,
miconic,s12-0.pddl,selector,1,40,0.970,0.358577,presolve,,,
miconic,s12-1.pddl,off,1,40,1.071,0.454553,,,,
miconic,s12-1.pddl,on,1,40,0.819,0.321655,,,,
miconic,s12-1.pddl,selector,1,40,1.171,0.34794,presolve,,,
miconic,s12-2.pddl,off,1,40,1.273,0.661505,,,,
miconic,s12-2.pddl,on,1,40,1.221,0.669986,,,,
miconic,s12-2.pddl,selector,1,40,1.724,0.842984,presolve,,,
miconic,s12-3.pddl,off,1,39,1.523,0.860981,,,,
miconic,s12-3.pddl,on,1,39,1.120,0.621985,,,,
miconic,s12-3.pddl,selector,1,39,1.372,0.62335,presolve,,,
miconic,s12-4.pddl,off,1,41,0.769,0.238998,,,,
miconic,s12-4.pddl,on,1,41,0.870,0.31522,,,,
miconic,s12-4.pddl,selector,1,41,0.970,0.222424,presolve,,,
miconic,s13-0.pddl,off,1,44,1.775,1.26203,,,,
miconic,s13-0.pddl,on,1,44,2.378,1.76396,,,,
miconic,s13-0.pddl,selector,1,44,1.924,1.2735,presolve,,,
miconic,s13-1.pddl,off,1,42,1.522,1.04998,,,,
miconic,s13-1.pddl,on,1,42,2.026,1.48566,,,,
miconic,s13-1.pddl,selector,1,42,1.724,1.05662,presolve,,,
miconic,s13-2.pddl,off,1,46,1.071,0.476238,,,,
miconic,s13-2.pddl,on,1,46,0.969,0.452506,,,,
miconic,s13-2.pddl,selector,1,46,1.474,0.689767,presolve,,,
miconic,s13-3.pddl,off,1,43,1.524,0.9178,,,,
miconic,s13-3.pddl,on,1,43,1.071,0.578244,,,,
miconic,s13-3.pddl,selector,1,43,1.272,0.585476,presolve,,,
miconic,s13-4.pddl,off,1,41,2.931,2.32795,,,,
miconic,s13-4.pddl,on,1,41,2.580,2.10589,,,,
miconic,s13-4.pddl,selector,1,41,3.938,3.21824,presolve,,,
miconic,s14-0.pddl,off,1,45,2.228,1.73899,,,,
miconic,s14-0.pddl,on,1,45,2.228,1.73177,,,,
miconic,s14-0.pddl,selector,1,45,2.428,1.72178,presolve,,,
miconic,s14-1.pddl,off,1,47,2.177,1.62295,,,,
miconic,s14-1.pddl,on,1,47,1.825,1.34809,,,,
miconic,s14-1.pddl,selector,1,47,1.925,1.3566,presolve,,,
miconic,s14-2.pddl,off,1,49,2.076,1.50498,,,,
miconic,s14-2.pddl,on,1,49,1.473,0.972379,,,,
miconic,s14-2.pddl,selector,1,49,1.573,1.02084,presolve,,,
miconic,s14-3.pddl,off,1,42,1.422,0.842982,,,,
miconic,s14-3.pddl,on,1,42,1.473,0.849286,,,,
miconic,s14-3.pddl,selector,1,42,1.271,0.564985,presolve,,,
miconic,s14-4.pddl,off,1,45,3.586,3.03486,,,,
miconic,s14-4.pddl,on,1,45,2.880,2.28893,,,,
miconic,s14-4.pddl,selector,1,45,4.239,3.35384,presolve,,,
miconic,s15-0.pddl,off,1,46,3.534,3.02363,,,,
miconic,s15-0.pddl,on,1,46,4.945,4.27092,,,,
miconic,s15-0.pddl,selector,1,46,5.195,4.34045,presolve,,,
miconic,s15-1.pddl,off,1,50,2.176,1.6778,,,,
miconic,s15-1.pddl,on,1,50,3.031,2.37576,,,,
miconic,s15-1.pddl,selector,1,50,2.328,1.68363,presolve,,,
miconic,s15-2.pddl,off,1,50,3.282,2.61715,,,,
miconic,s15-2.pddl,on,1,50,2.529,1.91598,,,,
miconic,s15-2.pddl,selector,1,50,2.480,1.89169,presolve,,,
miconic,s15-3.pddl,off,1,50,2.629,2.10097,,,,
miconic,s15-3.pddl,on,1,50,3.586,2.92405,,,,
miconic,s15-3.pddl,selector,1,50,3.736,2.95189,presolve,,,
miconic,s15-4.pddl,off,1,47,3.937,3.35993,,,,
miconic,s15-4.pddl,on,1,47,3.485,2.958,,,,
miconic,s15-4.pddl,selector,1,47,4.943,4.10386,presolve,,,
miconic,s16-0.pddl,off,1,53,9.117,8.41546,,,,
miconic,s16-0.pddl,on,1,53,9.116,8.44265,,,,
miconic,s16-0.pddl,selector,1,53,20.478,9.00958,off,2106,2106,10.902
miconic,s16-1.pddl,off,1,52,5.847,5.15673,,,,
miconic,s16-1.pddl,on,1,52,6.955,6.29043,,,,
miconic,s16-1.pddl,selector,1,52,7.456,6.53886,presolve,,,
miconic,s16-2.pddl,off,1,55,5.446,4.73187,,,,
miconic,s16-2.pddl,on,1,55,3.938,3.29497,,,,
miconic,s16-2.pddl,selector,1,55,5.548,4.67887,presolve,,,
miconic,s16-3.pddl,off,1,52,3.284,2.767,,,,
miconic,s16-3.pddl,on,1,52,4.341,3.61486,,,,
miconic,s16-3.pddl,selector,1,52,6.804,6.11791,presolve,,,
miconic,s16-4.pddl,off,1,53,3.285,2.58491,,,,
miconic,s16-4.pddl,on,1,53,2.328,1.72197,,,,
miconic,s16-4.pddl,selector,1,53,3.434,2.56477,presolve,,,
miconic,s17-0.pddl,off,1,56,5.496,4.9162,,,,
miconic,s17-0.pddl,on,1,56,6.552,5.83315,,,,
miconic,s17-0.pddl,selector,1,56,6.301,5.34746,presolve,,,
miconic,s17-1.pddl,off,1,54,9.663,9.0779,,,,
miconic,s17-1.pddl,on,1,54,10.327,9.63971,,,,
miconic,s17-1.pddl,selector,1,54,10.123,9.17665,presolve,,,
miconic,s17-2.pddl,off,1,54,10.428,9.83007,,,,
miconic,s17-2.pddl,on,1,54,11.988,11.2307,,,,
miconic,s17-2.pddl,selector,1,54,25.407,13.7986,off,4530,4530,11.005
miconic,s17-3.pddl,off,1,60,19.277,18.5826,,,,
miconic,s17-3.pddl,on,1,60,16.816,16.2026,,,,
miconic,s17-3.pddl,selector,1,60,27.474,16.1437,off,4700,4700,10.808
miconic,s17-4.pddl,off,1,55,43.295,42.6387,,,,
miconic,s17-4.pddl,on,1,55,48.574,47.8395,,,,
miconic,s17-4.pddl,selector,1,55,64.128,52.7209,off,4005,4005,10.756
miconic,s18-0.pddl,off,1,59,13.342,12.7412,,,,
miconic,s18-0.pddl,on,1,59,15.307,14.5527,,,,
miconic,s18-0.pddl,selector,1,59,23.993,12.6187,off,3995,3995,10.857
miconic,s18-1.pddl,off,1,58,11.233,10.6006,,,,
miconic,s18-1.pddl,on,1,58,13.788,13.0432,,,,
miconic,s18-1.pddl,selector,1,58,26.871,15.4442,off,3157,3157,10.808
miconic,s18-2.pddl,off,1,58,55.317,54.4907,,,,
miconic,s18-2.pddl,on,1,58,53.207,52.5396,,,,
miconic,s18-2.pddl,selector,1,58,57.804,46.2433,off,6240,6240,10.903
miconic,s18-3.pddl,off,1,60,11.478,10.8624,,,,
miconic,s18-3.pddl,on,1,60,11.675,10.9023,,,,
miconic,s18-3.pddl,selector,1,60,29.434,17.931,off,2835,2835,10.905
miconic,s18-4.pddl,off,1,57,12.032,11.2935,,,,
miconic,s18-4.pddl,on,1,57,8.614,7.82127,,,,
miconic,s18-4.pddl,selector,1,57,8.108,7.29583,presolve,,,
miconic,s19-0.pddl,off,1,62,140.665,139.781,,,,
miconic,s19-0.pddl,on,1,62,126.772,125.873,,,,
miconic,s19-0.pddl,selector,1,62,157.244,145.456,off,8572,8572,11.008
miconic,s19-1.pddl,off,1,65,55.562,54.8768,,,,
miconic,s19-1.pddl,on,1,65,63.073,62.3394,,,,
miconic,s19-1.pddl,selector,1,65,82.333,70.6744,off,5094,5094,11.008
miconic,s19-2.pddl,off,1,63,46.545,45.7776,,,,
miconic,s19-2.pddl,on,1,63,38.176,37.4044,,,,
miconic,s19-2.pddl,selector,1,63,57.379,46.0454,off,8798,8798,10.805
miconic,s19-3.pddl,off,1,64,33.153,32.4275,,,,
miconic,s19-3.pddl,on,1,64,32.705,32.0382,,,,
miconic,s19-3.pddl,selector,1,64,46.029,34.2695,off,5642,5642,11.058
miconic,s19-4.pddl,off,1,63,87.513,86.8168,,,,
miconic,s19-4.pddl,on,1,63,91.791,90.9292,,,,
miconic,s19-4.pddl,selector,1,63,110.095,98.6039,off,8679,8679,10.802
miconic,s2-0.pddl,off,1,7,0.417,0.000726075,,,,
miconic,s2-0.pddl,on,1,7,0.417,0.000903081,,,,
miconic,s2-0.pddl,selector,1,7,0.669,0.000960277,presolve,,,
miconic,s2-1.pddl,off,1,7,0.568,0.00103648,,,,
miconic,s2-1.pddl,on,1,7,0.467,0.00100045,,,,
miconic,s2-1.pddl,selector,1,7,0.668,0.000951644,presolve,,,
miconic,s2-2.pddl,off,1,7,0.467,0.000612794,,,,
miconic,s2-2.pddl,on,1,7,0.467,0.000673127,,,,
miconic,s2-2.pddl,selector,1,7,0.719,0.000970959,presolve,,,
miconic,s2-3.pddl,off,1,7,0.417,0.000600201,,,,
miconic,s2-3.pddl,on,1,7,0.518,0.000964029,,,,
miconic,s2-3.pddl,selector,1,7,0.567,0.00100237,presolve,,,
miconic,s2-4.pddl,off,1,7,0.467,0.000937828,,,,
miconic,s2-4.pddl,on,1,7,0.467,0.000722633,,,,
miconic,s2-4.pddl,selector,1,7,0.669,0.000967755,presolve,,,
miconic,s20-0.pddl,off,1,64,628.593,627.355,,,,
miconic,s20-0.pddl,on,1,64,702.545,701.475,,,,
miconic,s20-0.pddl,selector,1,64,682.834,671.026,off,6425,6425,10.808
miconic,s20-1.pddl,off,1,66,29.069,28.3806,,,,
miconic,s20-1.pddl,on,1,66,34.818,34.0083,,,,
miconic,s20-1.pddl,selector,1,66,48.949,37.4759,off,11215,11215,10.904
miconic,s20-2.pddl,off,1,63,25.807,25.0713,,,,
miconic,s20-2.pddl,on,1,63,20.333,19.6549,,,,
miconic,s20-2.pddl,selector,1,63,35.926,24.3941,off,5237,5237,10.857
miconic,s20-3.pddl,off,1,63,69.410,68.5085,,,,
miconic,s20-3.pddl,on,1,63,70.299,69.5269,,,,
miconic,s20-3.pddl,selector,1,63,68.656,56.9379,off,6235,6235,11.055
miconic,s20-4.pddl,off,1,65,103.567,102.763,,,,
miconic,s20-4.pddl,on,1,65,122.709,121.801,,,,
miconic,s20-4.pddl,selector,1,65,111.965,100.264,off,4245,4245,11.001
miconic,s21-0.pddl,off,1,70,1120.145,1119.14,,,,
miconic,s21-0.pddl,on,1,70,1088.641,1087.46,,,,
miconic,s21-0.pddl,selector,1,70,1121.585,1109.45,off,6267,6267,11.105
miconic,s21-1.pddl,off,1,69,346.681,345.836,,,,
miconic,s21-1.pddl,on,1,69,342.098,341.095,,,,
miconic,s21-1.pddl,selector,1,69,338.125,326.088,off,5744,5744,11.108
miconic,s21-2.pddl,off,1,69,176.786,175.875,,,,
miconic,s21-2.pddl,on,1,69,146.677,145.904,,,,
miconic,s21-2.pddl,selector,1,69,203.496,191.943,off,11300,11300,10.856
miconic,s21-3.pddl,off,1,67,109.854,109.002,,,,
miconic,s21-3.pddl,on,1,67,132.335,131.391,,,,
miconic,s21-3.pddl,selector,1,67,115.083,103.336,off,10559,10559,11.008
miconic,s21-4.pddl,off,1,70,83.020,82.2378,,,,
miconic,s21-4.pddl,on,1,70,75.820,74.9579,,,,
miconic,s21-4.pddl,selector,1,70,98.791,87.1077,off,9082,9082,11.003
miconic,s22-0.pddl,off,1,73,438.817,437.527,,,,
miconic,s22-0.pddl,on,1,73,337.924,336.9,,,,
miconic,s22-0.pddl,selector,1,73,335.711,324.036,off,17373,17373,10.906
miconic,s22-1.pddl,off,1,70,523.386,522.444,,,,
miconic,s22-1.pddl,on,1,70,562.552,561.375,,,,
miconic,s22-1.pddl,selector,1,70,588.842,577.135,off,17399,17399,10.906
miconic,s22-2.pddl,off,1,71,1166.801,1165.52,,,,
miconic,s22-2.pddl,on,1,71,1058.661,1057.52,,,,
miconic,s22-2.pddl,selector,1,71,1084.664,1072.68,off,7363,7363,10.855
miconic,s22-3.pddl,off,1,76,371.300,370.386,,,,
miconic,s22-3.pddl,on,1,76,384.210,383.24,,,,
miconic,s22-3.pddl,selector,1,76,472.796,460.7,off,12015,12015,11.112
miconic,s22-4.pddl,off,1,72,219.378,218.457,,,,
miconic,s22-4.pddl,on,1,72,221.173,220.201,,,,
miconic,s22-4.pddl,selector,1,72,232.567,220.837,off,22020,22020,11.010
miconic,s23-0.pddl,off,1,76,1230.042,1228.56,,,,
miconic,s23-0.pddl,on,1,76,1160.637,1159.12,,,,
miconic,s23-0.pddl,selector,1,76,1199.378,1186.99,off,12775,12775,11.108
miconic,s23-1.pddl,off,1,76,553.073,551.891,,,,
miconic,s23-1.pddl,on,1,76,550.585,549.264,,,,
miconic,s23-1.pddl,selector,1,76,510.222,498.207,off,16820,16820,10.953
miconic,s23-2.pddl,off,0,,1799.466,,,,,
miconic,s23-2.pddl,on,0,,1799.363,,,,,
miconic,s23-2.pddl,selector,0,,1800.128,,off,16768,16768,10.906
miconic,s23-3.pddl,off,0,,1799.400,,,,,
miconic,s23-3.pddl,on,0,,1799.413,,,,,
miconic,s23-3.pddl,selector,0,,1799.443,,off,15159,15159,11.208
miconic,s23-4.pddl,off,0,,1799.462,,,,,
miconic,s23-4.pddl,on,0,,1799.426,,,,,
miconic,s23-4.pddl,selector,0,,1800.383,,off,30258,30258,10.955
miconic,s24-0.pddl,off,0,,1799.433,,,,,
miconic,s24-0.pddl,on,0,,1799.584,,,,,
miconic,s24-0.pddl,selector,0,,1799.345,,off,35145,35145,11.009
miconic,s24-1.pddl,off,0,,1799.522,,,,,
miconic,s24-1.pddl,on,0,,1799.451,,,,,
miconic,s24-1.pddl,selector,0,,1799.529,,off,24656,24656,11.160
miconic,s24-2.pddl,off,0,,1799.429,,,,,
miconic,s24-2.pddl,on,1,78,1551.825,1550.42,,,,
miconic,s24-2.pddl,selector,1,78,1546.603,1534.03,off,39573,39573,11.259
miconic,s24-3.pddl,off,0,,1799.542,,,,,
miconic,s24-3.pddl,on,0,,1799.683,,,,,
miconic,s24-3.pddl,selector,0,,1799.485,,off,11895,11895,11.210
miconic,s24-4.pddl,off,1,78,609.228,608.21,,,,
miconic,s24-4.pddl,on,1,78,748.616,747.293,,,,
miconic,s24-4.pddl,selector,1,78,709.113,696.841,off,20929,20929,11.263
miconic,s25-0.pddl,off,0,,1799.442,,,,,
miconic,s25-0.pddl,on,0,,1799.491,,,,,
miconic,s25-0.pddl,selector,0,,1799.299,,off,23894,23894,11.007
miconic,s25-1.pddl,off,1,85,1408.170,1406.34,,,,
miconic,s25-1.pddl,on,1,85,1492.699,1491.14,,,,
miconic,s25-1.pddl,selector,1,85,1330.861,1317.92,off,57642,57642,11.460
miconic,s25-2.pddl,off,1,79,1511.463,1510.27,,,,
miconic,s25-2.pddl,on,1,79,1612.775,1611.48,,,,
miconic,s25-2.pddl,selector,1,79,1457.869,1445.72,off,24231,24231,11.110
miconic,s25-3.pddl,off,0,,1799.641,,,,,
miconic,s25-3.pddl,on,0,,1799.516,,,,,
miconic,s25-3.pddl,selector,0,,1799.648,,off,18035,18035,11.302
miconic,s25-4.pddl,off,0,,1799.566,,,,,
miconic,s25-4.pddl,on,0,,1799.448,,,,,
miconic,s25-4.pddl,selector,0,,1799.410,,off,19561,19561,11.111
miconic,s26-0.pddl,off,0,,1799.619,,,,,
miconic,s26-0.pddl,on,0,,1799.538,,,,,
miconic,s26-0.pddl,selector,0,,1799.487,,off,85108,85108,11.157
miconic,s26-1.pddl,off,0,,1799.455,,,,,
miconic,s26-1.pddl,on,0,,1799.605,,,,,
miconic,s26-1.pddl,selector,0,,1799.655,,off,84520,84520,11.312
miconic,s26-2.pddl,off,0,,1799.529,,,,,
miconic,s26-2.pddl,on,0,,1799.540,,,,,
miconic,s26-2.pddl,selector,0,,1799.980,,off,48990,48990,11.561
miconic,s26-3.pddl,off,0,,1799.668,,,,,
miconic,s26-3.pddl,on,0,,1799.654,,,,,
miconic,s26-3.pddl,selector,0,,1799.773,,off,18398,18398,11.413
miconic,s26-4.pddl,off,0,,1799.488,,,,,
miconic,s26-4.pddl,on,0,,1799.646,,,,,
miconic,s26-4.pddl,selector,0,,1799.797,,off,85468,85468,11.513
miconic,s27-0.pddl,off,0,,1799.556,,,,,
miconic,s27-0.pddl,on,0,,1799.737,,,,,
miconic,s27-0.pddl,selector,0,,1799.651,,off,70889,70889,11.254
miconic,s27-1.pddl,off,0,,1799.502,,,,,
miconic,s27-1.pddl,on,0,,1799.508,,,,,
miconic,s27-1.pddl,selector,0,,1800.010,,off,61496,61496,11.611
miconic,s27-2.pddl,off,0,,1799.661,,,,,
miconic,s27-2.pddl,on,0,,1799.770,,,,,
miconic,s27-2.pddl,selector,0,,1799.625,,off,72308,72308,11.259
miconic,s27-3.pddl,off,0,,1799.487,,,,,
miconic,s27-3.pddl,on,0,,1799.496,,,,,
miconic,s27-3.pddl,selector,0,,1799.457,,off,60175,60175,11.155
miconic,s27-4.pddl,off,0,,1799.509,,,,,
miconic,s27-4.pddl,on,0,,1799.715,,,,,
miconic,s27-4.pddl,selector,0,,1799.999,,off,80393,80393,11.715
miconic,s28-0.pddl,off,0,,1799.608,,,,,
miconic,s28-0.pddl,on,0,,1799.728,,,,,
miconic,s28-0.pddl,selector,0,,1800.248,,off,58720,58720,11.914
miconic,s28-1.pddl,off,0,,1799.598,,,,,
miconic,s28-1.pddl,on,0,,1799.678,,,,,
miconic,s28-1.pddl,selector,0,,1799.692,,off,72723,72723,11.455
miconic,s28-2.pddl,off,0,,1799.495,,,,,
miconic,s28-2.pddl,on,0,,1799.898,,,,,
miconic,s28-2.pddl,selector,0,,1799.732,,off,43022,43022,11.463
miconic,s28-3.pddl,off,0,,1799.486,,,,,
miconic,s28-3.pddl,on,0,,1799.760,,,,,
miconic,s28-3.pddl,selector,0,,1799.555,,off,27563,27563,11.255
miconic,s28-4.pddl,off,0,,1799.544,,,,,
miconic,s28-4.pddl,on,0,,1799.552,,,,,
miconic,s28-4.pddl,selector,0,,1799.593,,off,78967,78967,11.256
miconic,s29-0.pddl,off,0,,1799.545,,,,,
miconic,s29-0.pddl,on,0,,1799.545,,,,,
miconic,s29-0.pddl,selector,0,,1800.072,,off,74877,74877,11.764
miconic,s29-1.pddl,off,0,,1799.591,,,,,
miconic,s29-1.pddl,on,0,,1799.801,,,,,
miconic,s29-1.pddl,selector,0,,1800.249,,off,55767,55767,11.713
miconic,s29-2.pddl,off,0,,1799.645,,,,,
miconic,s29-2.pddl,on,0,,1799.838,,,,,
miconic,s29-2.pddl,selector,0,,1800.136,,off,82274,82274,11.710
miconic,s29-3.pddl,off,0,,1799.523,,,,,
miconic,s29-3.pddl,on,0,,1799.536,,,,,
miconic,s29-3.pddl,selector,0,,1799.720,,off,93735,93735,11.359
miconic,s29-4.pddl,off,0,,1799.561,,,,,
miconic,s29-4.pddl,on,0,,1799.795,,,,,
miconic,s29-4.pddl,selector,0,,1800.107,,off,80485,80485,11.613
miconic,s3-0.pddl,off,1,10,0.468,0.00169276,,,,
miconic,s3-0.pddl,on,1,10,0.518,0.00137904,,,,
miconic,s3-0.pddl,selector,1,10,0.669,0.00172191,presolve,,,
miconic,s3-1.pddl,off,1,11,0.518,0.00200027,,,,
miconic,s3-1.pddl,on,1,11,0.468,0.00199969,,,,
miconic,s3-1.pddl,selector,1,11,0.719,0.00200032,presolve,,,
miconic,s3-2.pddl,off,1,10,0.468,0.00174895,,,,
miconic,s3-2.pddl,on,1,10,0.468,0.0017243,,,,
miconic,s3-2.pddl,selector,1,10,0.669,0.00138413,presolve,,,
miconic,s3-3.pddl,off,1,10,0.467,0.00200003,,,,
miconic,s3-3.pddl,on,1,10,0.467,0.00180436,,,,
miconic,s3-3.pddl,selector,1,10,0.618,0.00200017,presolve,,,
miconic,s3-4.pddl,off,1,10,0.467,0.00171175,,,,
miconic,s3-4.pddl,on,1,10,0.468,0.00172267,,,,
miconic,s3-4.pddl,selector,1,10,0.669,0.0019515,presolve,,,
miconic,s30-0.pddl,off,0,,1799.787,,,,,
miconic,s30-0.pddl,on,0,,1799.517,,,,,
miconic,s30-0.pddl,selector,0,,1799.969,,off,70396,70396,11.712
miconic,s30-1.pddl,off,0,,1799.627,,,,,
miconic,s30-1.pddl,on,0,,1799.819,,,,,
miconic,s30-1.pddl,selector,0,,1800.020,,off,78821,78821,11.712
miconic,s30-2.pddl,off,0,,1799.708,,,,,
miconic,s30-2.pddl,on,0,,1799.760,,,,,
miconic,s30-2.pddl,selector,0,,1800.165,,off,69700,69700,11.762
miconic,s30-3.pddl,off,0,,1799.835,,,,,
miconic,s30-3.pddl,on,0,,1799.698,,,,,
miconic,s30-3.pddl,selector,0,,1799.577,,off,80902,80902,11.262
miconic,s30-4.pddl,off,0,,1799.815,,,,,
miconic,s30-4.pddl,on,0,,1799.613,,,,,
miconic,s30-4.pddl,selector,0,,1799.763,,off,56654,56654,11.462
miconic,s4-0.pddl,off,1,14,0.518,0.00320734,,,,
miconic,s4-0.pddl,on,1,14,0.518,0.0034987,,,,
miconic,s4-0.pddl,selector,1,14,0.669,0.00361675,presolve,,,
miconic,s4-1.pddl,off,1,13,0.417,0.00262554,,,,
miconic,s4-1.pddl,on,1,13,0.417,0.00230459,,,,
miconic,s4-1.pddl,selector,1,13,0.568,0.00345515,presolve,,,
miconic,s4-2.pddl,off,1,15,0.518,0.00314845,,,,
miconic,s4-2.pddl,on,1,15,0.518,0.00351096,,,,
miconic,s4-2.pddl,selector,1,15,0.669,0.00322737,presolve,,,
miconic,s4-3.pddl,off,1,15,0.518,0.00379278,,,,
miconic,s4-3.pddl,on,1,15,0.518,0.00344597,,,,
miconic,s4-3.pddl,selector,1,15,0.669,0.00340897,presolve,,,
miconic,s4-4.pddl,off,1,15,0.518,0.00302618,,,,
miconic,s4-4.pddl,on,1,15,0.518,0.00346787,,,,
miconic,s4-4.pddl,selector,1,15,0.619,0.00203243,presolve,,,
miconic,s5-0.pddl,off,1,17,0.417,0.00524967,,,,
miconic,s5-0.pddl,on,1,17,0.517,0.00731613,,,,
miconic,s5-0.pddl,selector,1,17,0.719,0.00777471,presolve,,,
miconic,s5-1.pddl,off,1,17,0.568,0.00756449,,,,
miconic,s5-1.pddl,on,1,17,0.567,0.0070001,,,,
miconic,s5-1.pddl,selector,1,17,0.719,0.00716546,presolve,,,
miconic,s5-2.pddl,off,1,15,0.519,0.00553155,,,,
miconic,s5-2.pddl,on,1,15,0.568,0.00576407,,,,
miconic,s5-2.pddl,selector,1,15,0.719,0.00765771,presolve,,,
miconic,s5-3.pddl,off,1,17,0.568,0.00900008,,,,
miconic,s5-3.pddl,on,1,17,0.568,0.00746658,,,,
miconic,s5-3.pddl,selector,1,17,0.719,0.00763323,presolve,,,
miconic,s5-4.pddl,off,1,18,0.568,0.0080001,,,,
miconic,s5-4.pddl,on,1,18,0.568,0.00815912,,,,
miconic,s5-4.pddl,selector,1,18,0.769,0.00822106,presolve,,,
miconic,s6-0.pddl,off,1,19,0.518,0.0116189,,,,
miconic,s6-0.pddl,on,1,19,0.568,0.0121748,,,,
miconic,s6-0.pddl,selector,1,19,0.669,0.0112209,presolve,,,
miconic,s6-1.pddl,off,1,19,0.518,0.01114,,,,
miconic,s6-1.pddl,on,1,19,0.518,0.0112437,,,,
miconic,s6-1.pddl,selector,1,19,0.670,0.011459,presolve,,,
miconic,s6-2.pddl,off,1,20,0.518,0.015,,,,
miconic,s6-2.pddl,on,1,20,0.518,0.015154,,,,
miconic,s6-2.pddl,selector,1,20,0.669,0.0154994,presolve,,,
miconic,s6-3.pddl,off,1,20,0.518,0.0151577,,,,
miconic,s6-3.pddl,on,1,20,0.518,0.0150456,,,,
miconic,s6-3.pddl,selector,1,20,0.669,0.0150002,presolve,,,
miconic,s6-4.pddl,off,1,21,0.518,0.0167589,,,,
miconic,s6-4.pddl,on,1,21,0.518,0.0157755,,,,
miconic,s6-4.pddl,selector,1,21,0.668,0.0160611,presolve,,,
miconic,s7-0.pddl,off,1,23,0.568,0.0347538,,,,
miconic,s7-0.pddl,on,1,23,0.567,0.0341938,,,,
miconic,s7-0.pddl,selector,1,23,0.719,0.0332882,presolve,,,
miconic,s7-1.pddl,off,1,24,0.517,0.028899,,,,
miconic,s7-1.pddl,on,1,24,0.517,0.0285654,,,,
miconic,s7-1.pddl,selector,1,24,0.668,0.0283579,presolve,,,
miconic,s7-2.pddl,off,1,22,0.568,0.0309996,,,,
miconic,s7-2.pddl,on,1,22,0.518,0.032743,,,,
miconic,s7-2.pddl,selector,1,22,0.719,0.0308601,presolve,,,
miconic,s7-3.pddl,off,1,22,0.518,0.0248972,,,,
miconic,s7-3.pddl,on,1,22,0.518,0.0255754,,,,
miconic,s7-3.pddl,selector,1,22,0.719,0.0249997,presolve,,,
miconic,s7-4.pddl,off,1,25,0.618,0.0310881,,,,
miconic,s7-4.pddl,on,1,25,0.568,0.0311454,,,,
miconic,s7-4.pddl,selector,1,25,0.719,0.0294205,presolve,,,
miconic,s8-0.pddl,off,1,27,0.618,0.0443341,,,,
miconic,s8-0.pddl,on,1,27,0.568,0.0425876,,,,
miconic,s8-0.pddl,selector,1,27,0.719,0.0445554,presolve,,,
miconic,s8-1.pddl,off,1,27,0.568,0.0360005,,,,
miconic,s8-1.pddl,on,1,27,0.618,0.0360014,,,,
miconic,s8-1.pddl,selector,1,27,0.718,0.0344545,presolve,,,
miconic,s8-2.pddl,off,1,26,0.618,0.0545999,,,,
miconic,s8-2.pddl,on,1,26,0.568,0.0546191,,,,
miconic,s8-2.pddl,selector,1,26,0.718,0.0541472,presolve,,,
miconic,s8-3.pddl,off,1,28,0.568,0.0365598,,,,
miconic,s8-3.pddl,on,1,28,0.619,0.0442762,,,,
miconic,s8-3.pddl,selector,1,28,0.719,0.0371463,presolve,,,
miconic,s8-4.pddl,off,1,27,0.568,0.0376986,,,,
miconic,s8-4.pddl,on,1,27,0.518,0.0369162,,,,
miconic,s8-4.pddl,selector,1,27,0.719,0.0365534,presolve,,,
miconic,s9-0.pddl,off,1,31,0.669,0.117017,,,,
miconic,s9-0.pddl,on,1,31,0.669,0.120114,,,,
miconic,s9-0.pddl,selector,1,31,0.869,0.118366,presolve,,,
miconic,s9-1.pddl,off,1,30,0.669,0.109197,,,,
miconic,s9-1.pddl,on,1,30,0.668,0.118035,,,,
miconic,s9-1.pddl,selector,1,30,0.819,0.116,presolve,,,
miconic,s9-2.pddl,off,1,30,0.719,0.130728,,,,
miconic,s9-2.pddl,on,1,30,0.669,0.123611,,,,
miconic,s9-2.pddl,selector,1,30,0.819,0.132172,presolve,,,
miconic,s9-3.pddl,off,1,32,0.619,0.0720466,,,,
miconic,s9-3.pddl,on,1,32,0.618,0.0698508,,,,
miconic,s9-3.pddl,selector,1,32,0.769,0.0713272,presolve,,,
miconic,s9-4.pddl,off,1,28,0.668,0.0939998,,,,
miconic,s9-4.pddl,on,1,28,0.719,0.0936094,,,,
miconic,s9-4.pddl,selector,1,28,0.820,0.0936563,presolve,,,
movie,prob01.pddl,off,1,7,0.467,0.000810758,,,,
movie,prob01.pddl,on,1,7,0.417,0.000926508,,,,
movie,prob01.pddl,selector,1,7,0.518,0.000795875,presolve,,,
movie,prob02.pddl,off,1,7,0.417,0.00087292,,,,
movie,prob02.pddl,on,1,7,0.417,0.000787926,,,,
movie,prob02.pddl,selector,1,7,0.669,0.0014594,presolve,,,
movie,prob03.pddl,off,1,7,0.518,0.00100018,,,,
movie,prob03.pddl,on,1,7,0.518,0.00114836,,,,
movie,prob03.pddl,selector,1,7,0.719,0.000999349,presolve,,,
movie,prob04.pddl,off,1,7,0.518,0.00141478,,,,
movie,prob04.pddl,on,1,7,0.518,0.00107648,,,,
movie,prob04.pddl,selector,1,7,0.669,0.00104009,presolve,,,
movie,prob05.pddl,off,1,7,0.518,0.00110601,,,,
movie,prob05.pddl,on,1,7,0.517,0.00154827,,,,
movie,prob05.pddl,selector,1,7,0.669,0.00145575,presolve,,,
movie,prob06.pddl,off,1,7,0.518,0.00112833,,,,
movie,prob06.pddl,on,1,7,0.518,0.00100047,,,,
movie,prob06.pddl,selector,1,7,0.719,0.00100018,presolve,,,
movie,prob07.pddl,off,1,7,0.518,0.00152661,,,,
movie,prob07.pddl,on,1,7,0.518,0.00162874,,,,
movie,prob07.pddl,selector,1,7,0.668,0.00148387,presolve,,,
movie,prob08.pddl,off,1,7,0.568,0.00155211,,,,
movie,prob08.pddl,on,1,7,0.568,0.00113861,,,,
movie,prob08.pddl,selector,1,7,0.718,0.00159782,presolve,,,
movie,prob09.pddl,off,1,7,0.518,0.00188617,,,,
movie,prob09.pddl,on,1,7,0.518,0.00118749,,,,
movie,prob09.pddl,selector,1,7,0.668,0.00123309,presolve,,,
movie,prob10.pddl,off,1,7,0.568,0.0010712,,,,
movie,prob10.pddl,on,1,7,0.518,0.00170241,,,,
movie,prob10.pddl,selector,1,7,0.719,0.00146933,presolve,,,
movie,prob11.pddl,off,1,7,0.518,0.00182247,,,,
movie,prob11.pddl,on,1,7,0.518,0.00170215,,,,
movie,prob11.pddl,selector,1,7,0.669,0.00166721,presolve,,,
movie,prob12.pddl,off,1,7,0.518,0.0014108,,,,
movie,prob12.pddl,on,1,7,0.518,0.00108806,,,,
movie,prob12.pddl,selector,1,7,0.669,0.00172363,presolve,,,
movie,prob13.pddl,off,1,7,0.518,0.00122186,,,,
movie,prob13.pddl,on,1,7,0.518,0.0011844,,,,
movie,prob13.pddl,selector,1,7,0.669,0.00183789,presolve,,,
movie,prob14.pddl,off,1,7,0.517,0.00115337,,,,
movie,prob14.pddl,on,1,7,0.518,0.00200093,,,,
movie,prob14.pddl,selector,1,7,0.669,0.0016671,presolve,,,
movie,prob15.pddl,off,1,7,0.526,0.00184616,,,,
movie,prob15.pddl,on,1,7,0.568,0.00106492,,,,
movie,prob15.pddl,selector,1,7,0.719,0.00108814,presolve,,,
movie,prob16.pddl,off,1,7,0.618,0.00200017,,,,
movie,prob16.pddl,on,1,7,0.518,0.00170696,,,,
movie,prob16.pddl,selector,1,7,0.719,0.00192689,presolve,,,
movie,prob17.pddl,off,1,7,0.518,0.00150666,,,,
movie,prob17.pddl,on,1,7,0.568,0.00162148,,,,
movie,prob17.pddl,selector,1,7,0.778,0.00267397,presolve,,,
movie,prob18.pddl,off,1,7,0.517,0.00167567,,,,
movie,prob18.pddl,on,1,7,0.518,0.00199993,,,,
movie,prob18.pddl,selector,1,7,0.669,0.00184452,presolve,,,
movie,prob19.pddl,off,1,7,0.518,0.0020003,,,,
movie,prob19.pddl,on,1,7,0.618,0.00287341,,,,
movie,prob19.pddl,selector,1,7,0.769,0.00199996,presolve,,,
movie,prob20.pddl,off,1,7,0.518,0.00199993,,,,
movie,prob20.pddl,on,1,7,0.518,0.00200007,,,,
movie,prob20.pddl,selector,1,7,0.668,0.00200049,presolve,,,
movie,prob21.pddl,off,1,7,0.518,0.00192279,,,,
movie,prob21.pddl,on,1,7,0.518,0.00182216,,,,
movie,prob21.pddl,selector,1,7,0.719,0.00200021,presolve,,,
movie,prob22.pddl,off,1,7,0.568,0.00244586,,,,
movie,prob22.pddl,on,1,7,0.517,0.0016174,,,,
movie,prob22.pddl,selector,1,7,0.668,0.00241,presolve,,,
movie,prob23.pddl,off,1,7,0.568,0.00199993,,,,
movie,prob23.pddl,on,1,7,0.518,0.00199999,,,,
movie,prob23.pddl,selector,1,7,0.669,0.0020001,presolve,,,
movie,prob24.pddl,off,1,7,0.518,0.00183881,,,,
movie,prob24.pddl,on,1,7,0.468,0.00152482,,,,
movie,prob24.pddl,selector,1,7,0.518,0.00123754,presolve,,,
movie,prob25.pddl,off,1,7,0.417,0.00156481,,,,
movie,prob25.pddl,on,1,7,0.518,0.00199911,,,,
movie,prob25.pddl,selector,1,7,0.719,0.00260059,presolve,,,
movie,prob26.pddl,off,1,7,0.518,0.00199192,,,,
movie,prob26.pddl,on,1,7,0.518,0.00195531,,,,
movie,prob26.pddl,selector,1,7,0.719,0.00200237,presolve,,,
movie,prob27.pddl,off,1,7,0.568,0.00300006,,,,
movie,prob27.pddl,on,1,7,0.518,0.00239791,,,,
movie,prob27.pddl,selector,1,7,0.668,0.00240753,presolve,,,
movie,prob28.pddl,off,1,7,0.517,0.00279695,,,,
movie,prob28.pddl,on,1,7,0.518,0.0019998,,,,
movie,prob28.pddl,selector,1,7,0.669,0.00254164,presolve,,,
movie,prob29.pddl,off,1,7,0.518,0.00199963,,,,
movie,prob29.pddl,on,1,7,0.568,0.00278576,,,,
movie,prob29.pddl,selector,1,7,0.719,0.00200004,presolve,,,
movie,prob30.pddl,off,1,7,0.517,0.00267088,,,,
movie,prob30.pddl,on,1,7,0.568,0.0029926,,,,
movie,prob30.pddl,selector,1,7,0.719,0.00273402,presolve,,,
mprime,prob01.pddl,off,1,5,0.668,0.0350276,,,,
mprime,prob01.pddl,on,1,5,0.669,0.0365066,,,,
mprime,prob01.pddl,selector,1,5,0.870,0.0380786,presolve,,,
mprime,prob02.pddl,off,1,7,22.089,20.4407,,,,
mprime,prob02.pddl,on,1,7,27.184,25.3183,,,,
mprime,prob02.pddl,selector,1,7,36.029,20.0741,off,1052368,1695405,15.234
mprime,prob03.pddl,off,1,4,4.241,3.30454,,,,
mprime,prob03.pddl,on,1,4,4.238,3.34026,,,,
mprime,prob03.pddl,selector,1,4,4.340,3.30593,presolve,,,
mprime,prob04.pddl,off,1,8,0.820,0.111129,,,,
mprime,prob04.pddl,on,1,8,0.669,0.0739998,,,,
mprime,prob04.pddl,selector,1,8,0.870,0.0670004,presolve,,,
mprime,prob05.pddl,off,1,11,54.315,52.8372,,,,
mprime,prob05.pddl,on,1,11,50.976,49.7854,,,,
mprime,prob05.pddl,selector,1,11,62.444,49.237,off,704952,704952,12.518
mprime,prob06.pddl,off,0,,1799.945,,,,,
mprime,prob06.pddl,on,0,,1063.198,,,,,
mprime,prob06.pddl,selector,0,,1799.931,,off,2626237,3051944,79.229
mprime,prob07.pddl,off,1,5,4.341,3.28447,,,,
mprime,prob07.pddl,on,1,5,1.172,0.318757,,,,
mprime,prob07.pddl,selector,1,5,4.895,3.71993,presolve,,,
mprime,prob08.pddl,off,1,6,25.769,23.5192,,,,
mprime,prob08.pddl,on,1,6,24.645,21.6321,,,,
mprime,prob08.pddl,selector,1,6,44.335,23.6967,off,1067222,826221,19.962
mprime,prob09.pddl,off,1,8,10.982,10.0739,,,,
mprime,prob09.pddl,on,1,8,7.210,6.31129,,,,
mprime,prob09.pddl,selector,1,8,8.516,7.47152,presolve,,,
mprime,prob10.pddl,off,0,,1132.589,,,,,
mprime,prob10.pddl,on,0,,455.402,,,,,
mprime,prob10.pddl,selector,0,,1091.606,,off,5742453,6529033,147.504
mprime,prob11.pddl,off,1,7,0.920,0.0820306,,,,
mprime,prob11.pddl,on,1,7,0.920,0.0846906,,,,
mprime,prob11.pddl,selector,1,7,0.769,0.055665,presolve,,,
mprime,prob12.pddl,off,1,6,1.222,0.379435,,,,
mprime,prob12.pddl,on,1,6,1.472,0.437116,,,,
mprime,prob12.pddl,selector,1,6,1.524,0.383255,presolve,,,
mprime,prob13.pddl,off,0,,1799.643,,,,,
mprime,prob13.pddl,on,0,,1424.359,,,,,
mprime,prob13.pddl,selector,0,,1800.462,,off,7084543,6953415,148.922
mprime,prob14.pddl,off,0,,1800.184,,,,,
mprime,prob14.pddl,on,0,,1250.207,,,,,
mprime,prob14.pddl,selector,0,,1800.250,,off,5746325,5942203,155.673
mprime,prob15.pddl,off,1,6,1260.301,1245.51,,,,
mprime,prob15.pddl,on,0,,1146.056,,,,,
mprime,prob15.pddl,selector,1,6,1359.087,1212.34,off,3602738,3235685,144.750
mprime,prob16.pddl,off,1,6,14.204,12.5797,,,,
mprime,prob16.pddl,on,1,6,12.187,10.6007,,,,
mprime,prob16.pddl,selector,1,6,29.096,12.5896,off,1456510,1229628,15.895
mprime,prob17.pddl,off,1,4,95.278,88.75,,,,
mprime,prob17.pddl,on,1,4,106.476,100.002,,,,
mprime,prob17.pddl,selector,1,4,244.732,102.403,off,4256544,3600471,140.555
mprime,prob18.pddl,off,0,,1799.550,,,,,
mprime,prob18.pddl,on,0,,1799.662,,,,,
mprime,prob18.pddl,selector,0,,1800.078,,off,1887039,1923191,49.697
mprime,prob19.pddl,off,1,6,63.506,59.7979,,,,
mprime,prob19.pddl,on,1,6,78.333,73.0005,,,,
mprime,prob19.pddl,selector,1,6,192.248,80.5551,off,3323063,2570782,110.876
mprime,prob20.pddl,off,0,,1170.760,,,,,
mprime,prob20.pddl,on,0,,1800.056,,,,,
mprime,prob20.pddl,selector,0,,1072.285,,off,1199783,1127065,39.078
mprime,prob21.pddl,off,1,6,86.066,82.0098,,,,
mprime,prob21.pddl,on,1,6,75.405,69.3539,,,,
mprime,prob21.pddl,selector,1,6,135.133,63.2513,off,2043190,2743856,70.924
mprime,prob22.pddl,off,0,,516.540,,,,,
mprime,prob22.pddl,on,0,,700.723,,,,,
mprime,prob22.pddl,selector,0,,638.243,,off,9816956,8416335,146.762
mprime,prob23.pddl,off,0,,1136.065,,,,,
mprime,prob23.pddl,on,0,,1733.332,,,,,
mprime,prob23.pddl,selector,0,,1192.536,,off,3591782,2730810,88.125
mprime,prob24.pddl,off,1,8,569.933,562.214,,,,
mprime,prob24.pddl,on,1,8,573.043,564.176,,,,
mprime,prob24.pddl,selector,1,8,611.194,581.116,off,1096430,1096430,28.607
mprime,prob25.pddl,off,1,4,0.518,0.0083755,,,,
mprime,prob25.pddl,on,1,4,0.518,0.00837825,,,,
mprime,prob25.pddl,selector,1,4,0.769,0.0133847,presolve,,,
mprime,prob26.pddl,off,1,6,5.648,3.93686,,,,
mprime,prob26.pddl,on,1,6,6.504,4.97504,,,,
mprime,prob26.pddl,selector,1,6,5.599,3.94888,presolve,,,
mprime,prob27.pddl,off,1,5,2.227,0.537125,,,,
mprime,prob27.pddl,on,1,5,2.178,0.515874,,,,
mprime,prob27.pddl,selector,1,5,2.379,0.539082,presolve,,,
mprime,prob28.pddl,off,1,7,0.719,0.046124,,,,
mprime,prob28.pddl,on,1,7,0.719,0.0509283,,,,
mprime,prob28.pddl,selector,1,7,0.869,0.0481483,presolve,,,
mprime,prob29.pddl,off,1,4,1.624,0.276067,,,,
mprime,prob29.pddl,on,1,4,1.624,0.273556,,,,
mprime,prob29.pddl,selector,1,4,1.725,0.271999,presolve,,,
mprime,prob30.pddl,off,1,9,680.824,674.835,,,,
mprime,prob30.pddl,on,1,9,789.133,782.791,,,,
mprime,prob30.pddl,selector,1,9,843.616,823.001,off,1056124,881026,18.803
mprime,prob31.pddl,off,1,4,21.197,19.7445,,,,
mprime,prob31.pddl,on,1,4,24.015,22.5215,,,,
mprime,prob31.pddl,selector,1,4,55.252,19.7739,off,2127921,1695065,34.812
mprime,prob32.pddl,off,1,7,1.121,0.39202,,,,
mprime,prob32.pddl,on,1,7,1.071,0.393377,,,,
mprime,prob32.pddl,selector,1,7,1.172,0.37752,presolve,,,
mprime,prob33.pddl,off,0,,1799.512,,,,,
mprime,prob33.pddl,on,0,,1346.045,,,,,
mprime,prob33.pddl,selector,0,,1799.595,,off,3227450,6835370,110.045
mprime,prob34.pddl,off,1,4,18.214,16.8264,,,,
mprime,prob34.pddl,on,1,4,15.354,13.9729,,,,
mprime,prob34.pddl,selector,1,4,43.125,21.6574,off,1323898,3146632,20.815
mprime,prob35.pddl,off,1,5,0.671,0.0621081,,,,
mprime,prob35.pddl,on,1,5,0.618,0.0631885,,,,
mprime,prob35.pddl,selector,1,5,0.719,0.0623199,presolve,,,
mystery,prob01.pddl,off,1,5,0.467,0.00489349,,,,
mystery,prob01.pddl,on,1,5,0.467,0.0050054,,,,
mystery,prob01.pddl,selector,1,5,0.518,0.00496353,presolve,,,
mystery,prob02.pddl,off,1,7,10.722,9.67594,,,,
mystery,prob02.pddl,on,1,7,14.850,13.7795,,,,
mystery,prob02.pddl,selector,1,7,26.154,10.0866,off,794724,1822170,15.382
mystery,prob03.pddl,off,1,4,3.985,3.27934,,,,
mystery,prob03.pddl,on,1,4,9.767,9.0622,,,,
mystery,prob03.pddl,selector,1,4,4.087,3.26404,presolve,,,
mystery,prob04.pddl,off,0,,0.417,0.000190033,,,,
mystery,prob04.pddl,on,0,,0.417,0.000482016,,,,
mystery,prob04.pddl,selector,0,,1.121,0.000368361,off,0,0,0.747
mystery,prob05.pddl,off,0,,0.568,0.000393366,,,,
mystery,prob05.pddl,on,0,,0.567,0.000511678,,,,
mystery,prob05.pddl,selector,0,,1.323,0.000375696,off,0,0,0.949
mystery,prob06.pddl,off,0,,1064.194,,,,,
mystery,prob06.pddl,on,0,,637.946,,,,,
mystery,prob06.pddl,selector,0,,1054.397,,off,2042831,1853123,56.118
mystery,prob07.pddl,off,0,,0.468,0.000383621,,,,
mystery,prob07.pddl,on,0,,0.518,0.000309334,,,,
mystery,prob07.pddl,selector,0,,1.423,0.000606663,off,0,0,0.949
mystery,prob08.pddl,off,0,,0.870,0.000556912,,,,
mystery,prob08.pddl,on,0,,0.920,0.000540481,,,,
mystery,prob08.pddl,selector,0,,1.625,0.000235025,off,0,0,1.251
mystery,prob09.pddl,off,1,8,8.564,7.54582,,,,
mystery,prob09.pddl,on,1,8,5.549,4.50175,,,,
mystery,prob09.pddl,selector,1,8,10.025,8.79177,presolve,,,
mystery,prob10.pddl,off,0,,1625.121,,,,,
mystery,prob10.pddl,on,0,,549.049,,,,,
mystery,prob10.pddl,selector,0,,1745.560,,off,5895251,8102480,156.404
mystery,prob11.pddl,off,1,7,0.568,0.0272496,,,,
mystery,prob11.pddl,on,1,7,0.518,0.0212977,,,,
mystery,prob11.pddl,selector,1,7,0.719,0.0267277,presolve,,,
mystery,prob12.pddl,off,0,,0.518,0.000373466,,,,
mystery,prob12.pddl,on,0,,0.517,0.000544441,,,,
mystery,prob12.pddl,selector,0,,1.373,0.000543314,off,0,0,0.848
mystery,prob13.pddl,off,0,,799.505,,,,,
mystery,prob13.pddl,on,0,,1218.802,,,,,
mystery,prob13.pddl,selector,0,,1109.171,,on,2044349,1260056,42.342
mystery,prob14.pddl,off,0,,1306.532,,,,,
mystery,prob14.pddl,on,0,,1433.556,,,,,
mystery,prob14.pddl,selector,0,,846.072,,off,5153359,5924761,155.196
mystery,prob15.pddl,off,1,6,157.900,152.78,,,,
mystery,prob15.pddl,on,1,6,70.874,65.3371,,,,
mystery,prob15.pddl,selector,1,6,144.176,65.258,on,3906111,99846,78.210
mystery,prob16.pddl,off,0,,0.568,0.000401374,,,,
mystery,prob16.pddl,on,0,,0.669,0.000538578,,,,
mystery,prob16.pddl,selector,0,,1.775,0.000419985,off,0,0,1.301
mystery,prob17.pddl,off,1,4,97.128,89.6389,,,,
mystery,prob17.pddl,on,1,4,68.065,61.7613,,,,
mystery,prob17.pddl,selector,1,4,140.199,61.5788,on,4567980,168891,77.852
mystery,prob18.pddl,off,0,,0.518,0.000400867,,,,
mystery,prob18.pddl,on,0,,0.518,0.000226,,,,
mystery,prob18.pddl,selector,0,,1.473,0.000340512,off,0,0,1.050
mystery,prob19.pddl,off,1,6,44.025,40.9095,,,,
mystery,prob19.pddl,on,1,6,28.588,26.6127,,,,
mystery,prob19.pddl,selector,1,6,59.362,42.7897,off,1332802,1247144,15.280
mystery,prob20.pddl,off,1,7,79.789,77.0623,,,,
mystery,prob20.pddl,on,1,7,67.661,65.6594,,,,
mystery,prob20.pddl,selector,1,7,81.255,67.1006,on,1054358,88792,13.423
mystery,prob21.pddl,off,0,,1.322,0.000182586,,,,
mystery,prob21.pddl,on,0,,1.323,0.000480499,,,,
mystery,prob21.pddl,selector,0,,2.126,0.000525938,off,0,0,1.703
mystery,prob22.pddl,off,0,,3.382,0.000516452,,,,
mystery,prob22.pddl,on,0,,3.435,0.000510324,,,,
mystery,prob22.pddl,selector,0,,4.241,0.000259764,off,0,0,3.816
mystery,prob23.pddl,off,0,,1.674,0.000564951,,,,
mystery,prob23.pddl,on,0,,1.473,0.000530192,,,,
mystery,prob23.pddl,selector,0,,2.329,0.000537553,off,0,0,1.905
mystery,prob24.pddl,off,0,,1.070,0.000539156,,,,
mystery,prob24.pddl,on,0,,1.120,0.000326847,,,,
mystery,prob24.pddl,selector,0,,1.977,0.000560168,off,0,0,1.502
mystery,prob25.pddl,off,1,4,0.517,0.00653197,,,,
mystery,prob25.pddl,on,1,4,0.518,0.00570574,,,,
mystery,prob25.pddl,selector,1,4,0.669,0.00596726,presolve,,,
mystery,prob26.pddl,off,1,6,1.977,1.13697,,,,
mystery,prob26.pddl,on,1,6,2.127,1.15823,,,,
mystery,prob26.pddl,selector,1,6,1.523,0.759215,presolve,,,
mystery,prob27.pddl,off,1,5,0.669,0.15331,,,,
mystery,prob27.pddl,on,1,5,0.718,0.156801,,,,
mystery,prob27.pddl,selector,1,5,1.020,0.236302,presolve,,,
mystery,prob28.pddl,off,1,7,0.467,0.0089216,,,,
mystery,prob28.pddl,on,1,7,0.568,0.0160133,,,,
mystery,prob28.pddl,selector,1,7,0.618,0.00871747,presolve,,,
mystery,prob29.pddl,off,1,4,0.819,0.093077,,,,
mystery,prob29.pddl,on,1,4,0.668,0.0741831,,,,
mystery,prob29.pddl,selector,1,4,1.021,0.144971,presolve,,,
mystery,prob30.pddl,off,1,9,27.327,26.0533,,,,
mystery,prob30.pddl,on,1,9,19.171,17.9574,,,,
mystery,prob30.pddl,selector,1,9,27.166,14.6469,on,822426,19572,11.814
nomystery-opt11-strips,p01.pddl,off,1,11,0.467,0.0140007,,,,
nomystery-opt11-strips,p01.pddl,on,1,11,0.568,0.0139997,,,,
nomystery-opt11-strips,p01.pddl,selector,1,11,0.669,0.0153589,presolve,,,
nomystery-opt11-strips,p02.pddl,off,1,14,0.819,0.0520002,,,,
nomystery-opt11-strips,p02.pddl,on,1,14,0.668,0.0545081,,,,
nomystery-opt11-strips,p02.pddl,selector,1,14,0.869,0.0519538,presolve,,,
nomystery-opt11-strips,p03.pddl,off,1,15,0.719,0.0839862,,,,
nomystery-opt11-strips,p03.pddl,on,1,15,0.719,0.0579999,,,,
nomystery-opt11-strips,p03.pddl,selector,1,15,0.769,0.0859985,presolve,,,
nomystery-opt11-strips,p04.pddl,off,1,19,1.321,0.341162,,,,
nomystery-opt11-strips,p04.pddl,on,1,19,1.473,0.390999,,,,
nomystery-opt11-strips,p04.pddl,selector,1,19,1.423,0.37771,presolve,,,
nomystery-opt11-strips,p05.pddl,off,1,23,4.389,3.01193,,,,
nomystery-opt11-strips,p05.pddl,on,1,23,5.498,4.03352,,,,
nomystery-opt11-strips,p05.pddl,selector,1,23,5.497,3.87293,presolve,,,
nomystery-opt11-strips,p06.pddl,off,1,26,13.245,10.2269,,,,
nomystery-opt11-strips,p06.pddl,on,1,26,8.611,6.45558,,,,
nomystery-opt11-strips,p06.pddl,selector,1,26,24.805,11.5098,on,18822,12081,12.667
nomystery-opt11-strips,p07.pddl,off,1,30,104.203,101.172,,,,
nomystery-opt11-strips,p07.pddl,on,1,30,70.044,67.9033,,,,
nomystery-opt11-strips,p07.pddl,selector,1,30,97.660,84.5588,on,20125,14069,12.215
nomystery-opt11-strips,p08.pddl,off,0,,1800.122,,,,,
nomystery-opt11-strips,p08.pddl,on,1,34,1698.254,1693.81,,,,
nomystery-opt11-strips,p08.pddl,selector,0,,1800.237,,off,21624,16066,12.818
nomystery-opt11-strips,p09.pddl,off,0,,1799.933,,,,,
nomystery-opt11-strips,p09.pddl,on,0,,1799.765,,,,,
nomystery-opt11-strips,p09.pddl,selector,0,,1800.080,,on,29581,19512,14.629
nomystery-opt11-strips,p10.pddl,off,0,,1799.784,,,,,
nomystery-opt11-strips,p10.pddl,on,0,,1799.886,,,,,
nomystery-opt11-strips,p10.pddl,selector,0,,1799.683,,on,26414,16260,12.364
nomystery-opt11-strips,p11.pddl,off,1,12,0.417,0.00646986,,,,
nomystery-opt11-strips,p11.pddl,on,1,12,0.417,0.00667054,,,,
nomystery-opt11-strips,p11.pddl,selector,1,12,0.517,0.00671432,presolve,,,
nomystery-opt11-strips,p12.pddl,off,1,14,0.568,0.0271811,,,,
nomystery-opt11-strips,p12.pddl,on,1,14,0.769,0.0429999,,,,
nomystery-opt11-strips,p12.pddl,selector,1,14,0.920,0.0522136,presolve,,,
nomystery-opt11-strips,p13.pddl,off,1,15,0.618,0.0349335,,,,
nomystery-opt11-strips,p13.pddl,on,1,15,0.618,0.0223902,,,,
nomystery-opt11-strips,p13.pddl,selector,1,15,0.618,0.0209734,presolve,,,
nomystery-opt11-strips,p14.pddl,off,1,19,0.669,0.0953608,,,,
nomystery-opt11-strips,p14.pddl,on,1,19,0.818,0.165,,,,
nomystery-opt11-strips,p14.pddl,selector,1,19,0.769,0.0920145,presolve,,,
nomystery-opt11-strips,p15.pddl,off,1,23,4.340,3.00775,,,,
nomystery-opt11-strips,p15.pddl,on,1,23,4.643,3.30269,,,,
nomystery-opt11-strips,p15.pddl,selector,1,23,3.836,2.77118,presolve,,,
nomystery-opt11-strips,p16.pddl,off,1,26,9.970,7.8925,,,,
nomystery-opt11-strips,p16.pddl,on,1,26,8.311,6.37274,,,,
nomystery-opt11-strips,p16.pddl,selector,1,26,8.867,6.70327,presolve,,,
nomystery-opt11-strips,p17.pddl,off,1,30,100.137,98.4527,,,,
nomystery-opt11-strips,p17.pddl,on,1,30,46.751,45.1702,,,,
nomystery-opt11-strips,p17.pddl,selector,1,30,56.755,44.6481,on,19708,13385,11.408
nomystery-opt11-strips,p18.pddl,off,1,34,1020.172,1016.64,,,,
nomystery-opt11-strips,p18.pddl,on,1,34,1733.681,1730.65,,,,
nomystery-opt11-strips,p18.pddl,selector,1,34,1059.480,1044.32,off,20964,15618,12.517
nomystery-opt11-strips,p19.pddl,off,0,,1799.798,,,,,
nomystery-opt11-strips,p19.pddl,on,0,,1799.823,,,,,
nomystery-opt11-strips,p19.pddl,selector,0,,1799.619,,on,28384,18120,12.215
nomystery-opt11-strips,p20.pddl,off,0,,1800.375,,,,,
nomystery-opt11-strips,p20.pddl,on,0,,1799.717,,,,,
nomystery-opt11-strips,p20.pddl,selector,0,,1799.659,,on,25212,14961,12.266
openstacks-opt08-strips,p01.pddl,off,1,2,0.417,0.00441164,,,,
openstacks-opt08-strips,p01.pddl,on,1,2,0.417,0.00400048,,,,
openstacks-opt08-strips,p01.pddl,selector,1,2,0.568,0.00607533,presolve,,,
openstacks-opt08-strips,p02.pddl,off,1,2,0.568,0.00799993,,,,
openstacks-opt08-strips,p02.pddl,on,1,2,0.568,0.00890968,,,,
openstacks-opt08-strips,p02.pddl,selector,1,2,0.719,0.00896886,presolve,,,
openstacks-opt08-strips,p03.pddl,off,1,2,0.568,0.0110003,,,,
openstacks-opt08-strips,p03.pddl,on,1,2,0.568,0.0119986,,,,
openstacks-opt08-strips,p03.pddl,selector,1,2,0.719,0.0118341,presolve,,,
openstacks-opt08-strips,p04.pddl,off,1,3,0.618,0.0179996,,,,
openstacks-opt08-strips,p04.pddl,on,1,3,0.618,0.0246337,,,,
openstacks-opt08-strips,p04.pddl,selector,1,3,0.768,0.0184503,presolve,,,
openstacks-opt08-strips,p05.pddl,off,1,4,0.619,0.0302788,,,,
openstacks-opt08-strips,p05.pddl,on,1,4,0.467,0.017517,,,,
openstacks-opt08-strips,p05.pddl,selector,1,4,0.568,0.0169361,presolve,,,
openstacks-opt08-strips,p06.pddl,off,1,2,0.468,0.0233863,,,,
openstacks-opt08-strips,p06.pddl,on,1,2,0.467,0.026,,,,
openstacks-opt08-strips,p06.pddl,selector,1,2,0.568,0.0229923,presolve,,,
openstacks-opt08-strips,p07.pddl,off,1,5,0.518,0.0508715,,,,
openstacks-opt08-strips,p07.pddl,on,1,5,0.568,0.0541229,,,,
openstacks-opt08-strips,p07.pddl,selector,1,5,0.618,0.0405304,presolve,,,
openstacks-opt08-strips,p08.pddl,off,1,5,0.718,0.114742,,,,
openstacks-opt08-strips,p08.pddl,on,1,5,0.719,0.0720001,,,,
openstacks-opt08-strips,p08.pddl,selector,1,5,0.971,0.142174,presolve,,,
openstacks-opt08-strips,p09.pddl,off,1,3,0.769,0.0904165,,,,
openstacks-opt08-strips,p09.pddl,on,1,3,0.719,0.0702767,,,,
openstacks-opt08-strips,p09.pddl,selector,1,3,0.870,0.0720001,presolve,,,
openstacks-opt08-strips,p10.pddl,off,1,3,0.719,0.0799816,,,,
openstacks-opt08-strips,p10.pddl,on,1,3,0.769,0.0840107,,,,
openstacks-opt08-strips,p10.pddl,selector,1,3,0.870,0.0839983,presolve,,,
openstacks-opt08-strips,p11.pddl,off,1,4,0.820,0.158993,,,,
openstacks-opt08-strips,p11.pddl,on,1,4,0.668,0.109418,,,,
openstacks-opt08-strips,p11.pddl,selector,1,4,0.719,0.104581,presolve,,,
openstacks-opt08-strips,p12.pddl,off,1,3,0.668,0.103486,,,,
openstacks-opt08-strips,p12.pddl,on,1,3,0.668,0.101998,,,,
openstacks-opt08-strips,p12.pddl,selector,1,3,0.718,0.103133,presolve,,,
openstacks-opt08-strips,p13.pddl,off,1,4,0.668,0.126503,,,,
openstacks-opt08-strips,p13.pddl,on,1,4,0.718,0.118001,,,,
openstacks-opt08-strips,p13.pddl,selector,1,4,0.820,0.127647,presolve,,,
openstacks-opt08-strips,p14.pddl,off,1,4,0.929,0.242001,,,,
openstacks-opt08-strips,p14.pddl,on,1,4,1.120,0.278848,,,,
openstacks-opt08-strips,p14.pddl,selector,1,4,1.222,0.243979,presolve,,,
openstacks-opt08-strips,p15.pddl,off,1,4,0.971,0.250155,,,,
openstacks-opt08-strips,p15.pddl,on,1,4,1.120,0.304999,,,,
openstacks-opt08-strips,p15.pddl,selector,1,4,0.820,0.175134,presolve,,,
openstacks-opt08-strips,p16.pddl,off,1,4,0.769,0.220203,,,,
openstacks-opt08-strips,p16.pddl,on,1,4,0.769,0.2188,,,,
openstacks-opt08-strips,p16.pddl,selector,1,4,0.870,0.22099,presolve,,,
openstacks-opt08-strips,p17.pddl,off,1,4,0.820,0.240273,,,,
openstacks-opt08-strips,p17.pddl,on,1,4,0.819,0.238585,,,,
openstacks-opt08-strips,p17.pddl,selector,1,4,0.970,0.246873,presolve,,,
openstacks-opt08-strips,p18.pddl,off,1,3,0.870,0.26946,,,,
openstacks-opt08-strips,p18.pddl,on,1,3,0.870,0.262057,,,,
openstacks-opt08-strips,p18.pddl,selector,1,3,0.970,0.270545,presolve,,,
openstacks-opt08-strips,p19.pddl,off,1,4,0.920,0.307213,,,,
openstacks-opt08-strips,p19.pddl,on,1,4,0.921,0.288225,,,,
openstacks-opt08-strips,p19.pddl,selector,1,4,1.020,0.283674,presolve,,,
openstacks-opt08-strips,p20.pddl,off,1,4,1.272,0.501346,,,,
openstacks-opt08-strips,p20.pddl,on,1,4,1.021,0.34028,,,,
openstacks-opt08-strips,p20.pddl,selector,1,4,1.071,0.32799,presolve,,,
openstacks-opt08-strips,p21.pddl,off,1,3,1.121,0.4567,,,,
openstacks-opt08-strips,p21.pddl,on,1,3,1.122,0.449268,,,,
openstacks-opt08-strips,p21.pddl,selector,1,3,1.222,0.461488,presolve,,,
openstacks-opt08-strips,p22.pddl,off,1,4,1.222,0.507373,,,,
openstacks-opt08-strips,p22.pddl,on,1,4,1.222,0.468489,,,,
openstacks-opt08-strips,p22.pddl,selector,1,4,1.323,0.509935,presolve,,,
openstacks-opt08-strips,p23.pddl,off,1,4,1.725,0.972971,,,,
openstacks-opt08-strips,p23.pddl,on,1,4,1.675,0.938823,,,,
openstacks-opt08-strips,p23.pddl,selector,1,4,1.876,1.03693,presolve,,,
openstacks-opt08-strips,p24.pddl,off,1,5,1.423,0.668987,,,,
openstacks-opt08-strips,p24.pddl,on,1,5,1.423,0.648924,,,,
openstacks-opt08-strips,p24.pddl,selector,1,5,1.524,0.687451,presolve,,,
openstacks-opt08-strips,p25.pddl,off,1,4,1.573,0.796675,,,,
openstacks-opt08-strips,p25.pddl,on,1,4,1.624,0.827149,,,,
openstacks-opt08-strips,p25.pddl,selector,1,4,1.776,0.804318,presolve,,,
openstacks-opt08-strips,p26.pddl,off,1,5,1.774,0.978754,,,,
openstacks-opt08-strips,p26.pddl,on,1,5,4.896,3.76182,,,,
openstacks-opt08-strips,p26.pddl,selector,1,5,3.083,1.80691,presolve,,,
openstacks-opt08-strips,p27.pddl,off,1,6,2.930,1.74698,,,,
openstacks-opt08-strips,p27.pddl,on,1,6,2.933,1.76168,,,,
openstacks-opt08-strips,p27.pddl,selector,1,6,3.083,1.74654,presolve,,,
openstacks-opt08-strips,p28.pddl,off,1,4,2.628,1.42792,,,,
openstacks-opt08-strips,p28.pddl,on,1,4,2.631,1.43692,,,,
openstacks-opt08-strips,p28.pddl,selector,1,4,2.681,1.36996,presolve,,,
openstacks-opt08-strips,p29.pddl,off,1,5,3.685,2.43667,,,,
openstacks-opt08-strips,p29.pddl,on,1,5,3.084,1.82691,,,,
openstacks-opt08-strips,p29.pddl,selector,1,5,3.284,1.87205,presolve,,,
openstacks-opt08-strips,p30.pddl,off,1,4,3.786,2.42073,,,,
openstacks-opt08-strips,p30.pddl,on,1,4,3.586,2.30355,,,,
openstacks-opt08-strips,p30.pddl,selector,1,4,3.686,2.2797,presolve,,,
openstacks-opt11-strips,p01.pddl,off,1,2,0.668,0.0402197,,,,
openstacks-opt11-strips,p01.pddl,on,1,2,0.618,0.0358627,,,,
openstacks-opt11-strips,p01.pddl,selector,1,2,0.719,0.0339992,presolve,,,
openstacks-opt11-strips,p02.pddl,off,1,5,0.669,0.0695825,,,,
openstacks-opt11-strips,p02.pddl,on,1,5,0.669,0.0939989,,,,
openstacks-opt11-strips,p02.pddl,selector,1,5,0.820,0.0685893,presolve,,,
openstacks-opt11-strips,p03.pddl,off,1,5,0.719,0.0886071,,,,
openstacks-opt11-strips,p03.pddl,on,1,5,0.719,0.0890634,,,,
openstacks-opt11-strips,p03.pddl,selector,1,5,0.870,0.0980021,presolve,,,
openstacks-opt11-strips,p04.pddl,off,1,3,0.820,0.0829989,,,,
openstacks-opt11-strips,p04.pddl,on,1,3,0.719,0.0721985,,,,
openstacks-opt11-strips,p04.pddl,selector,1,3,0.920,0.0709116,presolve,,,
openstacks-opt11-strips,p05.pddl,off,1,3,0.719,0.0852152,,,,
openstacks-opt11-strips,p05.pddl,on,1,3,0.768,0.0861717,,,,
openstacks-opt11-strips,p05.pddl,selector,1,3,0.870,0.0846654,presolve,,,
openstacks-opt11-strips,p06.pddl,off,1,4,0.820,0.164231,,,,
openstacks-opt11-strips,p06.pddl,on,1,4,0.870,0.173275,,,,
openstacks-opt11-strips,p06.pddl,selector,1,4,0.970,0.156,presolve,,,
openstacks-opt11-strips,p07.pddl,off,1,3,0.870,0.156999,,,,
openstacks-opt11-strips,p07.pddl,on,1,3,0.820,0.148332,,,,
openstacks-opt11-strips,p07.pddl,selector,1,3,1.020,0.151973,presolve,,,
openstacks-opt11-strips,p08.pddl,off,1,4,0.920,0.18386,,,,
openstacks-opt11-strips,p08.pddl,on,1,4,0.920,0.175,,,,
openstacks-opt11-strips,p08.pddl,selector,1,4,1.221,0.210891,presolve,,,
openstacks-opt11-strips,p09.pddl,off,1,4,1.021,0.240996,,,,
openstacks-opt11-strips,p09.pddl,on,1,4,1.021,0.267769,,,,
openstacks-opt11-strips,p09.pddl,selector,1,4,1.120,0.243812,presolve,,,
openstacks-opt11-strips,p10.pddl,off,1,4,1.726,0.767728,,,,
openstacks-opt11-strips,p10.pddl,on,1,4,1.927,0.843748,,,,
openstacks-opt11-strips,p10.pddl,selector,1,4,1.825,0.728073,presolve,,,
openstacks-opt11-strips,p11.pddl,off,1,4,0.969,0.26,,,,
openstacks-opt11-strips,p11.pddl,on,1,4,0.970,0.247977,,,,
openstacks-opt11-strips,p11.pddl,selector,1,4,1.222,0.293993,presolve,,,
openstacks-opt11-strips,p12.pddl,off,1,4,1.071,0.322974,,,,
openstacks-opt11-strips,p12.pddl,on,1,4,1.071,0.331564,,,,
openstacks-opt11-strips,p12.pddl,selector,1,4,1.223,0.330972,presolve,,,
openstacks-opt11-strips,p13.pddl,off,1,4,1.271,0.410987,,,,
openstacks-opt11-strips,p13.pddl,on,1,4,1.222,0.345609,,,,
openstacks-opt11-strips,p13.pddl,selector,1,4,1.322,0.355023,presolve,,,
openstacks-opt11-strips,p14.pddl,off,1,3,1.172,0.403767,,,,
openstacks-opt11-strips,p14.pddl,on,1,3,1.221,0.409192,,,,
openstacks-opt11-strips,p14.pddl,selector,1,3,1.373,0.429163,presolve,,,
openstacks-opt11-strips,p15.pddl,off,1,4,1.221,0.421252,,,,
openstacks-opt11-strips,p15.pddl,on,1,4,1.272,0.406081,,,,
openstacks-opt11-strips,p15.pddl,selector,1,4,1.474,0.430724,presolve,,,
openstacks-opt11-strips,p16.pddl,off,1,3,1.776,0.740841,,,,
openstacks-opt11-strips,p16.pddl,on,1,3,1.573,0.656998,,,,
openstacks-opt11-strips,p16.pddl,selector,1,3,1.574,0.513836,presolve,,,
openstacks-opt11-strips,p17.pddl,off,1,4,1.371,0.487979,,,,
openstacks-opt11-strips,p17.pddl,on,1,4,1.020,0.34381,,,,
openstacks-opt11-strips,p17.pddl,selector,1,4,1.573,0.48888,presolve,,,
openstacks-opt11-strips,p18.pddl,off,1,4,1.725,0.978054,,,,
openstacks-opt11-strips,p18.pddl,on,1,4,2.379,1.40661,,,,
openstacks-opt11-strips,p18.pddl,selector,1,4,2.428,1.32399,presolve,,,
openstacks-opt11-strips,p19.pddl,off,1,5,1.422,0.67135,,,,
openstacks-opt11-strips,p19.pddl,on,1,5,1.474,0.661974,,,,
openstacks-opt11-strips,p19.pddl,selector,1,5,1.775,0.664911,presolve,,,
openstacks-opt11-strips,p20.pddl,off,1,4,2.228,1.14298,,,,
openstacks-opt11-strips,p20.pddl,on,1,4,1.624,0.831209,,,,
openstacks-opt11-strips,p20.pddl,selector,1,4,2.227,1.10406,presolve,,,
openstacks-opt14-strips,p20_1.pddl,off,1,3,0.920,0.218696,,,,
openstacks-opt14-strips,p20_1.pddl,on,1,3,1.020,0.257751,,,,
openstacks-opt14-strips,p20_1.pddl,selector,1,3,0.920,0.246278,presolve,,,
openstacks-opt14-strips,p20_2.pddl,off,1,3,0.970,0.256333,,,,
openstacks-opt14-strips,p20_2.pddl,on,1,3,0.820,0.182222,,,,
openstacks-opt14-strips,p20_2.pddl,selector,1,3,1.172,0.255285,presolve,,,
openstacks-opt14-strips,p20_3.pddl,off,1,3,0.769,0.19541,,,,
openstacks-opt14-strips,p20_3.pddl,on,1,3,1.020,0.26501,,,,
openstacks-opt14-strips,p20_3.pddl,selector,1,3,1.221,0.322999,presolve,,,
openstacks-opt14-strips,p25_1.pddl,off,0,,0.417,0.0002296,,,,
openstacks-opt14-strips,p25_1.pddl,on,0,,0.467,0.000448732,,,,
openstacks-opt14-strips,p25_1.pddl,selector,0,,1.372,0.00046146,off,0,0,0.948
openstacks-opt14-strips,p25_3.pddl,off,0,,0.467,0.000601636,,,,
openstacks-opt14-strips,p25_3.pddl,on,0,,0.517,0.000417012,,,,
openstacks-opt14-strips,p25_3.pddl,selector,0,,1.422,0.000529104,off,0,0,0.999
openstacks-opt14-strips,p30_1.pddl,off,0,,0.467,0.000464931,,,,
openstacks-opt14-strips,p30_1.pddl,on,0,,0.517,0.00051393,,,,
openstacks-opt14-strips,p30_1.pddl,selector,0,,1.322,0.000511292,off,0,0,0.898
openstacks-opt14-strips,p30_2.pddl,off,0,,0.518,0.000528952,,,,
openstacks-opt14-strips,p30_2.pddl,on,0,,0.518,0.000473247,,,,
openstacks-opt14-strips,p30_2.pddl,selector,0,,1.524,0.000411247,off,0,0,0.999
openstacks-opt14-strips,p30_3.pddl,off,0,,0.417,0.000606926,,,,
openstacks-opt14-strips,p30_3.pddl,on,0,,0.517,0.000405128,,,,
openstacks-opt14-strips,p30_3.pddl,selector,0,,1.322,0.000444037,off,0,0,0.849
openstacks-opt14-strips,p35_1.pddl,off,0,,0.517,0.000271753,,,,
openstacks-opt14-strips,p35_1.pddl,on,0,,0.467,0.000455164,,,,
openstacks-opt14-strips,p35_1.pddl,selector,0,,1.473,0.000559798,off,0,0,0.999
openstacks-opt14-strips,p35_2.pddl,off,0,,0.417,0.000463641,,,,
openstacks-opt14-strips,p35_2.pddl,on,0,,0.568,0.000542649,,,,
openstacks-opt14-strips,p35_2.pddl,selector,0,,1.272,0.00049488,off,0,0,0.848
openstacks-opt14-strips,p35_3.pddl,off,0,,0.618,0.000254467,,,,
openstacks-opt14-strips,p35_3.pddl,on,0,,0.517,0.000472462,,,,
openstacks-opt14-strips,p35_3.pddl,selector,0,,1.372,0.000330855,off,0,0,0.948
openstacks-opt14-strips,p40_1.pddl,off,0,,0.618,0.000554679,,,,
openstacks-opt14-strips,p40_1.pddl,on,0,,0.518,0.000545552,,,,
openstacks-opt14-strips,p40_1.pddl,selector,0,,1.272,0.000476326,off,0,0,0.898
openstacks-opt14-strips,p40_2.pddl,off,0,,0.619,0.000600696,,,,
openstacks-opt14-strips,p40_2.pddl,on,0,,0.517,0.000622796,,,,
openstacks-opt14-strips,p40_2.pddl,selector,0,,1.373,0.000547892,off,0,0,0.949
openstacks-opt14-strips,p40_3.pddl,off,0,,0.517,0.000483481,,,,
openstacks-opt14-strips,p40_3.pddl,on,0,,0.568,0.000477727,,,,
openstacks-opt14-strips,p40_3.pddl,selector,0,,1.423,0.000569676,off,0,0,0.999
openstacks-opt14-strips,p45_1.pddl,off,0,,0.518,0.000347553,,,,
openstacks-opt14-strips,p45_1.pddl,on,0,,0.568,0.000313856,,,,
openstacks-opt14-strips,p45_1.pddl,selector,0,,1.472,0.00043113,off,0,0,0.998
openstacks-opt14-strips,p45_2.pddl,off,0,,0.467,0.000460543,,,,
openstacks-opt14-strips,p45_2.pddl,on,0,,0.568,0.00052186,,,,
openstacks-opt14-strips,p45_2.pddl,selector,0,,1.474,0.00053301,off,0,0,1.049
openstacks-opt14-strips,p45_3.pddl,off,0,,0.568,0.000483075,,,,
openstacks-opt14-strips,p45_3.pddl,on,0,,0.618,0.000555737,,,,
openstacks-opt14-strips,p45_3.pddl,selector,0,,1.272,0.000510464,off,0,0,0.848
openstacks-opt14-strips,p50_1.pddl,off,0,,0.619,0.00048978,,,,
openstacks-opt14-strips,p50_1.pddl,on,0,,0.618,0.000216147,,,,
openstacks-opt14-strips,p50_1.pddl,selector,0,,1.372,0.000527308,off,0,0,0.949
openstacks-opt14-strips,p50_2.pddl,off,0,,0.618,0.000538721,,,,
openstacks-opt14-strips,p50_2.pddl,on,0,,0.467,0.000427751,,,,
openstacks-opt14-strips,p50_2.pddl,selector,0,,1.372,0.00054124,off,0,0,0.948
openstacks-opt14-strips,p50_3.pddl,off,0,,0.568,0.000516185,,,,
openstacks-opt14-strips,p50_3.pddl,on,0,,0.467,0.000461904,,,,
openstacks-opt14-strips,p50_3.pddl,selector,0,,1.474,0.000191143,off,0,0,1.049
openstacks-strips,p01.pddl,off,1,23,0.769,0.0108914,,,,
openstacks-strips,p01.pddl,on,1,23,1.121,0.0174612,,,,
openstacks-strips,p01.pddl,selector,1,23,1.070,0.0110006,presolve,,,
openstacks-strips,p02.pddl,off,1,23,0.869,0.0120003,,,,
openstacks-strips,p02.pddl,on,1,23,0.970,0.01671,,,,
openstacks-strips,p02.pddl,selector,1,23,0.919,0.0169989,presolve,,,
openstacks-strips,p03.pddl,off,1,23,0.769,0.0104807,,,,
openstacks-strips,p03.pddl,on,1,23,0.970,0.0174568,,,,
openstacks-strips,p03.pddl,selector,1,23,0.870,0.0110331,presolve,,,
openstacks-strips,p04.pddl,off,1,23,1.121,0.0169996,,,,
openstacks-strips,p04.pddl,on,1,23,0.920,0.0107438,,,,
openstacks-strips,p04.pddl,selector,1,23,0.920,0.0109996,presolve,,,
openstacks-strips,p05.pddl,off,1,23,0.920,0.0169989,,,,
openstacks-strips,p05.pddl,on,1,23,0.769,0.0110789,,,,
openstacks-strips,p05.pddl,selector,1,23,0.869,0.0116126,presolve,,,
openstacks-strips,p06.pddl,off,0,,0.166,,,,,
openstacks-strips,p06.pddl,on,0,,0.115,,,,,
openstacks-strips,p06.pddl,selector,0,,0.166,,,,,
openstacks-strips,p07.pddl,off,0,,0.166,,,,,
openstacks-strips,p07.pddl,on,0,,0.116,,,,,
openstacks-strips,p07.pddl,selector,0,,0.216,,,,,
openstacks-strips,p08.pddl,off,0,,0.116,,,,,
openstacks-strips,p08.pddl,on,0,,0.115,,,,,
openstacks-strips,p08.pddl,selector,0,,0.216,,,,,
openstacks-strips,p09.pddl,off,0,,0.166,,,,,
openstacks-strips,p09.pddl,on,0,,0.115,,,,,
openstacks-strips,p09.pddl,selector,0,,0.215,,,,,
openstacks-strips,p10.pddl,off,0,,0.115,,,,,
openstacks-strips,p10.pddl,on,0,,0.166,,,,,
openstacks-strips,p10.pddl,selector,0,,0.165,,,,,
openstacks-strips,p11.pddl,off,0,,0.115,,,,,
openstacks-strips,p11.pddl,on,0,,0.165,,,,,
openstacks-strips,p11.pddl,selector,0,,0.166,,,,,
openstacks-strips,p12.pddl,off,0,,0.166,,,,,
openstacks-strips,p12.pddl,on,0,,0.115,,,,,
openstacks-strips,p12.pddl,selector,0,,0.216,,,,,
openstacks-strips,p13.pddl,off,0,,0.115,,,,,
openstacks-strips,p13.pddl,on,0,,0.166,,,,,
openstacks-strips,p13.pddl,selector,0,,0.215,,,,,
openstacks-strips,p14.pddl,off,0,,0.115,,,,,
openstacks-strips,p14.pddl,on,0,,0.166,,,,,
openstacks-strips,p14.pddl,selector,0,,0.165,,,,,
openstacks-strips,p15.pddl,off,0,,0.165,,,,,
openstacks-strips,p15.pddl,on,0,,0.165,,,,,
openstacks-strips,p15.pddl,selector,0,,0.216,,,,,
openstacks-strips,p16.pddl,off,0,,0.115,,,,,
openstacks-strips,p16.pddl,on,0,,0.166,,,,,
openstacks-strips,p16.pddl,selector,0,,0.165,,,,,
openstacks-strips,p17.pddl,off,0,,0.115,,,,,
openstacks-strips,p17.pddl,on,0,,0.165,,,,,
openstacks-strips,p17.pddl,selector,0,,0.165,,,,,
openstacks-strips,p18.pddl,off,0,,0.165,,,,,
openstacks-strips,p18.pddl,on,0,,0.115,,,,,
openstacks-strips,p18.pddl,selector,0,,0.166,,,,,
openstacks-strips,p19.pddl,off,0,,0.165,,,,,
openstacks-strips,p19.pddl,on,0,,0.165,,,,,
openstacks-strips,p19.pddl,selector,0,,0.216,,,,,
openstacks-strips,p20.pddl,off,0,,0.165,,,,,
openstacks-strips,p20.pddl,on,0,,0.115,,,,,
openstacks-strips,p20.pddl,selector,0,,0.165,,,,,
openstacks-strips,p21.pddl,off,0,,0.166,,,,,
openstacks-strips,p21.pddl,on,0,,0.116,,,,,
openstacks-strips,p21.pddl,selector,0,,0.166,,,,,
openstacks-strips,p22.pddl,off,0,,0.166,,,,,
openstacks-strips,p22.pddl,on,0,,0.165,,,,,
openstacks-strips,p22.pddl,selector,0,,0.217,,,,,
openstacks-strips,p23.pddl,off,0,,0.115,,,,,
openstacks-strips,p23.pddl,on,0,,0.166,,,,,
openstacks-strips,p23.pddl,selector,0,,0.165,,,,,
openstacks-strips,p24.pddl,off,0,,0.165,,,,,
openstacks-strips,p24.pddl,on,0,,0.166,,,,,
openstacks-strips,p24.pddl,selector,0,,0.216,,,,,
openstacks-strips,p25.pddl,off,0,,0.115,,,,,
openstacks-strips,p25.pddl,on,0,,0.165,,,,,
openstacks-strips,p25.pddl,selector,0,,0.166,,,,,
openstacks-strips,p26.pddl,off,0,,0.115,,,,,
openstacks-strips,p26.pddl,on,0,,0.166,,,,,
openstacks-strips,p26.pddl,selector,0,,0.216,,,,,
openstacks-strips,p27.pddl,off,0,,0.115,,,,,
openstacks-strips,p27.pddl,on,0,,0.166,,,,,
openstacks-strips,p27.pddl,selector,0,,0.165,,,,,
openstacks-strips,p28.pddl,off,0,,0.165,,,,,
openstacks-strips,p28.pddl,on,0,,0.165,,,,,
openstacks-strips,p28.pddl,selector,0,,0.165,,,,,
openstacks-strips,p29.pddl,off,0,,0.115,,,,,
openstacks-strips,p29.pddl,on,0,,0.115,,,,,
openstacks-strips,p29.pddl,selector,0,,0.165,,,,,
openstacks-strips,p30.pddl,off,0,,0.166,,,,,
openstacks-strips,p30.pddl,on,0,,0.115,,,,,
openstacks-strips,p30.pddl,selector,0,,0.165,,,,,
organic-synthesis-opt18-strips,p01.pddl,off,1,1,0.669,0.000839844,,,,
organic-synthesis-opt18-strips,p01.pddl,on,1,1,0.568,0.000817706,,,,
organic-synthesis-opt18-strips,p01.pddl,selector,1,1,0.668,0.00118751,presolve,,,
organic-synthesis-opt18-strips,p02.pddl,off,1,1,0.568,0.000865889,,,,
organic-synthesis-opt18-strips,p02.pddl,on,1,1,0.567,0.000998888,,,,
organic-synthesis-opt18-strips,p02.pddl,selector,1,1,0.819,0.000527907,presolve,,,
organic-synthesis-opt18-strips,p03.pddl,off,1,2,11.436,0.00110867,,,,
organic-synthesis-opt18-strips,p03.pddl,on,1,2,8.166,0.00168075,,,,
organic-synthesis-opt18-strips,p03.pddl,selector,1,2,8.412,0.00109377,presolve,,,
organic-synthesis-opt18-strips,p04.pddl,off,0,,139.790,,,,,
organic-synthesis-opt18-strips,p04.pddl,on,0,,136.676,,,,,
organic-synthesis-opt18-strips,p04.pddl,selector,0,,139.698,,,,,
organic-synthesis-opt18-strips,p05.pddl,off,0,,111.441,,,,,
organic-synthesis-opt18-strips,p05.pddl,on,0,,76.528,,,,,
organic-synthesis-opt18-strips,p05.pddl,selector,0,,109.830,,,,,
organic-synthesis-opt18-strips,p06.pddl,off,0,,104.147,,,,,
organic-synthesis-opt18-strips,p06.pddl,on,0,,71.372,,,,,
organic-synthesis-opt18-strips,p06.pddl,selector,0,,72.245,,,,,
organic-synthesis-opt18-strips,p07.pddl,off,1,2,0.668,0.000607158,,,,
organic-synthesis-opt18-strips,p07.pddl,on,1,2,0.618,0.000634268,,,,
organic-synthesis-opt18-strips,p07.pddl,selector,1,2,0.768,0.000832981,presolve,,,
organic-synthesis-opt18-strips,p08.pddl,off,0,,156.378,,,,,
organic-synthesis-opt18-strips,p08.pddl,on,0,,153.691,,,,,
organic-synthesis-opt18-strips,p08.pddl,selector,0,,158.348,,,,,
organic-synthesis-opt18-strips,p09.pddl,off,1,2,6.602,0.000910672,,,,
organic-synthesis-opt18-strips,p09.pddl,on,1,2,6.805,0.000992734,,,,
organic-synthesis-opt18-strips,p09.pddl,selector,1,2,6.803,0.000764319,presolve,,,
organic-synthesis-opt18-strips,p10.pddl,off,1,2,8.408,0.000763323,,,,
organic-synthesis-opt18-strips,p10.pddl,on,1,2,6.954,0.000781907,,,,
organic-synthesis-opt18-strips,p10.pddl,selector,1,2,10.273,0.00148911,presolve,,,
organic-synthesis-opt18-strips,p11.pddl,off,0,,269.930,,,,,
organic-synthesis-opt18-strips,p11.pddl,on,0,,348.187,,,,,
organic-synthesis-opt18-strips,p11.pddl,selector,0,,270.295,,,,,
organic-synthesis-opt18-strips,p12.pddl,off,0,,211.361,,,,,
organic-synthesis-opt18-strips,p12.pddl,on,0,,177.550,,,,,
organic-synthesis-opt18-strips,p12.pddl,selector,0,,151.624,,,,,
organic-synthesis-opt18-strips,p13.pddl,off,0,,97.945,,,,,
organic-synthesis-opt18-strips,p13.pddl,on,0,,83.663,,,,,
organic-synthesis-opt18-strips,p13.pddl,selector,0,,83.418,,,,,
organic-synthesis-opt18-strips,p14.pddl,off,1,2,2.278,0.00157234,,,,
organic-synthesis-opt18-strips,p14.pddl,on,1,2,2.379,0.00202864,,,,
organic-synthesis-opt18-strips,p14.pddl,selector,1,2,3.989,0.0020002,presolve,,,
organic-synthesis-opt18-strips,p15.pddl,off,0,,90.412,,,,,
organic-synthesis-opt18-strips,p15.pddl,on,0,,111.286,,,,,
organic-synthesis-opt18-strips,p15.pddl,selector,0,,92.222,,,,,
organic-synthesis-opt18-strips,p16.pddl,off,0,,202.782,,,,,
organic-synthesis-opt18-strips,p16.pddl,on,0,,184.805,,,,,
organic-synthesis-opt18-strips,p16.pddl,selector,0,,192.972,,,,,
organic-synthesis-opt18-strips,p17.pddl,off,0,,80.455,,,,,
organic-synthesis-opt18-strips,p17.pddl,on,0,,82.067,,,,,
organic-synthesis-opt18-strips,p17.pddl,selector,0,,128.415,,,,,
organic-synthesis-opt18-strips,p18.pddl,off,0,,86.788,,,,,
organic-synthesis-opt18-strips,p18.pddl,on,0,,91.670,,,,,
organic-synthesis-opt18-strips,p18.pddl,selector,0,,92.278,,,,,
organic-synthesis-opt18-strips,p19.pddl,off,0,,95.901,,,,,
organic-synthesis-opt18-strips,p19.pddl,on,0,,135.322,,,,,
organic-synthesis-opt18-strips,p19.pddl,selector,0,,102.073,,,,,
organic-synthesis-opt18-strips,p20.pddl,off,0,,159.988,,,,,
organic-synthesis-opt18-strips,p20.pddl,on,0,,180.638,,,,,
organic-synthesis-opt18-strips,p20.pddl,selector,0,,153.017,,,,,
organic-synthesis-split-opt18-strips,p01.pddl,off,1,41,38.276,0.00306256,,,,
organic-synthesis-split-opt18-strips,p01.pddl,on,1,41,32.001,0.00419915,,,,
organic-synthesis-split-opt18-strips,p01.pddl,selector,1,41,27.863,0.00293329,presolve,,,
organic-synthesis-split-opt18-strips,p02.pddl,off,1,41,42.899,0.00471235,,,,
organic-synthesis-split-opt18-strips,p02.pddl,on,1,41,30.433,0.00511943,,,,
organic-synthesis-split-opt18-strips,p02.pddl,selector,1,41,27.023,0.00423646,presolve,,,
organic-synthesis-split-opt18-strips,p03.pddl,off,1,252,56.265,0.0501885,,,,
organic-synthesis-split-opt18-strips,p03.pddl,on,1,252,38.987,0.0385351,,,,
organic-synthesis-split-opt18-strips,p03.pddl,selector,1,252,32.996,0.0435665,presolve,,,
organic-synthesis-split-opt18-strips,p04.pddl,off,1,252,31.494,0.0109998,,,,
organic-synthesis-split-opt18-strips,p04.pddl,on,1,252,28.589,0.0107635,,,,
organic-synthesis-split-opt18-strips,p04.pddl,selector,1,252,38.745,0.0106538,presolve,,,
organic-synthesis-split-opt18-strips,p05.pddl,off,1,252,38.892,0.00810217,,,,
organic-synthesis-split-opt18-strips,p05.pddl,on,1,252,37.713,0.0081399,,,,
organic-synthesis-split-opt18-strips,p05.pddl,selector,1,252,45.762,0.0150001,presolve,,,
organic-synthesis-split-opt18-strips,p06.pddl,off,1,252,96.393,0.0198666,,,,
organic-synthesis-split-opt18-strips,p06.pddl,on,1,252,115.815,0.0238596,,,,
organic-synthesis-split-opt18-strips,p06.pddl,selector,1,252,101.162,0.0202444,presolve,,,
organic-synthesis-split-opt18-strips,p07.pddl,off,1,252,22.634,0.00666912,,,,
organic-synthesis-split-opt18-strips,p07.pddl,on,1,252,18.916,0.00735125,,,,
organic-synthesis-split-opt18-strips,p07.pddl,selector,1,252,21.532,0.00948866,presolve,,,
organic-synthesis-split-opt18-strips,p08.pddl,off,1,252,1711.201,1022.39,,,,
organic-synthesis-split-opt18-strips,p08.pddl,on,0,,1800.189,,,,,
organic-synthesis-split-opt18-strips,p08.pddl,selector,0,,600.095,,,,,
organic-synthesis-split-opt18-strips,p09.pddl,off,1,82,30.428,0.0219992,,,,
organic-synthesis-split-opt18-strips,p09.pddl,on,1,82,29.741,0.0371785,,,,
organic-synthesis-split-opt18-strips,p09.pddl,selector,1,82,31.990,0.021818,presolve,,,
organic-synthesis-split-opt18-strips,p10.pddl,off,1,82,36.012,0.0210306,,,,
organic-synthesis-split-opt18-strips,p10.pddl,on,1,82,27.767,0.0350008,,,,
organic-synthesis-split-opt18-strips,p10.pddl,selector,1,82,55.477,0.0204852,presolve,,,
organic-synthesis-split-opt18-strips,p11.pddl,off,1,82,188.044,1.72296,,,,
organic-synthesis-split-opt18-strips,p11.pddl,on,1,82,193.224,1.29597,,,,
organic-synthesis-split-opt18-strips,p11.pddl,selector,1,82,158.286,1.69543,presolve,,,
organic-synthesis-split-opt18-strips,p12.pddl,off,1,82,81.834,0.742726,,,,
organic-synthesis-split-opt18-strips,p12.pddl,on,1,82,90.113,1.80298,,,,
organic-synthesis-split-opt18-strips,p12.pddl,selector,1,82,87.561,0.779206,presolve,,,
organic-synthesis-split-opt18-strips,p13.pddl,off,0,,1799.623,,,,,
organic-synthesis-split-opt18-strips,p13.pddl,on,0,,1800.242,,,,,
organic-synthesis-split-opt18-strips,p13.pddl,selector,0,,600.073,,,,,
organic-synthesis-split-opt18-strips,p14.pddl,off,1,82,36.264,0.0141396,,,,
organic-synthesis-split-opt18-strips,p14.pddl,on,1,82,35.727,0.014332,,,,
organic-synthesis-split-opt18-strips,p14.pddl,selector,1,82,57.564,0.0220007,presolve,,,
organic-synthesis-split-opt18-strips,p15.pddl,off,0,,1800.142,,,,,
organic-synthesis-split-opt18-strips,p15.pddl,on,0,,1799.639,,,,,
organic-synthesis-split-opt18-strips,p15.pddl,selector,0,,600.041,,,,,
organic-synthesis-split-opt18-strips,p16.pddl,off,0,,1799.543,,,,,
organic-synthesis-split-opt18-strips,p16.pddl,on,0,,1800.268,,,,,
organic-synthesis-split-opt18-strips,p16.pddl,selector,0,,600.093,,,,,
organic-synthesis-split-opt18-strips,p17.pddl,off,0,,1610.389,,,,,
organic-synthesis-split-opt18-strips,p17.pddl,on,0,,1799.820,,,,,
organic-synthesis-split-opt18-strips,p17.pddl,selector,0,,600.061,,,,,
organic-synthesis-split-opt18-strips,p18.pddl,off,0,,1800.205,,,,,
organic-synthesis-split-opt18-strips,p18.pddl,on,0,,1800.090,,,,,
organic-synthesis-split-opt18-strips,p18.pddl,selector,0,,600.105,,,,,
organic-synthesis-split-opt18-strips,p19.pddl,off,1,504,293.434,0.47917,,,,
organic-synthesis-split-opt18-strips,p19.pddl,on,1,504,275.639,0.66999,,,,
organic-synthesis-split-opt18-strips,p19.pddl,selector,1,504,304.639,0.456257,presolve,,,
organic-synthesis-split-opt18-strips,p20.pddl,off,0,,1805.521,,,,,
organic-synthesis-split-opt18-strips,p20.pddl,on,0,,1799.485,,,,,
organic-synthesis-split-opt18-strips,p20.pddl,selector,0,,600.093,,,,,
parcprinter-08-strips,p01.pddl,off,1,169009,0.719,0.00494111,,,,
parcprinter-08-strips,p01.pddl,on,1,169009,0.618,0.00457108,,,,
parcprinter-08-strips,p01.pddl,selector,1,169009,0.920,0.00500013,presolve,,,
parcprinter-08-strips,p02.pddl,off,1,438047,0.669,0.0127045,,,,
parcprinter-08-strips,p02.pddl,on,1,438047,0.819,0.0140388,,,,
parcprinter-08-strips,p02.pddl,selector,1,438047,0.870,0.0127907,presolve,,,
parcprinter-08-strips,p03.pddl,off,1,807114,0.668,0.0147202,,,,
parcprinter-08-strips,p03.pddl,on,1,807114,0.668,0.0133047,,,,
parcprinter-08-strips,p03.pddl,selector,1,807114,1.021,0.0210003,presolve,,,
parcprinter-08-strips,p04.pddl,off,1,876094,1.272,0.297987,,,,
parcprinter-08-strips,p04.pddl,on,1,876094,1.322,0.391883,,,,
parcprinter-08-strips,p04.pddl,selector,1,876094,1.171,0.225985,presolve,,,
parcprinter-08-strips,p05.pddl,off,1,1145132,1.874,1.07699,,,,
parcprinter-08-strips,p05.pddl,on,1,1145132,3.282,2.31188,,,,
parcprinter-08-strips,p05.pddl,selector,1,1145132,2.630,1.64682,presolve,,,
parcprinter-08-strips,p06.pddl,off,1,1514199,3.786,3.06855,,,,
parcprinter-08-strips,p06.pddl,on,1,1514199,4.389,3.38893,,,,
parcprinter-08-strips,p06.pddl,selector,1,1514199,3.938,3.05392,presolve,,,
parcprinter-08-strips,p07.pddl,off,1,1383121,93.068,91.8241,,,,
parcprinter-08-strips,p07.pddl,on,1,1383121,129.907,128.793,,,,
parcprinter-08-strips,p07.pddl,selector,1,1383121,97.675,85.4098,off,4198,7418,11.254
parcprinter-08-strips,p08.pddl,off,1,1852217,86.614,85.6898,,,,
parcprinter-08-strips,p08.pddl,on,1,1852217,153.067,151.789,,,,
parcprinter-08-strips,p08.pddl,selector,1,1852217,103.808,91.3454,off,6984,6346,11.209
parcprinter-08-strips,p09.pddl,off,1,2121255,1673.749,1671.1,,,,
parcprinter-08-strips,p09.pddl,on,0,,1799.596,,,,,
parcprinter-08-strips,p09.pddl,selector,1,2121255,1619.270,1605.56,off,11241,12761,11.306
parcprinter-08-strips,p10.pddl,off,0,,1799.495,,,,,
parcprinter-08-strips,p10.pddl,on,1,2490322,1744.699,1742.37,,,,
parcprinter-08-strips,p10.pddl,selector,0,,1799.652,,off,11025,9699,11.252
parcprinter-08-strips,p11.pddl,off,1,182808,0.518,0.00486384,,,,
parcprinter-08-strips,p11.pddl,on,1,182808,0.518,0.00460218,,,,
parcprinter-08-strips,p11.pddl,selector,1,182808,0.669,0.0044602,presolve,,,
parcprinter-08-strips,p12.pddl,off,1,510256,0.769,0.0979987,,,,
parcprinter-08-strips,p12.pddl,on,1,510256,0.669,0.0790851,,,,
parcprinter-08-strips,p12.pddl,selector,1,510256,0.920,0.0539977,presolve,,,
parcprinter-08-strips,p13.pddl,off,1,693064,1.574,0.793989,,,,
parcprinter-08-strips,p13.pddl,on,1,693064,1.676,1.02864,,,,
parcprinter-08-strips,p13.pddl,selector,1,693064,1.926,0.830985,presolve,,,
parcprinter-08-strips,p14.pddl,off,1,1020512,29.070,27.9618,,,,
parcprinter-08-strips,p14.pddl,on,1,1020512,47.533,46.555,,,,
parcprinter-08-strips,p14.pddl,selector,1,1020512,41.316,29.0128,off,5569,5385,11.259
parcprinter-08-strips,p15.pddl,off,0,,1799.310,,,,,
parcprinter-08-strips,p15.pddl,on,0,,1799.463,,,,,
parcprinter-08-strips,p15.pddl,selector,0,,1800.167,,off,8610,8167,10.905
parcprinter-08-strips,p16.pddl,off,0,,1799.815,,,,,
parcprinter-08-strips,p16.pddl,on,0,,1799.716,,,,,
parcprinter-08-strips,p16.pddl,selector,0,,1799.664,,off,12953,11151,11.203
parcprinter-08-strips,p17.pddl,off,0,,1799.562,,,,,
parcprinter-08-strips,p17.pddl,on,0,,1799.763,,,,,
parcprinter-08-strips,p17.pddl,selector,0,,1799.718,,off,16911,15239,11.410
parcprinter-08-strips,p18.pddl,off,0,,1799.572,,,,,
parcprinter-08-strips,p18.pddl,on,0,,1799.562,,,,,
parcprinter-08-strips,p18.pddl,selector,0,,1799.761,,off,23047,20564,11.461
parcprinter-08-strips,p19.pddl,off,0,,1799.549,,,,,
parcprinter-08-strips,p19.pddl,on,0,,1799.562,,,,,
parcprinter-08-strips,p19.pddl,selector,0,,1799.684,,off,20098,23143,11.413
parcprinter-08-strips,p20.pddl,off,0,,1799.932,,,,,
parcprinter-08-strips,p20.pddl,on,0,,1800.082,,,,,
parcprinter-08-strips,p20.pddl,selector,0,,1799.423,,off,29424,35472,12.105
parcprinter-08-strips,p21.pddl,off,1,143411,0.618,0.00300059,,,,
parcprinter-08-strips,p21.pddl,on,1,143411,0.619,0.00309272,,,,
parcprinter-08-strips,p21.pddl,selector,1,143411,0.870,0.00300022,presolve,,,
parcprinter-08-strips,p22.pddl,off,1,375821,0.568,0.00500002,,,,
parcprinter-08-strips,p22.pddl,on,1,375821,0.568,0.00899969,,,,
parcprinter-08-strips,p22.pddl,selector,1,375821,0.820,0.0077886,presolve,,,
parcprinter-08-strips,p23.pddl,off,1,519232,0.769,0.032,,,,
parcprinter-08-strips,p23.pddl,on,1,519232,0.669,0.0359999,,,,
parcprinter-08-strips,p23.pddl,selector,1,519232,0.820,0.0349557,presolve,,,
parcprinter-08-strips,p24.pddl,off,1,751642,1.071,0.202,,,,
parcprinter-08-strips,p24.pddl,on,1,751642,0.920,0.215999,,,,
parcprinter-08-strips,p24.pddl,selector,1,751642,1.221,0.174957,presolve,,,
parcprinter-08-strips,p25.pddl,off,1,1215839,4.487,3.62993,,,,
parcprinter-08-strips,p25.pddl,on,1,1215839,4.895,4.17283,,,,
parcprinter-08-strips,p25.pddl,selector,1,1215839,3.938,2.88395,presolve,,,
parcprinter-08-strips,p26.pddl,off,1,1216462,3.737,3.03503,,,,
parcprinter-08-strips,p26.pddl,on,1,1216462,4.039,3.23843,,,,
parcprinter-08-strips,p26.pddl,selector,1,1216462,3.483,2.55996,presolve,,,
parcprinter-08-strips,p27.pddl,off,1,1270874,49.330,48.4318,,,,
parcprinter-08-strips,p27.pddl,on,1,1270874,124.470,123.394,,,,
parcprinter-08-strips,p27.pddl,selector,1,1270874,61.476,49.1014,off,4910,5779,11.360
parcprinter-08-strips,p28.pddl,off,1,1681282,98.954,97.7733,,,,
parcprinter-08-strips,p28.pddl,on,1,1681282,137.798,136.75,,,,
parcprinter-08-strips,p28.pddl,selector,1,1681282,112.185,100.134,off,5274,5900,11.161
parcprinter-08-strips,p29.pddl,off,0,,1799.585,,,,,
parcprinter-08-strips,p29.pddl,on,0,,1799.486,,,,,
parcprinter-08-strips,p29.pddl,selector,0,,1799.670,,off,6239,7979,11.311
parcprinter-08-strips,p30.pddl,off,0,,1799.368,,,,,
parcprinter-08-strips,p30.pddl,on,0,,1799.585,,,,,
parcprinter-08-strips,p30.pddl,selector,0,,1799.377,,off,7454,12201,11.110
parcprinter-opt11-strips,p01.pddl,off,1,375821,0.518,0.00500192,,,,
parcprinter-opt11-strips,p01.pddl,on,1,375821,0.568,0.00762074,,,,
parcprinter-opt11-strips,p01.pddl,selector,1,375821,0.669,0.00483142,presolve,,,
parcprinter-opt11-strips,p02.pddl,off,1,438047,0.669,0.0126234,,,,
parcprinter-opt11-strips,p02.pddl,on,1,438047,0.618,0.011206,,,,
parcprinter-opt11-strips,p02.pddl,selector,1,438047,0.920,0.0138629,presolve,,,
parcprinter-opt11-strips,p03.pddl,off,1,510256,0.769,0.0619998,,,,
parcprinter-opt11-strips,p03.pddl,on,1,510256,0.769,0.0792548,,,,
parcprinter-opt11-strips,p03.pddl,selector,1,510256,0.920,0.0619985,presolve,,,
parcprinter-opt11-strips,p04.pddl,off,1,876094,0.970,0.236013,,,,
parcprinter-opt11-strips,p04.pddl,on,1,876094,1.122,0.325911,,,,
parcprinter-opt11-strips,p04.pddl,selector,1,876094,1.171,0.24099,presolve,,,
parcprinter-opt11-strips,p05.pddl,off,1,519232,0.669,0.0349784,,,,
parcprinter-opt11-strips,p05.pddl,on,1,519232,0.669,0.0359836,,,,
parcprinter-opt11-strips,p05.pddl,selector,1,519232,0.870,0.0359402,presolve,,,
parcprinter-opt11-strips,p06.pddl,off,1,1514199,6.908,5.95989,,,,
parcprinter-opt11-strips,p06.pddl,on,1,1514199,3.385,2.47888,,,,
parcprinter-opt11-strips,p06.pddl,selector,1,1514199,6.050,4.95214,presolve,,,
parcprinter-opt11-strips,p07.pddl,off,1,1145132,2.430,1.58998,,,,
parcprinter-opt11-strips,p07.pddl,on,1,1145132,2.379,1.78196,,,,
parcprinter-opt11-strips,p07.pddl,selector,1,1145132,2.178,1.18312,presolve,,,
parcprinter-opt11-strips,p08.pddl,off,1,751642,0.870,0.169829,,,,
parcprinter-opt11-strips,p08.pddl,on,1,751642,0.920,0.227,,,,
parcprinter-opt11-strips,p08.pddl,selector,1,751642,1.121,0.172,presolve,,,
parcprinter-opt11-strips,p09.pddl,off,1,693064,1.675,0.898097,,,,
parcprinter-opt11-strips,p09.pddl,on,1,693064,2.078,1.28141,,,,
parcprinter-opt11-strips,p09.pddl,selector,1,693064,2.228,1.2373,presolve,,,
parcprinter-opt11-strips,p10.pddl,off,1,1215839,2.580,1.88815,,,,
parcprinter-opt11-strips,p10.pddl,on,1,1215839,9.218,8.36817,,,,
parcprinter-opt11-strips,p10.pddl,selector,1,1215839,3.934,2.94924,presolve,,,
parcprinter-opt11-strips,p11.pddl,off,1,1216462,3.387,2.64069,,,,
parcprinter-opt11-strips,p11.pddl,on,1,1216462,5.849,5.00953,,,,
parcprinter-opt11-strips,p11.pddl,selector,1,1216462,3.485,2.60894,presolve,,,
parcprinter-opt11-strips,p12.pddl,off,1,1020512,21.999,21.1959,,,,
parcprinter-opt11-strips,p12.pddl,on,1,1020512,27.278,26.3184,,,,
parcprinter-opt11-strips,p12.pddl,selector,1,1020512,25.872,14.2708,off,5569,5385,10.910
parcprinter-opt11-strips,p13.pddl,off,1,1383121,111.997,111.023,,,,
parcprinter-opt11-strips,p13.pddl,on,1,1383121,128.174,126.931,,,,
parcprinter-opt11-strips,p13.pddl,selector,1,1383121,95.856,84.359,off,4198,7418,10.809
parcprinter-opt11-strips,p14.pddl,off,1,1852217,107.041,105.912,,,,
parcprinter-opt11-strips,p14.pddl,on,1,1852217,349.005,347.808,,,,
parcprinter-opt11-strips,p14.pddl,selector,1,1852217,92.986,81.3956,off,6984,6346,10.809
parcprinter-opt11-strips,p15.pddl,off,1,2121255,1566.216,1563.64,,,,
parcprinter-opt11-strips,p15.pddl,on,1,2121255,1570.539,1567.8,,,,
parcprinter-opt11-strips,p15.pddl,selector,0,,1799.382,,off,11241,12761,11.106
parcprinter-opt11-strips,p16.pddl,off,0,,1799.575,,,,,
parcprinter-opt11-strips,p16.pddl,on,0,,1799.524,,,,,
parcprinter-opt11-strips,p16.pddl,selector,0,,1799.577,,off,11025,9699,11.110
parcprinter-opt11-strips,p17.pddl,off,0,,1799.308,,,,,
parcprinter-opt11-strips,p17.pddl,on,0,,1799.372,,,,,
parcprinter-opt11-strips,p17.pddl,selector,0,,1799.425,,off,8610,8167,11.208
parcprinter-opt11-strips,p18.pddl,off,0,,1799.575,,,,,
parcprinter-opt11-strips,p18.pddl,on,0,,1799.626,,,,,
parcprinter-opt11-strips,p18.pddl,selector,0,,1800.279,,off,12953,11151,10.906
parcprinter-opt11-strips,p19.pddl,off,0,,1799.576,,,,,
parcprinter-opt11-strips,p19.pddl,on,0,,1799.526,,,,,
parcprinter-opt11-strips,p19.pddl,selector,0,,1799.325,,off,16911,15239,11.010
parcprinter-opt11-strips,p20.pddl,off,1,1270874,54.694,53.7533,,,,
parcprinter-opt11-strips,p20.pddl,on,1,1270874,101.952,101.137,,,,
parcprinter-opt11-strips,p20.pddl,selector,1,1270874,80.793,69.0521,off,4910,5779,10.860
parking-opt11-strips,pfile03-011.pddl,off,1,14,114.125,112.3,,,,
parking-opt11-strips,pfile03-011.pddl,on,1,14,54.951,53.254,,,,
parking-opt11-strips,pfile03-011.pddl,selector,1,14,119.295,63.7502,on,5409143,1489828,54.795
parking-opt11-strips,pfile03-012.pddl,off,0,,1800.135,,,,,
parking-opt11-strips,pfile03-012.pddl,on,0,,1799.374,,,,,
parking-opt11-strips,pfile03-012.pddl,selector,0,,1799.676,,on,5409143,1489828,64.285
parking-opt11-strips,pfile04-013.pddl,off,0,,1799.777,,,,,
parking-opt11-strips,pfile04-013.pddl,on,0,,1800.080,,,,,
parking-opt11-strips,pfile04-013.pddl,selector,0,,1800.372,,on,9770391,2591006,83.923
parking-opt11-strips,pfile04-014.pddl,off,0,,1799.847,,,,,
parking-opt11-strips,pfile04-014.pddl,on,0,,1799.865,,,,,
parking-opt11-strips,pfile04-014.pddl,selector,0,,1800.115,,on,9770391,2591006,85.716
parking-opt11-strips,pfile04-015.pddl,off,0,,1800.012,,,,,
parking-opt11-strips,pfile04-015.pddl,on,0,,1799.715,,,,,
parking-opt11-strips,pfile04-015.pddl,selector,0,,1800.347,,on,9720158,2591006,93.909
parking-opt11-strips,pfile04-016.pddl,off,0,,1799.838,,,,,
parking-opt11-strips,pfile04-016.pddl,on,0,,1799.860,,,,,
parking-opt11-strips,pfile04-016.pddl,selector,0,,1800.057,,on,9770391,2591006,93.703
parking-opt11-strips,pfile05-017.pddl,off,0,,1799.940,,,,,
parking-opt11-strips,pfile05-017.pddl,on,0,,1800.000,,,,,
parking-opt11-strips,pfile05-017.pddl,selector,0,,1800.193,,on,14296951,5924565,147.742
parking-opt11-strips,pfile05-018.pddl,off,0,,1800.242,,,,,
parking-opt11-strips,pfile05-018.pddl,on,0,,1799.417,,,,,
parking-opt11-strips,pfile05-018.pddl,selector,0,,1799.675,,on,15257749,5924565,136.236
parking-opt11-strips,pfile05-019.pddl,off,0,,1800.227,,,,,
parking-opt11-strips,pfile05-019.pddl,on,0,,1800.121,,,,,
parking-opt11-strips,pfile05-019.pddl,selector,0,,1800.181,,on,15871950,5924565,125.781
parking-opt11-strips,pfile05-020.pddl,off,0,,1799.872,,,,,
parking-opt11-strips,pfile05-020.pddl,on,0,,1799.367,,,,,
parking-opt11-strips,pfile05-020.pddl,selector,0,,1799.970,,on,15727670,5924565,125.483
parking-opt11-strips,pfile06-021.pddl,off,0,,1799.519,,,,,
parking-opt11-strips,pfile06-021.pddl,on,0,,1799.567,,,,,
parking-opt11-strips,pfile06-021.pddl,selector,0,,1799.819,,on,23480997,13131923,177.442
parking-opt11-strips,pfile06-022.pddl,off,0,,1799.869,,,,,
parking-opt11-strips,pfile06-022.pddl,on,0,,1799.565,,,,,
parking-opt11-strips,pfile06-022.pddl,selector,0,,1799.679,,on,23481680,13131923,184.248
parking-opt11-strips,pfile06-023.pddl,off,0,,1799.489,,,,,
parking-opt11-strips,pfile06-023.pddl,on,0,,1799.490,,,,,
parking-opt11-strips,pfile06-023.pddl,selector,0,,1799.901,,on,23479976,13131923,177.483
parking-opt11-strips,pfile06-024.pddl,off,0,,1799.697,,,,,
parking-opt11-strips,pfile06-024.pddl,on,0,,1800.094,,,,,
parking-opt11-strips,pfile06-024.pddl,selector,0,,1800.280,,on,23479976,13131923,188.887
parking-opt11-strips,pfile07-025.pddl,off,0,,1799.738,,,,,
parking-opt11-strips,pfile07-025.pddl,on,0,,1799.598,,,,,
parking-opt11-strips,pfile07-025.pddl,selector,0,,1799.750,,on,39065731,20108936,226.280
parking-opt11-strips,pfile07-026.pddl,off,0,,1799.746,,,,,
parking-opt11-strips,pfile07-026.pddl,on,0,,1799.760,,,,,
parking-opt11-strips,pfile07-026.pddl,selector,0,,1800.277,,on,39065731,20143333,204.624
parking-opt11-strips,pfile07-027.pddl,off,0,,1799.670,,,,,
parking-opt11-strips,pfile07-027.pddl,on,0,,1799.722,,,,,
parking-opt11-strips,pfile07-027.pddl,selector,0,,1799.980,,on,39063078,19994869,229.449
parking-opt11-strips,pfile07-028.pddl,off,0,,1799.619,,,,,
parking-opt11-strips,pfile07-028.pddl,on,0,,1800.482,,,,,
parking-opt11-strips,pfile07-028.pddl,selector,0,,1800.284,,on,39063987,19714240,229.745
parking-opt11-strips,pfile08-029.pddl,off,0,,1800.008,,,,,
parking-opt11-strips,pfile08-029.pddl,on,0,,1799.892,,,,,
parking-opt11-strips,pfile08-029.pddl,selector,0,,1799.855,,on,61400981,25275343,247.389
parking-opt11-strips,pfile08-030.pddl,off,0,,1799.853,,,,,
parking-opt11-strips,pfile08-030.pddl,on,0,,1799.757,,,,,
parking-opt11-strips,pfile08-030.pddl,selector,0,,1800.304,,on,75521647,25244055,247.835
parking-opt14-strips,p_12_7-01.pddl,off,0,,1800.152,,,,,
parking-opt14-strips,p_12_7-01.pddl,on,1,18,820.474,817.089,,,,
parking-opt14-strips,p_12_7-01.pddl,selector,1,18,902.865,836.861,on,5409143,1489828,63.479
parking-opt14-strips,p_12_7-02.pddl,off,0,,1799.600,,,,,
parking-opt14-strips,p_12_7-02.pddl,on,1,18,830.077,826.319,,,,
parking-opt14-strips,p_12_7-02.pddl,selector,1,18,890.297,832.255,on,5409143,1489828,55.436
parking-opt14-strips,p_12_7-03.pddl,off,1,17,1052.942,1048.16,,,,
parking-opt14-strips,p_12_7-03.pddl,on,1,17,632.124,628.538,,,,
parking-opt14-strips,p_12_7-03.pddl,selector,1,17,653.781,596.49,on,5409143,1489828,55.125
parking-opt14-strips,p_12_7-04.pddl,off,0,,1800.115,,,,,
parking-opt14-strips,p_12_7-04.pddl,on,1,19,1685.141,1679.96,,,,
parking-opt14-strips,p_12_7-04.pddl,selector,0,,1800.216,,on,5409143,1489828,75.860
parking-opt14-strips,p_14_8-01.pddl,off,0,,1799.918,,,,,
parking-opt14-strips,p_14_8-01.pddl,on,0,,1799.819,,,,,
parking-opt14-strips,p_14_8-01.pddl,selector,0,,1800.185,,on,9770391,2591006,90.754
parking-opt14-strips,p_14_8-02.pddl,off,0,,1799.827,,,,,
parking-opt14-strips,p_14_8-02.pddl,on,0,,1799.837,,,,,
parking-opt14-strips,p_14_8-02.pddl,selector,0,,1800.023,,on,9770391,2591006,85.607
parking-opt14-strips,p_14_8-03.pddl,off,0,,1799.925,,,,,
parking-opt14-strips,p_14_8-03.pddl,on,0,,1799.832,,,,,
parking-opt14-strips,p_14_8-03.pddl,selector,0,,1799.928,,on,9770391,2591006,84.511
parking-opt14-strips,p_14_8-04.pddl,off,0,,1799.672,,,,,
parking-opt14-strips,p_14_8-04.pddl,on,0,,1799.872,,,,,
parking-opt14-strips,p_14_8-04.pddl,selector,0,,1799.626,,on,9770391,2591006,90.235
parking-opt14-strips,p_16_9-01.pddl,off,0,,1799.927,,,,,
parking-opt14-strips,p_16_9-01.pddl,on,0,,1799.875,,,,,
parking-opt14-strips,p_16_9-01.pddl,selector,0,,1800.313,,on,15727670,5924565,141.818
parking-opt14-strips,p_16_9-02.pddl,off,0,,1799.921,,,,,
parking-opt14-strips,p_16_9-02.pddl,on,0,,1800.024,,,,,
parking-opt14-strips,p_16_9-02.pddl,selector,0,,1799.765,,on,15727670,5924565,150.356
parking-opt14-strips,p_16_9-03.pddl,off,0,,1799.913,,,,,
parking-opt14-strips,p_16_9-03.pddl,on,0,,1799.961,,,,,
parking-opt14-strips,p_16_9-03.pddl,selector,0,,1800.361,,on,15843254,5924565,131.903
parking-opt14-strips,p_16_9-04.pddl,off,0,,1799.919,,,,,
parking-opt14-strips,p_16_9-04.pddl,on,0,,1800.169,,,,,
parking-opt14-strips,p_16_9-04.pddl,selector,0,,1799.455,,on,15975163,5924565,133.006
parking-opt14-strips,p_18_10-01.pddl,off,0,,1799.976,,,,,
parking-opt14-strips,p_18_10-01.pddl,on,0,,1799.699,,,,,
parking-opt14-strips,p_18_10-01.pddl,selector,0,,1799.580,,on,23479976,13131923,178.185
parking-opt14-strips,p_18_10-02.pddl,off,0,,1799.581,,,,,
parking-opt14-strips,p_18_10-02.pddl,on,0,,1799.581,,,,,
parking-opt14-strips,p_18_10-02.pddl,selector,0,,1799.941,,on,23481760,13088941,219.526
parking-opt14-strips,p_18_10-03.pddl,off,0,,1799.587,,,,,
parking-opt14-strips,p_18_10-03.pddl,on,0,,1799.567,,,,,
parking-opt14-strips,p_18_10-03.pddl,selector,0,,1799.728,,on,23479976,13131923,175.338
parking-opt14-strips,p_18_10-04.pddl,off,0,,1799.570,,,,,
parking-opt14-strips,p_18_10-04.pddl,on,0,,1799.526,,,,,
parking-opt14-strips,p_18_10-04.pddl,selector,0,,1799.967,,on,23480997,13131923,184.519
parking-opt14-strips,p_20_11-01.pddl,off,0,,1800.364,,,,,
parking-opt14-strips,p_20_11-01.pddl,on,0,,1799.877,,,,,
parking-opt14-strips,p_20_11-01.pddl,selector,0,,1800.430,,on,39065025,20112896,210.883
parking-opt14-strips,p_20_11-02.pddl,off,0,,1799.762,,,,,
parking-opt14-strips,p_20_11-02.pddl,on,0,,1799.823,,,,,
parking-opt14-strips,p_20_11-02.pddl,selector,0,,1799.510,,on,39065025,20281259,203.025
parking-opt14-strips,p_20_11-03.pddl,off,0,,1799.767,,,,,
parking-opt14-strips,p_20_11-03.pddl,on,0,,1800.274,,,,,
parking-opt14-strips,p_20_11-03.pddl,selector,0,,1800.202,,on,39065731,19994869,230.818
parking-opt14-strips,p_20_11-04.pddl,off,0,,1800.119,,,,,
parking-opt14-strips,p_20_11-04.pddl,on,0,,1799.769,,,,,
parking-opt14-strips,p_20_11-04.pddl,selector,0,,1800.395,,on,39063078,19904834,216.814
pathways,p01.pddl,off,1,6,0.518,0.00635226,,,,
pathways,p01.pddl,on,1,6,0.618,0.0069134,,,,
pathways,p01.pddl,selector,1,6,0.769,0.0100168,presolve,,,
pathways,p02.pddl,off,0,,0.115,,,,,
pathways,p02.pddl,on,0,,0.166,,,,,
pathways,p02.pddl,selector,0,,0.166,,,,,
pathways,p03.pddl,off,0,,0.115,,,,,
pathways,p03.pddl,on,0,,0.115,,,,,
pathways,p03.pddl,selector,0,,0.166,,,,,
pathways,p04.pddl,off,0,,0.115,,,,,
pathways,p04.pddl,on,0,,0.166,,,,,
pathways,p04.pddl,selector,0,,0.165,,,,,
pathways,p05.pddl,off,0,,0.115,,,,,
pathways,p05.pddl,on,0,,0.115,,,,,
pathways,p05.pddl,selector,0,,0.166,,,,,
pathways,p06.pddl,off,0,,0.115,,,,,
pathways,p06.pddl,on,0,,0.115,,,,,
pathways,p06.pddl,selector,0,,0.165,,,,,
pathways,p07.pddl,off,0,,0.115,,,,,
pathways,p07.pddl,on,0,,0.115,,,,,
pathways,p07.pddl,selector,0,,0.165,,,,,
pathways,p08.pddl,off,0,,0.166,,,,,
pathways,p08.pddl,on,0,,0.116,,,,,
pathways,p08.pddl,selector,0,,0.166,,,,,
pathways,p09.pddl,off,0,,0.116,,,,,
pathways,p09.pddl,on,0,,0.115,,,,,
pathways,p09.pddl,selector,0,,0.165,,,,,
pathways,p10.pddl,off,0,,0.116,,,,,
pathways,p10.pddl,on,0,,0.115,,,,,
pathways,p10.pddl,selector,0,,0.166,,,,,
pathways,p11.pddl,off,0,,0.115,,,,,
pathways,p11.pddl,on,0,,0.115,,,,,
pathways,p11.pddl,selector,0,,0.166,,,,,
pathways,p12.pddl,off,0,,0.115,,,,,
pathways,p12.pddl,on,0,,0.165,,,,,
pathways,p12.pddl,selector,0,,0.166,,,,,
pathways,p13.pddl,off,0,,0.115,,,,,
pathways,p13.pddl,on,0,,0.115,,,,,
pathways,p13.pddl,selector,0,,0.165,,,,,
pathways,p14.pddl,off,0,,0.115,,,,,
pathways,p14.pddl,on,0,,0.165,,,,,
pathways,p14.pddl,selector,0,,0.166,,,,,
pathways,p15.pddl,off,0,,0.115,,,,,
pathways,p15.pddl,on,0,,0.166,,,,,
pathways,p15.pddl,selector,0,,0.166,,,,,
pathways,p16.pddl,off,0,,0.166,,,,,
pathways,p16.pddl,on,0,,0.115,,,,,
pathways,p16.pddl,selector,0,,0.166,,,,,
pathways,p17.pddl,off,0,,0.115,,,,,
pathways,p17.pddl,on,0,,0.166,,,,,
pathways,p17.pddl,selector,0,,0.165,,,,,
pathways,p18.pddl,off,0,,0.115,,,,,
pathways,p18.pddl,on,0,,0.115,,,,,
pathways,p18.pddl,selector,0,,0.166,,,,,
pathways,p19.pddl,off,0,,0.115,,,,,
pathways,p19.pddl,on,0,,0.166,,,,,
pathways,p19.pddl,selector,0,,0.166,,,,,
pathways,p20.pddl,off,0,,0.115,,,,,
pathways,p20.pddl,on,0,,0.166,,,,,
pathways,p20.pddl,selector,0,,0.216,,,,,
pathways,p21.pddl,off,0,,0.115,,,,,
pathways,p21.pddl,on,0,,0.116,,,,,
pathways,p21.pddl,selector,0,,0.216,,,,,
pathways,p22.pddl,off,0,,0.115,,,,,
pathways,p22.pddl,on,0,,0.115,,,,,
pathways,p22.pddl,selector,0,,0.216,,,,,
pathways,p23.pddl,off,0,,0.115,,,,,
pathways,p23.pddl,on,0,,0.165,,,,,
pathways,p23.pddl,selector,0,,0.216,,,,,
pathways,p24.pddl,off,0,,0.166,,,,,
pathways,p24.pddl,on,0,,0.166,,,,,
pathways,p24.pddl,selector,0,,0.166,,,,,
pathways,p25.pddl,off,0,,0.166,,,,,
pathways,p25.pddl,on,0,,0.165,,,,,
pathways,p25.pddl,selector,0,,0.165,,,,,
pathways,p26.pddl,off,0,,0.115,,,,,
pathways,p26.pddl,on,0,,0.115,,,,,
pathways,p26.pddl,selector,0,,0.216,,,,,
pathways,p27.pddl,off,0,,0.115,,,,,
pathways,p27.pddl,on,0,,0.165,,,,,
pathways,p27.pddl,selector,0,,0.166,,,,,
pathways,p28.pddl,off,0,,0.115,,,,,
pathways,p28.pddl,on,0,,0.115,,,,,
pathways,p28.pddl,selector,0,,0.165,,,,,
pathways,p29.pddl,off,0,,0.115,,,,,
pathways,p29.pddl,on,0,,0.115,,,,,
pathways,p29.pddl,selector,0,,0.166,,,,,
pathways,p30.pddl,off,0,,0.115,,,,,
pathways,p30.pddl,on,0,,0.115,,,,,
pathways,p30.pddl,selector,0,,0.166,,,,,
pegsol-08-strips,p01.pddl,off,1,2,0.568,0.00151397,,,,
pegsol-08-strips,p01.pddl,on,1,2,0.518,0.00132678,,,,
pegsol-08-strips,p01.pddl,selector,1,2,0.669,0.00114558,presolve,,,
pegsol-08-strips,p02.pddl,off,1,5,0.568,0.00165845,,,,
pegsol-08-strips,p02.pddl,on,1,5,0.568,0.00136743,,,,
pegsol-08-strips,p02.pddl,selector,1,5,0.719,0.00146692,presolve,,,
pegsol-08-strips,p03.pddl,off,1,4,0.618,0.0116706,,,,
pegsol-08-strips,p03.pddl,on,1,4,0.618,0.0101327,,,,
pegsol-08-strips,p03.pddl,selector,1,4,0.769,0.0101837,presolve,,,
pegsol-08-strips,p04.pddl,off,1,4,0.568,0.00384471,,,,
pegsol-08-strips,p04.pddl,on,1,4,0.568,0.00400013,,,,
pegsol-08-strips,p04.pddl,selector,1,4,0.719,0.00334514,presolve,,,
pegsol-08-strips,p05.pddl,off,1,4,0.618,0.0102182,,,,
pegsol-08-strips,p05.pddl,on,1,4,0.669,0.00737852,,,,
pegsol-08-strips,p05.pddl,selector,1,4,0.568,0.00755418,presolve,,,
pegsol-08-strips,p06.pddl,off,1,4,0.618,0.0604906,,,,
pegsol-08-strips,p06.pddl,on,1,4,0.618,0.0664235,,,,
pegsol-08-strips,p06.pddl,selector,1,4,0.719,0.0609664,presolve,,,
pegsol-08-strips,p07.pddl,off,1,3,0.568,0.0213143,,,,
pegsol-08-strips,p07.pddl,on,1,3,0.668,0.0220213,,,,
pegsol-08-strips,p07.pddl,selector,1,3,0.668,0.0216151,presolve,,,
pegsol-08-strips,p08.pddl,off,1,6,1.574,0.841673,,,,
pegsol-08-strips,p08.pddl,on,1,6,1.221,0.591015,,,,
pegsol-08-strips,p08.pddl,selector,1,6,1.675,0.896701,presolve,,,
pegsol-08-strips,p09.pddl,off,1,5,1.122,0.443999,,,,
pegsol-08-strips,p09.pddl,on,1,5,1.121,0.375577,,,,
pegsol-08-strips,p09.pddl,selector,1,5,1.272,0.347952,presolve,,,
pegsol-08-strips,p10.pddl,off,1,6,1.624,0.874998,,,,
pegsol-08-strips,p10.pddl,on,1,6,1.724,0.970135,,,,
pegsol-08-strips,p10.pddl,selector,1,6,1.925,1.00433,presolve,,,
pegsol-08-strips,p11.pddl,off,1,7,0.819,0.141,,,,
pegsol-08-strips,p11.pddl,on,1,7,0.870,0.148,,,,
pegsol-08-strips,p11.pddl,selector,1,7,1.021,0.142857,presolve,,,
pegsol-08-strips,p12.pddl,off,1,8,1.726,0.958451,,,,
pegsol-08-strips,p12.pddl,on,1,8,1.876,1.11798,,,,
pegsol-08-strips,p12.pddl,selector,1,8,1.875,0.942618,presolve,,,
pegsol-08-strips,p13.pddl,off,1,9,2.077,1.34021,,,,
pegsol-08-strips,p13.pddl,on,1,9,1.926,1.20426,,,,
pegsol-08-strips,p13.pddl,selector,1,9,2.027,1.11832,presolve,,,
pegsol-08-strips,p14.pddl,off,1,7,1.675,0.978298,,,,
pegsol-08-strips,p14.pddl,on,1,7,1.825,1.05908,,,,
pegsol-08-strips,p14.pddl,selector,1,7,1.926,0.986988,presolve,,,
pegsol-08-strips,p15.pddl,off,1,8,1.322,0.699176,,,,
pegsol-08-strips,p15.pddl,on,1,8,1.875,1.14297,,,,
pegsol-08-strips,p15.pddl,selector,1,8,1.674,0.805515,presolve,,,
pegsol-08-strips,p16.pddl,off,1,8,1.272,0.555891,,,,
pegsol-08-strips,p16.pddl,on,1,8,1.674,0.982968,,,,
pegsol-08-strips,p16.pddl,selector,1,8,1.272,0.555672,presolve,,,
pegsol-08-strips,p17.pddl,off,1,10,5.296,4.52884,,,,
pegsol-08-strips,p17.pddl,on,1,10,3.987,3.27359,,,,
pegsol-08-strips,p17.pddl,selector,1,10,4.441,3.56749,presolve,,,
pegsol-08-strips,p18.pddl,off,1,7,1.574,0.885974,,,,
pegsol-08-strips,p18.pddl,on,1,7,1.222,0.622319,,,,
pegsol-08-strips,p18.pddl,selector,1,7,1.574,0.619671,presolve,,,
pegsol-08-strips,p19.pddl,off,1,8,1.574,0.802298,,,,
pegsol-08-strips,p19.pddl,on,1,8,1.725,1.01999,,,,
pegsol-08-strips,p19.pddl,selector,1,8,2.178,1.22698,presolve,,,
pegsol-08-strips,p20.pddl,off,1,7,1.222,0.626989,,,,
pegsol-08-strips,p20.pddl,on,1,7,1.272,0.669618,,,,
pegsol-08-strips,p20.pddl,selector,1,7,1.876,0.948109,presolve,,,
pegsol-08-strips,p21.pddl,off,1,8,1.574,0.963884,,,,
pegsol-08-strips,p21.pddl,on,1,8,2.430,1.65437,,,,
pegsol-08-strips,p21.pddl,selector,1,8,1.725,0.961847,presolve,,,
pegsol-08-strips,p22.pddl,off,1,6,1.222,0.533991,,,,
pegsol-08-strips,p22.pddl,on,1,6,1.523,0.780854,,,,
pegsol-08-strips,p22.pddl,selector,1,6,1.876,0.936344,presolve,,,
pegsol-08-strips,p23.pddl,off,1,8,1.624,0.984987,,,,
pegsol-08-strips,p23.pddl,on,1,8,1.725,1.05401,,,,
pegsol-08-strips,p23.pddl,selector,1,8,2.228,1.23633,presolve,,,
pegsol-08-strips,p24.pddl,off,1,8,2.579,1.80908,,,,
pegsol-08-strips,p24.pddl,on,1,8,3.536,2.77089,,,,
pegsol-08-strips,p24.pddl,selector,1,8,2.530,1.76398,presolve,,,
pegsol-08-strips,p25.pddl,off,1,8,1.825,1.08623,,,,
pegsol-08-strips,p25.pddl,on,1,8,1.976,1.18598,,,,
pegsol-08-strips,p25.pddl,selector,1,8,2.027,1.13362,presolve,,,
pegsol-08-strips,p26.pddl,off,1,9,2.882,2.15588,,,,
pegsol-08-strips,p26.pddl,on,1,9,3.537,2.81091,,,,
pegsol-08-strips,p26.pddl,selector,1,9,4.089,3.13006,presolve,,,
pegsol-08-strips,p27.pddl,off,1,7,1.373,0.790986,,,,
pegsol-08-strips,p27.pddl,on,1,7,1.624,1.01886,,,,
pegsol-08-strips,p27.pddl,selector,1,7,2.128,1.19105,presolve,,,
pegsol-08-strips,p28.pddl,off,1,12,45.994,44.8605,,,,
pegsol-08-strips,p28.pddl,on,1,12,56.656,55.4137,,,,
pegsol-08-strips,p28.pddl,selector,1,12,61.133,48.6653,off,68478,72766,11.258
pegsol-08-strips,p29.pddl,off,1,11,18.875,17.9336,,,,
pegsol-08-strips,p29.pddl,on,1,11,22.553,21.5863,,,,
pegsol-08-strips,p29.pddl,selector,1,11,36.133,23.4506,off,68478,72766,11.713
pegsol-08-strips,p30.pddl,off,1,18,1012.491,1004.76,,,,
pegsol-08-strips,p30.pddl,on,1,18,1094.131,1087.11,,,,
pegsol-08-strips,p30.pddl,selector,1,18,949.765,930.8,off,68478,72766,11.663
pegsol-opt11-strips,p01.pddl,off,1,3,0.618,0.0404193,,,,
pegsol-opt11-strips,p01.pddl,on,1,3,0.618,0.0377896,,,,
pegsol-opt11-strips,p01.pddl,selector,1,3,0.870,0.0646677,presolve,,,
pegsol-opt11-strips,p02.pddl,off,1,10,4.389,3.61507,,,,
pegsol-opt11-strips,p02.pddl,on,1,10,3.083,2.45194,,,,
pegsol-opt11-strips,p02.pddl,selector,1,10,4.543,3.598,presolve,,,
pegsol-opt11-strips,p03.pddl,off,1,7,1.171,0.572988,,,,
pegsol-opt11-strips,p03.pddl,on,1,7,1.171,0.597147,,,,
pegsol-opt11-strips,p03.pddl,selector,1,7,1.524,0.742424,presolve,,,
pegsol-opt11-strips,p04.pddl,off,1,8,1.674,0.979989,,,,
pegsol-opt11-strips,p04.pddl,on,1,8,2.077,1.36377,,,,
pegsol-opt11-strips,p04.pddl,selector,1,8,1.624,0.788062,presolve,,,
pegsol-opt11-strips,p05.pddl,off,1,12,1.323,0.646096,,,,
pegsol-opt11-strips,p05.pddl,on,1,12,2.178,1.36699,,,,
pegsol-opt11-strips,p05.pddl,selector,1,12,1.876,0.957967,presolve,,,
pegsol-opt11-strips,p06.pddl,off,1,9,2.379,1.67396,,,,
pegsol-opt11-strips,p06.pddl,on,1,9,1.826,1.22053,,,,
pegsol-opt11-strips,p06.pddl,selector,1,9,2.580,1.66687,presolve,,,
pegsol-opt11-strips,p07.pddl,off,1,7,1.323,0.695118,,,,
pegsol-opt11-strips,p07.pddl,on,1,7,1.623,0.87199,,,,
pegsol-opt11-strips,p07.pddl,selector,1,7,1.523,0.678613,presolve,,,
pegsol-opt11-strips,p08.pddl,off,1,7,1.473,0.773029,,,,
pegsol-opt11-strips,p08.pddl,on,1,7,1.775,1.06199,,,,
pegsol-opt11-strips,p08.pddl,selector,1,7,1.373,0.626407,presolve,,,
pegsol-opt11-strips,p09.pddl,off,1,8,1.472,0.877109,,,,
pegsol-opt11-strips,p09.pddl,on,1,8,2.176,1.39378,,,,
pegsol-opt11-strips,p09.pddl,selector,1,8,1.875,0.954514,presolve,,,
pegsol-opt11-strips,p10.pddl,off,1,8,1.875,1.1821,,,,
pegsol-opt11-strips,p10.pddl,on,1,8,2.529,1.68881,,,,
pegsol-opt11-strips,p10.pddl,selector,1,8,1.775,0.996197,presolve,,,
pegsol-opt11-strips,p11.pddl,off,1,6,1.121,0.529,,,,
pegsol-opt11-strips,p11.pddl,on,1,6,1.623,0.919724,,,,
pegsol-opt11-strips,p11.pddl,selector,1,6,1.675,0.844987,presolve,,,
pegsol-opt11-strips,p12.pddl,off,1,11,2.026,1.27508,,,,
pegsol-opt11-strips,p12.pddl,on,1,11,1.926,1.15493,,,,
pegsol-opt11-strips,p12.pddl,selector,1,11,1.624,0.817747,presolve,,,
pegsol-opt11-strips,p13.pddl,off,1,8,1.675,0.969856,,,,
pegsol-opt11-strips,p13.pddl,on,1,8,2.328,1.60696,,,,
pegsol-opt11-strips,p13.pddl,selector,1,8,1.775,0.98198,presolve,,,
pegsol-opt11-strips,p14.pddl,off,1,8,3.183,2.44309,,,,
pegsol-opt11-strips,p14.pddl,on,1,8,1.825,1.1944,,,,
pegsol-opt11-strips,p14.pddl,selector,1,8,3.435,2.54593,presolve,,,
pegsol-opt11-strips,p15.pddl,off,1,8,1.574,0.959981,,,,
pegsol-opt11-strips,p15.pddl,on,1,8,1.725,1.03315,,,,
pegsol-opt11-strips,p15.pddl,selector,1,8,1.824,0.944038,presolve,,,
pegsol-opt11-strips,p16.pddl,off,1,9,3.534,2.79515,,,,
pegsol-opt11-strips,p16.pddl,on,1,9,2.581,1.97803,,,,
pegsol-opt11-strips,p16.pddl,selector,1,9,3.234,2.31928,presolve,,,
pegsol-opt11-strips,p17.pddl,off,1,7,1.422,0.773794,,,,
pegsol-opt11-strips,p17.pddl,on,1,7,1.975,1.26098,,,,
pegsol-opt11-strips,p17.pddl,selector,1,7,1.624,0.775574,presolve,,,
pegsol-opt11-strips,p18.pddl,off,1,12,49.715,48.6121,,,,
pegsol-opt11-strips,p18.pddl,on,1,12,52.030,50.7513,,,,
pegsol-opt11-strips,p18.pddl,selector,1,12,71.482,58.4743,off,68478,72766,11.611
pegsol-opt11-strips,p19.pddl,off,1,11,17.664,16.8496,,,,
pegsol-opt11-strips,p19.pddl,on,1,11,19.978,19.1552,,,,
pegsol-opt11-strips,p19.pddl,selector,1,11,29.424,17.3836,off,68478,72766,11.260
pegsol-opt11-strips,p20.pddl,off,1,18,1008.521,1000.86,,,,
pegsol-opt11-strips,p20.pddl,on,1,18,1024.629,1017.02,,,,
pegsol-opt11-strips,p20.pddl,selector,1,18,943.903,925.452,off,68478,72766,11.259
petri-net-alignment-opt18-strips,p01.pddl,off,1,16,4.693,2.28596,,,,
petri-net-alignment-opt18-strips,p01.pddl,on,1,16,5.145,2.53346,,,,
petri-net-alignment-opt18-strips,p01.pddl,selector,1,16,5.147,2.26781,presolve,,,
petri-net-alignment-opt18-strips,p02.pddl,off,1,35,6.859,4.33642,,,,
petri-net-alignment-opt18-strips,p02.pddl,on,1,35,9.719,6.84662,,,,
petri-net-alignment-opt18-strips,p02.pddl,selector,1,35,10.071,6.35886,presolve,,,
petri-net-alignment-opt18-strips,p03.pddl,off,1,64,17.007,11.8935,,,,
petri-net-alignment-opt18-strips,p03.pddl,on,1,64,17.108,11.3038,,,,
petri-net-alignment-opt18-strips,p03.pddl,selector,1,64,25.868,8.05508,off,48574,47098,16.488
petri-net-alignment-opt18-strips,p04.pddl,off,1,79,32.302,29.2602,,,,
petri-net-alignment-opt18-strips,p04.pddl,on,1,79,19.384,14.4087,,,,
petri-net-alignment-opt18-strips,p04.pddl,selector,1,79,46.072,30.0245,off,58216,45473,14.677
petri-net-alignment-opt18-strips,p05.pddl,off,1,66,14.351,10.4767,,,,
petri-net-alignment-opt18-strips,p05.pddl,on,1,66,24.602,19.5246,,,,
petri-net-alignment-opt18-strips,p05.pddl,selector,1,66,32.502,13.8901,off,36987,44686,16.792
petri-net-alignment-opt18-strips,p06.pddl,off,1,95,28.238,24.62,,,,
petri-net-alignment-opt18-strips,p06.pddl,on,1,95,37.187,31.7142,,,,
petri-net-alignment-opt18-strips,p06.pddl,selector,1,95,41.310,24.7699,off,54578,46592,15.223
petri-net-alignment-opt18-strips,p07.pddl,off,1,106,49.610,46.651,,,,
petri-net-alignment-opt18-strips,p07.pddl,on,1,106,30.905,27.4323,,,,
petri-net-alignment-opt18-strips,p07.pddl,selector,1,106,63.594,47.5415,off,52592,46951,14.632
petri-net-alignment-opt18-strips,p08.pddl,off,1,111,61.534,56.0565,,,,
petri-net-alignment-opt18-strips,p08.pddl,on,1,111,36.690,32.8313,,,,
petri-net-alignment-opt18-strips,p08.pddl,selector,1,111,69.040,49.32,off,59051,47737,17.692
petri-net-alignment-opt18-strips,p09.pddl,off,1,132,32.189,29.1309,,,,
petri-net-alignment-opt18-strips,p09.pddl,on,1,132,62.052,58.6586,,,,
petri-net-alignment-opt18-strips,p09.pddl,selector,1,132,36.005,19.7317,off,48470,50717,14.878
petri-net-alignment-opt18-strips,p10.pddl,off,1,169,77.887,72.8781,,,,
petri-net-alignment-opt18-strips,p10.pddl,on,1,169,60.061,55.0619,,,,
petri-net-alignment-opt18-strips,p10.pddl,selector,1,169,87.175,68.9289,off,50235,50000,16.689
petri-net-alignment-opt18-strips,p11.pddl,off,1,155,45.343,40.7777,,,,
petri-net-alignment-opt18-strips,p11.pddl,on,1,155,43.873,38.3492,,,,
petri-net-alignment-opt18-strips,p11.pddl,selector,1,155,57.663,40.8116,off,45440,47708,15.437
petri-net-alignment-opt18-strips,p12.pddl,off,1,187,197.520,192.76,,,,
petri-net-alignment-opt18-strips,p12.pddl,on,1,187,117.227,110.058,,,,
petri-net-alignment-opt18-strips,p12.pddl,selector,1,187,163.402,143.122,off,58818,51736,18.756
petri-net-alignment-opt18-strips,p13.pddl,off,1,192,91.267,87.126,,,,
petri-net-alignment-opt18-strips,p13.pddl,on,1,192,60.799,56.4773,,,,
petri-net-alignment-opt18-strips,p13.pddl,selector,1,192,118.292,97.7337,off,53163,51829,18.500
petri-net-alignment-opt18-strips,p14.pddl,off,1,201,67.507,61.1021,,,,
petri-net-alignment-opt18-strips,p14.pddl,on,1,201,53.790,49.2785,,,,
petri-net-alignment-opt18-strips,p14.pddl,selector,1,201,67.362,50.0237,off,46740,45826,15.937
petri-net-alignment-opt18-strips,p15.pddl,off,1,216,289.278,282.894,,,,
petri-net-alignment-opt18-strips,p15.pddl,on,1,216,40.579,34.5863,,,,
petri-net-alignment-opt18-strips,p15.pddl,selector,1,216,328.208,307.396,off,51467,48484,18.555
petri-net-alignment-opt18-strips,p16.pddl,off,1,237,119.909,115.426,,,,
petri-net-alignment-opt18-strips,p16.pddl,on,1,237,49.689,45.0849,,,,
petri-net-alignment-opt18-strips,p16.pddl,selector,1,237,142.471,121.227,off,66533,52132,19.205
petri-net-alignment-opt18-strips,p17.pddl,off,1,252,73.431,68.7281,,,,
petri-net-alignment-opt18-strips,p17.pddl,on,1,252,80.427,73.6731,,,,
petri-net-alignment-opt18-strips,p17.pddl,selector,1,252,91.896,70.27,off,53530,50729,19.660
petri-net-alignment-opt18-strips,p18.pddl,off,1,261,257.564,252.696,,,,
petri-net-alignment-opt18-strips,p18.pddl,on,1,261,136.236,129.096,,,,
petri-net-alignment-opt18-strips,p18.pddl,selector,1,261,261.655,243.849,off,44934,48511,16.135
petri-net-alignment-opt18-strips,p19.pddl,off,1,268,358.120,352.109,,,,
petri-net-alignment-opt18-strips,p19.pddl,on,1,268,50.210,44.3017,,,,
petri-net-alignment-opt18-strips,p19.pddl,selector,1,268,372.170,350.831,off,44245,49442,19.457
petri-net-alignment-opt18-strips,p20.pddl,off,1,295,137.563,132.437,,,,
petri-net-alignment-opt18-strips,p20.pddl,on,1,295,50.443,45.468,,,,
petri-net-alignment-opt18-strips,p20.pddl,selector,1,295,176.623,158.4,off,61556,53977,16.589
pipesworld-notankage,p01-net1-b6-g2.pddl,off,1,5,0.618,0.0266645,,,,
pipesworld-notankage,p01-net1-b6-g2.pddl,on,1,5,0.669,0.0250917,,,,
pipesworld-notankage,p01-net1-b6-g2.pddl,selector,1,5,0.920,0.0438222,presolve,,,
pipesworld-notankage,p02-net1-b6-g4.pddl,off,1,12,0.769,0.0507471,,,,
pipesworld-notankage,p02-net1-b6-g4.pddl,on,1,12,0.819,0.0488698,,,,
pipesworld-notankage,p02-net1-b6-g4.pddl,selector,1,12,0.971,0.0515114,presolve,,,
pipesworld-notankage,p03-net1-b8-g3.pddl,off,1,8,1.021,0.171917,,,,
pipesworld-notankage,p03-net1-b8-g3.pddl,on,1,8,1.071,0.166394,,,,
pipesworld-notankage,p03-net1-b8-g3.pddl,selector,1,8,1.221,0.17622,presolve,,,
pipesworld-notankage,p04-net1-b8-g5.pddl,off,1,11,1.020,0.183575,,,,
pipesworld-notankage,p04-net1-b8-g5.pddl,on,1,11,1.071,0.182196,,,,
pipesworld-notankage,p04-net1-b8-g5.pddl,selector,1,11,1.170,0.17601,presolve,,,
pipesworld-notankage,p05-net1-b10-g4.pddl,off,1,8,1.824,0.890989,,,,
pipesworld-notankage,p05-net1-b10-g4.pddl,on,1,8,1.674,0.801645,,,,
pipesworld-notankage,p05-net1-b10-g4.pddl,selector,1,8,1.522,0.561906,presolve,,,
pipesworld-notankage,p06-net1-b10-g6.pddl,off,1,10,1.423,0.585914,,,,
pipesworld-notankage,p06-net1-b10-g6.pddl,on,1,10,1.775,0.836567,,,,
pipesworld-notankage,p06-net1-b10-g6.pddl,selector,1,10,1.574,0.657751,presolve,,,
pipesworld-notankage,p07-net1-b12-g5.pddl,off,1,8,2.832,1.78567,,,,
pipesworld-notankage,p07-net1-b12-g5.pddl,on,1,8,4.388,3.17193,,,,
pipesworld-notankage,p07-net1-b12-g5.pddl,selector,1,8,2.882,1.75798,presolve,,,
pipesworld-notankage,p08-net1-b12-g7.pddl,off,1,10,3.284,2.32178,,,,
pipesworld-notankage,p08-net1-b12-g7.pddl,on,1,10,4.591,3.36686,,,,
pipesworld-notankage,p08-net1-b12-g7.pddl,selector,1,10,3.385,2.32953,presolve,,,
pipesworld-notankage,p09-net1-b14-g6.pddl,off,1,13,34.352,32.9856,,,,
pipesworld-notankage,p09-net1-b14-g6.pddl,on,1,13,29.186,27.7684,,,,
pipesworld-notankage,p09-net1-b14-g6.pddl,selector,1,13,39.447,23.4454,off,1023536,1131297,15.129
pipesworld-notankage,p10-net1-b14-g8.pddl,off,1,18,130.739,129.021,,,,
pipesworld-notankage,p10-net1-b14-g8.pddl,on,1,18,86.470,84.8884,,,,
pipesworld-notankage,p10-net1-b14-g8.pddl,selector,1,18,121.460,102.222,off,1014206,1121173,17.998
pipesworld-notankage,p11-net2-b10-g2.pddl,off,1,20,150.678,148.399,,,,
pipesworld-notankage,p11-net2-b10-g2.pddl,on,1,20,52.784,50.3365,,,,
pipesworld-notankage,p11-net2-b10-g2.pddl,selector,1,20,79.551,50.6629,on,530281,279157,26.717
pipesworld-notankage,p12-net2-b10-g4.pddl,off,1,24,111.950,109.339,,,,
pipesworld-notankage,p12-net2-b10-g4.pddl,on,1,24,51.009,48.0971,,,,
pipesworld-notankage,p12-net2-b10-g4.pddl,selector,1,24,75.104,37.8726,on,520686,291159,34.812
pipesworld-notankage,p13-net2-b12-g3.pddl,off,1,16,59.014,56.317,,,,
pipesworld-notankage,p13-net2-b12-g3.pddl,on,1,16,40.908,38.1471,,,,
pipesworld-notankage,p13-net2-b12-g3.pddl,selector,1,16,74.889,52.5233,off,427490,520120,20.515
pipesworld-notankage,p14-net2-b12-g5.pddl,off,0,,1800.066,,,,,
pipesworld-notankage,p14-net2-b12-g5.pddl,on,1,30,1691.769,1684.08,,,,
pipesworld-notankage,p14-net2-b12-g5.pddl,selector,1,30,1425.217,1350.98,on,1105872,643681,67.553
pipesworld-notankage,p15-net2-b14-g4.pddl,off,1,26,117.354,114.633,,,,
pipesworld-notankage,p15-net2-b14-g4.pddl,on,1,26,75.976,73.0073,,,,
pipesworld-notankage,p15-net2-b14-g4.pddl,selector,1,26,176.324,141.859,off,318693,445126,32.092
pipesworld-notankage,p16-net2-b14-g6.pddl,off,1,42,1495.752,1488.9,,,,
pipesworld-notankage,p16-net2-b14-g6.pddl,on,0,,1800.215,,,,,
pipesworld-notankage,p16-net2-b14-g6.pddl,selector,1,42,1743.166,1704.92,off,330826,454080,31.187
pipesworld-notankage,p17-net2-b16-g5.pddl,off,0,,1800.262,,,,,
pipesworld-notankage,p17-net2-b16-g5.pddl,on,0,,1799.960,,,,,
pipesworld-notankage,p17-net2-b16-g5.pddl,selector,0,,1800.167,,on,1860475,1010409,66.442
pipesworld-notankage,p18-net2-b16-g7.pddl,off,0,,1800.306,,,,,
pipesworld-notankage,p18-net2-b16-g7.pddl,on,0,,1799.860,,,,,
pipesworld-notankage,p18-net2-b16-g7.pddl,selector,0,,1800.211,,on,1664181,1063341,66.738
pipesworld-notankage,p19-net2-b18-g6.pddl,off,0,,1799.792,,,,,
pipesworld-notankage,p19-net2-b18-g6.pddl,on,0,,1799.652,,,,,
pipesworld-notankage,p19-net2-b18-g6.pddl,selector,0,,1800.451,,off,1267212,1302584,107.592
pipesworld-notankage,p20-net2-b18-g8.pddl,off,0,,1799.770,,,,,
pipesworld-notankage,p20-net2-b18-g8.pddl,on,0,,1799.544,,,,,
pipesworld-notankage,p20-net2-b18-g8.pddl,selector,0,,1799.806,,off,1347477,1213467,121.353
pipesworld-notankage,p21-net3-b12-g2.pddl,off,1,14,104.226,101.007,,,,
pipesworld-notankage,p21-net3-b12-g2.pddl,on,1,14,129.451,124.902,,,,
pipesworld-notankage,p21-net3-b12-g2.pddl,selector,1,14,172.427,123.226,on,1461292,625300,45.773
pipesworld-notankage,p22-net3-b12-g4.pddl,off,0,,1800.307,,,,,
pipesworld-notankage,p22-net3-b12-g4.pddl,on,0,,1800.243,,,,,
pipesworld-notankage,p22-net3-b12-g4.pddl,selector,0,,1800.657,,on,1486405,683239,47.985
pipesworld-notankage,p23-net3-b14-g3.pddl,off,0,,1800.295,,,,,
pipesworld-notankage,p23-net3-b14-g3.pddl,on,0,,1800.208,,,,,
pipesworld-notankage,p23-net3-b14-g3.pddl,selector,0,,1799.954,,on,3132631,1187487,94.520
pipesworld-notankage,p24-net3-b14-g5.pddl,off,0,,1799.648,,,,,
pipesworld-notankage,p24-net3-b14-g5.pddl,on,0,,1799.340,,,,,
pipesworld-notankage,p24-net3-b14-g5.pddl,selector,0,,1800.445,,on,3187030,1505182,97.731
pipesworld-notankage,p25-net3-b16-g5.pddl,off,0,,1800.113,,,,,
pipesworld-notankage,p25-net3-b16-g5.pddl,on,0,,1800.265,,,,,
pipesworld-notankage,p25-net3-b16-g5.pddl,selector,0,,1799.750,,off,3885672,3777336,142.178
pipesworld-notankage,p26-net3-b16-g7.pddl,off,0,,1800.159,,,,,
pipesworld-notankage,p26-net3-b16-g7.pddl,on,0,,1800.638,,,,,
pipesworld-notankage,p26-net3-b16-g7.pddl,selector,0,,1800.062,,off,4587827,3745967,140.537
pipesworld-notankage,p27-net3-b18-g6.pddl,off,0,,1799.516,,,,,
pipesworld-notankage,p27-net3-b18-g6.pddl,on,0,,1800.034,,,,,
pipesworld-notankage,p27-net3-b18-g6.pddl,selector,0,,1800.017,,off,4222365,5300489,144.504
pipesworld-notankage,p28-net3-b18-g7.pddl,off,0,,1800.570,,,,,
pipesworld-notankage,p28-net3-b18-g7.pddl,on,0,,1662.582,,,,,
pipesworld-notankage,p28-net3-b18-g7.pddl,selector,0,,1800.039,,off,2686681,3734291,146.315
pipesworld-notankage,p29-net3-b20-g6.pddl,off,0,,1800.239,,,,,
pipesworld-notankage,p29-net3-b20-g6.pddl,on,0,,1799.427,,,,,
pipesworld-notankage,p29-net3-b20-g6.pddl,selector,0,,1795.406,,off,5788911,6770760,151.763
pipesworld-notankage,p30-net3-b20-g8.pddl,off,0,,1799.586,,,,,
pipesworld-notankage,p30-net3-b20-g8.pddl,on,0,,1799.687,,,,,
pipesworld-notankage,p30-net3-b20-g8.pddl,selector,0,,1799.889,,on,4223941,2541739,147.249
pipesworld-notankage,p31-net4-b14-g3.pddl,off,0,,1799.891,,,,,
pipesworld-notankage,p31-net4-b14-g3.pddl,on,0,,1799.998,,,,,
pipesworld-notankage,p31-net4-b14-g3.pddl,selector,0,,1800.331,,on,4753436,1994191,136.837
pipesworld-notankage,p32-net4-b14-g5.pddl,off,0,,1423.973,,,,,
pipesworld-notankage,p32-net4-b14-g5.pddl,on,0,,1800.330,,,,,
pipesworld-notankage,p32-net4-b14-g5.pddl,selector,0,,1800.187,,on,4627507,1898131,140.754
pipesworld-notankage,p33-net4-b16-g5.pddl,off,0,,1800.100,,,,,
pipesworld-notankage,p33-net4-b16-g5.pddl,on,0,,1799.812,,,,,
pipesworld-notankage,p33-net4-b16-g5.pddl,selector,0,,1800.219,,on,4918233,1281152,104.722
pipesworld-notankage,p34-net4-b16-g6.pddl,off,0,,1799.480,,,,,
pipesworld-notankage,p34-net4-b16-g6.pddl,on,0,,1799.631,,,,,
pipesworld-notankage,p34-net4-b16-g6.pddl,selector,0,,1799.841,,on,4226591,2057753,143.242
pipesworld-notankage,p35-net4-b18-g4.pddl,off,0,,1799.780,,,,,
pipesworld-notankage,p35-net4-b18-g4.pddl,on,0,,1799.837,,,,,
pipesworld-notankage,p35-net4-b18-g4.pddl,selector,0,,1800.251,,off,3856827,4921255,147.828
pipesworld-notankage,p36-net4-b18-g6.pddl,off,0,,1799.897,,,,,
pipesworld-notankage,p36-net4-b18-g6.pddl,on,0,,1799.759,,,,,
pipesworld-notankage,p36-net4-b18-g6.pddl,selector,0,,1799.922,,off,3777510,4615103,143.508
pipesworld-notankage,p37-net4-b20-g5.pddl,off,0,,1800.464,,,,,
pipesworld-notankage,p37-net4-b20-g5.pddl,on,0,,1799.582,,,,,
pipesworld-notankage,p37-net4-b20-g5.pddl,selector,0,,1799.461,,off,4506040,4816499,154.054
pipesworld-notankage,p38-net4-b20-g7.pddl,off,0,,1799.952,,,,,
pipesworld-notankage,p38-net4-b20-g7.pddl,on,0,,1800.315,,,,,
pipesworld-notankage,p38-net4-b20-g7.pddl,selector,0,,1800.540,,off,5599346,4292504,145.828
pipesworld-notankage,p39-net4-b22-g7.pddl,off,0,,1258.581,,,,,
pipesworld-notankage,p39-net4-b22-g7.pddl,on,0,,1799.428,,,,,
pipesworld-notankage,p39-net4-b22-g7.pddl,selector,0,,1434.993,,off,6810904,11278852,154.944
pipesworld-notankage,p40-net4-b22-g8.pddl,off,0,,1799.619,,,,,
pipesworld-notankage,p40-net4-b22-g8.pddl,on,0,,1799.820,,,,,
pipesworld-notankage,p40-net4-b22-g8.pddl,selector,0,,1799.972,,off,6286149,8610356,153.543
pipesworld-notankage,p41-net5-b22-g2.pddl,off,0,,1800.324,,,,,
pipesworld-notankage,p41-net5-b22-g2.pddl,on,0,,1800.073,,,,,
pipesworld-notankage,p41-net5-b22-g2.pddl,selector,0,,1799.935,,off,9136878,10514178,163.247
pipesworld-notankage,p42-net5-b22-g4.pddl,off,0,,1800.382,,,,,
pipesworld-notankage,p42-net5-b22-g4.pddl,on,0,,1755.629,,,,,
pipesworld-notankage,p42-net5-b22-g4.pddl,selector,0,,1800.224,,off,7394737,10578528,164.469
pipesworld-notankage,p43-net5-b24-g3.pddl,off,0,,1799.818,,,,,
pipesworld-notankage,p43-net5-b24-g3.pddl,on,0,,1799.539,,,,,
pipesworld-notankage,p43-net5-b24-g3.pddl,selector,0,,1799.662,,off,8541295,9618082,181.150
pipesworld-notankage,p44-net5-b24-g5.pddl,off,0,,1799.867,,,,,
pipesworld-notankage,p44-net5-b24-g5.pddl,on,0,,1799.863,,,,,
pipesworld-notankage,p44-net5-b24-g5.pddl,selector,0,,1800.009,,off,9641655,13738244,177.473
pipesworld-notankage,p45-net5-b26-g4.pddl,off,0,,1799.597,,,,,
pipesworld-notankage,p45-net5-b26-g4.pddl,on,0,,1800.405,,,,,
pipesworld-notankage,p45-net5-b26-g4.pddl,selector,0,,1800.369,,off,13231464,13570534,206.917
pipesworld-notankage,p46-net5-b26-g6.pddl,off,0,,1800.243,,,,,
pipesworld-notankage,p46-net5-b26-g6.pddl,on,0,,1800.283,,,,,
pipesworld-notankage,p46-net5-b26-g6.pddl,selector,0,,1799.827,,off,12021072,14793190,211.375
pipesworld-notankage,p47-net5-b28-g5.pddl,off,0,,1799.772,,,,,
pipesworld-notankage,p47-net5-b28-g5.pddl,on,0,,1800.068,,,,,
pipesworld-notankage,p47-net5-b28-g5.pddl,selector,0,,1800.614,,off,15965326,14835921,200.970
pipesworld-notankage,p48-net5-b28-g7.pddl,off,0,,1441.842,,,,,
pipesworld-notankage,p48-net5-b28-g7.pddl,on,0,,1799.924,,,,,
pipesworld-notankage,p48-net5-b28-g7.pddl,selector,0,,1646.519,,off,14560941,14869983,211.679
pipesworld-notankage,p49-net5-b30-g6.pddl,off,0,,1799.987,,,,,
pipesworld-notankage,p49-net5-b30-g6.pddl,on,0,,1799.538,,,,,
pipesworld-notankage,p49-net5-b30-g6.pddl,selector,0,,1799.709,,off,16636906,15587332,235.185
pipesworld-notankage,p50-net5-b30-g8.pddl,off,0,,1799.542,,,,,
pipesworld-notankage,p50-net5-b30-g8.pddl,on,0,,1799.853,,,,,
pipesworld-notankage,p50-net5-b30-g8.pddl,selector,0,,1800.438,,off,15715988,15999364,234.963
pipesworld-tankage,p01-net1-b6-g2-t50.pddl,off,1,5,0.568,0.0154099,,,,
pipesworld-tankage,p01-net1-b6-g2-t50.pddl,on,1,5,0.618,0.0240004,,,,
pipesworld-tankage,p01-net1-b6-g2-t50.pddl,selector,1,5,0.870,0.0239193,presolve,,,
pipesworld-tankage,p02-net1-b6-g4-t50.pddl,off,1,12,0.718,0.0260402,,,,
pipesworld-tankage,p02-net1-b6-g4-t50.pddl,on,1,12,0.618,0.0240001,,,,
pipesworld-tankage,p02-net1-b6-g4-t50.pddl,selector,1,12,0.719,0.0173712,presolve,,,
pipesworld-tankage,p03-net1-b8-g3-t80.pddl,off,1,8,1.071,0.138618,,,,
pipesworld-tankage,p03-net1-b8-g3-t80.pddl,on,1,8,0.770,0.0861032,,,,
pipesworld-tankage,p03-net1-b8-g3-t80.pddl,selector,1,8,0.970,0.0909703,presolve,,,
pipesworld-tankage,p04-net1-b8-g5-t80.pddl,off,1,11,1.070,0.178144,,,,
pipesworld-tankage,p04-net1-b8-g5-t80.pddl,on,1,11,0.869,0.116154,,,,
pipesworld-tankage,p04-net1-b8-g5-t80.pddl,selector,1,11,1.323,0.212072,presolve,,,
pipesworld-tankage,p05-net1-b10-g4-t50.pddl,off,1,8,1.020,0.281999,,,,
pipesworld-tankage,p05-net1-b10-g4-t50.pddl,on,1,8,1.172,0.241047,,,,
pipesworld-tankage,p05-net1-b10-g4-t50.pddl,selector,1,8,1.524,0.425745,presolve,,,
pipesworld-tankage,p06-net1-b10-g6-t50.pddl,off,1,10,1.070,0.315,,,,
pipesworld-tankage,p06-net1-b10-g6-t50.pddl,on,1,10,1.423,0.478428,,,,
pipesworld-tankage,p06-net1-b10-g6-t50.pddl,selector,1,10,1.222,0.311999,presolve,,,
pipesworld-tankage,p07-net1-b12-g5-t80.pddl,off,1,8,2.681,1.384,,,,
pipesworld-tankage,p07-net1-b12-g5-t80.pddl,on,1,8,4.541,2.8596,,,,
pipesworld-tankage,p07-net1-b12-g5-t80.pddl,selector,1,8,4.040,2.12514,presolve,,,
pipesworld-tankage,p08-net1-b12-g7-t80.pddl,off,1,11,5.747,4.47497,,,,
pipesworld-tankage,p08-net1-b12-g7-t80.pddl,on,1,11,9.973,8.09379,,,,
pipesworld-tankage,p08-net1-b12-g7-t80.pddl,selector,1,11,7.710,5.88986,presolve,,,
pipesworld-tankage,p09-net1-b14-g6-t50.pddl,off,1,18,132.493,131.064,,,,
pipesworld-tankage,p09-net1-b14-g6-t50.pddl,on,1,18,16.510,14.5556,,,,
pipesworld-tankage,p09-net1-b14-g6-t50.pddl,selector,1,18,25.814,13.1586,on,46757,18237,11.713
pipesworld-tankage,p10-net1-b14-g8-t50.pddl,off,1,19,92.968,90.9442,,,,
pipesworld-tankage,p10-net1-b14-g8-t50.pddl,on,1,19,24.452,22.3905,,,,
pipesworld-tankage,p10-net1-b14-g8-t50.pddl,selector,1,19,29.387,16.8967,on,49130,18267,11.763
pipesworld-tankage,p11-net2-b10-g2-t30.pddl,off,1,22,156.368,154.254,,,,
pipesworld-tankage,p11-net2-b10-g2-t30.pddl,on,1,22,163.305,161.417,,,,
pipesworld-tankage,p11-net2-b10-g2-t30.pddl,selector,1,22,166.058,150.215,off,735892,875348,14.532
pipesworld-tankage,p12-net2-b10-g4-t60.pddl,off,1,24,226.039,223.829,,,,
pipesworld-tankage,p12-net2-b10-g4-t60.pddl,on,1,24,183.661,181.245,,,,
pipesworld-tankage,p12-net2-b10-g4-t60.pddl,selector,1,24,192.209,176.351,off,886101,822609,14.580
pipesworld-tankage,p13-net2-b12-g3-t70.pddl,off,1,16,178.433,175.684,,,,
pipesworld-tankage,p13-net2-b12-g3-t70.pddl,on,1,16,206.936,204.415,,,,
pipesworld-tankage,p13-net2-b12-g3-t70.pddl,selector,1,16,208.938,187.164,off,1154377,1229081,20.056
pipesworld-tankage,p14-net2-b12-g5-t30.pddl,off,0,,1800.308,,,,,
pipesworld-tankage,p14-net2-b12-g5-t30.pddl,on,0,,1799.936,,,,,
pipesworld-tankage,p14-net2-b12-g5-t30.pddl,selector,0,,1800.329,,off,1300365,1112162,17.902
pipesworld-tankage,p15-net2-b14-g4-t30.pddl,off,1,30,31.493,30.0037,,,,
pipesworld-tankage,p15-net2-b14-g4-t30.pddl,on,1,30,243.932,241.706,,,,
pipesworld-tankage,p15-net2-b14-g4-t30.pddl,selector,1,30,62.776,42.9048,off,299320,1009515,18.597
pipesworld-tankage,p16-net2-b14-g6-t80.pddl,off,0,,1799.731,,,,,
pipesworld-tankage,p16-net2-b14-g6-t80.pddl,on,0,,1799.778,,,,,
pipesworld-tankage,p16-net2-b14-g6-t80.pddl,selector,0,,1799.452,,off,1041642,1000644,19.058
pipesworld-tankage,p17-net2-b16-g5-t20.pddl,off,1,44,1373.643,1368.89,,,,
pipesworld-tankage,p17-net2-b16-g5-t20.pddl,on,1,44,1527.110,1522.16,,,,
pipesworld-tankage,p17-net2-b16-g5-t20.pddl,selector,1,44,1424.151,1370.44,off,1931492,1554505,49.995
pipesworld-tankage,p18-net2-b16-g7-t60.pddl,off,0,,1799.625,,,,,
pipesworld-tankage,p18-net2-b16-g7-t60.pddl,on,0,,1800.449,,,,,
pipesworld-tankage,p18-net2-b16-g7-t60.pddl,selector,0,,1800.276,,off,2033203,1585408,55.778
pipesworld-tankage,p19-net2-b18-g6-t60.pddl,off,0,,1799.569,,,,,
pipesworld-tankage,p19-net2-b18-g6-t60.pddl,on,0,,1799.770,,,,,
pipesworld-tankage,p19-net2-b18-g6-t60.pddl,selector,0,,1800.174,,off,2325436,2521101,91.688
pipesworld-tankage,p20-net2-b18-g8-t90.pddl,off,0,,1799.623,,,,,
pipesworld-tankage,p20-net2-b18-g8-t90.pddl,on,0,,1799.571,,,,,
pipesworld-tankage,p20-net2-b18-g8-t90.pddl,selector,0,,1799.874,,off,2653251,2306865,141.384
pipesworld-tankage,p21-net3-b12-g2-t60.pddl,off,1,14,72.588,70.2194,,,,
pipesworld-tankage,p21-net3-b12-g2-t60.pddl,on,1,14,108.792,106.243,,,,
pipesworld-tankage,p21-net3-b12-g2-t60.pddl,selector,1,14,128.684,109.81,on,2127930,1476097,17.645
pipesworld-tankage,p22-net3-b12-g4-t60.pddl,off,0,,1800.225,,,,,
pipesworld-tankage,p22-net3-b12-g4-t60.pddl,on,0,,1800.263,,,,,
pipesworld-tankage,p22-net3-b12-g4-t60.pddl,selector,0,,1799.843,,off,1285961,1484173,17.397
pipesworld-tankage,p23-net3-b14-g3-t60.pddl,off,0,,1799.744,,,,,
pipesworld-tankage,p23-net3-b14-g3-t60.pddl,on,0,,1800.519,,,,,
pipesworld-tankage,p23-net3-b14-g3-t60.pddl,selector,0,,1799.963,,off,2162553,1855398,45.533
pipesworld-tankage,p24-net3-b14-g5-t60.pddl,off,0,,1800.018,,,,,
pipesworld-tankage,p24-net3-b14-g5-t60.pddl,on,0,,1799.556,,,,,
pipesworld-tankage,p24-net3-b14-g5-t60.pddl,selector,0,,1800.290,,off,2028418,1988352,57.830
pipesworld-tankage,p25-net3-b16-g5-t60.pddl,off,0,,1799.952,,,,,
pipesworld-tankage,p25-net3-b16-g5-t60.pddl,on,0,,1655.878,,,,,
pipesworld-tankage,p25-net3-b16-g5-t60.pddl,selector,0,,1799.749,,off,4440335,4394510,138.286
pipesworld-tankage,p26-net3-b16-g7-t70.pddl,off,0,,1799.496,,,,,
pipesworld-tankage,p26-net3-b16-g7-t70.pddl,on,0,,1799.798,,,,,
pipesworld-tankage,p26-net3-b16-g7-t70.pddl,selector,0,,1799.530,,off,4340175,3091593,131.096
pipesworld-tankage,p27-net3-b18-g6-t70.pddl,off,0,,1492.050,,,,,
pipesworld-tankage,p27-net3-b18-g6-t70.pddl,on,0,,1799.700,,,,,
pipesworld-tankage,p27-net3-b18-g6-t70.pddl,selector,0,,1550.493,,off,3730542,4828220,157.941
pipesworld-tankage,p28-net3-b18-g7-t70.pddl,off,0,,1522.640,,,,,
pipesworld-tankage,p28-net3-b18-g7-t70.pddl,on,0,,1799.780,,,,,
pipesworld-tankage,p28-net3-b18-g7-t70.pddl,selector,0,,1653.587,,off,4516019,4843595,176.916
pipesworld-tankage,p29-net3-b20-g6-t70.pddl,off,0,,1799.631,,,,,
pipesworld-tankage,p29-net3-b20-g6-t70.pddl,on,0,,1800.435,,,,,
pipesworld-tankage,p29-net3-b20-g6-t70.pddl,selector,0,,1800.138,,off,4677988,4579994,188.546
pipesworld-tankage,p30-net3-b20-g8-t70.pddl,off,0,,1799.622,,,,,
pipesworld-tankage,p30-net3-b20-g8-t70.pddl,on,0,,1379.953,,,,,
pipesworld-tankage,p30-net3-b20-g8-t70.pddl,selector,0,,1800.342,,on,3817415,2640132,170.639
pipesworld-tankage,p31-net4-b14-g3-t20.pddl,off,1,39,173.507,171.631,,,,
pipesworld-tankage,p31-net4-b14-g3-t20.pddl,on,1,39,168.579,166.663,,,,
pipesworld-tankage,p31-net4-b14-g3-t20.pddl,selector,1,39,192.811,161.2,on,1856881,1075882,30.132
pipesworld-tankage,p32-net4-b14-g5-t30.pddl,off,0,,1800.092,,,,,
pipesworld-tankage,p32-net4-b14-g5-t30.pddl,on,0,,1800.242,,,,,
pipesworld-tankage,p32-net4-b14-g5-t30.pddl,selector,0,,1800.394,,off,3184829,2639599,75.985
pipesworld-tankage,p33-net4-b16-g5-t60.pddl,off,0,,1800.242,,,,,
pipesworld-tankage,p33-net4-b16-g5-t60.pddl,on,0,,1800.240,,,,,
pipesworld-tankage,p33-net4-b16-g5-t60.pddl,selector,0,,1800.492,,off,2569103,3934324,75.999
pipesworld-tankage,p34-net4-b16-g6-t60.pddl,off,0,,1800.030,,,,,
pipesworld-tankage,p34-net4-b16-g6-t60.pddl,on,0,,1800.275,,,,,
pipesworld-tankage,p34-net4-b16-g6-t60.pddl,selector,0,,1800.081,,off,4429106,4808115,115.599
pipesworld-tankage,p35-net4-b18-g4-t90.pddl,off,0,,1796.752,,,,,
pipesworld-tankage,p35-net4-b18-g4-t90.pddl,on,0,,1661.063,,,,,
pipesworld-tankage,p35-net4-b18-g4-t90.pddl,selector,0,,1800.208,,off,5060957,4714577,164.653
pipesworld-tankage,p36-net4-b18-g6-t90.pddl,off,0,,1799.675,,,,,
pipesworld-tankage,p36-net4-b18-g6-t90.pddl,on,0,,1799.880,,,,,
pipesworld-tankage,p36-net4-b18-g6-t90.pddl,selector,0,,1799.777,,off,5229353,4508230,170.186
pipesworld-tankage,p37-net4-b20-g5-t60.pddl,off,0,,1799.577,,,,,
pipesworld-tankage,p37-net4-b20-g5-t60.pddl,on,0,,1106.830,,,,,
pipesworld-tankage,p37-net4-b20-g5-t60.pddl,selector,0,,1800.473,,off,6090587,7555126,179.945
pipesworld-tankage,p38-net4-b20-g7-t60.pddl,off,0,,1799.620,,,,,
pipesworld-tankage,p38-net4-b20-g7-t60.pddl,on,0,,1799.701,,,,,
pipesworld-tankage,p38-net4-b20-g7-t60.pddl,selector,0,,1799.707,,off,5922197,4995441,174.012
pipesworld-tankage,p39-net4-b22-g7-t50.pddl,off,0,,1800.370,,,,,
pipesworld-tankage,p39-net4-b22-g7-t50.pddl,on,0,,1800.064,,,,,
pipesworld-tankage,p39-net4-b22-g7-t50.pddl,selector,0,,1541.911,,off,5644072,6928665,185.823
pipesworld-tankage,p40-net4-b22-g8-t50.pddl,off,0,,1800.074,,,,,
pipesworld-tankage,p40-net4-b22-g8-t50.pddl,on,0,,1610.832,,,,,
pipesworld-tankage,p40-net4-b22-g8-t50.pddl,selector,0,,1799.994,,off,6439989,4716077,198.400
pipesworld-tankage,p41-net5-b22-g2-t20.pddl,off,0,,1799.848,,,,,
pipesworld-tankage,p41-net5-b22-g2-t20.pddl,on,0,,1285.008,,,,,
pipesworld-tankage,p41-net5-b22-g2-t20.pddl,selector,0,,1799.832,,off,9741149,8572344,201.257
pipesworld-tankage,p42-net5-b22-g4-t50.pddl,off,0,,1799.643,,,,,
pipesworld-tankage,p42-net5-b22-g4-t50.pddl,on,0,,1800.384,,,,,
pipesworld-tankage,p42-net5-b22-g4-t50.pddl,selector,0,,1800.036,,off,6707735,8052931,203.471
pipesworld-tankage,p43-net5-b24-g3-t80.pddl,off,0,,1799.934,,,,,
pipesworld-tankage,p43-net5-b24-g3-t80.pddl,on,0,,1676.754,,,,,
pipesworld-tankage,p43-net5-b24-g3-t80.pddl,selector,0,,1799.940,,off,8425129,7843241,259.408
pipesworld-tankage,p44-net5-b24-g5-t80.pddl,off,0,,1800.390,,,,,
pipesworld-tankage,p44-net5-b24-g5-t80.pddl,on,0,,1799.786,,,,,
pipesworld-tankage,p44-net5-b24-g5-t80.pddl,selector,0,,1800.293,,off,8683698,8306483,287.866
pipesworld-tankage,p45-net5-b26-g4-t50.pddl,off,0,,1260.234,,,,,
pipesworld-tankage,p45-net5-b26-g4-t50.pddl,on,0,,1799.699,,,,,
pipesworld-tankage,p45-net5-b26-g4-t50.pddl,selector,0,,1800.193,,off,10530402,10147998,264.688
pipesworld-tankage,p46-net5-b26-g6-t50.pddl,off,0,,1800.130,,,,,
pipesworld-tankage,p46-net5-b26-g6-t50.pddl,on,0,,1799.648,,,,,
pipesworld-tankage,p46-net5-b26-g6-t50.pddl,selector,0,,1799.687,,off,11960820,9251592,270.185
pipesworld-tankage,p47-net5-b28-g5-t50.pddl,off,0,,1799.531,,,,,
pipesworld-tankage,p47-net5-b28-g5-t50.pddl,on,0,,1799.766,,,,,
pipesworld-tankage,p47-net5-b28-g5-t50.pddl,selector,0,,1800.413,,off,10683406,13373011,287.976
pipesworld-tankage,p48-net5-b28-g7-t50.pddl,off,0,,1800.416,,,,,
pipesworld-tankage,p48-net5-b28-g7-t50.pddl,on,0,,1800.231,,,,,
pipesworld-tankage,p48-net5-b28-g7-t50.pddl,selector,0,,1799.938,,off,11315443,12549207,284.386
pipesworld-tankage,p49-net5-b30-g6-t50.pddl,off,0,,1561.665,,,,,
pipesworld-tankage,p49-net5-b30-g6-t50.pddl,on,0,,1731.357,,,,,
pipesworld-tankage,p49-net5-b30-g6-t50.pddl,selector,0,,1800.281,,off,14157645,13268628,330.706
pipesworld-tankage,p50-net5-b30-g8-t50.pddl,off,0,,1771.064,,,,,
pipesworld-tankage,p50-net5-b30-g8-t50.pddl,on,0,,1800.280,,,,,
pipesworld-tankage,p50-net5-b30-g8-t50.pddl,selector,0,,1799.651,,off,13661809,13030076,335.078
psr-small,p01-s2-n1-l2-f50.pddl,off,1,8,0.518,0.00100033,,,,
psr-small,p01-s2-n1-l2-f50.pddl,on,1,8,0.518,0.00111553,,,,
psr-small,p01-s2-n1-l2-f50.pddl,selector,1,8,0.719,0.00141338,presolve,,,
psr-small,p02-s5-n1-l3-f30.pddl,off,0,,0.165,,,,,
psr-small,p02-s5-n1-l3-f30.pddl,on,0,,0.166,,,,,
psr-small,p02-s5-n1-l3-f30.pddl,selector,0,,0.166,,,,,
psr-small,p03-s7-n1-l3-f70.pddl,off,1,8,0.517,0.00107261,,,,
psr-small,p03-s7-n1-l3-f70.pddl,on,1,8,0.567,0.000999778,,,,
psr-small,p03-s7-n1-l3-f70.pddl,selector,1,8,0.719,0.00108053,presolve,,,
psr-small,p04-s8-n1-l4-f10.pddl,off,0,,0.115,,,,,
psr-small,p04-s8-n1-l4-f10.pddl,on,0,,0.115,,,,,
psr-small,p04-s8-n1-l4-f10.pddl,selector,0,,0.216,,,,,
psr-small,p05-s9-n1-l4-f30.pddl,off,0,,0.115,,,,,
psr-small,p05-s9-n1-l4-f30.pddl,on,0,,0.166,,,,,
psr-small,p05-s9-n1-l4-f30.pddl,selector,0,,0.166,,,,,
psr-small,p06-s10-n1-l4-f50.pddl,off,1,8,0.518,0.00143445,,,,
psr-small,p06-s10-n1-l4-f50.pddl,on,1,8,0.568,0.00112887,,,,
psr-small,p06-s10-n1-l4-f50.pddl,selector,1,8,0.769,0.00120294,presolve,,,
psr-small,p07-s11-n1-l4-f70.pddl,off,0,,0.115,,,,,
psr-small,p07-s11-n1-l4-f70.pddl,on,0,,0.115,,,,,
psr-small,p07-s11-n1-l4-f70.pddl,selector,0,,0.166,,,,,
psr-small,p08-s12-n1-l5-f10.pddl,off,0,,0.115,,,,,
psr-small,p08-s12-n1-l5-f10.pddl,on,0,,0.115,,,,,
psr-small,p08-s12-n1-l5-f10.pddl,selector,0,,0.166,,,,,
psr-small,p09-s13-n1-l5-f30.pddl,off,0,,0.467,0.000553939,,,,
psr-small,p09-s13-n1-l5-f30.pddl,on,0,,0.467,0.000341046,,,,
psr-small,p09-s13-n1-l5-f30.pddl,selector,0,,1.422,0.000254238,off,0,0,0.999
psr-small,p10-s17-n2-l2-f30.pddl,off,0,,0.115,,,,,
psr-small,p10-s17-n2-l2-f30.pddl,on,0,,0.165,,,,,
psr-small,p10-s17-n2-l2-f30.pddl,selector,0,,0.165,,,,,
psr-small,p11-s18-n2-l2-f50.pddl,off,0,,0.115,,,,,
psr-small,p11-s18-n2-l2-f50.pddl,on,0,,0.115,,,,,
psr-small,p11-s18-n2-l2-f50.pddl,selector,0,,0.166,,,,,
psr-small,p12-s21-n2-l3-f30.pddl,off,0,,0.115,,,,,
psr-small,p12-s21-n2-l3-f30.pddl,on,0,,0.115,,,,,
psr-small,p12-s21-n2-l3-f30.pddl,selector,0,,0.166,,,,,
psr-small,p13-s22-n2-l3-f50.pddl,off,0,,0.115,,,,,
psr-small,p13-s22-n2-l3-f50.pddl,on,0,,0.165,,,,,
psr-small,p13-s22-n2-l3-f50.pddl,selector,0,,0.166,,,,,
psr-small,p14-s23-n2-l3-f70.pddl,off,0,,0.115,,,,,
psr-small,p14-s23-n2-l3-f70.pddl,on,0,,0.115,,,,,
psr-small,p14-s23-n2-l3-f70.pddl,selector,0,,0.216,,,,,
psr-small,p15-s24-n2-l4-f10.pddl,off,0,,0.166,,,,,
psr-small,p15-s24-n2-l4-f10.pddl,on,0,,0.115,,,,,
psr-small,p15-s24-n2-l4-f10.pddl,selector,0,,0.216,,,,,
psr-small,p16-s29-n2-l5-f30.pddl,off,0,,0.166,,,,,
psr-small,p16-s29-n2-l5-f30.pddl,on,0,,0.166,,,,,
psr-small,p16-s29-n2-l5-f30.pddl,selector,0,,0.216,,,,,
psr-small,p17-s30-n2-l5-f50.pddl,off,0,,0.166,,,,,
psr-small,p17-s30-n2-l5-f50.pddl,on,0,,0.115,,,,,
psr-small,p17-s30-n2-l5-f50.pddl,selector,0,,0.166,,,,,
psr-small,p18-s31-n2-l5-f70.pddl,off,0,,0.165,,,,,
psr-small,p18-s31-n2-l5-f70.pddl,on,0,,0.166,,,,,
psr-small,p18-s31-n2-l5-f70.pddl,selector,0,,0.165,,,,,
psr-small,p19-s33-n3-l2-f30.pddl,off,0,,0.115,,,,,
psr-small,p19-s33-n3-l2-f30.pddl,on,0,,0.166,,,,,
psr-small,p19-s33-n3-l2-f30.pddl,selector,0,,0.166,,,,,
psr-small,p20-s34-n3-l2-f50.pddl,off,0,,0.115,,,,,
psr-small,p20-s34-n3-l2-f50.pddl,on,0,,0.115,,,,,
psr-small,p20-s34-n3-l2-f50.pddl,selector,0,,0.216,,,,,
psr-small,p21-s35-n3-l2-f70.pddl,off,0,,0.115,,,,,
psr-small,p21-s35-n3-l2-f70.pddl,on,0,,0.115,,,,,
psr-small,p21-s35-n3-l2-f70.pddl,selector,0,,0.216,,,,,
psr-small,p22-s37-n3-l3-f30.pddl,off,0,,0.115,,,,,
psr-small,p22-s37-n3-l3-f30.pddl,on,0,,0.115,,,,,
psr-small,p22-s37-n3-l3-f30.pddl,selector,0,,0.166,,,,,
psr-small,p23-s38-n3-l3-f50.pddl,off,0,,0.115,,,,,
psr-small,p23-s38-n3-l3-f50.pddl,on,0,,0.115,,,,,
psr-small,p23-s38-n3-l3-f50.pddl,selector,0,,0.165,,,,,
psr-small,p24-s39-n3-l3-f70.pddl,off,0,,0.115,,,,,
psr-small,p24-s39-n3-l3-f70.pddl,on,0,,0.165,,,,,
psr-small,p24-s39-n3-l3-f70.pddl,selector,0,,0.166,,,,,
psr-small,p25-s40-n3-l4-f10.pddl,off,0,,0.115,,,,,
psr-small,p25-s40-n3-l4-f10.pddl,on,0,,0.115,,,,,
psr-small,p25-s40-n3-l4-f10.pddl,selector,0,,0.165,,,,,
psr-small,p26-s41-n3-l4-f30.pddl,off,0,,0.166,,,,,
psr-small,p26-s41-n3-l4-f30.pddl,on,0,,0.115,,,,,
psr-small,p26-s41-n3-l4-f30.pddl,selector,0,,0.216,,,,,
psr-small,p27-s42-n3-l4-f50.pddl,off,0,,0.115,,,,,
psr-small,p27-s42-n3-l4-f50.pddl,on,0,,0.115,,,,,
psr-small,p27-s42-n3-l4-f50.pddl,selector,0,,0.216,,,,,
psr-small,p28-s43-n3-l4-f70.pddl,off,0,,0.115,,,,,
psr-small,p28-s43-n3-l4-f70.pddl,on,0,,0.115,,,,,
psr-small,p28-s43-n3-l4-f70.pddl,selector,0,,0.216,,,,,
psr-small,p29-s45-n3-l5-f30.pddl,off,0,,0.115,,,,,
psr-small,p29-s45-n3-l5-f30.pddl,on,0,,0.166,,,,,
psr-small,p29-s45-n3-l5-f30.pddl,selector,0,,0.216,,,,,
psr-small,p30-s46-n3-l5-f50.pddl,off,0,,0.115,,,,,
psr-small,p30-s46-n3-l5-f50.pddl,on,0,,0.115,,,,,
psr-small,p30-s46-n3-l5-f50.pddl,selector,0,,0.165,,,,,
psr-small,p31-s49-n4-l2-f30.pddl,off,0,,0.115,,,,,
psr-small,p31-s49-n4-l2-f30.pddl,on,0,,0.115,,,,,
psr-small,p31-s49-n4-l2-f30.pddl,selector,0,,0.165,,,,,
psr-small,p32-s50-n4-l2-f50.pddl,off,0,,0.166,,,,,
psr-small,p32-s50-n4-l2-f50.pddl,on,0,,0.166,,,,,
psr-small,p32-s50-n4-l2-f50.pddl,selector,0,,0.166,,,,,
psr-small,p33-s51-n4-l2-f70.pddl,off,0,,0.166,,,,,
psr-small,p33-s51-n4-l2-f70.pddl,on,0,,0.115,,,,,
psr-small,p33-s51-n4-l2-f70.pddl,selector,0,,0.166,,,,,
psr-small,p34-s55-n4-l3-f70.pddl,off,0,,0.166,,,,,
psr-small,p34-s55-n4-l3-f70.pddl,on,0,,0.166,,,,,
psr-small,p34-s55-n4-l3-f70.pddl,selector,0,,0.166,,,,,
psr-small,p35-s57-n5-l2-f30.pddl,off,0,,0.115,,,,,
psr-small,p35-s57-n5-l2-f30.pddl,on,0,,0.115,,,,,
psr-small,p35-s57-n5-l2-f30.pddl,selector,0,,0.216,,,,,
psr-small,p36-s65-n6-l2-f30.pddl,off,0,,0.165,,,,,
psr-small,p36-s65-n6-l2-f30.pddl,on,0,,0.115,,,,,
psr-small,p36-s65-n6-l2-f30.pddl,selector,0,,0.165,,,,,
psr-small,p37-s67-n6-l2-f70.pddl,off,0,,0.166,,,,,
psr-small,p37-s67-n6-l2-f70.pddl,on,0,,0.166,,,,,
psr-small,p37-s67-n6-l2-f70.pddl,selector,0,,0.165,,,,,
psr-small,p38-s78-n3-l3-f50.pddl,off,0,,0.115,,,,,
psr-small,p38-s78-n3-l3-f50.pddl,on,0,,0.115,,,,,
psr-small,p38-s78-n3-l3-f50.pddl,selector,0,,0.216,,,,,
psr-small,p39-s79-n3-l3-f70.pddl,off,0,,0.165,,,,,
psr-small,p39-s79-n3-l3-f70.pddl,on,0,,0.115,,,,,
psr-small,p39-s79-n3-l3-f70.pddl,selector,0,,0.165,,,,,
psr-small,p40-s80-n3-l4-f10.pddl,off,0,,0.115,,,,,
psr-small,p40-s80-n3-l4-f10.pddl,on,0,,0.115,,,,,
psr-small,p40-s80-n3-l4-f10.pddl,selector,0,,0.166,,,,,
psr-small,p41-s81-n3-l4-f30.pddl,off,0,,0.115,,,,,
psr-small,p41-s81-n3-l4-f30.pddl,on,0,,0.115,,,,,
psr-small,p41-s81-n3-l4-f30.pddl,selector,0,,0.166,,,,,
psr-small,p42-s82-n3-l4-f50.pddl,off,0,,0.115,,,,,
psr-small,p42-s82-n3-l4-f50.pddl,on,0,,0.115,,,,,
psr-small,p42-s82-n3-l4-f50.pddl,selector,0,,0.166,,,,,
psr-small,p43-s83-n3-l4-f70.pddl,off,0,,0.115,,,,,
psr-small,p43-s83-n3-l4-f70.pddl,on,0,,0.165,,,,,
psr-small,p43-s83-n3-l4-f70.pddl,selector,0,,0.165,,,,,
psr-small,p44-s89-n4-l2-f30.pddl,off,0,,0.115,,,,,
psr-small,p44-s89-n4-l2-f30.pddl,on,0,,0.115,,,,,
psr-small,p44-s89-n4-l2-f30.pddl,selector,0,,0.166,,,,,
psr-small,p45-s94-n4-l3-f50.pddl,off,0,,0.115,,,,,
psr-small,p45-s94-n4-l3-f50.pddl,on,0,,0.166,,,,,
psr-small,p45-s94-n4-l3-f50.pddl,selector,0,,0.166,,,,,
psr-small,p46-s97-n5-l2-f30.pddl,off,0,,0.166,,,,,
psr-small,p46-s97-n5-l2-f30.pddl,on,0,,0.115,,,,,
psr-small,p46-s97-n5-l2-f30.pddl,selector,0,,0.165,,,,,
psr-small,p47-s98-n5-l2-f50.pddl,off,0,,0.115,,,,,
psr-small,p47-s98-n5-l2-f50.pddl,on,0,,0.166,,,,,
psr-small,p47-s98-n5-l2-f50.pddl,selector,0,,0.165,,,,,
psr-small,p48-s101-n5-l3-f30.pddl,off,0,,0.115,,,,,
psr-small,p48-s101-n5-l3-f30.pddl,on,0,,0.115,,,,,
psr-small,p48-s101-n5-l3-f30.pddl,selector,0,,0.166,,,,,
psr-small,p49-s105-n6-l2-f30.pddl,off,0,,0.115,,,,,
psr-small,p49-s105-n6-l2-f30.pddl,on,0,,0.115,,,,,
psr-small,p49-s105-n6-l2-f30.pddl,selector,0,,0.216,,,,,
psr-small,p50-s107-n6-l2-f70.pddl,off,0,,0.165,,,,,
psr-small,p50-s107-n6-l2-f70.pddl,on,0,,0.115,,,,,
psr-small,p50-s107-n6-l2-f70.pddl,selector,0,,0.216,,,,,
quantum-layout-opt23-strips,p01.pddl,off,1,10,2.631,1.19394,,,,
quantum-layout-opt23-strips,p01.pddl,on,1,10,3.132,1.35296,,,,
quantum-layout-opt23-strips,p01.pddl,selector,1,10,2.680,1.13574,presolve,,,
quantum-layout-opt23-strips,p02.pddl,off,0,,0.467,0.000411777,,,,
quantum-layout-opt23-strips,p02.pddl,on,0,,0.467,0.000520575,,,,
quantum-layout-opt23-strips,p02.pddl,selector,0,,1.423,0.000523798,off,0,0,0.999
quantum-layout-opt23-strips,p03.pddl,off,0,,0.468,0.000555324,,,,
quantum-layout-opt23-strips,p03.pddl,on,0,,0.517,0.000325104,,,,
quantum-layout-opt23-strips,p03.pddl,selector,0,,1.423,0.000530846,off,0,0,0.949
quantum-layout-opt23-strips,p04.pddl,off,0,,0.467,0.000484477,,,,
quantum-layout-opt23-strips,p04.pddl,on,0,,0.518,0.000516728,,,,
quantum-layout-opt23-strips,p04.pddl,selector,0,,1.323,0.000532692,off,0,0,0.899
quantum-layout-opt23-strips,p05.pddl,off,0,,0.467,0.000223574,,,,
quantum-layout-opt23-strips,p05.pddl,on,0,,0.468,0.000550436,,,,
quantum-layout-opt23-strips,p05.pddl,selector,0,,1.423,0.000383274,off,0,0,0.949
quantum-layout-opt23-strips,p06.pddl,off,0,,0.467,0.000193521,,,,
quantum-layout-opt23-strips,p06.pddl,on,0,,0.467,0.00054836,,,,
quantum-layout-opt23-strips,p06.pddl,selector,0,,1.322,0.000569819,off,0,0,0.898
quantum-layout-opt23-strips,p07.pddl,off,0,,0.467,0.000519099,,,,
quantum-layout-opt23-strips,p07.pddl,on,0,,0.468,0.000553115,,,,
quantum-layout-opt23-strips,p07.pddl,selector,0,,1.322,0.000220046,off,0,0,0.898
quantum-layout-opt23-strips,p08.pddl,off,0,,0.467,0.000535437,,,,
quantum-layout-opt23-strips,p08.pddl,on,0,,0.467,0.000533383,,,,
quantum-layout-opt23-strips,p08.pddl,selector,0,,1.322,0.000493102,off,0,0,0.899
quantum-layout-opt23-strips,p09.pddl,off,0,,0.467,0.000523875,,,,
quantum-layout-opt23-strips,p09.pddl,on,0,,0.467,0.000533629,,,,
quantum-layout-opt23-strips,p09.pddl,selector,0,,1.323,0.000440667,off,0,0,0.898
quantum-layout-opt23-strips,p10.pddl,off,0,,0.467,0.000537259,,,,
quantum-layout-opt23-strips,p10.pddl,on,0,,0.467,0.000355776,,,,
quantum-layout-opt23-strips,p10.pddl,selector,0,,1.322,0.000481621,off,0,0,0.898
quantum-layout-opt23-strips,p11.pddl,off,0,,0.467,0.000513021,,,,
quantum-layout-opt23-strips,p11.pddl,on,0,,0.467,0.000496356,,,,
quantum-layout-opt23-strips,p11.pddl,selector,0,,1.171,0.000387958,off,0,0,0.798
quantum-layout-opt23-strips,p12.pddl,off,0,,0.367,0.000220043,,,,
quantum-layout-opt23-strips,p12.pddl,on,0,,0.367,0.000396257,,,,
quantum-layout-opt23-strips,p12.pddl,selector,0,,1.272,0.000505298,off,0,0,0.848
quantum-layout-opt23-strips,p13.pddl,off,0,,0.467,0.000545638,,,,
quantum-layout-opt23-strips,p13.pddl,on,0,,0.467,0.000439318,,,,
quantum-layout-opt23-strips,p13.pddl,selector,0,,1.121,0.00038553,off,0,0,0.747
quantum-layout-opt23-strips,p14.pddl,off,1,10,7.107,5.46138,,,,
quantum-layout-opt23-strips,p14.pddl,on,1,10,14.193,11.9676,,,,
quantum-layout-opt23-strips,p14.pddl,selector,1,10,9.421,7.32866,presolve,,,
quantum-layout-opt23-strips,p15.pddl,off,0,,0.467,0.000397523,,,,
quantum-layout-opt23-strips,p15.pddl,on,0,,0.467,0.000531604,,,,
quantum-layout-opt23-strips,p15.pddl,selector,0,,1.222,0.00056805,off,0,0,0.798
quantum-layout-opt23-strips,p16.pddl,off,0,,0.467,0.000535925,,,,
quantum-layout-opt23-strips,p16.pddl,on,0,,0.366,0.000389634,,,,
quantum-layout-opt23-strips,p16.pddl,selector,0,,1.273,0.000547791,off,0,0,0.798
quantum-layout-opt23-strips,p17.pddl,off,0,,0.417,0.000414722,,,,
quantum-layout-opt23-strips,p17.pddl,on,0,,0.467,0.000423835,,,,
quantum-layout-opt23-strips,p17.pddl,selector,0,,1.222,0.000424578,off,0,0,0.798
quantum-layout-opt23-strips,p18.pddl,off,0,,0.417,0.000428031,,,,
quantum-layout-opt23-strips,p18.pddl,on,0,,0.366,0.000222712,,,,
quantum-layout-opt23-strips,p18.pddl,selector,0,,1.272,0.00047277,off,0,0,0.898
quantum-layout-opt23-strips,p19.pddl,off,0,,0.467,0.000451322,,,,
quantum-layout-opt23-strips,p19.pddl,on,0,,0.417,0.000442717,,,,
quantum-layout-opt23-strips,p19.pddl,selector,0,,1.171,0.000368973,off,0,0,0.798
quantum-layout-opt23-strips,p20.pddl,off,0,,0.467,0.000483632,,,,
quantum-layout-opt23-strips,p20.pddl,on,0,,0.366,0.000439392,,,,
quantum-layout-opt23-strips,p20.pddl,selector,0,,1.222,0.000457595,off,0,0,0.848
rovers,p01.pddl,off,1,10,0.568,0.00306751,,,,
rovers,p01.pddl,on,1,10,0.467,0.0020113,,,,
rovers,p01.pddl,selector,1,10,0.719,0.00296544,presolve,,,
rovers,p02.pddl,off,1,8,0.417,0.00200076,,,,
rovers,p02.pddl,on,1,8,0.417,0.00158861,,,,
rovers,p02.pddl,selector,1,8,0.518,0.00127351,presolve,,,
rovers,p03.pddl,off,1,11,0.518,0.00459722,,,,
rovers,p03.pddl,on,1,11,0.417,0.00272601,,,,
rovers,p03.pddl,selector,1,11,0.568,0.00505859,presolve,,,
rovers,p04.pddl,off,1,8,0.567,0.00233976,,,,
rovers,p04.pddl,on,1,8,0.467,0.00194441,,,,
rovers,p04.pddl,selector,1,8,0.568,0.00201699,presolve,,,
rovers,p05.pddl,off,1,22,0.668,0.0463945,,,,
rovers,p05.pddl,on,1,22,0.669,0.0440426,,,,
rovers,p05.pddl,selector,1,22,0.719,0.0295943,presolve,,,
rovers,p06.pddl,off,1,36,0.668,0.0586027,,,,
rovers,p06.pddl,on,1,36,0.668,0.0479996,,,,
rovers,p06.pddl,selector,1,36,0.870,0.0695375,presolve,,,
rovers,p07.pddl,off,1,18,0.819,0.188,,,,
rovers,p07.pddl,on,1,18,0.869,0.267511,,,,
rovers,p07.pddl,selector,1,18,1.021,0.261115,presolve,,,
rovers,p08.pddl,off,1,26,37.536,36.8308,,,,
rovers,p08.pddl,on,1,26,20.241,19.4353,,,,
rovers,p08.pddl,selector,1,26,44.333,32.7378,off,10631,14313,10.907
rovers,p09.pddl,off,1,31,1.675,0.884828,,,,
rovers,p09.pddl,on,1,31,1.373,0.612998,,,,
rovers,p09.pddl,selector,1,31,1.876,0.878989,presolve,,,
rovers,p10.pddl,off,1,35,370.090,369.207,,,,
rovers,p10.pddl,on,1,35,70.506,69.576,,,,
rovers,p10.pddl,selector,1,35,367.635,355.826,off,12728,10526,11.010
rovers,p11.pddl,off,1,30,46.890,46.2304,,,,
rovers,p11.pddl,on,1,30,77.289,76.6406,,,,
rovers,p11.pddl,selector,1,30,107.581,96.2082,on,21060,8286,10.755
rovers,p12.pddl,off,1,19,0.920,0.384942,,,,
rovers,p12.pddl,on,1,19,0.820,0.263232,,,,
rovers,p12.pddl,selector,1,19,1.423,0.563916,presolve,,,
rovers,p13.pddl,off,0,,1799.357,,,,,
rovers,p13.pddl,on,0,,1799.326,,,,,
rovers,p13.pddl,selector,0,,1800.159,,off,45464,70390,10.908
rovers,p14.pddl,off,1,28,1.272,0.678309,,,,
rovers,p14.pddl,on,1,28,1.725,1.02399,,,,
rovers,p14.pddl,selector,1,28,1.926,1.00785,presolve,,,
rovers,p15.pddl,off,1,41,3.633,2.71675,,,,
rovers,p15.pddl,on,1,41,3.234,2.44195,,,,
rovers,p15.pddl,selector,1,41,3.637,2.70274,presolve,,,
rovers,p16.pddl,off,0,,1799.412,,,,,
rovers,p16.pddl,on,0,,1799.460,,,,,
rovers,p16.pddl,selector,0,,1800.165,,off,86321,83266,10.908
rovers,p17.pddl,off,0,,1799.417,,,,,
rovers,p17.pddl,on,0,,1799.483,,,,,
rovers,p17.pddl,selector,0,,1799.365,,off,12230,11094,11.160
rovers,p18.pddl,off,0,,1799.570,,,,,
rovers,p18.pddl,on,0,,1799.815,,,,,
rovers,p18.pddl,selector,0,,1799.808,,off,103660,76757,12.518
rovers,p19.pddl,off,0,,1799.681,,,,,
rovers,p19.pddl,on,0,,1800.212,,,,,
rovers,p19.pddl,selector,0,,1799.506,,on,183783,59741,12.067
rovers,p20.pddl,off,0,,1800.006,,,,,
rovers,p20.pddl,on,0,,1799.903,,,,,
rovers,p20.pddl,selector,0,,1800.168,,off,50020,58671,11.810
rovers,p21.pddl,off,0,,1799.564,,,,,
rovers,p21.pddl,on,0,,1799.992,,,,,
rovers,p21.pddl,selector,0,,1800.437,,off,198813,192449,13.927
rovers,p22.pddl,off,0,,1799.453,,,,,
rovers,p22.pddl,on,0,,1799.731,,,,,
rovers,p22.pddl,selector,0,,1800.086,,off,141944,145686,14.633
rovers,p23.pddl,off,0,,1746.202,,,,,
rovers,p23.pddl,on,0,,1727.669,,,,,
rovers,p23.pddl,selector,0,,1076.602,,off,247782,261853,13.824
rovers,p24.pddl,off,0,,1799.697,,,,,
rovers,p24.pddl,on,0,,1799.593,,,,,
rovers,p24.pddl,selector,0,,1799.839,,off,189959,163446,13.476
rovers,p25.pddl,off,0,,1799.586,,,,,
rovers,p25.pddl,on,0,,1799.550,,,,,
rovers,p25.pddl,selector,0,,1799.723,,on,138114,85128,13.171
rovers,p26.pddl,off,0,,1800.095,,,,,
rovers,p26.pddl,on,0,,1799.669,,,,,
rovers,p26.pddl,selector,0,,1799.413,,off,89450,150351,13.020
rovers,p27.pddl,off,0,,1710.944,,,,,
rovers,p27.pddl,on,0,,1800.015,,,,,
rovers,p27.pddl,selector,0,,1800.255,,on,235286,114638,12.820
rovers,p28.pddl,off,0,,1799.784,,,,,
rovers,p28.pddl,on,0,,300.754,,,,,
rovers,p28.pddl,selector,0,,1799.646,,off,325942,396755,16.385
rovers,p29.pddl,off,0,,1799.896,,,,,
rovers,p29.pddl,on,0,,1800.183,,,,,
rovers,p29.pddl,selector,0,,1800.160,,off,217262,226339,15.683
rovers,p30.pddl,off,0,,1800.431,,,,,
rovers,p30.pddl,on,0,,1799.511,,,,,
rovers,p30.pddl,selector,0,,1800.276,,off,588167,543507,16.590
rovers,p31.pddl,off,0,,1800.275,,,,,
rovers,p31.pddl,on,0,,1107.175,,,,,
rovers,p31.pddl,selector,0,,1800.258,,off,291723,346357,17.848
rovers,p32.pddl,off,0,,1460.910,,,,,
rovers,p32.pddl,on,0,,1794.608,,,,,
rovers,p32.pddl,selector,0,,1800.287,,on,734725,465970,24.741
rovers,p33.pddl,off,0,,1799.929,,,,,
rovers,p33.pddl,on,0,,1800.328,,,,,
rovers,p33.pddl,selector,0,,1800.116,,off,846475,1245544,44.869
rovers,p34.pddl,off,0,,1797.648,,,,,
rovers,p34.pddl,on,0,,1529.855,,,,,
rovers,p34.pddl,selector,0,,1537.841,,on,1370863,936496,52.069
rovers,p35.pddl,off,0,,202.619,,,,,
rovers,p35.pddl,on,0,,1800.092,,,,,
rovers,p35.pddl,selector,0,,204.282,,off,1063937,954604,62.731
rovers,p36.pddl,off,0,,1800.494,,,,,
rovers,p36.pddl,on,0,,1800.039,,,,,
rovers,p36.pddl,selector,0,,1800.096,,off,1028362,789741,41.503
rovers,p37.pddl,off,0,,1791.443,,,,,
rovers,p37.pddl,on,0,,1800.302,,,,,
rovers,p37.pddl,selector,0,,1800.689,,off,935854,1006690,80.983
rovers,p38.pddl,off,0,,1348.087,,,,,
rovers,p38.pddl,on,0,,1078.155,,,,,
rovers,p38.pddl,selector,0,,1348.361,,off,2492082,2637757,145.139
rovers,p39.pddl,off,0,,1800.302,,,,,
rovers,p39.pddl,on,0,,1799.748,,,,,
rovers,p39.pddl,selector,0,,1733.797,,off,941058,994307,109.118
rovers,p40.pddl,off,0,,1195.369,,,,,
rovers,p40.pddl,on,0,,1236.751,,,,,
rovers,p40.pddl,selector,0,,1394.113,,off,1903072,2098913,168.867
satellite,p01-pfile1.pddl,off,1,9,0.417,0.000999952,,,,
satellite,p01-pfile1.pddl,on,1,9,0.417,0.00169859,,,,
satellite,p01-pfile1.pddl,selector,1,9,0.517,0.000999904,presolve,,,
satellite,p02-pfile2.pddl,off,1,13,0.517,0.00403945,,,,
satellite,p02-pfile2.pddl,on,1,13,0.467,0.00284361,,,,
satellite,p02-pfile2.pddl,selector,1,13,0.719,0.00394538,presolve,,,
satellite,p03-pfile3.pddl,off,1,11,0.517,0.0071612,,,,
satellite,p03-pfile3.pddl,on,1,11,0.518,0.00502908,,,,
satellite,p03-pfile3.pddl,selector,1,11,0.719,0.00792134,presolve,,,
satellite,p04-pfile4.pddl,off,1,17,0.517,0.0244374,,,,
satellite,p04-pfile4.pddl,on,1,17,0.518,0.0150052,,,,
satellite,p04-pfile4.pddl,selector,1,17,0.719,0.0224646,presolve,,,
satellite,p05-pfile5.pddl,off,1,15,0.718,0.14078,,,,
satellite,p05-pfile5.pddl,on,1,15,0.719,0.108132,,,,
satellite,p05-pfile5.pddl,selector,1,15,0.820,0.141459,presolve,,,
satellite,p06-pfile6.pddl,off,1,20,0.517,0.0444574,,,,
satellite,p06-pfile6.pddl,on,1,20,0.518,0.0399704,,,,
satellite,p06-pfile6.pddl,selector,1,20,0.618,0.0461237,presolve,,,
satellite,p07-pfile7.pddl,off,1,21,1.171,0.588878,,,,
satellite,p07-pfile7.pddl,on,1,21,1.372,0.810649,,,,
satellite,p07-pfile7.pddl,selector,1,21,1.272,0.578149,presolve,,,
satellite,p08-pfile8.pddl,off,1,26,54.606,53.7728,,,,
satellite,p08-pfile8.pddl,on,1,26,49.779,48.8435,,,,
satellite,p08-pfile8.pddl,selector,1,26,57.999,46.2723,on,76223,43467,11.008
satellite,p09-pfile9.pddl,off,1,27,59.058,58.1457,,,,
satellite,p09-pfile9.pddl,on,1,27,50.675,49.744,,,,
satellite,p09-pfile9.pddl,selector,1,27,70.782,58.9188,off,53327,47691,11.107
satellite,p10-pfile10.pddl,off,1,29,1758.495,1756.71,,,,
satellite,p10-pfile10.pddl,on,1,29,937.181,935.948,,,,
satellite,p10-pfile10.pddl,selector,1,29,1680.469,1667.89,off,75909,71226,11.262
satellite,p11-pfile11.pddl,off,1,31,41.190,40.3521,,,,
satellite,p11-pfile11.pddl,on,1,31,9.818,9.01517,,,,
satellite,p11-pfile11.pddl,selector,1,31,21.142,9.26262,on,49690,13391,11.207
satellite,p12-pfile12.pddl,off,0,,1799.508,,,,,
satellite,p12-pfile12.pddl,on,0,,1799.651,,,,,
satellite,p12-pfile12.pddl,selector,0,,1799.728,,off,86591,83392,11.510
satellite,p13-pfile13.pddl,off,0,,1799.687,,,,,
satellite,p13-pfile13.pddl,on,0,,1799.679,,,,,
satellite,p13-pfile13.pddl,selector,0,,1799.635,,on,68198,41314,11.361
satellite,p14-pfile14.pddl,off,0,,1799.691,,,,,
satellite,p14-pfile14.pddl,on,0,,1799.880,,,,,
satellite,p14-pfile14.pddl,selector,0,,1800.042,,off,54781,62289,11.715
satellite,p15-pfile15.pddl,off,0,,1799.796,,,,,
satellite,p15-pfile15.pddl,on,0,,1799.841,,,,,
satellite,p15-pfile15.pddl,selector,0,,1800.119,,off,85857,85411,11.864
satellite,p16-pfile16.pddl,off,0,,1800.133,,,,,
satellite,p16-pfile16.pddl,on,0,,1800.110,,,,,
satellite,p16-pfile16.pddl,selector,0,,1799.520,,off,116233,215102,12.116
satellite,p17-pfile17.pddl,off,0,,1799.760,,,,,
satellite,p17-pfile17.pddl,on,0,,1800.263,,,,,
satellite,p17-pfile17.pddl,selector,0,,1800.142,,off,149666,138881,12.717
satellite,p18-pfile18.pddl,off,1,32,177.518,176.492,,,,
satellite,p18-pfile18.pddl,on,1,32,25.818,24.6914,,,,
satellite,p18-pfile18.pddl,selector,1,32,180.702,168.468,off,43751,42253,11.512
satellite,p19-pfile19.pddl,off,0,,1799.852,,,,,
satellite,p19-pfile19.pddl,on,0,,1799.958,,,,,
satellite,p19-pfile19.pddl,selector,0,,1799.801,,off,136498,112254,12.367
satellite,p20-pfile20.pddl,off,0,,1799.801,,,,,
satellite,p20-pfile20.pddl,on,0,,1799.885,,,,,
satellite,p20-pfile20.pddl,selector,0,,1799.785,,off,196683,140084,12.365
satellite,p21-HC-pfile1.pddl,off,0,,1799.483,,,,,
satellite,p21-HC-pfile1.pddl,on,0,,1799.446,,,,,
satellite,p21-HC-pfile1.pddl,selector,0,,1800.017,,off,233440,205575,13.524
satellite,p22-HC-pfile2.pddl,off,0,,1800.061,,,,,
satellite,p22-HC-pfile2.pddl,on,0,,1800.314,,,,,
satellite,p22-HC-pfile2.pddl,selector,0,,1799.569,,off,177918,164097,13.061
satellite,p23-HC-pfile3.pddl,off,0,,1799.653,,,,,
satellite,p23-HC-pfile3.pddl,on,0,,1799.743,,,,,
satellite,p23-HC-pfile3.pddl,selector,0,,1756.935,,off,324180,315644,14.982
satellite,p24-HC-pfile4.pddl,off,0,,1799.449,,,,,
satellite,p24-HC-pfile4.pddl,on,0,,1799.532,,,,,
satellite,p24-HC-pfile4.pddl,selector,0,,1799.533,,off,504705,560059,52.064
satellite,p25-HC-pfile5.pddl,off,0,,1799.763,,,,,
satellite,p25-HC-pfile5.pddl,on,0,,1550.269,,,,,
satellite,p25-HC-pfile5.pddl,selector,0,,1799.883,,off,746924,669674,53.310
satellite,p26-HC-pfile6.pddl,off,0,,1465.820,,,,,
satellite,p26-HC-pfile6.pddl,on,0,,694.458,,,,,
satellite,p26-HC-pfile6.pddl,selector,0,,1405.535,,off,477913,601687,33.191
satellite,p27-HC-pfile7.pddl,off,0,,1800.598,,,,,
satellite,p27-HC-pfile7.pddl,on,0,,1800.505,,,,,
satellite,p27-HC-pfile7.pddl,selector,0,,1799.750,,off,343743,351034,28.106
satellite,p28-HC-pfile8.pddl,off,0,,208.471,,,,,
satellite,p28-HC-pfile8.pddl,on,0,,707.599,,,,,
satellite,p28-HC-pfile8.pddl,selector,0,,1800.074,,off,771074,681434,58.544
satellite,p29-HC-pfile9.pddl,off,0,,1799.517,,,,,
satellite,p29-HC-pfile9.pddl,on,0,,1799.669,,,,,
satellite,p29-HC-pfile9.pddl,selector,0,,1799.622,,off,644738,650884,99.249
satellite,p30-HC-pfile10.pddl,off,0,,257.319,,,,,
satellite,p30-HC-pfile10.pddl,on,0,,363.585,,,,,
satellite,p30-HC-pfile10.pddl,selector,0,,333.723,,off,729230,1003022,156.843
satellite,p31-HC-pfile11.pddl,off,0,,339.202,,,,,
satellite,p31-HC-pfile11.pddl,on,0,,450.953,,,,,
satellite,p31-HC-pfile11.pddl,selector,0,,491.832,,off,1360725,1495271,327.804
satellite,p32-HC-pfile12.pddl,off,0,,810.501,,,,,
satellite,p32-HC-pfile12.pddl,on,0,,629.413,,,,,
satellite,p32-HC-pfile12.pddl,selector,0,,1800.130,,off,1644813,1722020,563.589
satellite,p33-HC-pfile13.pddl,off,0,,1799.917,,,,,
satellite,p33-HC-pfile13.pddl,on,0,,1285.770,,,,,
satellite,p33-HC-pfile13.pddl,selector,0,,1800.303,,off,2235458,2396340,665.612
satellite,p34-HC-pfile14.pddl,off,0,,1799.884,,,,,
satellite,p34-HC-pfile14.pddl,on,0,,1799.639,,,,,
satellite,p34-HC-pfile14.pddl,selector,0,,1799.693,,off,302401,280641,65.080
satellite,p35-HC-pfile15.pddl,off,0,,394.605,,,,,
satellite,p35-HC-pfile15.pddl,on,0,,356.536,,,,,
satellite,p35-HC-pfile15.pddl,selector,0,,444.082,,off,766336,788387,189.879
satellite,p36-HC-pfile16.pddl,off,0,,343.087,,,,,
satellite,p36-HC-pfile16.pddl,on,0,,335.311,,,,,
satellite,p36-HC-pfile16.pddl,selector,0,,427.272,,off,1088965,999338,278.663
scanalyzer-08-strips,p01.pddl,off,1,18,0.668,0.189,,,,
scanalyzer-08-strips,p01.pddl,on,1,18,0.719,0.233458,,,,
scanalyzer-08-strips,p01.pddl,selector,1,18,0.976,0.269087,presolve,,,
scanalyzer-08-strips,p02.pddl,off,1,22,0.668,0.192975,,,,
scanalyzer-08-strips,p02.pddl,on,1,22,0.668,0.206634,,,,
scanalyzer-08-strips,p02.pddl,selector,1,22,0.718,0.164473,presolve,,,
scanalyzer-08-strips,p03.pddl,off,1,26,0.869,0.254934,,,,
scanalyzer-08-strips,p03.pddl,on,1,26,0.719,0.21391,,,,
scanalyzer-08-strips,p03.pddl,selector,1,26,0.869,0.182,presolve,,,
scanalyzer-08-strips,p04.pddl,off,1,24,16.253,15.5707,,,,
scanalyzer-08-strips,p04.pddl,on,1,24,42.962,42.1245,,,,
scanalyzer-08-strips,p04.pddl,selector,1,24,26.812,15.1905,off,45012,117758,11.105
scanalyzer-08-strips,p05.pddl,off,1,30,24.695,23.912,,,,
scanalyzer-08-strips,p05.pddl,on,1,30,67.527,66.6996,,,,
scanalyzer-08-strips,p05.pddl,selector,1,30,43.548,32.0548,off,20522,34256,10.805
scanalyzer-08-strips,p06.pddl,off,1,36,29.671,28.9573,,,,
scanalyzer-08-strips,p06.pddl,on,1,36,57.035,56.3819,,,,
scanalyzer-08-strips,p06.pddl,selector,1,36,39.637,28.4005,off,16132,17633,10.748
scanalyzer-08-strips,p07.pddl,off,0,,1800.057,,,,,
scanalyzer-08-strips,p07.pddl,on,0,,1799.957,,,,,
scanalyzer-08-strips,p07.pddl,selector,0,,1799.926,,off,249413,382972,12.515
scanalyzer-08-strips,p08.pddl,off,0,,1799.546,,,,,
scanalyzer-08-strips,p08.pddl,on,0,,1799.608,,,,,
scanalyzer-08-strips,p08.pddl,selector,0,,1800.176,,off,91024,146070,11.862
scanalyzer-08-strips,p09.pddl,off,0,,1799.471,,,,,
scanalyzer-08-strips,p09.pddl,on,0,,1799.558,,,,,
scanalyzer-08-strips,p09.pddl,selector,0,,1799.766,,off,65604,69325,11.511
scanalyzer-08-strips,p10.pddl,off,0,,1799.614,,,,,
scanalyzer-08-strips,p10.pddl,on,0,,1799.718,,,,,
scanalyzer-08-strips,p10.pddl,selector,0,,1799.697,,off,902086,1339705,17.233
scanalyzer-08-strips,p11.pddl,off,0,,1799.286,,,,,
scanalyzer-08-strips,p11.pddl,on,0,,1799.946,,,,,
scanalyzer-08-strips,p11.pddl,selector,0,,1800.144,,off,275203,353559,12.813
scanalyzer-08-strips,p12.pddl,off,0,,1799.827,,,,,
scanalyzer-08-strips,p12.pddl,on,0,,1800.137,,,,,
scanalyzer-08-strips,p12.pddl,selector,0,,1799.805,,off,177179,187945,12.464
scanalyzer-08-strips,p13.pddl,off,0,,1799.895,,,,,
scanalyzer-08-strips,p13.pddl,on,0,,1799.891,,,,,
scanalyzer-08-strips,p13.pddl,selector,0,,1799.937,,off,1662706,3099474,28.263
scanalyzer-08-strips,p14.pddl,off,0,,1799.469,,,,,
scanalyzer-08-strips,p14.pddl,on,0,,1799.611,,,,,
scanalyzer-08-strips,p14.pddl,selector,0,,1800.164,,off,454819,666972,19.762
scanalyzer-08-strips,p15.pddl,off,0,,1799.476,,,,,
scanalyzer-08-strips,p15.pddl,on,0,,1800.063,,,,,
scanalyzer-08-strips,p15.pddl,selector,0,,1799.523,,off,311942,327226,18.154
scanalyzer-08-strips,p16.pddl,off,0,,1800.187,,,,,
scanalyzer-08-strips,p16.pddl,on,0,,1800.257,,,,,
scanalyzer-08-strips,p16.pddl,selector,0,,1800.124,,off,3085886,4173693,55.597
scanalyzer-08-strips,p17.pddl,off,0,,1799.872,,,,,
scanalyzer-08-strips,p17.pddl,on,0,,1800.399,,,,,
scanalyzer-08-strips,p17.pddl,selector,0,,1799.469,,off,858040,1115144,25.038
scanalyzer-08-strips,p18.pddl,off,0,,1799.507,,,,,
scanalyzer-08-strips,p18.pddl,on,0,,1799.557,,,,,
scanalyzer-08-strips,p18.pddl,selector,0,,1800.112,,off,566644,636154,25.641
scanalyzer-08-strips,p19.pddl,off,0,,1799.859,,,,,
scanalyzer-08-strips,p19.pddl,on,0,,1665.437,,,,,
scanalyzer-08-strips,p19.pddl,selector,0,,1800.869,,off,5547774,7559830,118.961
scanalyzer-08-strips,p20.pddl,off,0,,1799.619,,,,,
scanalyzer-08-strips,p20.pddl,on,0,,1799.793,,,,,
scanalyzer-08-strips,p20.pddl,selector,0,,1800.219,,off,1282933,1656003,59.698
scanalyzer-08-strips,p21.pddl,off,0,,1800.352,,,,,
scanalyzer-08-strips,p21.pddl,on,0,,1800.372,,,,,
scanalyzer-08-strips,p21.pddl,selector,0,,1800.018,,off,822529,1017548,48.437
scanalyzer-08-strips,p22.pddl,off,1,13,0.518,0.00130745,,,,
scanalyzer-08-strips,p22.pddl,on,1,13,0.619,0.00162197,,,,
scanalyzer-08-strips,p22.pddl,selector,1,13,0.820,0.00151215,presolve,,,
scanalyzer-08-strips,p23.pddl,off,1,13,0.618,0.00159622,,,,
scanalyzer-08-strips,p23.pddl,on,1,13,0.619,0.00151533,,,,
scanalyzer-08-strips,p23.pddl,selector,1,13,0.770,0.00174708,presolve,,,
scanalyzer-08-strips,p24.pddl,off,1,13,0.618,0.0018127,,,,
scanalyzer-08-strips,p24.pddl,on,1,13,0.619,0.00174132,,,,
scanalyzer-08-strips,p24.pddl,selector,1,13,0.769,0.00197906,presolve,,,
scanalyzer-08-strips,p25.pddl,off,1,26,28.269,19.9415,,,,
scanalyzer-08-strips,p25.pddl,on,1,26,18.676,13.0264,,,,
scanalyzer-08-strips,p25.pddl,selector,1,26,32.341,14.6092,off,523944,452423,17.092
scanalyzer-08-strips,p26.pddl,off,1,30,30.699,24.7824,,,,
scanalyzer-08-strips,p26.pddl,on,1,30,26.667,22.4585,,,,
scanalyzer-08-strips,p26.pddl,selector,1,30,38.579,22.9572,on,443707,260969,14.980
scanalyzer-08-strips,p27.pddl,off,1,34,41.299,35.9523,,,,
scanalyzer-08-strips,p27.pddl,on,1,34,38.988,35.2091,,,,
scanalyzer-08-strips,p27.pddl,selector,1,34,52.253,35.5004,off,288954,279088,15.991
scanalyzer-08-strips,p28.pddl,off,0,,1799.907,,,,,
scanalyzer-08-strips,p28.pddl,on,0,,1800.055,,,,,
scanalyzer-08-strips,p28.pddl,selector,0,,1800.014,,off,157842792,126872423,385.358
scanalyzer-08-strips,p29.pddl,off,0,,1800.190,,,,,
scanalyzer-08-strips,p29.pddl,on,0,,1799.453,,,,,
scanalyzer-08-strips,p29.pddl,selector,0,,1799.574,,off,112967971,151495055,279.017
scanalyzer-08-strips,p30.pddl,off,0,,1800.309,,,,,
scanalyzer-08-strips,p30.pddl,on,0,,1800.383,,,,,
scanalyzer-08-strips,p30.pddl,selector,0,,1800.350,,off,61374149,98027252,322.542
scanalyzer-opt11-strips,p01.pddl,off,1,13,0.568,0.00175402,,,,
scanalyzer-opt11-strips,p01.pddl,on,1,13,0.619,0.0017701,,,,
scanalyzer-opt11-strips,p01.pddl,selector,1,13,0.819,0.00177286,presolve,,,
scanalyzer-opt11-strips,p02.pddl,off,1,22,0.819,0.252584,,,,
scanalyzer-opt11-strips,p02.pddl,on,1,22,1.021,0.391951,,,,
scanalyzer-opt11-strips,p02.pddl,selector,1,22,1.021,0.245836,presolve,,,
scanalyzer-opt11-strips,p03.pddl,off,1,26,0.870,0.258,,,,
scanalyzer-opt11-strips,p03.pddl,on,1,26,0.920,0.30435,,,,
scanalyzer-opt11-strips,p03.pddl,selector,1,26,1.021,0.275673,presolve,,,
scanalyzer-opt11-strips,p04.pddl,off,1,24,14.747,13.9018,,,,
scanalyzer-opt11-strips,p04.pddl,on,1,24,43.627,42.9287,,,,
scanalyzer-opt11-strips,p04.pddl,selector,1,24,25.324,13.8716,off,45012,117758,10.952
scanalyzer-opt11-strips,p05.pddl,off,0,,1799.795,,,,,
scanalyzer-opt11-strips,p05.pddl,on,0,,1799.909,,,,,
scanalyzer-opt11-strips,p05.pddl,selector,0,,1799.369,,off,249413,382972,13.023
scanalyzer-opt11-strips,p06.pddl,off,1,30,32.666,31.9573,,,,
scanalyzer-opt11-strips,p06.pddl,on,1,30,55.152,54.2101,,,,
scanalyzer-opt11-strips,p06.pddl,selector,1,30,36.893,25.2745,off,20522,34256,11.007
scanalyzer-opt11-strips,p07.pddl,off,0,,1528.035,,,,,
scanalyzer-opt11-strips,p07.pddl,on,0,,1666.930,,,,,
scanalyzer-opt11-strips,p07.pddl,selector,0,,1586.097,,off,5547774,7559830,110.261
scanalyzer-opt11-strips,p08.pddl,off,0,,1799.538,,,,,
scanalyzer-opt11-strips,p08.pddl,on,0,,1799.611,,,,,
scanalyzer-opt11-strips,p08.pddl,selector,0,,1800.214,,off,902086,1339705,14.731
scanalyzer-opt11-strips,p09.pddl,off,0,,1800.128,,,,,
scanalyzer-opt11-strips,p09.pddl,on,0,,1799.860,,,,,
scanalyzer-opt11-strips,p09.pddl,selector,0,,1800.053,,off,1662706,3099474,23.484
scanalyzer-opt11-strips,p10.pddl,off,0,,1800.116,,,,,
scanalyzer-opt11-strips,p10.pddl,on,0,,1800.117,,,,,
scanalyzer-opt11-strips,p10.pddl,selector,0,,1799.713,,off,3085886,4173693,55.117
scanalyzer-opt11-strips,p11.pddl,off,1,26,20.439,14.7398,,,,
scanalyzer-opt11-strips,p11.pddl,on,1,26,18.577,12.9282,,,,
scanalyzer-opt11-strips,p11.pddl,selector,1,26,39.497,18.8523,off,523944,452423,19.909
scanalyzer-opt11-strips,p12.pddl,off,1,36,30.099,29.3612,,,,
scanalyzer-opt11-strips,p12.pddl,on,1,36,57.873,57.1494,,,,
scanalyzer-opt11-strips,p12.pddl,selector,1,36,40.213,28.8444,off,16132,17633,10.858
scanalyzer-opt11-strips,p13.pddl,off,1,34,45.891,40.512,,,,
scanalyzer-opt11-strips,p13.pddl,on,1,34,35.357,31.7832,,,,
scanalyzer-opt11-strips,p13.pddl,selector,1,34,58.515,41.5955,off,288954,279088,16.135
scanalyzer-opt11-strips,p14.pddl,off,1,30,29.244,24.7812,,,,
scanalyzer-opt11-strips,p14.pddl,on,1,30,26.928,22.7111,,,,
scanalyzer-opt11-strips,p14.pddl,selector,1,30,41.070,25.2457,on,443707,260969,15.030
scanalyzer-opt11-strips,p15.pddl,off,0,,1799.592,,,,,
scanalyzer-opt11-strips,p15.pddl,on,0,,1799.790,,,,,
scanalyzer-opt11-strips,p15.pddl,selector,0,,1799.800,,off,91024,146070,11.512
scanalyzer-opt11-strips,p16.pddl,off,0,,1800.103,,,,,
scanalyzer-opt11-strips,p16.pddl,on,0,,1799.483,,,,,
scanalyzer-opt11-strips,p16.pddl,selector,0,,1799.385,,off,275203,353559,14.076
scanalyzer-opt11-strips,p17.pddl,off,0,,1799.668,,,,,
scanalyzer-opt11-strips,p17.pddl,on,0,,1799.642,,,,,
scanalyzer-opt11-strips,p17.pddl,selector,0,,1800.159,,off,454819,666972,16.791
scanalyzer-opt11-strips,p18.pddl,off,0,,1799.857,,,,,
scanalyzer-opt11-strips,p18.pddl,on,0,,1800.200,,,,,
scanalyzer-opt11-strips,p18.pddl,selector,0,,1800.405,,off,858040,1115144,32.778
scanalyzer-opt11-strips,p19.pddl,off,0,,1799.999,,,,,
scanalyzer-opt11-strips,p19.pddl,on,0,,1799.762,,,,,
scanalyzer-opt11-strips,p19.pddl,selector,0,,1799.595,,off,1282933,1656003,43.066
scanalyzer-opt11-strips,p20.pddl,off,0,,1799.877,,,,,
scanalyzer-opt11-strips,p20.pddl,on,0,,1799.982,,,,,
scanalyzer-opt11-strips,p20.pddl,selector,0,,1800.294,,off,157916477,132364507,403.640
snake-opt18-strips,p01.pddl,off,1,24,170.666,167.24,,,,
snake-opt18-strips,p01.pddl,on,1,24,107.477,103.793,,,,
snake-opt18-strips,p01.pddl,selector,1,24,182.728,75.2666,on,8351363,1763667,106.502
snake-opt18-strips,p02.pddl,off,1,32,893.655,885.517,,,,
snake-opt18-strips,p02.pddl,on,1,32,545.508,539.104,,,,
snake-opt18-strips,p02.pddl,selector,1,32,717.448,580.967,on,7475164,3800310,133.441
snake-opt18-strips,p03.pddl,off,0,,1800.156,,,,,
snake-opt18-strips,p03.pddl,on,1,43,1492.547,1485.36,,,,
snake-opt18-strips,p03.pddl,selector,1,43,1652.762,1514.03,on,7540867,3929448,132.756
snake-opt18-strips,p04.pddl,off,1,12,80.582,77.7511,,,,
snake-opt18-strips,p04.pddl,on,1,12,81.843,78.0743,,,,
snake-opt18-strips,p04.pddl,selector,1,12,212.155,73.978,on,7757260,4246479,137.278
snake-opt18-strips,p05.pddl,off,1,17,90.744,87.2113,,,,
snake-opt18-strips,p05.pddl,on,1,17,50.371,46.2169,,,,
snake-opt18-strips,p05.pddl,selector,1,17,149.009,58.4819,on,8482355,2349588,89.572
snake-opt18-strips,p06.pddl,off,0,,1799.824,,,,,
snake-opt18-strips,p06.pddl,on,1,31,1115.850,1108.91,,,,
snake-opt18-strips,p06.pddl,selector,1,31,1244.064,1102.26,on,12062795,5201776,138.012
snake-opt18-strips,p07.pddl,off,0,,1662.109,,,,,
snake-opt18-strips,p07.pddl,on,0,,1800.034,,,,,
snake-opt18-strips,p07.pddl,selector,0,,1800.239,,on,12410579,5227400,141.768
snake-opt18-strips,p08.pddl,off,0,,1728.793,,,,,
snake-opt18-strips,p08.pddl,on,0,,1800.591,,,,,
snake-opt18-strips,p08.pddl,selector,0,,1800.342,,on,10017724,4907249,139.715
snake-opt18-strips,p09.pddl,off,1,20,113.813,109.334,,,,
snake-opt18-strips,p09.pddl,on,1,20,90.647,86.6524,,,,
snake-opt18-strips,p09.pddl,selector,1,20,226.088,86.3881,on,12591637,5777107,138.664
snake-opt18-strips,p10.pddl,off,1,27,692.541,686.219,,,,
snake-opt18-strips,p10.pddl,on,1,27,299.235,294.574,,,,
snake-opt18-strips,p10.pddl,selector,1,27,443.729,301.415,on,12236337,4918046,140.173
snake-opt18-strips,p11.pddl,off,0,,1799.926,,,,,
snake-opt18-strips,p11.pddl,on,0,,1800.300,,,,,
snake-opt18-strips,p11.pddl,selector,0,,1799.696,,on,11814663,7238631,146.257
snake-opt18-strips,p12.pddl,off,0,,1628.899,,,,,
snake-opt18-strips,p12.pddl,on,0,,1800.035,,,,,
snake-opt18-strips,p12.pddl,selector,0,,1800.050,,on,12237361,6952175,142.564
snake-opt18-strips,p13.pddl,off,0,,1800.407,,,,,
snake-opt18-strips,p13.pddl,on,0,,1800.308,,,,,
snake-opt18-strips,p13.pddl,selector,0,,1799.504,,on,13981530,6550592,145.003
snake-opt18-strips,p14.pddl,off,0,,1800.419,,,,,
snake-opt18-strips,p14.pddl,on,0,,1800.271,,,,,
snake-opt18-strips,p14.pddl,selector,0,,1799.840,,on,11507744,6914857,147.378
snake-opt18-strips,p15.pddl,off,1,25,794.066,786.781,,,,
snake-opt18-strips,p15.pddl,on,1,25,306.409,298.44,,,,
snake-opt18-strips,p15.pddl,selector,1,25,393.742,249.245,on,11572429,5790139,142.949
snake-opt18-strips,p16.pddl,off,0,,1799.866,,,,,
snake-opt18-strips,p16.pddl,on,0,,1799.614,,,,,
snake-opt18-strips,p16.pddl,selector,0,,1800.571,,off,11251882,16148171,154.890
snake-opt18-strips,p17.pddl,off,0,,1800.259,,,,,
snake-opt18-strips,p17.pddl,on,0,,1800.144,,,,,
snake-opt18-strips,p17.pddl,selector,0,,1799.988,,on,13537997,8742640,157.501
snake-opt18-strips,p18.pddl,off,0,,1799.952,,,,,
snake-opt18-strips,p18.pddl,on,0,,1800.255,,,,,
snake-opt18-strips,p18.pddl,selector,0,,1799.944,,off,9882281,7543294,156.376
snake-opt18-strips,p19.pddl,off,0,,1799.694,,,,,
snake-opt18-strips,p19.pddl,on,0,,1799.524,,,,,
snake-opt18-strips,p19.pddl,selector,0,,1800.259,,on,10509984,6656330,162.870
snake-opt18-strips,p20.pddl,off,0,,1800.014,,,,,
snake-opt18-strips,p20.pddl,on,0,,1799.858,,,,,
snake-opt18-strips,p20.pddl,selector,0,,1799.666,,off,10780723,9462720,146.247
sokoban-opt08-strips,p01.pddl,off,1,11,0.567,0.0259996,,,,
sokoban-opt08-strips,p01.pddl,on,1,11,0.669,0.0376733,,,,
sokoban-opt08-strips,p01.pddl,selector,1,11,0.719,0.0259921,presolve,,,
sokoban-opt08-strips,p02.pddl,off,1,9,0.669,0.0345878,,,,
sokoban-opt08-strips,p02.pddl,on,1,9,0.669,0.0386421,,,,
sokoban-opt08-strips,p02.pddl,selector,1,9,0.870,0.0329995,presolve,,,
sokoban-opt08-strips,p03.pddl,off,1,10,0.668,0.0160689,,,,
sokoban-opt08-strips,p03.pddl,on,1,10,0.618,0.0150339,,,,
sokoban-opt08-strips,p03.pddl,selector,1,10,0.770,0.0112337,presolve,,,
sokoban-opt08-strips,p04.pddl,off,1,29,1.774,0.909965,,,,
sokoban-opt08-strips,p04.pddl,on,1,29,1.222,0.450993,,,,
sokoban-opt08-strips,p04.pddl,selector,1,29,1.876,0.92081,presolve,,,
sokoban-opt08-strips,p05.pddl,off,1,8,55.272,53.7727,,,,
sokoban-opt08-strips,p05.pddl,on,1,8,7.056,5.95243,,,,
sokoban-opt08-strips,p05.pddl,selector,1,8,51.211,38.3927,off,29218,37427,11.914
sokoban-opt08-strips,p06.pddl,off,1,9,0.568,0.046538,,,,
sokoban-opt08-strips,p06.pddl,on,1,9,0.819,0.0748608,,,,
sokoban-opt08-strips,p06.pddl,selector,1,9,0.921,0.0682507,presolve,,,
sokoban-opt08-strips,p07.pddl,off,1,15,1.876,0.904971,,,,
sokoban-opt08-strips,p07.pddl,on,1,15,5.094,4.11293,,,,
sokoban-opt08-strips,p07.pddl,selector,1,15,2.026,0.907998,presolve,,,
sokoban-opt08-strips,p08.pddl,off,1,31,18.067,17.0036,,,,
sokoban-opt08-strips,p08.pddl,on,1,31,6.756,5.91319,,,,
sokoban-opt08-strips,p08.pddl,selector,1,31,19.383,7.35485,off,17221,16118,11.310
sokoban-opt08-strips,p09.pddl,off,1,19,1.675,0.938029,,,,
sokoban-opt08-strips,p09.pddl,on,1,19,1.272,0.485306,,,,
sokoban-opt08-strips,p09.pddl,selector,1,19,1.875,0.956523,presolve,,,
sokoban-opt08-strips,p10.pddl,off,1,30,1.524,0.614941,,,,
sokoban-opt08-strips,p10.pddl,on,1,30,1.825,0.944194,,,,
sokoban-opt08-strips,p10.pddl,selector,1,30,1.624,0.626021,presolve,,,
sokoban-opt08-strips,p11.pddl,off,1,35,4.037,2.87879,,,,
sokoban-opt08-strips,p11.pddl,on,1,35,6.250,4.79389,,,,
sokoban-opt08-strips,p11.pddl,selector,1,35,5.196,3.90373,presolve,,,
sokoban-opt08-strips,p12.pddl,off,1,32,3.385,2.46843,,,,
sokoban-opt08-strips,p12.pddl,on,1,32,4.291,3.49727,,,,
sokoban-opt08-strips,p12.pddl,selector,1,32,2.932,1.94272,presolve,,,
sokoban-opt08-strips,p13.pddl,off,1,20,7.866,6.9801,,,,
sokoban-opt08-strips,p13.pddl,on,1,20,10.724,9.93812,,,,
sokoban-opt08-strips,p13.pddl,selector,1,20,9.519,8.3667,presolve,,,
sokoban-opt08-strips,p14.pddl,off,1,29,0.970,0.292,,,,
sokoban-opt08-strips,p14.pddl,on,1,29,1.071,0.205064,,,,
sokoban-opt08-strips,p14.pddl,selector,1,29,1.171,0.283,presolve,,,
sokoban-opt08-strips,p15.pddl,off,1,76,182.722,180.753,,,,
sokoban-opt08-strips,p15.pddl,on,1,76,232.611,230.317,,,,
sokoban-opt08-strips,p15.pddl,selector,1,76,202.875,189.784,off,28396,35511,11.358
sokoban-opt08-strips,p16.pddl,off,1,50,6.350,5.37168,,,,
sokoban-opt08-strips,p16.pddl,on,1,50,4.036,3.00088,,,,
sokoban-opt08-strips,p16.pddl,selector,1,50,6.350,5.29022,presolve,,,
sokoban-opt08-strips,p17.pddl,off,1,37,1.976,1.23619,,,,
sokoban-opt08-strips,p17.pddl,on,1,37,2.329,1.34909,,,,
sokoban-opt08-strips,p17.pddl,selector,1,37,2.529,1.6717,presolve,,,
sokoban-opt08-strips,p18.pddl,off,1,49,4.541,3.64743,,,,
sokoban-opt08-strips,p18.pddl,on,1,49,4.140,3.10549,,,,
sokoban-opt08-strips,p18.pddl,selector,1,49,3.734,2.63791,presolve,,,
sokoban-opt08-strips,p19.pddl,off,1,47,21.389,20.4191,,,,
sokoban-opt08-strips,p19.pddl,on,1,47,100.239,98.7285,,,,
sokoban-opt08-strips,p19.pddl,selector,1,47,38.871,26.3643,off,13495,26873,11.455
sokoban-opt08-strips,p20.pddl,off,1,2,14.943,8.60769,,,,
sokoban-opt08-strips,p20.pddl,on,1,2,18.969,12.5486,,,,
sokoban-opt08-strips,p20.pddl,selector,1,2,14.946,8.54256,presolve,,,
sokoban-opt08-strips,p21.pddl,off,1,10,59.598,57.7399,,,,
sokoban-opt08-strips,p21.pddl,on,1,10,27.730,25.977,,,,
sokoban-opt08-strips,p21.pddl,selector,1,10,58.869,44.5154,off,42242,84122,13.265
sokoban-opt08-strips,p22.pddl,off,1,44,126.251,124.677,,,,
sokoban-opt08-strips,p22.pddl,on,1,44,45.663,44.2997,,,,
sokoban-opt08-strips,p22.pddl,selector,1,44,50.193,37.5396,on,28093,18970,11.662
sokoban-opt08-strips,p23.pddl,off,1,31,28.874,27.8795,,,,
sokoban-opt08-strips,p23.pddl,on,1,31,62.719,61.5167,,,,
sokoban-opt08-strips,p23.pddl,selector,1,31,42.753,30.2089,off,15353,21568,11.560
sokoban-opt08-strips,p24.pddl,off,1,50,60.818,59.4773,,,,
sokoban-opt08-strips,p24.pddl,on,1,50,23.293,22.3394,,,,
sokoban-opt08-strips,p24.pddl,selector,1,50,71.282,58.7349,off,28066,22415,11.462
sokoban-opt08-strips,p25.pddl,off,1,39,149.335,147.331,,,,
sokoban-opt08-strips,p25.pddl,on,1,39,840.358,836.002,,,,
sokoban-opt08-strips,p25.pddl,selector,1,39,139.766,126.758,off,17901,28923,11.411
sokoban-opt08-strips,p26.pddl,off,1,33,299.073,296.689,,,,
sokoban-opt08-strips,p26.pddl,on,1,33,471.636,468.828,,,,
sokoban-opt08-strips,p26.pddl,selector,1,33,314.111,299.914,off,15693,24533,11.811
sokoban-opt08-strips,p27.pddl,off,1,23,1272.665,1265.39,,,,
sokoban-opt08-strips,p27.pddl,on,1,23,775.873,771.478,,,,
sokoban-opt08-strips,p27.pddl,selector,1,23,1290.746,1270.87,off,28713,37965,12.717
sokoban-opt08-strips,p28.pddl,off,1,43,1003.301,998.159,,,,
sokoban-opt08-strips,p28.pddl,on,1,43,355.763,352.965,,,,
sokoban-opt08-strips,p28.pddl,selector,1,43,1066.850,1048.88,off,23399,26351,12.769
sokoban-opt08-strips,p29.pddl,off,0,,1132.495,,,,,
sokoban-opt08-strips,p29.pddl,on,0,,1029.494,,,,,
sokoban-opt08-strips,p29.pddl,selector,0,,1152.998,,on,1004897,205276,64.384
sokoban-opt08-strips,p30.pddl,off,0,,1799.568,,,,,
sokoban-opt08-strips,p30.pddl,on,0,,1223.224,,,,,
sokoban-opt08-strips,p30.pddl,selector,0,,1369.614,,on,1009696,251228,67.458
sokoban-opt11-strips,p01.pddl,off,1,9,0.568,0.0458265,,,,
sokoban-opt11-strips,p01.pddl,on,1,9,0.719,0.0720004,,,,
sokoban-opt11-strips,p01.pddl,selector,1,9,0.870,0.0659366,presolve,,,
sokoban-opt11-strips,p02.pddl,off,1,37,2.630,1.70684,,,,
sokoban-opt11-strips,p02.pddl,on,1,37,2.128,1.16897,,,,
sokoban-opt11-strips,p02.pddl,selector,1,37,2.882,1.7567,presolve,,,
sokoban-opt11-strips,p03.pddl,off,1,29,1.221,0.433991,,,,
sokoban-opt11-strips,p03.pddl,on,1,29,1.122,0.31012,,,,
sokoban-opt11-strips,p03.pddl,selector,1,29,1.373,0.414266,presolve,,,
sokoban-opt11-strips,p04.pddl,off,1,29,1.673,0.917098,,,,
sokoban-opt11-strips,p04.pddl,on,1,29,1.272,0.451193,,,,
sokoban-opt11-strips,p04.pddl,selector,1,29,1.927,0.938914,presolve,,,
sokoban-opt11-strips,p05.pddl,off,1,50,5.900,4.94912,,,,
sokoban-opt11-strips,p05.pddl,on,1,50,5.045,3.9992,,,,
sokoban-opt11-strips,p05.pddl,selector,1,50,6.353,5.2687,presolve,,,
sokoban-opt11-strips,p06.pddl,off,1,35,4.140,2.84777,,,,
sokoban-opt11-strips,p06.pddl,on,1,35,7.409,6.1075,,,,
sokoban-opt11-strips,p06.pddl,selector,1,35,5.397,3.89985,presolve,,,
sokoban-opt11-strips,p07.pddl,off,1,30,1.272,0.428874,,,,
sokoban-opt11-strips,p07.pddl,on,1,30,1.373,0.653972,,,,
sokoban-opt11-strips,p07.pddl,selector,1,30,1.281,0.412832,presolve,,,
sokoban-opt11-strips,p08.pddl,off,1,19,1.625,0.900348,,,,
sokoban-opt11-strips,p08.pddl,on,1,19,1.675,0.736595,,,,
sokoban-opt11-strips,p08.pddl,selector,1,19,2.379,1.28979,presolve,,,
sokoban-opt11-strips,p09.pddl,off,1,15,1.826,0.894793,,,,
sokoban-opt11-strips,p09.pddl,on,1,15,6.803,5.83027,,,,
sokoban-opt11-strips,p09.pddl,selector,1,15,2.027,0.907704,presolve,,,
sokoban-opt11-strips,p10.pddl,off,1,8,48.212,46.7296,,,,
sokoban-opt11-strips,p10.pddl,on,1,8,6.965,5.89739,,,,
sokoban-opt11-strips,p10.pddl,selector,1,8,52.835,40.1437,off,29218,37427,11.715
sokoban-opt11-strips,p11.pddl,off,1,20,7.359,6.41187,,,,
sokoban-opt11-strips,p11.pddl,on,1,20,14.960,13.9982,,,,
sokoban-opt11-strips,p11.pddl,selector,1,20,9.470,8.35551,presolve,,,
sokoban-opt11-strips,p12.pddl,off,1,2,12.340,7.92061,,,,
sokoban-opt11-strips,p12.pddl,on,1,2,17.869,11.7117,,,,
sokoban-opt11-strips,p12.pddl,selector,1,2,10.280,5.41285,presolve,,,
sokoban-opt11-strips,p13.pddl,off,1,31,18.115,17.1015,,,,
sokoban-opt11-strips,p13.pddl,on,1,31,7.910,6.91677,,,,
sokoban-opt11-strips,p13.pddl,selector,1,31,29.521,17.6107,off,17221,16118,11.109
sokoban-opt11-strips,p14.pddl,off,1,32,3.485,2.52554,,,,
sokoban-opt11-strips,p14.pddl,on,1,32,4.337,3.55798,,,,
sokoban-opt11-strips,p14.pddl,selector,1,32,2.631,1.69579,presolve,,,
sokoban-opt11-strips,p15.pddl,off,1,49,3.383,2.46867,,,,
sokoban-opt11-strips,p15.pddl,on,1,49,2.983,2.07866,,,,
sokoban-opt11-strips,p15.pddl,selector,1,49,4.690,3.52532,presolve,,,
sokoban-opt11-strips,p16.pddl,off,1,76,187.047,185.232,,,,
sokoban-opt11-strips,p16.pddl,on,1,76,259.684,257.568,,,,
sokoban-opt11-strips,p16.pddl,selector,1,76,224.327,211.009,off,28396,35511,11.614
sokoban-opt11-strips,p17.pddl,off,1,47,20.746,19.803,,,,
sokoban-opt11-strips,p17.pddl,on,1,47,101.621,100.208,,,,
sokoban-opt11-strips,p17.pddl,selector,1,47,32.698,20.7775,off,13495,26873,11.055
sokoban-opt11-strips,p18.pddl,off,1,10,44.774,43.3853,,,,
sokoban-opt11-strips,p18.pddl,on,1,10,20.641,19.3492,,,,
sokoban-opt11-strips,p18.pddl,selector,1,10,71.577,58.3338,off,42242,84122,12.161
sokoban-opt11-strips,p19.pddl,off,1,44,129.758,128.387,,,,
sokoban-opt11-strips,p19.pddl,on,1,44,34.361,33.3003,,,,
sokoban-opt11-strips,p19.pddl,selector,1,44,45.383,33.2425,on,28093,18970,11.255
sokoban-opt11-strips,p20.pddl,off,1,31,29.142,28.182,,,,
sokoban-opt11-strips,p20.pddl,on,1,31,63.991,62.8909,,,,
sokoban-opt11-strips,p20.pddl,selector,1,31,43.984,31.9628,off,15353,21568,11.159
spider-opt18-strips,p01.pddl,off,1,16,19.770,15.3256,,,,
spider-opt18-strips,p01.pddl,on,1,16,31.914,26.1577,,,,
spider-opt18-strips,p01.pddl,selector,1,16,60.091,15.7001,off,1099000,1520913,42.001
spider-opt18-strips,p02.pddl,off,1,23,47.290,39.8438,,,,
spider-opt18-strips,p02.pddl,on,1,23,71.585,64.3744,,,,
spider-opt18-strips,p02.pddl,selector,1,23,109.520,37.7879,off,1438990,2547273,68.892
spider-opt18-strips,p03.pddl,off,1,22,961.865,939.088,,,,
spider-opt18-strips,p03.pddl,on,1,22,1302.997,1277.81,,,,
spider-opt18-strips,p03.pddl,selector,1,22,1140.145,925.046,off,4436662,5865218,208.483
spider-opt18-strips,p04.pddl,off,0,,1621.805,,,,,
spider-opt18-strips,p04.pddl,on,0,,1529.350,,,,,
spider-opt18-strips,p04.pddl,selector,0,,1800.526,,off,5367459,7219617,264.931
spider-opt18-strips,p05.pddl,off,0,,1799.887,,,,,
spider-opt18-strips,p05.pddl,on,0,,1800.274,,,,,
spider-opt18-strips,p05.pddl,selector,0,,1800.023,,off,9089524,7524094,412.527
spider-opt18-strips,p06.pddl,off,0,,1799.468,,,,,
spider-opt18-strips,p06.pddl,on,0,,1799.724,,,,,
spider-opt18-strips,p06.pddl,selector,0,,1799.592,,off,30820636,47716631,632.015
spider-opt18-strips,p07.pddl,off,1,16,14.599,10.2823,,,,
spider-opt18-strips,p07.pddl,on,1,16,27.025,20.4712,,,,
spider-opt18-strips,p07.pddl,selector,1,16,56.919,11.1297,off,869868,1341767,43.004
spider-opt18-strips,p08.pddl,off,1,18,66.807,59.7292,,,,
spider-opt18-strips,p08.pddl,on,1,18,92.294,85.048,,,,
spider-opt18-strips,p08.pddl,selector,1,18,136.134,55.7424,off,1878280,3174383,77.373
spider-opt18-strips,p09.pddl,off,1,25,937.215,916.047,,,,
spider-opt18-strips,p09.pddl,on,1,25,1368.353,1326.91,,,,
spider-opt18-strips,p09.pddl,selector,1,25,1197.229,1033.53,off,4606096,4359864,157.023
spider-opt18-strips,p10.pddl,off,0,,1799.628,,,,,
spider-opt18-strips,p10.pddl,on,0,,1800.180,,,,,
spider-opt18-strips,p10.pddl,selector,0,,1799.974,,off,5013215,10837737,255.434
spider-opt18-strips,p11.pddl,off,0,,1790.568,,,,,
spider-opt18-strips,p11.pddl,on,0,,1800.259,,,,,
spider-opt18-strips,p11.pddl,selector,0,,1799.919,,off,11803683,24646618,393.329
spider-opt18-strips,p12.pddl,off,0,,1800.308,,,,,
spider-opt18-strips,p12.pddl,on,0,,1800.325,,,,,
spider-opt18-strips,p12.pddl,selector,0,,1800.530,,on,19909341,13825601,553.881
spider-opt18-strips,p13.pddl,off,0,,1799.461,,,,,
spider-opt18-strips,p13.pddl,on,0,,1799.973,,,,,
spider-opt18-strips,p13.pddl,selector,0,,1799.995,,on,22167334,14667209,678.563
spider-opt18-strips,p14.pddl,off,1,10,33.720,27.9256,,,,
spider-opt18-strips,p14.pddl,on,1,10,25.622,21.1666,,,,
spider-opt18-strips,p14.pddl,selector,1,10,65.857,21.5447,off,1407820,1621673,41.909
spider-opt18-strips,p15.pddl,off,1,17,42.470,36.373,,,,
spider-opt18-strips,p15.pddl,on,1,17,79.630,73.5149,,,,
spider-opt18-strips,p15.pddl,selector,1,17,193.191,46.9278,off,2193667,4566074,142.906
spider-opt18-strips,p16.pddl,off,0,,1800.073,,,,,
spider-opt18-strips,p16.pddl,on,0,,1580.843,,,,,
spider-opt18-strips,p16.pddl,selector,0,,1800.034,,off,5123621,4585130,164.519
spider-opt18-strips,p17.pddl,off,0,,1799.837,,,,,
spider-opt18-strips,p17.pddl,on,0,,1143.201,,,,,
spider-opt18-strips,p17.pddl,selector,0,,1799.531,,off,6128298,6380472,231.025
spider-opt18-strips,p18.pddl,off,0,,1800.137,,,,,
spider-opt18-strips,p18.pddl,on,0,,1800.280,,,,,
spider-opt18-strips,p18.pddl,selector,0,,1799.744,,off,13145068,27805688,385.209
spider-opt18-strips,p19.pddl,off,0,,1800.077,,,,,
spider-opt18-strips,p19.pddl,on,0,,1800.275,,,,,
spider-opt18-strips,p19.pddl,selector,0,,1799.479,,off,23860602,42360605,633.010
spider-opt18-strips,p20.pddl,off,0,,1800.381,,,,,
spider-opt18-strips,p20.pddl,on,0,,1799.812,,,,,
spider-opt18-strips,p20.pddl,selector,0,,1799.865,,off,18013456,17398677,674.471
storage,p01.pddl,off,1,3,0.366,0.000724505,,,,
storage,p01.pddl,on,1,3,0.367,0.000620933,,,,
storage,p01.pddl,selector,1,3,0.669,0.00105748,presolve,,,
storage,p02.pddl,off,1,3,0.518,0.0019962,,,,
storage,p02.pddl,on,1,3,0.568,0.00216087,,,,
storage,p02.pddl,selector,1,3,0.518,0.00190933,presolve,,,
storage,p03.pddl,off,1,3,0.568,0.00599997,,,,
storage,p03.pddl,on,1,3,0.467,0.00400045,,,,
storage,p03.pddl,selector,1,3,0.568,0.00454523,presolve,,,
storage,p04.pddl,off,1,8,0.467,0.00507916,,,,
storage,p04.pddl,on,1,8,0.517,0.00782778,,,,
storage,p04.pddl,selector,1,8,0.568,0.00576166,presolve,,,
storage,p05.pddl,off,1,8,0.517,0.0128119,,,,
storage,p05.pddl,on,1,8,0.568,0.0125515,,,,
storage,p05.pddl,selector,1,8,0.920,0.0201457,presolve,,,
storage,p06.pddl,off,1,8,0.618,0.0312735,,,,
storage,p06.pddl,on,1,8,0.568,0.0278153,,,,
storage,p06.pddl,selector,1,8,0.669,0.0300108,presolve,,,
storage,p07.pddl,off,1,14,0.567,0.0354025,,,,
storage,p07.pddl,on,1,14,0.618,0.0347422,,,,
storage,p07.pddl,selector,1,14,0.669,0.0372251,presolve,,,
storage,p08.pddl,off,1,12,0.719,0.182,,,,
storage,p08.pddl,on,1,12,0.768,0.192649,,,,
storage,p08.pddl,selector,1,12,0.970,0.272999,presolve,,,
storage,p09.pddl,off,1,11,1.021,0.428398,,,,
storage,p09.pddl,on,1,11,1.222,0.665839,,,,
storage,p09.pddl,selector,1,11,1.121,0.413325,presolve,,,
storage,p10.pddl,off,1,18,1.222,0.567,,,,
storage,p10.pddl,on,1,18,0.970,0.474108,,,,
storage,p10.pddl,selector,1,18,0.920,0.332994,presolve,,,
storage,p11.pddl,off,1,17,3.584,2.94437,,,,
storage,p11.pddl,on,1,17,4.387,3.6474,,,,
storage,p11.pddl,selector,1,17,3.587,2.89788,presolve,,,
storage,p12.pddl,off,1,16,16.002,15.0727,,,,
storage,p12.pddl,on,1,16,31.445,30.4545,,,,
storage,p12.pddl,selector,1,16,35.279,23.4692,on,69450,26251,11.058
storage,p13.pddl,off,1,18,1.574,1.01539,,,,
storage,p13.pddl,on,1,18,2.076,1.36755,,,,
storage,p13.pddl,selector,1,18,2.429,1.56398,presolve,,,
storage,p14.pddl,off,1,19,26.207,25.166,,,,
storage,p14.pddl,on,1,19,15.354,14.4345,,,,
storage,p14.pddl,selector,1,19,30.442,18.4109,off,34543,39759,11.361
storage,p15.pddl,off,1,18,664.630,662.834,,,,
storage,p15.pddl,on,1,18,191.979,190.458,,,,
storage,p15.pddl,selector,1,18,428.039,414.462,off,56941,60531,11.859
storage,p16.pddl,off,0,,1799.613,,,,,
storage,p16.pddl,on,0,,1799.759,,,,,
storage,p16.pddl,selector,0,,1799.626,,off,162104,140855,14.226
storage,p17.pddl,off,0,,1799.727,,,,,
storage,p17.pddl,on,0,,1800.035,,,,,
storage,p17.pddl,selector,0,,1800.175,,off,364790,489220,17.700
storage,p18.pddl,off,0,,1561.795,,,,,
storage,p18.pddl,on,0,,1638.469,,,,,
storage,p18.pddl,selector,0,,1799.615,,off,621978,677810,32.054
storage,p19.pddl,off,0,,1800.194,,,,,
storage,p19.pddl,on,0,,1704.396,,,,,
storage,p19.pddl,selector,0,,1799.498,,off,1923215,1494134,44.021
storage,p20.pddl,off,0,,1800.496,,,,,
storage,p20.pddl,on,0,,1588.651,,,,,
storage,p20.pddl,selector,0,,1800.551,,off,2157196,2065771,52.677
storage,p21.pddl,off,0,,1800.120,,,,,
storage,p21.pddl,on,0,,1368.316,,,,,
storage,p21.pddl,selector,0,,1799.975,,off,3795223,4410048,158.407
storage,p22.pddl,off,0,,1799.895,,,,,
storage,p22.pddl,on,0,,1028.235,,,,,
storage,p22.pddl,selector,0,,1800.225,,off,4805468,5188614,149.622
storage,p23.pddl,off,0,,1417.871,,,,,
storage,p23.pddl,on,0,,1800.020,,,,,
storage,p23.pddl,selector,0,,1767.592,,off,6373008,5561062,177.078
storage,p24.pddl,off,0,,1351.184,,,,,
storage,p24.pddl,on,0,,1800.058,,,,,
storage,p24.pddl,selector,0,,1527.294,,off,7255383,5611604,196.726
storage,p25.pddl,off,0,,1544.348,,,,,
storage,p25.pddl,on,0,,1799.757,,,,,
storage,p25.pddl,selector,0,,1799.959,,off,7250336,6715490,212.403
storage,p26.pddl,off,0,,1590.935,,,,,
storage,p26.pddl,on,0,,1678.258,,,,,
storage,p26.pddl,selector,0,,1800.476,,off,8263410,10000513,274.854
storage,p27.pddl,off,0,,1570.632,,,,,
storage,p27.pddl,on,0,,1800.333,,,,,
storage,p27.pddl,selector,0,,1787.008,,off,10966289,10393387,270.377
storage,p28.pddl,off,0,,1799.968,,,,,
storage,p28.pddl,on,0,,1800.166,,,,,
storage,p28.pddl,selector,0,,1799.927,,off,10976592,11049094,336.141
storage,p29.pddl,off,0,,1799.726,,,,,
storage,p29.pddl,on,0,,1065.236,,,,,
storage,p29.pddl,selector,0,,1799.596,,off,14310368,14211476,356.179
storage,p30.pddl,off,0,,1800.725,,,,,
storage,p30.pddl,on,0,,1782.429,,,,,
storage,p30.pddl,selector,0,,1799.550,,off,15079734,15545739,416.036
termes-opt18-strips,p01.pddl,off,1,36,0.769,0.133894,,,,
termes-opt18-strips,p01.pddl,on,1,36,0.769,0.128407,,,,
termes-opt18-strips,p01.pddl,selector,1,36,0.870,0.127359,presolve,,,
termes-opt18-strips,p02.pddl,off,1,54,0.970,0.338966,,,,
termes-opt18-strips,p02.pddl,on,1,54,0.971,0.338021,,,,
termes-opt18-strips,p02.pddl,selector,1,54,1.122,0.327534,presolve,,,
termes-opt18-strips,p03.pddl,off,1,68,2.227,1.56998,,,,
termes-opt18-strips,p03.pddl,on,1,68,2.176,1.57008,,,,
termes-opt18-strips,p03.pddl,selector,1,68,2.377,1.56689,presolve,,,
termes-opt18-strips,p04.pddl,off,1,80,4.187,3.53702,,,,
termes-opt18-strips,p04.pddl,on,1,80,4.039,3.36818,,,,
termes-opt18-strips,p04.pddl,selector,1,80,4.241,3.40521,presolve,,,
termes-opt18-strips,p05.pddl,off,1,132,31.284,30.5123,,,,
termes-opt18-strips,p05.pddl,on,1,132,27.330,26.6878,,,,
termes-opt18-strips,p05.pddl,selector,1,132,46.296,34.4454,off,117541,117541,11.161
termes-opt18-strips,p06.pddl,off,1,164,155.280,154.061,,,,
termes-opt18-strips,p06.pddl,on,1,164,147.801,146.563,,,,
termes-opt18-strips,p06.pddl,selector,1,164,144.422,132.369,off,117541,117541,11.110
termes-opt18-strips,p07.pddl,off,1,222,982.853,979.934,,,,
termes-opt18-strips,p07.pddl,on,1,222,934.795,931.88,,,,
termes-opt18-strips,p07.pddl,selector,1,222,1064.049,1050.01,off,77678,77678,11.262
termes-opt18-strips,p08.pddl,off,1,216,947.515,944.695,,,,
termes-opt18-strips,p08.pddl,on,1,216,1046.009,1043.18,,,,
termes-opt18-strips,p08.pddl,selector,1,216,932.887,919.309,off,77678,77678,10.907
termes-opt18-strips,p09.pddl,off,0,,1799.606,,,,,
termes-opt18-strips,p09.pddl,on,0,,1799.506,,,,,
termes-opt18-strips,p09.pddl,selector,0,,1800.307,,off,127772,127772,10.906
termes-opt18-strips,p10.pddl,off,0,,1799.553,,,,,
termes-opt18-strips,p10.pddl,on,0,,1799.541,,,,,
termes-opt18-strips,p10.pddl,selector,0,,1800.347,,off,127772,127772,10.908
termes-opt18-strips,p11.pddl,off,1,66,1.171,0.602196,,,,
termes-opt18-strips,p11.pddl,on,1,66,1.573,0.898277,,,,
termes-opt18-strips,p11.pddl,selector,1,66,1.373,0.609824,presolve,,,
termes-opt18-strips,p12.pddl,off,1,46,0.870,0.239991,,,,
termes-opt18-strips,p12.pddl,on,1,46,0.869,0.243001,,,,
termes-opt18-strips,p12.pddl,selector,1,46,1.121,0.246727,presolve,,,
termes-opt18-strips,p13.pddl,off,1,92,14.690,13.9103,,,,
termes-opt18-strips,p13.pddl,on,1,92,14.347,13.6384,,,,
termes-opt18-strips,p13.pddl,selector,1,92,10.474,9.65484,presolve,,,
termes-opt18-strips,p14.pddl,off,1,104,18.578,17.9096,,,,
termes-opt18-strips,p14.pddl,on,1,104,18.582,17.8657,,,,
termes-opt18-strips,p14.pddl,selector,1,104,29.446,18.1813,off,16636,16636,10.702
termes-opt18-strips,p15.pddl,off,1,140,123.619,122.605,,,,
termes-opt18-strips,p15.pddl,on,1,140,100.213,99.3613,,,,
termes-opt18-strips,p15.pddl,selector,1,140,149.154,137.059,off,117541,117541,11.062
termes-opt18-strips,p16.pddl,off,1,152,114.671,113.5,,,,
termes-opt18-strips,p16.pddl,on,1,152,130.497,129.466,,,,
termes-opt18-strips,p16.pddl,selector,1,152,137.181,125.398,off,22072,22072,10.805
termes-opt18-strips,p17.pddl,off,1,116,15.563,14.7784,,,,
termes-opt18-strips,p17.pddl,on,1,116,15.251,14.4128,,,,
termes-opt18-strips,p17.pddl,selector,1,116,26.073,14.6077,off,14940,14940,10.758
termes-opt18-strips,p18.pddl,off,1,76,3.184,2.62015,,,,
termes-opt18-strips,p18.pddl,on,1,76,4.791,4.07344,,,,
termes-opt18-strips,p18.pddl,selector,1,76,4.188,3.38662,presolve,,,
termes-opt18-strips,p19.pddl,off,1,94,10.326,9.59663,,,,
termes-opt18-strips,p19.pddl,on,1,94,10.371,9.6278,,,,
termes-opt18-strips,p19.pddl,selector,1,94,21.847,10.0038,off,63141,63141,11.212
termes-opt18-strips,p20.pddl,off,1,106,37.748,37.0115,,,,
termes-opt18-strips,p20.pddl,on,1,106,30.805,30.1903,,,,
termes-opt18-strips,p20.pddl,selector,1,106,53.934,42.1101,off,110481,110481,11.109
tetris-opt14-strips,p01-10.pddl,off,0,,1799.957,,,,,
tetris-opt14-strips,p01-10.pddl,on,0,,1800.309,,,,,
tetris-opt14-strips,p01-10.pddl,selector,0,,1800.009,,off,903050,1348924,65.426
tetris-opt14-strips,p01-6.pddl,off,1,30,318.124,313.679,,,,
tetris-opt14-strips,p01-6.pddl,on,1,30,815.156,807.536,,,,
tetris-opt14-strips,p01-6.pddl,selector,1,30,336.738,316.881,off,196952,378783,17.298
tetris-opt14-strips,p01-8.pddl,off,1,36,10.025,3.3724,,,,
tetris-opt14-strips,p01-8.pddl,on,1,36,82.044,76.1755,,,,
tetris-opt14-strips,p01-8.pddl,selector,1,36,10.825,3.15287,presolve,,,
tetris-opt14-strips,p02-10.pddl,off,0,,1799.554,,,,,
tetris-opt14-strips,p02-10.pddl,on,0,,1800.307,,,,,
tetris-opt14-strips,p02-10.pddl,selector,0,,1799.801,,off,903050,1348924,54.321
tetris-opt14-strips,p02-4.pddl,off,1,10,1.624,0.0529257,,,,
tetris-opt14-strips,p02-4.pddl,on,1,10,1.724,0.0959997,,,,
tetris-opt14-strips,p02-4.pddl,selector,1,10,2.076,0.0821109,presolve,,,
tetris-opt14-strips,p02-6.pddl,off,1,30,9.620,4.43893,,,,
tetris-opt14-strips,p02-6.pddl,on,1,30,10.778,6.20033,,,,
tetris-opt14-strips,p02-6.pddl,selector,1,30,9.768,4.52034,presolve,,,
tetris-opt14-strips,p02-8.pddl,off,1,39,1612.247,1601.06,,,,
tetris-opt14-strips,p02-8.pddl,on,0,,1799.703,,,,,
tetris-opt14-strips,p02-8.pddl,selector,1,39,1749.177,1726.8,off,162459,210836,18.348
tetris-opt14-strips,p03-10.pddl,off,0,,1799.800,,,,,
tetris-opt14-strips,p03-10.pddl,on,0,,1799.732,,,,,
tetris-opt14-strips,p03-10.pddl,selector,0,,1800.091,,off,396097,407065,39.578
tetris-opt14-strips,p03-4.pddl,off,1,11,1.222,0.133949,,,,
tetris-opt14-strips,p03-4.pddl,on,1,11,1.272,0.197,,,,
tetris-opt14-strips,p03-4.pddl,selector,1,11,1.774,0.198991,presolve,,,
tetris-opt14-strips,p03-6.pddl,off,1,21,37.896,34.6354,,,,
tetris-opt14-strips,p03-6.pddl,on,1,21,58.364,54.584,,,,
tetris-opt14-strips,p03-6.pddl,selector,1,21,40.708,25.5202,off,75693,96736,13.726
tetris-opt14-strips,p03-8.pddl,off,1,48,41.114,26.6003,,,,
tetris-opt14-strips,p03-8.pddl,on,1,48,111.995,101.855,,,,
tetris-opt14-strips,p03-8.pddl,selector,1,48,47.969,24.9981,off,103840,188373,21.571
tetris-opt14-strips,p04-10.pddl,off,0,,1800.163,,,,,
tetris-opt14-strips,p04-10.pddl,on,0,,1800.056,,,,,
tetris-opt14-strips,p04-10.pddl,selector,0,,1800.161,,off,675880,1260457,107.182
tetris-opt14-strips,p04-6.pddl,off,1,27,257.789,252.879,,,,
tetris-opt14-strips,p04-6.pddl,on,1,27,293.686,289.255,,,,
tetris-opt14-strips,p04-6.pddl,selector,1,27,284.288,263.361,off,196952,378783,18.204
tetris-opt14-strips,p04-8.pddl,off,0,,1800.277,,,,,
tetris-opt14-strips,p04-8.pddl,on,0,,1800.724,,,,,
tetris-opt14-strips,p04-8.pddl,selector,0,,1800.378,,off,188120,290752,21.614
tetris-opt14-strips,p05-10.pddl,off,1,66,650.180,628.697,,,,
tetris-opt14-strips,p05-10.pddl,on,0,,1799.771,,,,,
tetris-opt14-strips,p05-10.pddl,selector,1,66,714.984,674.201,off,372466,363114,37.606
tetris-opt14-strips,p05-6.pddl,off,1,19,7.105,3.73883,,,,
tetris-opt14-strips,p05-6.pddl,on,1,19,10.781,7.55023,,,,
tetris-opt14-strips,p05-6.pddl,selector,1,19,5.597,3.26387,presolve,,,
tetris-opt14-strips,p05-8.pddl,off,0,,1799.793,,,,,
tetris-opt14-strips,p05-8.pddl,on,0,,1800.327,,,,,
tetris-opt14-strips,p05-8.pddl,selector,0,,1799.927,,off,290569,282898,28.255
tidybot-opt11-strips,p01.pddl,off,1,4,1.524,0.000289597,,,,
tidybot-opt11-strips,p01.pddl,on,1,4,1.625,0.000693512,,,,
tidybot-opt11-strips,p01.pddl,selector,1,4,1.575,0.000709174,presolve,,,
tidybot-opt11-strips,p02.pddl,off,1,33,4.088,1.40679,,,,
tidybot-opt11-strips,p02.pddl,on,1,33,4.844,2.04994,,,,
tidybot-opt11-strips,p02.pddl,selector,1,33,5.999,2.17581,presolve,,,
tidybot-opt11-strips,p03.pddl,off,1,16,6.253,2.8169,,,,
tidybot-opt11-strips,p03.pddl,on,1,16,3.234,0.762435,,,,
tidybot-opt11-strips,p03.pddl,selector,1,16,7.704,4.55087,presolve,,,
tidybot-opt11-strips,p04.pddl,off,1,32,3.939,1.32703,,,,
tidybot-opt11-strips,p04.pddl,on,1,32,5.446,1.78391,,,,
tidybot-opt11-strips,p04.pddl,selector,1,32,5.945,2.06932,presolve,,,
tidybot-opt11-strips,p05.pddl,off,1,38,14.904,9.35952,,,,
tidybot-opt11-strips,p05.pddl,on,1,38,11.233,7.35634,,,,
tidybot-opt11-strips,p05.pddl,selector,1,38,11.081,6.72784,presolve,,,
tidybot-opt11-strips,p06.pddl,off,1,32,10.774,4.84244,,,,
tidybot-opt11-strips,p06.pddl,on,1,32,14.100,8.38406,,,,
tidybot-opt11-strips,p06.pddl,selector,1,32,11.738,7.3707,presolve,,,
tidybot-opt11-strips,p07.pddl,off,1,17,7.610,3.37885,,,,
tidybot-opt11-strips,p07.pddl,on,1,17,9.571,5.73989,,,,
tidybot-opt11-strips,p07.pddl,selector,1,17,7.912,2.12367,presolve,,,
tidybot-opt11-strips,p08.pddl,off,1,37,11.637,5.90088,,,,
tidybot-opt11-strips,p08.pddl,on,1,37,13.588,9.47968,,,,
tidybot-opt11-strips,p08.pddl,selector,1,37,12.182,7.17479,presolve,,,
tidybot-opt11-strips,p09.pddl,off,1,27,18.173,11.1666,,,,
tidybot-opt11-strips,p09.pddl,on,1,27,24.108,18.1663,,,,
tidybot-opt11-strips,p09.pddl,selector,1,27,36.918,8.52457,off,503220,713028,26.938
tidybot-opt11-strips,p10.pddl,off,1,29,444.952,428.448,,,,
tidybot-opt11-strips,p10.pddl,on,1,29,275.577,265.612,,,,
tidybot-opt11-strips,p10.pddl,selector,1,29,392.108,246.673,on,2821333,1892635,143.382
tidybot-opt11-strips,p11.pddl,off,1,29,172.829,156.982,,,,
tidybot-opt11-strips,p11.pddl,on,1,29,290.566,274.379,,,,
tidybot-opt11-strips,p11.pddl,selector,1,29,330.179,180.201,off,2689011,1908294,147.572
tidybot-opt11-strips,p12.pddl,off,0,,1802.024,,,,,
tidybot-opt11-strips,p12.pddl,on,0,,1802.761,,,,,
tidybot-opt11-strips,p12.pddl,selector,0,,1802.028,,off,2625846,2013432,143.105
tidybot-opt11-strips,p13.pddl,off,1,30,1299.492,1287.68,,,,
tidybot-opt11-strips,p13.pddl,on,1,30,670.133,655.517,,,,
tidybot-opt11-strips,p13.pddl,selector,1,30,1370.606,1221.16,off,2727513,2013432,145.346
tidybot-opt11-strips,p14.pddl,off,1,25,610.493,590.784,,,,
tidybot-opt11-strips,p14.pddl,on,1,25,515.540,497.629,,,,
tidybot-opt11-strips,p14.pddl,selector,1,25,738.069,585.039,off,4085481,3471234,149.621
tidybot-opt11-strips,p15.pddl,off,0,,1803.281,,,,,
tidybot-opt11-strips,p15.pddl,on,0,,1802.516,,,,,
tidybot-opt11-strips,p15.pddl,selector,0,,1803.171,,off,3436042,3650712,152.938
tidybot-opt11-strips,p16.pddl,off,0,,1802.418,,,,,
tidybot-opt11-strips,p16.pddl,on,0,,1804.430,,,,,
tidybot-opt11-strips,p16.pddl,selector,0,,1803.086,,off,4135443,3900433,154.187
tidybot-opt11-strips,p17.pddl,off,1,40,80.662,65.5395,,,,
tidybot-opt11-strips,p17.pddl,on,1,40,98.222,87.9006,,,,
tidybot-opt11-strips,p17.pddl,selector,1,40,176.212,68.0809,off,1217848,1795829,106.191
tidybot-opt11-strips,p18.pddl,off,1,44,190.786,175.493,,,,
tidybot-opt11-strips,p18.pddl,on,1,44,98.649,88.1031,,,,
tidybot-opt11-strips,p18.pddl,selector,1,44,271.771,186.822,off,1105411,1362267,82.025
tidybot-opt11-strips,p19.pddl,off,0,,1804.008,,,,,
tidybot-opt11-strips,p19.pddl,on,0,,1805.052,,,,,
tidybot-opt11-strips,p19.pddl,selector,0,,1802.838,,off,3777953,3546923,154.245
tidybot-opt11-strips,p20.pddl,off,1,46,93.189,81.9867,,,,
tidybot-opt11-strips,p20.pddl,on,1,46,107.554,96.8898,,,,
tidybot-opt11-strips,p20.pddl,selector,1,46,170.910,75.8759,off,1355966,1993507,93.050
tidybot-opt14-strips,p01.pddl,off,0,,1802.517,,,,,
tidybot-opt14-strips,p01.pddl,on,0,,1805.662,,,,,
tidybot-opt14-strips,p01.pddl,selector,0,,1802.552,,off,3982608,3534474,155.089
tidybot-opt14-strips,p02.pddl,off,0,,1805.240,,,,,
tidybot-opt14-strips,p02.pddl,on,0,,1802.484,,,,,
tidybot-opt14-strips,p02.pddl,selector,0,,1805.068,,off,3479297,3389184,155.289
tidybot-opt14-strips,p03.pddl,off,1,30,53.403,43.3959,,,,
tidybot-opt14-strips,p03.pddl,on,1,30,55.313,42.8836,,,,
tidybot-opt14-strips,p03.pddl,selector,1,30,123.386,44.4297,off,1438923,1623975,77.201
tidybot-opt14-strips,p04.pddl,off,1,24,207.621,179.353,,,,
tidybot-opt14-strips,p04.pddl,on,1,24,187.193,168.701,,,,
tidybot-opt14-strips,p04.pddl,selector,1,24,352.206,190.704,off,4609297,3743888,158.565
tidybot-opt14-strips,p05.pddl,off,0,,1804.443,,,,,
tidybot-opt14-strips,p05.pddl,on,0,,1806.135,,,,,
tidybot-opt14-strips,p05.pddl,selector,0,,1803.003,,off,3847118,3444536,152.729
tidybot-opt14-strips,p06.pddl,off,1,63,711.752,693.266,,,,
tidybot-opt14-strips,p06.pddl,on,1,63,1062.897,1047.06,,,,
tidybot-opt14-strips,p06.pddl,selector,1,63,750.406,646.738,off,957956,2225862,97.863
tidybot-opt14-strips,p07.pddl,off,1,38,422.081,410.165,,,,
tidybot-opt14-strips,p07.pddl,on,1,38,109.037,99.1244,,,,
tidybot-opt14-strips,p07.pddl,selector,1,38,515.033,409.52,off,845307,1570232,100.699
tidybot-opt14-strips,p08.pddl,off,1,25,691.272,660.426,,,,
tidybot-opt14-strips,p08.pddl,on,1,25,723.560,700.112,,,,
tidybot-opt14-strips,p08.pddl,selector,1,25,804.797,638.87,off,4044005,3423925,159.414
tidybot-opt14-strips,p09.pddl,off,0,,1805.097,,,,,
tidybot-opt14-strips,p09.pddl,on,0,,1802.725,,,,,
tidybot-opt14-strips,p09.pddl,selector,0,,1801.376,,off,6986109,6799929,169.465
tidybot-opt14-strips,p10.pddl,off,1,47,1604.846,1576.46,,,,
tidybot-opt14-strips,p10.pddl,on,1,47,759.211,735.652,,,,
tidybot-opt14-strips,p10.pddl,selector,1,47,1743.699,1623.27,off,1507495,2655222,112.540
tidybot-opt14-strips,p11.pddl,off,1,29,181.593,166.319,,,,
tidybot-opt14-strips,p11.pddl,on,1,29,318.346,305.824,,,,
tidybot-opt14-strips,p11.pddl,selector,1,29,445.042,296.597,on,2735633,1908294,145.144
tidybot-opt14-strips,p12.pddl,off,0,,1800.327,,,,,
tidybot-opt14-strips,p12.pddl,on,0,,1802.137,,,,,
tidybot-opt14-strips,p12.pddl,selector,0,,1802.202,,off,2595809,2013432,142.285
tidybot-opt14-strips,p13.pddl,off,1,30,979.789,961.709,,,,
tidybot-opt14-strips,p13.pddl,on,1,30,678.479,662.122,,,,
tidybot-opt14-strips,p13.pddl,selector,1,30,1108.677,966.525,off,2595809,2013432,138.115
tidybot-opt14-strips,p14.pddl,off,1,25,985.644,958.365,,,,
tidybot-opt14-strips,p14.pddl,on,1,25,530.848,511.069,,,,
tidybot-opt14-strips,p14.pddl,selector,1,25,856.553,688.77,off,3839169,3383423,164.178
tidybot-opt14-strips,p15.pddl,off,0,,1800.950,,,,,
tidybot-opt14-strips,p15.pddl,on,0,,1801.783,,,,,
tidybot-opt14-strips,p15.pddl,selector,0,,1800.208,,off,4508847,3649800,157.548
tidybot-opt14-strips,p16.pddl,off,0,,1802.030,,,,,
tidybot-opt14-strips,p16.pddl,on,0,,1800.902,,,,,
tidybot-opt14-strips,p16.pddl,selector,0,,1800.979,,off,4135443,3894056,151.863
tidybot-opt14-strips,p17.pddl,off,1,40,83.162,69.4652,,,,
tidybot-opt14-strips,p17.pddl,on,1,40,115.727,102.227,,,,
tidybot-opt14-strips,p17.pddl,selector,1,40,172.585,74.6552,off,1217848,1795829,96.068
tidybot-opt14-strips,p18.pddl,off,1,44,185.736,174.086,,,,
tidybot-opt14-strips,p18.pddl,on,1,44,128.676,115.395,,,,
tidybot-opt14-strips,p18.pddl,selector,1,44,241.660,171.065,off,1105411,1362267,68.333
tidybot-opt14-strips,p19.pddl,off,0,,1800.309,,,,,
tidybot-opt14-strips,p19.pddl,on,0,,1800.828,,,,,
tidybot-opt14-strips,p19.pddl,selector,0,,1800.830,,off,3651326,3595561,156.520
tidybot-opt14-strips,p20.pddl,off,1,46,108.546,97.753,,,,
tidybot-opt14-strips,p20.pddl,on,1,46,101.355,90.2672,,,,
tidybot-opt14-strips,p20.pddl,selector,1,46,191.279,96.2824,off,1355966,1993507,92.398
tpp,p01.pddl,off,1,5,0.417,0.000722196,,,,
tpp,p01.pddl,on,1,5,0.467,0.000436875,,,,
tpp,p01.pddl,selector,1,5,0.719,0.000574687,presolve,,,
tpp,p02.pddl,off,1,8,0.468,0.00100078,,,,
tpp,p02.pddl,on,1,8,0.467,0.000575827,,,,
tpp,p02.pddl,selector,1,8,0.618,0.000875471,presolve,,,
tpp,p03.pddl,off,1,11,0.468,0.00129622,,,,
tpp,p03.pddl,on,1,11,0.467,0.00129414,,,,
tpp,p03.pddl,selector,1,11,0.769,0.0019785,presolve,,,
tpp,p04.pddl,off,1,14,0.567,0.0023048,,,,
tpp,p04.pddl,on,1,14,0.518,0.00274824,,,,
tpp,p04.pddl,selector,1,14,0.669,0.00199985,presolve,,,
tpp,p05.pddl,off,1,19,0.568,0.0157495,,,,
tpp,p05.pddl,on,1,19,0.568,0.0124521,,,,
tpp,p05.pddl,selector,1,19,0.769,0.011302,presolve,,,
tpp,p06.pddl,off,1,25,0.668,0.141743,,,,
tpp,p06.pddl,on,1,25,0.719,0.125293,,,,
tpp,p06.pddl,selector,1,25,1.070,0.206,presolve,,,
tpp,p07.pddl,off,1,34,0.869,0.378712,,,,
tpp,p07.pddl,on,1,34,1.172,0.42299,,,,
tpp,p07.pddl,selector,1,34,1.020,0.385599,presolve,,,
tpp,p08.pddl,off,1,40,1.624,1.00497,,,,
tpp,p08.pddl,on,1,40,1.321,0.634722,,,,
tpp,p08.pddl,selector,1,40,2.227,1.36069,presolve,,,
tpp,p09.pddl,off,0,,1799.554,,,,,
tpp,p09.pddl,on,1,48,653.855,652.141,,,,
tpp,p09.pddl,selector,1,48,667.581,655.471,on,46323,10196,11.104
tpp,p10.pddl,off,0,,1799.598,,,,,
tpp,p10.pddl,on,0,,1799.492,,,,,
tpp,p10.pddl,selector,0,,1800.949,,on,84275,13531,10.900
tpp,p11.pddl,off,0,,1800.068,,,,,
tpp,p11.pddl,on,0,,1799.883,,,,,
tpp,p11.pddl,selector,0,,1800.186,,on,20342,6185,10.848
tpp,p12.pddl,off,0,,1800.051,,,,,
tpp,p12.pddl,on,0,,1800.086,,,,,
tpp,p12.pddl,selector,0,,1800.497,,on,25987,8739,10.954
tpp,p13.pddl,off,0,,1799.586,,,,,
tpp,p13.pddl,on,0,,1799.492,,,,,
tpp,p13.pddl,selector,0,,1800.057,,on,121862,85229,11.754
tpp,p14.pddl,off,0,,1799.581,,,,,
tpp,p14.pddl,on,0,,1799.585,,,,,
tpp,p14.pddl,selector,0,,1799.754,,off,62730,89747,11.402
tpp,p15.pddl,off,0,,1799.727,,,,,
tpp,p15.pddl,on,0,,1799.960,,,,,
tpp,p15.pddl,selector,0,,1800.328,,on,148013,74131,11.761
tpp,p16.pddl,off,0,,1799.600,,,,,
tpp,p16.pddl,on,0,,1799.365,,,,,
tpp,p16.pddl,selector,0,,1799.643,,off,127805,100914,13.114
tpp,p17.pddl,off,0,,1799.904,,,,,
tpp,p17.pddl,on,0,,1800.204,,,,,
tpp,p17.pddl,selector,0,,1799.588,,off,187653,202190,13.012
tpp,p18.pddl,off,0,,1520.825,,,,,
tpp,p18.pddl,on,0,,1799.836,,,,,
tpp,p18.pddl,selector,0,,1799.969,,off,314404,239149,14.266
tpp,p19.pddl,off,0,,1756.606,,,,,
tpp,p19.pddl,on,0,,1799.632,,,,,
tpp,p19.pddl,selector,0,,1747.495,,off,179058,286897,17.337
tpp,p20.pddl,off,0,,1799.854,,,,,
tpp,p20.pddl,on,0,,1514.386,,,,,
tpp,p20.pddl,selector,0,,1800.399,,off,319727,369471,30.766
tpp,p21.pddl,off,0,,1800.550,,,,,
tpp,p21.pddl,on,0,,1616.692,,,,,
tpp,p21.pddl,selector,0,,1799.867,,off,301015,289599,18.188
tpp,p22.pddl,off,0,,908.486,,,,,
tpp,p22.pddl,on,0,,1603.824,,,,,
tpp,p22.pddl,selector,0,,921.746,,off,355235,258857,16.183
tpp,p23.pddl,off,0,,1173.031,,,,,
tpp,p23.pddl,on,0,,1712.155,,,,,
tpp,p23.pddl,selector,0,,1302.467,,off,390020,318260,15.724
tpp,p24.pddl,off,0,,1800.377,,,,,
tpp,p24.pddl,on,0,,889.864,,,,,
tpp,p24.pddl,selector,0,,1800.229,,off,394611,355825,27.711
tpp,p25.pddl,off,0,,1198.448,,,,,
tpp,p25.pddl,on,0,,1800.404,,,,,
tpp,p25.pddl,selector,0,,1204.408,,off,475205,407382,24.773
tpp,p26.pddl,off,0,,1727.531,,,,,
tpp,p26.pddl,on,0,,1575.127,,,,,
tpp,p26.pddl,selector,0,,1716.706,,off,383127,367045,39.515
tpp,p27.pddl,off,0,,1607.704,,,,,
tpp,p27.pddl,on,0,,1441.585,,,,,
tpp,p27.pddl,selector,0,,1413.192,,off,537709,571539,28.542
tpp,p28.pddl,off,0,,1076.230,,,,,
tpp,p28.pddl,on,0,,1800.159,,,,,
tpp,p28.pddl,selector,0,,1057.624,,off,523944,517395,36.453
tpp,p29.pddl,off,0,,737.298,,,,,
tpp,p29.pddl,on,0,,1799.803,,,,,
tpp,p29.pddl,selector,0,,1443.391,,off,828536,847519,84.551
tpp,p30.pddl,off,0,,951.456,,,,,
tpp,p30.pddl,on,0,,1799.844,,,,,
tpp,p30.pddl,selector,0,,1800.107,,off,751775,823486,92.472
transport-opt08-strips,p01.pddl,off,1,54,0.467,0.00405351,,,,
transport-opt08-strips,p01.pddl,on,1,54,0.417,0.00323787,,,,
transport-opt08-strips,p01.pddl,selector,1,54,0.518,0.00296992,presolve,,,
transport-opt08-strips,p02.pddl,off,1,131,0.467,0.0243996,,,,
transport-opt08-strips,p02.pddl,on,1,131,0.467,0.024741,,,,
transport-opt08-strips,p02.pddl,selector,1,131,0.567,0.0240444,presolve,,,
transport-opt08-strips,p03.pddl,off,1,250,1.773,1.25198,,,,
transport-opt08-strips,p03.pddl,on,1,250,1.774,1.13016,,,,
transport-opt08-strips,p03.pddl,selector,1,250,2.226,1.35571,presolve,,,
transport-opt08-strips,p04.pddl,off,1,318,6.801,6.25967,,,,
transport-opt08-strips,p04.pddl,on,1,318,7.856,7.18506,,,,
transport-opt08-strips,p04.pddl,selector,1,318,17.251,5.92498,off,4065,4065,10.750
transport-opt08-strips,p05.pddl,off,1,332,881.474,877.315,,,,
transport-opt08-strips,p05.pddl,on,1,332,835.936,831.671,,,,
transport-opt08-strips,p05.pddl,selector,1,332,928.036,912.329,off,6960,6960,10.900
transport-opt08-strips,p06.pddl,off,0,,1799.851,,,,,
transport-opt08-strips,p06.pddl,on,0,,1800.153,,,,,
transport-opt08-strips,p06.pddl,selector,0,,1800.052,,off,15708,15708,11.350
transport-opt08-strips,p07.pddl,off,0,,1800.122,,,,,
transport-opt08-strips,p07.pddl,on,0,,1800.099,,,,,
transport-opt08-strips,p07.pddl,selector,0,,1799.801,,off,19604,19604,11.352
transport-opt08-strips,p08.pddl,off,0,,1800.302,,,,,
transport-opt08-strips,p08.pddl,on,0,,1800.203,,,,,
transport-opt08-strips,p08.pddl,selector,0,,1800.202,,off,24631,24631,11.707
transport-opt08-strips,p09.pddl,off,0,,1799.650,,,,,
transport-opt08-strips,p09.pddl,on,0,,1799.543,,,,,
transport-opt08-strips,p09.pddl,selector,0,,1800.394,,off,30241,30241,11.803
transport-opt08-strips,p10.pddl,off,0,,1799.893,,,,,
transport-opt08-strips,p10.pddl,on,0,,1799.638,,,,,
transport-opt08-strips,p10.pddl,selector,0,,1799.798,,off,43539,43539,12.207
transport-opt08-strips,p11.pddl,off,1,456,0.417,0.00503586,,,,
transport-opt08-strips,p11.pddl,on,1,456,0.417,0.00463424,,,,
transport-opt08-strips,p11.pddl,selector,1,456,0.467,0.00472333,presolve,,,
transport-opt08-strips,p12.pddl,off,1,594,0.567,0.0978692,,,,
transport-opt08-strips,p12.pddl,on,1,594,0.568,0.0970264,,,,
transport-opt08-strips,p12.pddl,selector,1,594,0.668,0.0971249,presolve,,,
transport-opt08-strips,p13.pddl,off,1,550,4.737,4.14291,,,,
transport-opt08-strips,p13.pddl,on,1,550,2.678,2.11694,,,,
transport-opt08-strips,p13.pddl,selector,1,550,2.779,2.11295,presolve,,,
transport-opt08-strips,p14.pddl,off,1,941,722.392,720.226,,,,
transport-opt08-strips,p14.pddl,on,1,941,850.103,847.877,,,,
transport-opt08-strips,p14.pddl,selector,1,941,818.345,805.204,off,6056,6056,10.952
transport-opt08-strips,p15.pddl,off,0,,1799.605,,,,,
transport-opt08-strips,p15.pddl,on,0,,1799.755,,,,,
transport-opt08-strips,p15.pddl,selector,0,,1800.307,,off,9219,9219,10.899
transport-opt08-strips,p16.pddl,off,0,,1800.203,,,,,
transport-opt08-strips,p16.pddl,on,0,,1800.101,,,,,
transport-opt08-strips,p16.pddl,selector,0,,1800.099,,off,20641,20641,11.657
transport-opt08-strips,p17.pddl,off,0,,1800.253,,,,,
transport-opt08-strips,p17.pddl,on,0,,1800.202,,,,,
transport-opt08-strips,p17.pddl,selector,0,,1799.668,,off,26161,26161,12.206
transport-opt08-strips,p18.pddl,off,0,,1800.345,,,,,
transport-opt08-strips,p18.pddl,on,0,,1800.342,,,,,
transport-opt08-strips,p18.pddl,selector,0,,1799.938,,off,38185,38185,12.256
transport-opt08-strips,p19.pddl,off,0,,1800.191,,,,,
transport-opt08-strips,p19.pddl,on,0,,1800.041,,,,,
transport-opt08-strips,p19.pddl,selector,0,,1800.393,,off,47635,47635,12.812
transport-opt08-strips,p20.pddl,off,0,,1800.203,,,,,
transport-opt08-strips,p20.pddl,on,0,,1799.844,,,,,
transport-opt08-strips,p20.pddl,selector,0,,1799.546,,off,56917,56917,14.031
transport-opt08-strips,p21.pddl,off,1,478,0.417,0.00313997,,,,
transport-opt08-strips,p21.pddl,on,1,478,0.467,0.00449541,,,,
transport-opt08-strips,p21.pddl,selector,1,478,0.517,0.00321279,presolve,,,
transport-opt08-strips,p22.pddl,off,1,632,0.618,0.0774771,,,,
transport-opt08-strips,p22.pddl,on,1,632,0.618,0.0724991,,,,
transport-opt08-strips,p22.pddl,selector,1,632,0.869,0.0799408,presolve,,,
transport-opt08-strips,p23.pddl,off,1,630,1.623,0.990943,,,,
transport-opt08-strips,p23.pddl,on,1,630,1.471,0.823917,,,,
transport-opt08-strips,p23.pddl,selector,1,630,1.372,0.550198,presolve,,,
transport-opt08-strips,p24.pddl,off,1,614,10.617,10.0508,,,,
transport-opt08-strips,p24.pddl,on,1,614,9.616,8.94751,,,,
transport-opt08-strips,p24.pddl,selector,1,614,9.112,8.32022,presolve,,,
transport-opt08-strips,p25.pddl,off,1,970,362.866,361.07,,,,
transport-opt08-strips,p25.pddl,on,1,970,382.414,380.598,,,,
transport-opt08-strips,p25.pddl,selector,1,970,384.894,372.31,off,6965,6965,11.100
transport-opt08-strips,p26.pddl,off,0,,1799.800,,,,,
transport-opt08-strips,p26.pddl,on,0,,1799.997,,,,,
transport-opt08-strips,p26.pddl,selector,0,,1799.646,,off,16565,16565,11.201
transport-opt08-strips,p27.pddl,off,0,,1800.046,,,,,
transport-opt08-strips,p27.pddl,on,0,,1799.945,,,,,
transport-opt08-strips,p27.pddl,selector,0,,1799.945,,off,20977,20977,11.403
transport-opt08-strips,p28.pddl,off,0,,1800.149,,,,,
transport-opt08-strips,p28.pddl,on,0,,1799.600,,,,,
transport-opt08-strips,p28.pddl,selector,0,,1799.900,,off,25305,25305,11.504
transport-opt08-strips,p29.pddl,off,0,,1799.397,,,,,
transport-opt08-strips,p29.pddl,on,0,,1800.050,,,,,
transport-opt08-strips,p29.pddl,selector,0,,1800.453,,off,31449,31449,11.954
transport-opt08-strips,p30.pddl,off,0,,1800.049,,,,,
transport-opt08-strips,p30.pddl,on,0,,1799.695,,,,,
transport-opt08-strips,p30.pddl,selector,0,,1800.328,,off,44913,44913,12.811
transport-opt11-strips,p01.pddl,off,1,630,1.222,0.569545,,,,
transport-opt11-strips,p01.pddl,on,1,630,1.221,0.622286,,,,
transport-opt11-strips,p01.pddl,selector,1,630,1.572,0.835447,presolve,,,
transport-opt11-strips,p02.pddl,off,1,250,2.377,1.726,,,,
transport-opt11-strips,p02.pddl,on,1,250,2.075,1.40222,,,,
transport-opt11-strips,p02.pddl,selector,1,250,2.025,1.18596,presolve,,,
transport-opt11-strips,p03.pddl,off,1,594,0.668,0.137941,,,,
transport-opt11-strips,p03.pddl,on,1,594,0.718,0.148,,,,
transport-opt11-strips,p03.pddl,selector,1,594,0.769,0.097557,presolve,,,
transport-opt11-strips,p04.pddl,off,1,550,3.732,2.96391,,,,
transport-opt11-strips,p04.pddl,on,1,550,3.129,2.35595,,,,
transport-opt11-strips,p04.pddl,selector,1,550,3.783,2.97484,presolve,,,
transport-opt11-strips,p05.pddl,off,1,614,9.165,8.50832,,,,
transport-opt11-strips,p05.pddl,on,1,614,9.015,8.27109,,,,
transport-opt11-strips,p05.pddl,selector,1,614,7.305,6.3475,presolve,,,
transport-opt11-strips,p06.pddl,off,1,318,9.211,8.46659,,,,
transport-opt11-strips,p06.pddl,on,1,318,10.469,9.69425,,,,
transport-opt11-strips,p06.pddl,selector,1,318,6.951,6.26651,presolve,,,
transport-opt11-strips,p07.pddl,off,1,282,94.403,93.1899,,,,
transport-opt11-strips,p07.pddl,on,1,282,108.971,107.971,,,,
transport-opt11-strips,p07.pddl,selector,1,282,93.394,81.4928,off,5012,5012,11.003
transport-opt11-strips,p08.pddl,off,1,322,1771.992,1764.81,,,,
transport-opt11-strips,p08.pddl,on,0,,1799.678,,,,,
transport-opt11-strips,p08.pddl,selector,0,,1799.728,,off,8086,8086,11.054
transport-opt11-strips,p09.pddl,off,0,,1799.626,,,,,
transport-opt11-strips,p09.pddl,on,0,,1799.675,,,,,
transport-opt11-strips,p09.pddl,selector,0,,1799.525,,off,6094,6094,11.052
transport-opt11-strips,p10.pddl,off,0,,1799.707,,,,,
transport-opt11-strips,p10.pddl,on,0,,1799.706,,,,,
transport-opt11-strips,p10.pddl,selector,0,,1799.706,,off,11574,11574,11.306
transport-opt11-strips,p11.pddl,off,0,,1799.549,,,,,
transport-opt11-strips,p11.pddl,on,0,,1799.708,,,,,
transport-opt11-strips,p11.pddl,selector,0,,1799.462,,off,7139,7139,11.050
transport-opt11-strips,p12.pddl,off,0,,1800.015,,,,,
transport-opt11-strips,p12.pddl,on,0,,1800.167,,,,,
transport-opt11-strips,p12.pddl,selector,0,,1799.517,,off,13792,13792,11.002
transport-opt11-strips,p13.pddl,off,0,,1799.710,,,,,
transport-opt11-strips,p13.pddl,on,0,,1799.627,,,,,
transport-opt11-strips,p13.pddl,selector,0,,1799.442,,off,8741,8741,11.001
transport-opt11-strips,p14.pddl,off,0,,1800.066,,,,,
transport-opt11-strips,p14.pddl,on,0,,1799.895,,,,,
transport-opt11-strips,p14.pddl,selector,0,,1799.745,,off,14298,14298,11.204
transport-opt11-strips,p15.pddl,off,0,,1799.574,,,,,
transport-opt11-strips,p15.pddl,on,0,,1799.549,,,,,
transport-opt11-strips,p15.pddl,selector,0,,1799.455,,off,10378,10378,11.100
transport-opt11-strips,p16.pddl,off,0,,1800.074,,,,,
transport-opt11-strips,p16.pddl,on,0,,1799.976,,,,,
transport-opt11-strips,p16.pddl,selector,0,,1799.632,,off,16290,16290,11.201
transport-opt11-strips,p17.pddl,off,1,332,877.898,873.747,,,,
transport-opt11-strips,p17.pddl,on,1,332,858.504,854.281,,,,
transport-opt11-strips,p17.pddl,selector,1,332,941.924,925.889,off,6960,6960,11.000
transport-opt11-strips,p18.pddl,off,1,941,743.641,741.404,,,,
transport-opt11-strips,p18.pddl,on,1,941,745.762,743.547,,,,
transport-opt11-strips,p18.pddl,selector,1,941,783.353,769.966,off,6056,6056,10.748
transport-opt11-strips,p19.pddl,off,1,970,365.513,363.881,,,,
transport-opt11-strips,p19.pddl,on,1,970,384.014,382.273,,,,
transport-opt11-strips,p19.pddl,selector,1,970,357.632,345.125,off,6965,6965,10.999
transport-opt11-strips,p20.pddl,off,0,,1799.861,,,,,
transport-opt11-strips,p20.pddl,on,0,,1800.114,,,,,
transport-opt11-strips,p20.pddl,selector,0,,1799.798,,off,15708,15708,11.257
transport-opt14-strips,p01.pddl,off,1,148,0.618,0.123533,,,,
transport-opt14-strips,p01.pddl,on,1,148,0.618,0.13091,,,,
transport-opt14-strips,p01.pddl,selector,1,148,0.969,0.190194,presolve,,,
transport-opt14-strips,p02.pddl,off,1,191,3.835,3.12591,,,,
transport-opt14-strips,p02.pddl,on,1,191,3.686,3.01495,,,,
transport-opt14-strips,p02.pddl,selector,1,191,3.987,3.09771,presolve,,,
transport-opt14-strips,p03.pddl,off,1,300,11.376,10.6257,,,,
transport-opt14-strips,p03.pddl,on,1,300,12.535,11.7533,,,,
transport-opt14-strips,p03.pddl,selector,1,300,10.367,9.46452,presolve,,,
transport-opt14-strips,p04.pddl,off,1,250,312.298,310.292,,,,
transport-opt14-strips,p04.pddl,on,1,250,309.281,307.447,,,,
transport-opt14-strips,p04.pddl,selector,1,250,324.026,311.283,off,8927,8927,11.000
transport-opt14-strips,p05.pddl,off,0,,1799.924,,,,,
transport-opt14-strips,p05.pddl,on,0,,1799.774,,,,,
transport-opt14-strips,p05.pddl,selector,0,,1799.729,,off,13802,13802,11.299
transport-opt14-strips,p06.pddl,off,0,,1799.976,,,,,
transport-opt14-strips,p06.pddl,on,0,,1799.992,,,,,
transport-opt14-strips,p06.pddl,selector,0,,1799.613,,off,14630,14630,11.149
transport-opt14-strips,p07.pddl,off,1,967,5.745,5.18054,,,,
transport-opt14-strips,p07.pddl,on,1,967,5.646,5.09384,,,,
transport-opt14-strips,p07.pddl,selector,1,967,8.109,7.27895,presolve,,,
transport-opt14-strips,p08.pddl,off,1,1173,960.777,958.774,,,,
transport-opt14-strips,p08.pddl,on,1,1173,1007.034,1005.05,,,,
transport-opt14-strips,p08.pddl,selector,1,1173,1021.344,1008.74,off,6017,6017,10.751
transport-opt14-strips,p09.pddl,off,0,,1799.565,,,,,
transport-opt14-strips,p09.pddl,on,0,,1799.716,,,,,
transport-opt14-strips,p09.pddl,selector,0,,1799.529,,off,8841,8841,11.152
transport-opt14-strips,p10.pddl,off,0,,1799.829,,,,,
transport-opt14-strips,p10.pddl,on,0,,1800.141,,,,,
transport-opt14-strips,p10.pddl,selector,0,,1799.718,,off,19522,19522,11.351
transport-opt14-strips,p11.pddl,off,0,,1799.717,,,,,
transport-opt14-strips,p11.pddl,on,0,,1800.280,,,,,
transport-opt14-strips,p11.pddl,selector,0,,1799.585,,off,29631,29631,12.155
transport-opt14-strips,p12.pddl,off,0,,1800.288,,,,,
transport-opt14-strips,p12.pddl,on,0,,1800.278,,,,,
transport-opt14-strips,p12.pddl,selector,0,,1799.462,,off,32177,32177,12.109
transport-opt14-strips,p13.pddl,off,1,594,1.825,1.27918,,,,
transport-opt14-strips,p13.pddl,on,1,594,3.181,2.49773,,,,
transport-opt14-strips,p13.pddl,selector,1,594,2.628,1.80264,presolve,,,
transport-opt14-strips,p14.pddl,off,1,526,71.910,70.7472,,,,
transport-opt14-strips,p14.pddl,on,1,526,75.008,74.0638,,,,
transport-opt14-strips,p14.pddl,selector,1,526,80.134,68.3643,off,8640,8640,11.005
transport-opt14-strips,p15.pddl,off,1,753,1451.929,1447.5,,,,
transport-opt14-strips,p15.pddl,on,1,753,1379.314,1375.25,,,,
transport-opt14-strips,p15.pddl,selector,1,753,1468.538,1453.27,off,15181,15181,11.454
transport-opt14-strips,p16.pddl,off,0,,1799.702,,,,,
transport-opt14-strips,p16.pddl,on,0,,1800.276,,,,,
transport-opt14-strips,p16.pddl,selector,0,,1799.696,,off,28906,28906,12.312
transport-opt14-strips,p17.pddl,off,0,,1799.530,,,,,
transport-opt14-strips,p17.pddl,on,0,,1799.735,,,,,
transport-opt14-strips,p17.pddl,selector,0,,1799.514,,off,42575,42575,13.062
transport-opt14-strips,p18.pddl,off,0,,1799.883,,,,,
transport-opt14-strips,p18.pddl,on,0,,1800.052,,,,,
transport-opt14-strips,p18.pddl,selector,0,,1799.896,,off,46384,46384,12.516
transport-opt14-strips,p19.pddl,off,0,,1799.950,,,,,
transport-opt14-strips,p19.pddl,on,0,,1799.739,,,,,
transport-opt14-strips,p19.pddl,selector,0,,1799.683,,off,53814,53814,13.265
transport-opt14-strips,p20.pddl,off,0,,1799.521,,,,,
transport-opt14-strips,p20.pddl,on,0,,1799.973,,,,,
transport-opt14-strips,p20.pddl,selector,0,,1799.660,,off,53814,53814,13.259
trucks-strips,p01.pddl,off,1,13,0.870,0.00999996,,,,
trucks-strips,p01.pddl,on,1,13,0.869,0.0100006,,,,
trucks-strips,p01.pddl,selector,1,13,0.970,0.0106953,presolve,,,
trucks-strips,p02.pddl,off,0,,0.165,,,,,
trucks-strips,p02.pddl,on,0,,0.165,,,,,
trucks-strips,p02.pddl,selector,0,,0.166,,,,,
trucks-strips,p03.pddl,off,0,,0.165,,,,,
trucks-strips,p03.pddl,on,0,,0.165,,,,,
trucks-strips,p03.pddl,selector,0,,0.216,,,,,
trucks-strips,p04.pddl,off,0,,0.166,,,,,
trucks-strips,p04.pddl,on,0,,0.166,,,,,
trucks-strips,p04.pddl,selector,0,,0.216,,,,,
trucks-strips,p05.pddl,off,0,,0.115,,,,,
trucks-strips,p05.pddl,on,0,,0.166,,,,,
trucks-strips,p05.pddl,selector,0,,0.165,,,,,
trucks-strips,p06.pddl,off,0,,0.165,,,,,
trucks-strips,p06.pddl,on,0,,0.166,,,,,
trucks-strips,p06.pddl,selector,0,,0.216,,,,,
trucks-strips,p07.pddl,off,0,,0.115,,,,,
trucks-strips,p07.pddl,on,0,,0.115,,,,,
trucks-strips,p07.pddl,selector,0,,0.216,,,,,
trucks-strips,p08.pddl,off,0,,0.166,,,,,
trucks-strips,p08.pddl,on,0,,0.165,,,,,
trucks-strips,p08.pddl,selector,0,,0.165,,,,,
trucks-strips,p09.pddl,off,0,,0.115,,,,,
trucks-strips,p09.pddl,on,0,,0.115,,,,,
trucks-strips,p09.pddl,selector,0,,0.165,,,,,
trucks-strips,p10.pddl,off,0,,0.165,,,,,
trucks-strips,p10.pddl,on,0,,0.165,,,,,
trucks-strips,p10.pddl,selector,0,,0.165,,,,,
trucks-strips,p11.pddl,off,0,,0.115,,,,,
trucks-strips,p11.pddl,on,0,,0.115,,,,,
trucks-strips,p11.pddl,selector,0,,0.216,,,,,
trucks-strips,p12.pddl,off,0,,0.166,,,,,
trucks-strips,p12.pddl,on,0,,0.165,,,,,
trucks-strips,p12.pddl,selector,0,,0.216,,,,,
trucks-strips,p13.pddl,off,0,,0.165,,,,,
trucks-strips,p13.pddl,on,0,,0.165,,,,,
trucks-strips,p13.pddl,selector,0,,0.216,,,,,
trucks-strips,p14.pddl,off,0,,0.165,,,,,
trucks-strips,p14.pddl,on,0,,0.166,,,,,
trucks-strips,p14.pddl,selector,0,,0.165,,,,,
trucks-strips,p15.pddl,off,0,,0.115,,,,,
trucks-strips,p15.pddl,on,0,,0.115,,,,,
trucks-strips,p15.pddl,selector,0,,0.215,,,,,
trucks-strips,p16.pddl,off,0,,0.115,,,,,
trucks-strips,p16.pddl,on,0,,0.115,,,,,
trucks-strips,p16.pddl,selector,0,,0.216,,,,,
trucks-strips,p17.pddl,off,0,,0.115,,,,,
trucks-strips,p17.pddl,on,0,,0.115,,,,,
trucks-strips,p17.pddl,selector,0,,0.215,,,,,
trucks-strips,p18.pddl,off,0,,0.115,,,,,
trucks-strips,p18.pddl,on,0,,0.165,,,,,
trucks-strips,p18.pddl,selector,0,,0.165,,,,,
trucks-strips,p19.pddl,off,0,,0.165,,,,,
trucks-strips,p19.pddl,on,0,,0.115,,,,,
trucks-strips,p19.pddl,selector,0,,0.165,,,,,
trucks-strips,p20.pddl,off,0,,0.165,,,,,
trucks-strips,p20.pddl,on,0,,0.115,,,,,
trucks-strips,p20.pddl,selector,0,,0.216,,,,,
trucks-strips,p21.pddl,off,0,,0.165,,,,,
trucks-strips,p21.pddl,on,0,,0.115,,,,,
trucks-strips,p21.pddl,selector,0,,0.165,,,,,
trucks-strips,p22.pddl,off,0,,0.165,,,,,
trucks-strips,p22.pddl,on,0,,0.165,,,,,
trucks-strips,p22.pddl,selector,0,,0.166,,,,,
trucks-strips,p23.pddl,off,0,,0.165,,,,,
trucks-strips,p23.pddl,on,0,,0.165,,,,,
trucks-strips,p23.pddl,selector,0,,0.215,,,,,
trucks-strips,p24.pddl,off,0,,0.165,,,,,
trucks-strips,p24.pddl,on,0,,0.165,,,,,
trucks-strips,p24.pddl,selector,0,,0.216,,,,,
trucks-strips,p25.pddl,off,0,,0.165,,,,,
trucks-strips,p25.pddl,on,0,,0.165,,,,,
trucks-strips,p25.pddl,selector,0,,0.165,,,,,
trucks-strips,p26.pddl,off,0,,0.165,,,,,
trucks-strips,p26.pddl,on,0,,0.115,,,,,
trucks-strips,p26.pddl,selector,0,,0.216,,,,,
trucks-strips,p27.pddl,off,0,,0.165,,,,,
trucks-strips,p27.pddl,on,0,,0.165,,,,,
trucks-strips,p27.pddl,selector,0,,0.216,,,,,
trucks-strips,p28.pddl,off,0,,0.166,,,,,
trucks-strips,p28.pddl,on,0,,0.166,,,,,
trucks-strips,p28.pddl,selector,0,,0.165,,,,,
trucks-strips,p29.pddl,off,0,,0.165,,,,,
trucks-strips,p29.pddl,on,0,,0.115,,,,,
trucks-strips,p29.pddl,selector,0,,0.216,,,,,
trucks-strips,p30.pddl,off,0,,0.115,,,,,
trucks-strips,p30.pddl,on,0,,0.165,,,,,
trucks-strips,p30.pddl,selector,0,,0.216,,,,,
visitall-opt11-strips,problem02-full.pddl,off,1,3,0.467,0.000671284,,,,
visitall-opt11-strips,problem02-full.pddl,on,1,3,0.467,0.000409428,,,,
visitall-opt11-strips,problem02-full.pddl,selector,1,3,0.668,0.00078053,presolve,,,
visitall-opt11-strips,problem02-half.pddl,off,1,1,0.517,0.000405099,,,,
visitall-opt11-strips,problem02-half.pddl,on,1,1,0.518,0.000342705,,,,
visitall-opt11-strips,problem02-half.pddl,selector,1,1,0.518,0.000539894,presolve,,,
visitall-opt11-strips,problem03-full.pddl,off,1,8,0.468,0.00250362,,,,
visitall-opt11-strips,problem03-full.pddl,on,1,8,0.517,0.00300002,,,,
visitall-opt11-strips,problem03-full.pddl,selector,1,8,0.517,0.00218565,presolve,,,
visitall-opt11-strips,problem03-half.pddl,off,1,6,0.467,0.00126668,,,,
visitall-opt11-strips,problem03-half.pddl,on,1,6,0.467,0.00103727,,,,
visitall-opt11-strips,problem03-half.pddl,selector,1,6,0.517,0.000997455,presolve,,,
visitall-opt11-strips,problem04-full.pddl,off,1,15,0.467,0.0176015,,,,
visitall-opt11-strips,problem04-full.pddl,on,1,15,0.568,0.0244356,,,,
visitall-opt11-strips,problem04-full.pddl,selector,1,15,0.719,0.025,presolve,,,
visitall-opt11-strips,problem04-half.pddl,off,1,11,0.467,0.00259724,,,,
visitall-opt11-strips,problem04-half.pddl,on,1,11,0.467,0.00407683,,,,
visitall-opt11-strips,problem04-half.pddl,selector,1,11,0.618,0.00395577,presolve,,,
visitall-opt11-strips,problem05-full.pddl,off,1,24,1.120,0.502785,,,,
visitall-opt11-strips,problem05-full.pddl,on,1,24,0.970,0.478987,,,,
visitall-opt11-strips,problem05-full.pddl,selector,1,24,1.271,0.50499,presolve,,,
visitall-opt11-strips,problem05-half.pddl,off,1,18,0.467,0.0190984,,,,
visitall-opt11-strips,problem05-half.pddl,on,1,18,0.517,0.0279099,,,,
visitall-opt11-strips,problem05-half.pddl,selector,1,18,0.668,0.0292289,presolve,,,
visitall-opt11-strips,problem06-full.pddl,off,1,35,47.483,46.6376,,,,
visitall-opt11-strips,problem06-full.pddl,on,1,35,45.408,44.5782,,,,
visitall-opt11-strips,problem06-full.pddl,selector,1,35,48.290,36.0461,off,75475,75475,11.453
visitall-opt11-strips,problem06-half.pddl,off,1,23,0.618,0.0740484,,,,
visitall-opt11-strips,problem06-half.pddl,on,1,23,0.618,0.0710001,,,,
visitall-opt11-strips,problem06-half.pddl,selector,1,23,0.769,0.0721264,presolve,,,
visitall-opt11-strips,problem07-full.pddl,off,0,,1799.493,,,,,
visitall-opt11-strips,problem07-full.pddl,on,0,,1799.484,,,,,
visitall-opt11-strips,problem07-full.pddl,selector,0,,1799.601,,off,94599,94599,11.202
visitall-opt11-strips,problem07-half.pddl,off,1,36,22.134,21.3625,,,,
visitall-opt11-strips,problem07-half.pddl,on,1,36,18.470,17.7521,,,,
visitall-opt11-strips,problem07-half.pddl,selector,1,36,27.818,16.0742,off,35693,35693,11.048
visitall-opt11-strips,problem08-full.pddl,off,0,,1799.506,,,,,
visitall-opt11-strips,problem08-full.pddl,on,0,,1799.523,,,,,
visitall-opt11-strips,problem08-full.pddl,selector,0,,1800.206,,off,101865,101865,11.654
visitall-opt11-strips,problem08-half.pddl,off,1,43,48.391,47.4496,,,,
visitall-opt11-strips,problem08-half.pddl,on,1,43,44.239,43.439,,,,
visitall-opt11-strips,problem08-half.pddl,selector,1,43,68.377,56.5369,off,20175,20175,11.102
visitall-opt11-strips,problem09-full.pddl,off,0,,1799.616,,,,,
visitall-opt11-strips,problem09-full.pddl,on,0,,1799.624,,,,,
visitall-opt11-strips,problem09-full.pddl,selector,0,,1800.200,,off,102049,102049,11.758
visitall-opt11-strips,problem09-half.pddl,off,0,,1799.474,,,,,
visitall-opt11-strips,problem09-half.pddl,on,0,,1799.507,,,,,
visitall-opt11-strips,problem09-half.pddl,selector,0,,1800.230,,off,150498,150498,11.758
visitall-opt11-strips,problem10-full.pddl,off,0,,1799.477,,,,,
visitall-opt11-strips,problem10-full.pddl,on,0,,1799.523,,,,,
visitall-opt11-strips,problem10-full.pddl,selector,0,,1800.431,,off,168482,168482,12.761
visitall-opt11-strips,problem10-half.pddl,off,0,,1799.523,,,,,
visitall-opt11-strips,problem10-half.pddl,on,0,,1799.467,,,,,
visitall-opt11-strips,problem10-half.pddl,selector,0,,1799.704,,off,66043,66043,11.205
visitall-opt11-strips,problem11-full.pddl,off,0,,1799.583,,,,,
visitall-opt11-strips,problem11-full.pddl,on,0,,1799.619,,,,,
visitall-opt11-strips,problem11-full.pddl,selector,0,,1800.392,,off,188944,188944,12.861
visitall-opt11-strips,problem11-half.pddl,off,0,,1799.592,,,,,
visitall-opt11-strips,problem11-half.pddl,on,0,,1799.608,,,,,
visitall-opt11-strips,problem11-half.pddl,selector,0,,1800.005,,off,149724,149724,13.012
visitall-opt14-strips,p-05-10.pddl,off,0,,1799.478,,,,,
visitall-opt14-strips,p-05-10.pddl,on,0,,1799.546,,,,,
visitall-opt14-strips,p-05-10.pddl,selector,0,,1800.151,,off,127976,127976,11.703
visitall-opt14-strips,p-05-5.pddl,off,1,21,0.618,0.093,,,,
visitall-opt14-strips,p-05-5.pddl,on,1,21,0.518,0.0650004,,,,
visitall-opt14-strips,p-05-5.pddl,selector,1,21,0.718,0.100809,presolve,,,
visitall-opt14-strips,p-05-6.pddl,off,1,25,0.517,0.0926848,,,,
visitall-opt14-strips,p-05-6.pddl,on,1,25,0.517,0.0926534,,,,
visitall-opt14-strips,p-05-6.pddl,selector,1,25,0.718,0.138721,presolve,,,
visitall-opt14-strips,p-05-7.pddl,off,1,34,1.974,1.35499,,,,
visitall-opt14-strips,p-05-7.pddl,on,1,34,1.875,1.25298,,,,
visitall-opt14-strips,p-05-7.pddl,selector,1,34,1.523,0.884263,presolve,,,
visitall-opt14-strips,p-05-8.pddl,off,1,43,26.454,25.819,,,,
visitall-opt14-strips,p-05-8.pddl,on,1,43,23.790,23.003,,,,
visitall-opt14-strips,p-05-8.pddl,selector,1,43,33.005,20.9435,off,44331,44331,11.351
visitall-opt14-strips,p-05-9.pddl,off,1,54,1309.665,1306.03,,,,
visitall-opt14-strips,p-05-9.pddl,on,1,54,1191.530,1188.05,,,,
visitall-opt14-strips,p-05-9.pddl,selector,1,54,1346.100,1331.12,off,46781,46781,11.354
visitall-opt14-strips,p-1-10.pddl,off,0,,1799.483,,,,,
visitall-opt14-strips,p-1-10.pddl,on,0,,1799.517,,,,,
visitall-opt14-strips,p-1-10.pddl,selector,0,,1799.959,,off,168482,168482,12.357
visitall-opt14-strips,p-1-11.pddl,off,0,,1799.809,,,,,
visitall-opt14-strips,p-1-11.pddl,on,0,,1799.649,,,,,
visitall-opt14-strips,p-1-11.pddl,selector,0,,1800.762,,off,188944,188944,12.816
visitall-opt14-strips,p-1-12.pddl,off,0,,1799.673,,,,,
visitall-opt14-strips,p-1-12.pddl,on,0,,1799.712,,,,,
visitall-opt14-strips,p-1-12.pddl,selector,0,,1799.887,,off,280788,280788,17.237
visitall-opt14-strips,p-1-13.pddl,off,0,,1799.867,,,,,
visitall-opt14-strips,p-1-13.pddl,on,0,,1799.749,,,,,
visitall-opt14-strips,p-1-13.pddl,selector,0,,1800.178,,off,365562,365562,23.671
visitall-opt14-strips,p-1-14.pddl,off,0,,1799.848,,,,,
visitall-opt14-strips,p-1-14.pddl,on,0,,1799.804,,,,,
visitall-opt14-strips,p-1-14.pddl,selector,0,,1800.557,,off,409028,409028,20.852
visitall-opt14-strips,p-1-15.pddl,off,0,,1800.049,,,,,
visitall-opt14-strips,p-1-15.pddl,on,0,,1800.290,,,,,
visitall-opt14-strips,p-1-15.pddl,selector,0,,1799.945,,off,359507,359507,21.409
visitall-opt14-strips,p-1-16.pddl,off,0,,1799.905,,,,,
visitall-opt14-strips,p-1-16.pddl,on,0,,1800.037,,,,,
visitall-opt14-strips,p-1-16.pddl,selector,0,,1799.594,,off,449188,449188,46.062
visitall-opt14-strips,p-1-17.pddl,off,0,,1800.522,,,,,
visitall-opt14-strips,p-1-17.pddl,on,0,,1800.315,,,,,
visitall-opt14-strips,p-1-17.pddl,selector,0,,1800.252,,off,550458,550458,43.744
visitall-opt14-strips,p-1-18.pddl,off,0,,1800.519,,,,,
visitall-opt14-strips,p-1-18.pddl,on,0,,1800.299,,,,,
visitall-opt14-strips,p-1-18.pddl,selector,0,,1799.628,,off,572025,572025,56.054
visitall-opt14-strips,p-1-5.pddl,off,1,24,0.870,0.352293,,,,
visitall-opt14-strips,p-1-5.pddl,on,1,24,0.818,0.339414,,,,
visitall-opt14-strips,p-1-5.pddl,selector,1,24,1.221,0.507403,presolve,,,
visitall-opt14-strips,p-1-6.pddl,off,1,35,44.441,43.5743,,,,
visitall-opt14-strips,p-1-6.pddl,on,1,35,45.557,44.7004,,,,
visitall-opt14-strips,p-1-6.pddl,selector,1,35,42.946,31.1562,off,75475,75475,11.153
visitall-opt14-strips,p-1-7.pddl,off,0,,1799.562,,,,,
visitall-opt14-strips,p-1-7.pddl,on,0,,1799.587,,,,,
visitall-opt14-strips,p-1-7.pddl,selector,0,,1799.666,,off,94599,94599,11.206
visitall-opt14-strips,p-1-8.pddl,off,0,,1799.517,,,,,
visitall-opt14-strips,p-1-8.pddl,on,0,,1799.561,,,,,
visitall-opt14-strips,p-1-8.pddl,selector,0,,1800.180,,off,101865,101865,11.554
visitall-opt14-strips,p-1-9.pddl,off,0,,1799.619,,,,,
visitall-opt14-strips,p-1-9.pddl,on,0,,1799.622,,,,,
visitall-opt14-strips,p-1-9.pddl,selector,0,,1799.866,,off,102049,102049,11.302
woodworking-opt08-strips,p01.pddl,off,1,170,0.568,0.0103404,,,,
woodworking-opt08-strips,p01.pddl,on,1,170,0.618,0.00879406,,,,
woodworking-opt08-strips,p01.pddl,selector,1,170,0.719,0.0100001,presolve,,,
woodworking-opt08-strips,p02.pddl,off,1,185,0.668,0.0300006,,,,
woodworking-opt08-strips,p02.pddl,on,1,185,0.669,0.0244489,,,,
woodworking-opt08-strips,p02.pddl,selector,1,185,0.719,0.0210261,presolve,,,
woodworking-opt08-strips,p03.pddl,off,1,275,0.970,0.196999,,,,
woodworking-opt08-strips,p03.pddl,on,1,275,0.971,0.156203,,,,
woodworking-opt08-strips,p03.pddl,selector,1,275,1.020,0.197066,presolve,,,
woodworking-opt08-strips,p04.pddl,off,1,280,1.323,0.61885,,,,
woodworking-opt08-strips,p04.pddl,on,1,280,1.574,0.860974,,,,
woodworking-opt08-strips,p04.pddl,selector,1,280,1.473,0.616971,presolve,,,
woodworking-opt08-strips,p05.pddl,off,1,270,2.579,1.73198,,,,
woodworking-opt08-strips,p05.pddl,on,1,270,2.227,1.25202,,,,
woodworking-opt08-strips,p05.pddl,selector,1,270,2.678,1.72593,presolve,,,
woodworking-opt08-strips,p06.pddl,off,1,430,10.717,9.6927,,,,
woodworking-opt08-strips,p06.pddl,on,1,430,6.747,5.84889,,,,
woodworking-opt08-strips,p06.pddl,selector,1,430,21.490,9.27485,off,9895,10596,11.411
woodworking-opt08-strips,p07.pddl,off,1,400,93.407,92.1678,,,,
woodworking-opt08-strips,p07.pddl,on,1,400,41.950,40.8838,,,,
woodworking-opt08-strips,p07.pddl,selector,1,400,100.392,88.3174,off,7515,6939,11.251
woodworking-opt08-strips,p08.pddl,off,1,430,173.036,171.57,,,,
woodworking-opt08-strips,p08.pddl,on,1,430,99.748,98.34,,,,
woodworking-opt08-strips,p08.pddl,selector,1,430,211.191,198.748,off,10990,9656,11.402
woodworking-opt08-strips,p09.pddl,off,1,445,4.538,3.55186,,,,
woodworking-opt08-strips,p09.pddl,on,1,445,5.946,4.98234,,,,
woodworking-opt08-strips,p09.pddl,selector,1,445,6.700,5.54892,presolve,,,
woodworking-opt08-strips,p10.pddl,off,0,,1799.950,,,,,
woodworking-opt08-strips,p10.pddl,on,0,,1799.863,,,,,
woodworking-opt08-strips,p10.pddl,selector,0,,1799.448,,on,35696,23309,12.104
woodworking-opt08-strips,p11.pddl,off,1,130,0.618,0.00700048,,,,
woodworking-opt08-strips,p11.pddl,on,1,130,0.619,0.00719395,,,,
woodworking-opt08-strips,p11.pddl,selector,1,130,0.669,0.0079996,presolve,,,
woodworking-opt08-strips,p12.pddl,off,1,225,0.769,0.0580666,,,,
woodworking-opt08-strips,p12.pddl,on,1,225,0.719,0.0458458,,,,
woodworking-opt08-strips,p12.pddl,selector,1,225,0.768,0.055016,presolve,,,
woodworking-opt08-strips,p13.pddl,off,1,215,0.869,0.210198,,,,
woodworking-opt08-strips,p13.pddl,on,1,215,0.870,0.200408,,,,
woodworking-opt08-strips,p13.pddl,selector,1,215,1.071,0.199994,presolve,,,
woodworking-opt08-strips,p14.pddl,off,1,225,1.171,0.33833,,,,
woodworking-opt08-strips,p14.pddl,on,1,225,0.819,0.169,,,,
woodworking-opt08-strips,p14.pddl,selector,1,225,1.121,0.244923,presolve,,,
woodworking-opt08-strips,p15.pddl,off,1,270,4.288,3.20037,,,,
woodworking-opt08-strips,p15.pddl,on,1,270,2.779,1.96591,,,,
woodworking-opt08-strips,p15.pddl,selector,1,270,3.283,2.37295,presolve,,,
woodworking-opt08-strips,p16.pddl,off,1,315,2.680,1.45799,,,,
woodworking-opt08-strips,p16.pddl,on,1,315,3.281,2.14795,,,,
woodworking-opt08-strips,p16.pddl,selector,1,315,2.227,1.28348,presolve,,,
woodworking-opt08-strips,p17.pddl,off,1,290,9.715,8.65966,,,,
woodworking-opt08-strips,p17.pddl,on,1,290,8.308,7.22483,,,,
woodworking-opt08-strips,p17.pddl,selector,1,290,22.934,10.2797,off,11501,9535,11.707
woodworking-opt08-strips,p18.pddl,off,1,455,96.023,94.8244,,,,
woodworking-opt08-strips,p18.pddl,on,1,455,140.818,139.244,,,,
woodworking-opt08-strips,p18.pddl,selector,1,455,107.788,95.5913,off,13448,11088,11.301
woodworking-opt08-strips,p19.pddl,off,1,415,346.498,344.302,,,,
woodworking-opt08-strips,p19.pddl,on,1,415,296.474,294.637,,,,
woodworking-opt08-strips,p19.pddl,selector,1,415,318.845,305.493,off,16665,14896,11.704
woodworking-opt08-strips,p20.pddl,off,1,490,1066.347,1064.22,,,,
woodworking-opt08-strips,p20.pddl,on,1,490,604.521,602.479,,,,
woodworking-opt08-strips,p20.pddl,selector,1,490,1114.184,1100.36,off,23321,18708,11.804
woodworking-opt08-strips,p21.pddl,off,1,95,0.517,0.0062922,,,,
woodworking-opt08-strips,p21.pddl,on,1,95,0.568,0.00562962,,,,
woodworking-opt08-strips,p21.pddl,selector,1,95,0.618,0.00660844,presolve,,,
woodworking-opt08-strips,p22.pddl,off,1,185,0.668,0.0443551,,,,
woodworking-opt08-strips,p22.pddl,on,1,185,0.668,0.0459122,,,,
woodworking-opt08-strips,p22.pddl,selector,1,185,0.668,0.0310023,presolve,,,
woodworking-opt08-strips,p23.pddl,off,1,195,0.768,0.0798717,,,,
woodworking-opt08-strips,p23.pddl,on,1,195,0.768,0.0729998,,,,
woodworking-opt08-strips,p23.pddl,selector,1,195,0.769,0.0899885,presolve,,,
woodworking-opt08-strips,p24.pddl,off,1,245,1.070,0.358986,,,,
woodworking-opt08-strips,p24.pddl,on,1,245,0.971,0.259044,,,,
woodworking-opt08-strips,p24.pddl,selector,1,245,1.019,0.289989,presolve,,,
woodworking-opt08-strips,p25.pddl,off,1,380,6.249,5.46881,,,,
woodworking-opt08-strips,p25.pddl,on,1,380,7.304,6.50538,,,,
woodworking-opt08-strips,p25.pddl,selector,1,380,6.401,5.49176,presolve,,,
woodworking-opt08-strips,p26.pddl,off,1,240,3.635,2.65052,,,,
woodworking-opt08-strips,p26.pddl,on,1,240,3.080,2.05925,,,,
woodworking-opt08-strips,p26.pddl,selector,1,240,3.784,2.61292,presolve,,,
woodworking-opt08-strips,p27.pddl,off,1,350,8.008,6.79984,,,,
woodworking-opt08-strips,p27.pddl,on,1,350,3.682,2.78695,,,,
woodworking-opt08-strips,p27.pddl,selector,1,350,7.100,5.94408,presolve,,,
woodworking-opt08-strips,p28.pddl,off,1,555,266.189,265.04,,,,
woodworking-opt08-strips,p28.pddl,on,1,555,101.627,100.059,,,,
woodworking-opt08-strips,p28.pddl,selector,1,555,188.283,175.854,on,19143,10964,11.353
woodworking-opt08-strips,p29.pddl,off,1,545,1623.575,1620.9,,,,
woodworking-opt08-strips,p29.pddl,on,1,545,1000.912,998.507,,,,
woodworking-opt08-strips,p29.pddl,selector,1,545,1124.772,1111.35,on,32647,22210,11.602
woodworking-opt08-strips,p30.pddl,off,0,,1799.956,,,,,
woodworking-opt08-strips,p30.pddl,on,0,,1799.881,,,,,
woodworking-opt08-strips,p30.pddl,selector,0,,1799.727,,on,25740,16419,11.500
woodworking-opt11-strips,p01.pddl,off,1,195,0.668,0.0520038,,,,
woodworking-opt11-strips,p01.pddl,on,1,195,0.618,0.0460458,,,,
woodworking-opt11-strips,p01.pddl,selector,1,195,0.718,0.0540001,presolve,,,
woodworking-opt11-strips,p02.pddl,off,1,225,0.668,0.0551213,,,,
woodworking-opt11-strips,p02.pddl,on,1,225,0.869,0.07,,,,
woodworking-opt11-strips,p02.pddl,selector,1,225,1.071,0.0860001,presolve,,,
woodworking-opt11-strips,p03.pddl,off,1,215,0.969,0.205991,,,,
woodworking-opt11-strips,p03.pddl,on,1,215,0.869,0.202225,,,,
woodworking-opt11-strips,p03.pddl,selector,1,215,1.322,0.293077,presolve,,,
woodworking-opt11-strips,p04.pddl,off,1,275,0.869,0.203941,,,,
woodworking-opt11-strips,p04.pddl,on,1,275,1.070,0.233987,,,,
woodworking-opt11-strips,p04.pddl,selector,1,275,1.221,0.268999,presolve,,,
woodworking-opt11-strips,p05.pddl,off,1,245,1.271,0.386989,,,,
woodworking-opt11-strips,p05.pddl,on,1,245,1.069,0.228563,,,,
woodworking-opt11-strips,p05.pddl,selector,1,245,1.270,0.264141,presolve,,,
woodworking-opt11-strips,p06.pddl,off,1,280,1.723,0.822719,,,,
woodworking-opt11-strips,p06.pddl,on,1,280,2.075,1.16692,,,,
woodworking-opt11-strips,p06.pddl,selector,1,280,1.825,0.735119,presolve,,,
woodworking-opt11-strips,p07.pddl,off,1,225,1.121,0.334705,,,,
woodworking-opt11-strips,p07.pddl,on,1,225,0.869,0.180343,,,,
woodworking-opt11-strips,p07.pddl,selector,1,225,0.970,0.241192,presolve,,,
woodworking-opt11-strips,p08.pddl,off,1,380,6.298,5.50247,,,,
woodworking-opt11-strips,p08.pddl,on,1,380,4.989,4.15992,,,,
woodworking-opt11-strips,p08.pddl,selector,1,380,8.762,7.65861,presolve,,,
woodworking-opt11-strips,p09.pddl,off,1,270,2.578,1.71131,,,,
woodworking-opt11-strips,p09.pddl,on,1,270,2.175,1.27798,,,,
woodworking-opt11-strips,p09.pddl,selector,1,270,3.433,2.28706,presolve,,,
woodworking-opt11-strips,p10.pddl,off,1,270,3.179,2.3401,,,,
woodworking-opt11-strips,p10.pddl,on,1,270,4.189,3.24462,,,,
woodworking-opt11-strips,p10.pddl,selector,1,270,5.595,4.67928,presolve,,,
woodworking-opt11-strips,p11.pddl,off,1,240,3.382,2.47731,,,,
woodworking-opt11-strips,p11.pddl,on,1,240,4.638,3.58464,,,,
woodworking-opt11-strips,p11.pddl,selector,1,240,5.695,4.47686,presolve,,,
woodworking-opt11-strips,p12.pddl,off,1,315,2.126,1.24392,,,,
woodworking-opt11-strips,p12.pddl,on,1,315,3.533,2.59778,,,,
woodworking-opt11-strips,p12.pddl,selector,1,315,2.225,1.25856,presolve,,,
woodworking-opt11-strips,p13.pddl,off,1,430,14.942,14.0848,,,,
woodworking-opt11-strips,p13.pddl,on,1,430,7.052,6.12114,,,,
woodworking-opt11-strips,p13.pddl,selector,1,430,8.562,7.64891,presolve,,,
woodworking-opt11-strips,p14.pddl,off,1,350,8.158,7.02602,,,,
woodworking-opt11-strips,p14.pddl,on,1,350,3.533,2.62594,,,,
woodworking-opt11-strips,p14.pddl,selector,1,350,6.248,5.22178,presolve,,,
woodworking-opt11-strips,p15.pddl,off,1,290,12.374,11.3034,,,,
woodworking-opt11-strips,p15.pddl,on,1,290,11.479,10.075,,,,
woodworking-opt11-strips,p15.pddl,selector,1,290,21.728,9.60575,off,11501,9535,11.352
woodworking-opt11-strips,p16.pddl,off,1,400,102.902,101.681,,,,
woodworking-opt11-strips,p16.pddl,on,1,400,41.071,40.0142,,,,
woodworking-opt11-strips,p16.pddl,selector,1,400,55.908,43.9126,off,7515,6939,11.200
woodworking-opt11-strips,p17.pddl,off,1,555,656.799,655.427,,,,
woodworking-opt11-strips,p17.pddl,on,1,555,95.012,93.8719,,,,
woodworking-opt11-strips,p17.pddl,selector,1,555,174.867,162.285,on,19143,10964,11.556
woodworking-opt11-strips,p18.pddl,off,1,455,114.166,113.014,,,,
woodworking-opt11-strips,p18.pddl,on,1,455,143.521,141.98,,,,
woodworking-opt11-strips,p18.pddl,selector,1,455,188.835,176.015,off,13448,11088,11.463
woodworking-opt11-strips,p19.pddl,off,1,430,175.920,174.048,,,,
woodworking-opt11-strips,p19.pddl,on,1,430,91.605,90.119,,,,
woodworking-opt11-strips,p19.pddl,selector,1,430,172.453,159.657,off,10990,9656,11.652
woodworking-opt11-strips,p20.pddl,off,1,545,1558.271,1556.28,,,,
woodworking-opt11-strips,p20.pddl,on,1,545,998.803,996.408,,,,
woodworking-opt11-strips,p20.pddl,selector,1,545,1009.959,996.81,on,32647,22210,11.606
zenotravel,p01.pddl,off,1,1,0.416,0.00141252,,,,
zenotravel,p01.pddl,on,1,1,0.417,0.0016128,,,,
zenotravel,p01.pddl,selector,1,1,0.467,0.00125909,presolve,,,
zenotravel,p02.pddl,off,1,6,0.467,0.00263124,,,,
zenotravel,p02.pddl,on,1,6,0.416,0.00200038,,,,
zenotravel,p02.pddl,selector,1,6,0.517,0.00283954,presolve,,,
zenotravel,p03.pddl,off,1,6,0.467,0.00516867,,,,
zenotravel,p03.pddl,on,1,6,0.567,0.00765322,,,,
zenotravel,p03.pddl,selector,1,6,0.668,0.00744509,presolve,,,
zenotravel,p04.pddl,off,1,8,0.567,0.00899691,,,,
zenotravel,p04.pddl,on,1,8,0.567,0.00918915,,,,
zenotravel,p04.pddl,selector,1,8,0.718,0.00997992,presolve,,,
zenotravel,p05.pddl,off,1,11,0.568,0.0170189,,,,
zenotravel,p05.pddl,on,1,11,0.618,0.0179999,,,,
zenotravel,p05.pddl,selector,1,11,0.769,0.0181017,presolve,,,
zenotravel,p06.pddl,off,1,11,0.618,0.0366296,,,,
zenotravel,p06.pddl,on,1,11,0.618,0.0350004,,,,
zenotravel,p06.pddl,selector,1,11,0.820,0.0339995,presolve,,,
zenotravel,p07.pddl,off,1,15,0.668,0.0539997,,,,
zenotravel,p07.pddl,on,1,15,0.618,0.0554244,,,,
zenotravel,p07.pddl,selector,1,15,0.819,0.0553135,presolve,,,
zenotravel,p08.pddl,off,1,11,0.769,0.136244,,,,
zenotravel,p08.pddl,on,1,11,0.768,0.127,,,,
zenotravel,p08.pddl,selector,1,11,0.970,0.125945,presolve,,,
zenotravel,p09.pddl,off,1,21,38.928,38.0966,,,,
zenotravel,p09.pddl,on,1,21,46.559,45.769,,,,
zenotravel,p09.pddl,selector,1,21,75.321,63.7674,off,8090,8090,10.852
zenotravel,p10.pddl,off,1,22,712.772,711.734,,,,
zenotravel,p10.pddl,on,1,22,565.508,564.349,,,,
zenotravel,p10.pddl,selector,1,22,567.770,555.955,off,10803,10803,10.795
zenotravel,p11.pddl,off,1,14,2.727,2.02867,,,,
zenotravel,p11.pddl,on,1,14,2.729,1.96335,,,,
zenotravel,p11.pddl,selector,1,14,2.931,1.97486,presolve,,,
zenotravel,p12.pddl,off,1,21,1444.170,1442.33,,,,
zenotravel,p12.pddl,on,1,21,1426.671,1424.94,,,,
zenotravel,p12.pddl,selector,1,21,1434.110,1421.6,off,20746,20746,10.952
zenotravel,p13.pddl,off,0,,1799.483,,,,,
zenotravel,p13.pddl,on,0,,1799.507,,,,,
zenotravel,p13.pddl,selector,0,,1800.212,,off,21889,21889,10.849
zenotravel,p14.pddl,off,0,,1800.108,,,,,
zenotravel,p14.pddl,on,0,,1799.563,,,,,
zenotravel,p14.pddl,selector,0,,1800.374,,off,163477,163477,11.955
zenotravel,p15.pddl,off,0,,1799.826,,,,,
zenotravel,p15.pddl,on,0,,1799.726,,,,,
zenotravel,p15.pddl,selector,0,,1800.484,,off,544737,544737,14.922
zenotravel,p16.pddl,off,0,,1800.039,,,,,
zenotravel,p16.pddl,on,0,,1800.271,,,,,
zenotravel,p16.pddl,selector,0,,1799.797,,off,465907,465907,16.331
zenotravel,p17.pddl,off,0,,1799.991,,,,,
zenotravel,p17.pddl,on,0,,1799.756,,,,,
zenotravel,p17.pddl,selector,0,,1800.053,,off,434729,434729,19.606
zenotravel,p18.pddl,off,0,,1799.506,,,,,
zenotravel,p18.pddl,on,0,,1800.409,,,,,
zenotravel,p18.pddl,selector,0,,1799.861,,off,547169,547169,18.235
zenotravel,p19.pddl,off,0,,1800.418,,,,,
zenotravel,p19.pddl,on,0,,1800.144,,,,,
zenotravel,p19.pddl,selector,0,,1800.030,,off,603127,603127,24.520
zenotravel,p20.pddl,off,0,,1800.293,,,,,
zenotravel,p20.pddl,on,0,,1799.440,,,,,
zenotravel,p20.pddl,selector,0,,1800.346,,off,1049015,1049015,41.877
