domain,problem,config,solved,cost,search_time,co_edges,tr_nodes,num_trs,peak_mem_kb
depot,p01.pddl,off,1,10,0.0110047,,1479,1,496620
depot,p01.pddl,on,1,10,0.0115994,97,1585,1,496748
depot,p01.pddl,on-w0.5,1,10,0.0102571,97,1542,1,496748
depot,p01.pddl,on-w2,1,10,0.010254,97,1585,1,496748
depot,p01.pddl,on-skipc,1,10,0.0117809,17,1778,1,496620
depot,p01.pddl,on-norm,1,10,0.011015,97,1542,1,496748
depot,p02.pddl,off,1,15,0.104648,,18731,1,461196
depot,p02.pddl,on,1,15,0.115725,294,12867,1,460812
depot,p02.pddl,on-w0.5,1,15,0.100355,294,17955,1,460876
depot,p02.pddl,on-w2,1,15,0.0915028,294,8898,1,459568
depot,p02.pddl,on-skipc,1,15,0.0902071,114,9734,1,460812
depot,p02.pddl,on-norm,1,15,0.111002,294,16171,1,461004
depot,p03.pddl,off,1,27,4.16817,,116665,2,671696
depot,p03.pddl,on,1,27,3.53679,621,33240,1,634208
depot,p03.pddl,on-w0.5,1,27,4.71591,621,70447,1,684360
depot,p03.pddl,on-w2,1,27,3.51475,621,33069,1,633792
depot,p03.pddl,on-skipc,1,27,3.17652,315,36576,1,641692
depot,p03.pddl,on-norm,1,27,2.33153,621,34518,1,639488
depot,p04.pddl,off,1,30,130.684,,363789,7,1048780
depot,p04.pddl,on,1,30,54.2,1100,98080,1,1194584
depot,p04.pddl,on-w0.5,1,30,121.072,1100,160398,2,1123476
depot,p04.pddl,on-w2,1,30,59.0163,1100,97362,1,1050712
depot,p04.pddl,on-skipc,1,30,69.0235,644,109395,2,1204776
depot,p04.pddl,on-norm,1,30,112.918,1100,203806,3,1048416
depot,p05.pddl,off,0,,,,1439159,19,3506140
depot,p05.pddl,on,0,,,1755,560238,7,4685392
depot,p05.pddl,on-w0.5,0,,,1755,468691,7,4243024
depot,p05.pddl,on-w2,0,,,1755,459717,7,3936304
depot,p05.pddl,on-skipc,0,,,1125,646989,9,5398248
depot,p05.pddl,on-norm,0,,,1755,590031,9,3604976
depot,p06.pddl,off,0,,,,3107625,109,4001172
depot,p06.pddl,on,0,,,4320,1222835,21,4658856
depot,p06.pddl,on-w0.5,0,,,4320,3104585,48,4103976
depot,p06.pddl,on-w2,0,,,4320,1199373,24,4360372
depot,p06.pddl,on-skipc,0,,,3150,3603657,113,3356864
depot,p06.pddl,on-norm,0,,,4320,3001424,66,3603372
depot,p07.pddl,off,1,21,12.3298,,120643,2,870884
depot,p07.pddl,on,1,21,6.212,738,55237,1,838100
depot,p07.pddl,on-w0.5,1,21,7.67114,738,43083,1,797928
depot,p07.pddl,on-w2,1,21,6.0739,738,36931,1,731176
depot,p07.pddl,on-skipc,1,21,6.93459,360,47168,1,816092
depot,p07.pddl,on-norm,1,21,13.2248,738,113459,2,919276
depot,p08.pddl,off,0,,,,1330385,18,4027576
depot,p08.pddl,on,0,,,2010,506748,8,4575608
depot,p08.pddl,on-w0.5,0,,,2010,862687,12,4449744
depot,p08.pddl,on-w2,0,,,2010,507339,8,4537164
depot,p08.pddl,on-skipc,0,,,1260,393107,6,6028760
depot,p08.pddl,on-norm,0,,,2010,385359,6,4245852
depot,p09.pddl,off,0,,,,3854682,117,3059524
depot,p09.pddl,on,0,,,4815,2081079,35,4273824
depot,p09.pddl,on-w0.5,0,,,4815,2646730,44,4341540
depot,p09.pddl,on-w2,0,,,4815,1572015,27,3981572
depot,p09.pddl,on-skipc,0,,,3465,3781209,98,3710548
depot,p09.pddl,on-norm,0,,,4815,1056673,19,4379692
depot,p10.pddl,off,1,24,818.551,,193432,3,2578056
depot,p10.pddl,on,1,24,1205.32,1215,123469,2,3308932
depot,p10.pddl,on-w0.5,0,,,1215,140742,2,4608800
depot,p10.pddl,on-w2,0,,,1215,124879,2,3555032
depot,p10.pddl,on-skipc,1,24,864.256,495,187781,2,2148188
depot,p10.pddl,on-norm,1,24,1263.47,1215,136015,2,3127728
depot,p11.pddl,off,0,,,,2734689,42,3188156
depot,p11.pddl,on,0,,,2985,901089,14,3966344
depot,p11.pddl,on-w0.5,0,,,2985,740345,12,4803232
depot,p11.pddl,on-w2,0,,,2985,909548,14,4286308
depot,p11.pddl,on-skipc,0,,,1665,911423,13,4639940
depot,p11.pddl,on-norm,0,,,2985,805230,12,4464888
depot,p12.pddl,off,0,,,,5771506,260,2456508
depot,p12.pddl,on,0,,,6615,2470997,46,5651412
depot,p12.pddl,on-w0.5,0,,,6615,3855687,60,5169144
depot,p12.pddl,on-w2,0,,,6615,2316111,47,4680932
depot,p12.pddl,on-skipc,0,,,4410,5798078,349,3698972
depot,p12.pddl,on-norm,0,,,6615,6310092,132,3055720
depot,p13.pddl,off,1,25,810.795,,220177,5,2293792
depot,p13.pddl,on,1,25,87.0409,1443,157669,2,1271120
depot,p13.pddl,on-w0.5,1,25,848.736,1443,186140,3,2370360
depot,p13.pddl,on-w2,1,25,893.436,1443,130371,2,2265444
depot,p13.pddl,on-skipc,1,25,625.492,555,221130,4,2363976
depot,p13.pddl,on-norm,1,25,120.36,1443,149792,2,1354444
depot,p14.pddl,off,0,,,,2535786,39,4410684
depot,p14.pddl,on,0,,,3445,834603,13,4865492
depot,p14.pddl,on-w0.5,0,,,3445,802570,12,5098916
depot,p14.pddl,on-w2,0,,,3445,828080,12,4832784
depot,p14.pddl,on-skipc,0,,,1845,875561,14,5591392
depot,p14.pddl,on-norm,0,,,3445,806085,12,4549548
depot,p15.pddl,off,0,,,,5478488,178,4364936
depot,p15.pddl,on,0,,,7455,4670829,70,3541924
depot,p15.pddl,on-w0.5,0,,,7455,4599235,74,3449000
depot,p15.pddl,on-w2,0,,,7455,3877876,64,4662296
depot,p15.pddl,on-skipc,0,,,4830,1931304,38,5947940
depot,p15.pddl,on-norm,0,,,7455,1942120,38,3740680
depot,p16.pddl,off,0,,,,396904,5,3223876
depot,p16.pddl,on,0,,,1419,385391,6,4670188
depot,p16.pddl,on-w0.5,0,,,1419,390629,6,4488428
depot,p16.pddl,on-w2,0,,,1419,387505,6,4759896
depot,p16.pddl,on-skipc,0,,,675,393808,5,3761924
depot,p16.pddl,on-norm,0,,,1419,587233,8,5221492
depot,p17.pddl,off,0,,,,4093779,70,4122412
depot,p17.pddl,on,0,,,3565,2314751,34,4873400
depot,p17.pddl,on-w0.5,0,,,3565,2028963,32,7623552
depot,p17.pddl,on-w2,0,,,3565,2055247,33,5009280
depot,p17.pddl,on-skipc,0,,,2205,1135723,19,5216668
depot,p17.pddl,on-norm,0,,,3565,1194062,19,4754268
depot,p18.pddl,off,0,,,,9173917,585,3486196
depot,p18.pddl,on,0,,,7935,4148469,66,6035540
depot,p18.pddl,on-w0.5,0,,,7935,9163439,218,4963068
depot,p18.pddl,on-w2,0,,,7935,4002170,70,5967112
depot,p18.pddl,on-skipc,0,,,5670,10035594,593,3630268
depot,p18.pddl,on-norm,0,,,7935,2301273,54,4923588
depot,p19.pddl,off,0,,,,1629185,25,8191996
depot,p19.pddl,on,0,,,3196,482814,9,4603428
depot,p19.pddl,on-w0.5,0,,,3196,520750,7,5068156
depot,p19.pddl,on-w2,0,,,3196,482384,9,5238088
depot,p19.pddl,on-skipc,0,,,1372,504261,7,6052824
depot,p19.pddl,on-norm,0,,,3196,1715381,25,8191920
depot,p20.pddl,off,0,,,,9028082,575,8191920
depot,p20.pddl,on,0,,,9615,3246116,67,6202640
depot,p20.pddl,on-w0.5,0,,,9615,3391697,65,6511712
depot,p20.pddl,on-w2,0,,,9615,3720057,80,5160844
depot,p20.pddl,on-skipc,0,,,5880,3358302,55,8191900
depot,p20.pddl,on-norm,0,,,9615,11079416,577,8191876
depot,p21.pddl,off,0,,,,3514138,42,4265408
depot,p21.pddl,on,0,,,9630,3067859,41,5670680
depot,p21.pddl,on-w0.5,0,,,9630,2913270,46,4892664
depot,p21.pddl,on-w2,0,,,9630,3075266,41,7022876
depot,p21.pddl,on-skipc,0,,,3870,10331882,208,6352076
depot,p21.pddl,on-norm,0,,,9630,11707772,272,6238736
depot,p22.pddl,off,0,,,,24269584,1611,7745528
depot,p22.pddl,on,0,,,30360,18220377,1863,6321864
depot,p22.pddl,on-w0.5,0,,,30360,16903171,1956,6117540
depot,p22.pddl,on-w2,0,,,30360,18709529,549,5613996
depot,p22.pddl,on-skipc,0,,,18240,7376062,212,6702240
depot,p22.pddl,on-norm,0,,,30360,7701499,195,5929784
tpp,p01.pddl,off,1,5,0.000741388,,34,1,475380
tpp,p01.pddl,on,1,5,0.000829327,6,34,1,475380
tpp,p01.pddl,on-w0.5,1,5,0.000796299,6,34,1,475380
tpp,p01.pddl,on-w2,1,5,0.000833252,6,34,1,475380
tpp,p01.pddl,on-skipc,1,5,0.000583496,3,34,1,475380
tpp,p01.pddl,on-norm,1,5,0.000579135,6,34,1,475380
tpp,p02.pddl,off,1,8,0.0010634,,65,1,450840
tpp,p02.pddl,on,1,8,0.00156721,12,65,1,450840
tpp,p02.pddl,on-w0.5,1,8,0.00113652,12,65,1,450840
tpp,p02.pddl,on-w2,1,8,0.00107507,12,65,1,450840
tpp,p02.pddl,on-skipc,1,8,0.00112141,6,66,1,450840
tpp,p02.pddl,on-norm,1,8,0.0010425,12,65,1,450840
tpp,p03.pddl,off,1,11,0.00132218,,118,1,516388
tpp,p03.pddl,on,1,11,0.00137412,18,118,1,516388
tpp,p03.pddl,on-w0.5,1,11,0.00169418,18,118,1,516388
tpp,p03.pddl,on-w2,1,11,0.00181604,18,120,1,516388
tpp,p03.pddl,on-skipc,1,11,0.00169275,9,123,1,516388
tpp,p03.pddl,on-norm,1,11,0.0016541,18,118,1,516388
tpp,p04.pddl,off,1,14,0.0025711,,164,1,438732
tpp,p04.pddl,on,1,14,0.00272305,24,164,1,438732
tpp,p04.pddl,on-w0.5,1,14,0.00285149,24,164,1,438732
tpp,p04.pddl,on-w2,1,14,0.00241875,24,164,1,438732
tpp,p04.pddl,on-skipc,1,14,0.00250679,12,168,1,438732
tpp,p04.pddl,on-norm,1,14,0.0022479,24,164,1,438732
tpp,p05.pddl,off,1,19,0.0178619,,796,1,537872
tpp,p05.pddl,on,1,19,0.0154734,50,708,1,537744
tpp,p05.pddl,on-w0.5,1,19,0.0163547,50,708,1,537712
tpp,p05.pddl,on-w2,1,19,0.0159989,50,693,1,537776
tpp,p05.pddl,on-skipc,1,19,0.0170008,25,714,1,537776
tpp,p05.pddl,on-norm,1,19,0.0168853,50,708,1,537744
tpp,p06.pddl,off,1,25,0.206026,,2128,1,530572
tpp,p06.pddl,on,1,25,0.188498,45,1663,1,529580
tpp,p06.pddl,on-w0.5,1,25,0.139653,45,1595,1,528812
tpp,p06.pddl,on-w2,1,25,0.166,45,1580,1,529100
tpp,p06.pddl,on-skipc,1,25,0.150001,26,1700,1,528940
tpp,p06.pddl,on-norm,1,25,0.176489,45,1663,1,529580
tpp,p07.pddl,off,1,34,0.564142,,2732,1,451640
tpp,p07.pddl,on,1,34,0.422563,55,2096,1,443964
tpp,p07.pddl,on-w0.5,1,34,0.546749,55,1993,1,444668
tpp,p07.pddl,on-w2,1,34,0.463095,55,1978,1,443804
tpp,p07.pddl,on-skipc,1,34,0.646999,33,2162,1,448252
tpp,p07.pddl,on-norm,1,34,0.433099,55,2096,1,443964
tpp,p08.pddl,off,1,40,1.35057,,4055,1,489400
tpp,p08.pddl,on,1,40,0.78998,64,2394,1,470592
tpp,p08.pddl,on-w0.5,1,40,0.546196,64,2250,1,467552
tpp,p08.pddl,on-w2,1,40,0.588539,64,2350,1,467680
tpp,p08.pddl,on-skipc,1,40,0.594447,39,2401,1,468064
tpp,p08.pddl,on-norm,1,40,0.710581,64,2394,1,470592
tpp,p09.pddl,off,0,,,,46323,1,1700764
tpp,p09.pddl,on,1,48,1228.08,79,10196,1,1386120
tpp,p09.pddl,on-w0.5,0,,,79,12828,1,1714372
tpp,p09.pddl,on-w2,1,48,118.308,79,9168,1,1124028
tpp,p09.pddl,on-skipc,1,48,1148.98,47,12526,1,1672020
tpp,p09.pddl,on-norm,1,48,1166.79,79,10196,1,1433488
tpp,p10.pddl,off,0,,,,84275,1,1814832
tpp,p10.pddl,on,0,,,81,13531,1,1853360
tpp,p10.pddl,on-w0.5,0,,,81,16903,1,1680532
tpp,p10.pddl,on-w2,0,,,81,10397,1,2188592
tpp,p10.pddl,on-skipc,1,54,1472.44,47,12603,1,1315128
tpp,p10.pddl,on-norm,0,,,81,13531,1,1848276
tpp,p11.pddl,off,0,,,,20342,1,1517200
tpp,p11.pddl,on,0,,,73,6185,1,1482604
tpp,p11.pddl,on-w0.5,0,,,73,6612,1,1383764
tpp,p11.pddl,on-w2,0,,,73,6040,1,1536724
tpp,p11.pddl,on-skipc,0,,,45,6100,1,1462736
tpp,p11.pddl,on-norm,0,,,73,6185,1,1340572
tpp,p12.pddl,off,0,,,,25987,1,1831344
tpp,p12.pddl,on,0,,,76,8739,1,1482280
tpp,p12.pddl,on-w0.5,0,,,76,8935,1,1641720
tpp,p12.pddl,on-w2,0,,,76,9633,1,1557516
tpp,p12.pddl,on-skipc,0,,,44,8991,1,1634444
tpp,p12.pddl,on-norm,0,,,76,8739,1,1496576
tpp,p13.pddl,off,0,,,,121862,2,3562576
tpp,p13.pddl,on,0,,,44,85229,2,1855760
tpp,p13.pddl,on-w0.5,0,,,44,68072,2,2460632
tpp,p13.pddl,on-w2,0,,,44,83703,2,3729112
tpp,p13.pddl,on-skipc,0,,,14,67697,2,3670824
tpp,p13.pddl,on-norm,0,,,44,85229,2,1844860
tpp,p14.pddl,off,0,,,,62730,3,3186864
tpp,p14.pddl,on,0,,,47,89747,3,3297912
tpp,p14.pddl,on-w0.5,0,,,47,90379,2,4099816
tpp,p14.pddl,on-w2,0,,,47,72260,2,2458760
tpp,p14.pddl,on-skipc,0,,,13,109086,2,1919924
tpp,p14.pddl,on-norm,0,,,47,89747,3,3298016
tpp,p15.pddl,off,0,,,,148013,3,4234072
tpp,p15.pddl,on,0,,,52,74131,3,7041220
tpp,p15.pddl,on-w0.5,0,,,52,50628,3,5130932
tpp,p15.pddl,on-w2,0,,,52,116065,2,8191896
tpp,p15.pddl,on-skipc,0,,,14,111005,3,6887480
tpp,p15.pddl,on-norm,0,,,52,74131,3,5435260
tpp,p16.pddl,off,0,,,,127805,5,7992712
tpp,p16.pddl,on,0,,,57,100914,4,5704180
tpp,p16.pddl,on-w0.5,0,,,57,93410,4,5411216
tpp,p16.pddl,on-w2,0,,,57,164460,3,3652868
tpp,p16.pddl,on-skipc,0,,,0,127805,5,5871216
tpp,p16.pddl,on-norm,0,,,57,100914,4,5715992
tpp,p17.pddl,off,0,,,,187653,7,7170628
tpp,p17.pddl,on,0,,,63,202190,6,5583520
tpp,p17.pddl,on-w0.5,0,,,63,233504,6,8191872
tpp,p17.pddl,on-w2,0,,,63,209107,5,8192000
tpp,p17.pddl,on-skipc,0,,,0,187653,7,7263412
tpp,p17.pddl,on-norm,0,,,63,202190,6,5780784
tpp,p18.pddl,off,0,,,,314404,6,8191932
tpp,p18.pddl,on,0,,,68,239149,6,4170040
tpp,p18.pddl,on-w0.5,0,,,68,350518,6,5637664
tpp,p18.pddl,on-w2,0,,,68,216324,6,8191940
tpp,p18.pddl,on-skipc,0,,,0,314404,6,8191940
tpp,p18.pddl,on-norm,0,,,68,239149,6,4615812
tpp,p19.pddl,off,0,,,,179058,8,8189444
tpp,p19.pddl,on,0,,,72,286897,7,4490204
tpp,p19.pddl,on-w0.5,0,,,72,191095,8,4021840
tpp,p19.pddl,on-w2,0,,,72,188779,7,6297276
tpp,p19.pddl,on-skipc,0,,,0,179058,8,8168140
tpp,p19.pddl,on-norm,0,,,72,286897,7,4411340
tpp,p20.pddl,off,0,,,,319727,8,7834728
tpp,p20.pddl,on,0,,,77,369471,6,8191892
tpp,p20.pddl,on-w0.5,0,,,77,299622,8,8191940
tpp,p20.pddl,on-w2,0,,,77,307946,7,6923416
tpp,p20.pddl,on-skipc,0,,,0,319727,8,5735864
tpp,p20.pddl,on-norm,0,,,77,369471,6,8191972
tpp,p21.pddl,off,0,,,,301015,9,6728416
tpp,p21.pddl,on,0,,,67,289599,9,8191948
tpp,p21.pddl,on-w0.5,0,,,67,417051,8,8191904
tpp,p21.pddl,on-w2,0,,,67,327760,8,6373504
tpp,p21.pddl,on-skipc,0,,,0,301015,9,7006536
tpp,p21.pddl,on-norm,0,,,67,289599,9,8191856
tpp,p22.pddl,off,0,,,,355235,9,8191852
tpp,p22.pddl,on,0,,,74,258857,9,8191880
tpp,p22.pddl,on-w0.5,0,,,74,457384,9,6718120
tpp,p22.pddl,on-w2,0,,,74,362846,9,8191968
tpp,p22.pddl,on-skipc,0,,,0,355235,9,8191892
tpp,p22.pddl,on-norm,0,,,74,258857,9,8191872
tpp,p23.pddl,off,0,,,,390020,9,8191976
tpp,p23.pddl,on,0,,,76,318260,10,7632112
tpp,p23.pddl,on-w0.5,0,,,76,331027,11,8191928
tpp,p23.pddl,on-w2,0,,,76,324363,9,8191912
tpp,p23.pddl,on-skipc,0,,,0,390020,9,8186260
tpp,p23.pddl,on-norm,0,,,76,318260,10,7626556
tpp,p24.pddl,off,0,,,,394611,10,5481832
tpp,p24.pddl,on,0,,,80,355825,10,8191940
tpp,p24.pddl,on-w0.5,0,,,80,440688,10,8191988
tpp,p24.pddl,on-w2,0,,,80,352117,10,8191932
tpp,p24.pddl,on-skipc,0,,,0,394611,10,5499096
tpp,p24.pddl,on-norm,0,,,80,355825,10,8191936
tpp,p25.pddl,off,0,,,,475205,14,8191920
tpp,p25.pddl,on,0,,,89,407382,14,4892316
tpp,p25.pddl,on-w0.5,0,,,89,689370,14,8191924
tpp,p25.pddl,on-w2,0,,,89,417757,15,8191936
tpp,p25.pddl,on-skipc,0,,,0,475205,14,8191976
tpp,p25.pddl,on-norm,0,,,89,407382,14,7153520
tpp,p26.pddl,off,0,,,,383127,18,8191984
tpp,p26.pddl,on,0,,,114,367045,18,8191900
tpp,p26.pddl,on-w0.5,0,,,114,537507,17,8191952
tpp,p26.pddl,on-w2,0,,,114,496979,17,6439524
tpp,p26.pddl,on-skipc,0,,,0,383127,18,8191864
tpp,p26.pddl,on-norm,0,,,114,367045,18,8191928
tpp,p27.pddl,off,0,,,,537709,19,8191920
tpp,p27.pddl,on,0,,,118,571539,19,8191932
tpp,p27.pddl,on-w0.5,0,,,118,627598,19,8192000
tpp,p27.pddl,on-w2,0,,,118,803106,18,8165260
tpp,p27.pddl,on-skipc,0,,,0,537709,19,8191972
tpp,p27.pddl,on-norm,0,,,118,571539,19,8191892
tpp,p28.pddl,off,0,,,,523944,19,7338432
tpp,p28.pddl,on,0,,,126,517395,19,7025516
tpp,p28.pddl,on-w0.5,0,,,126,592886,19,7775240
tpp,p28.pddl,on-w2,0,,,126,634566,18,8191856
tpp,p28.pddl,on-skipc,0,,,0,523944,19,7497592
tpp,p28.pddl,on-norm,0,,,126,517395,19,7504368
tpp,p29.pddl,off,0,,,,828536,27,8191904
tpp,p29.pddl,on,0,,,137,847519,24,8004876
tpp,p29.pddl,on-w0.5,0,,,137,826157,27,8191884
tpp,p29.pddl,on-w2,0,,,137,758649,25,8191960
tpp,p29.pddl,on-skipc,0,,,0,828536,27,8191856
tpp,p29.pddl,on-norm,0,,,137,847519,24,8005016
tpp,p30.pddl,off,0,,,,751775,29,6295288
tpp,p30.pddl,on,0,,,144,823486,27,8191924
tpp,p30.pddl,on-w0.5,0,,,144,754081,27,8191908
tpp,p30.pddl,on-w2,0,,,144,867283,25,5789868
tpp,p30.pddl,on-skipc,0,,,0,751775,29,6311792
tpp,p30.pddl,on-norm,0,,,144,823486,27,8191968
pipesworld-tankage,p01-net1-b6-g2-t50.pddl,off,1,5,0.0239992,,4213,1,434896
pipesworld-tankage,p01-net1-b6-g2-t50.pddl,on,1,5,0.0217605,157,2865,1,434576
pipesworld-tankage,p01-net1-b6-g2-t50.pddl,on-w0.5,1,5,0.0234895,157,3114,1,434736
pipesworld-tankage,p01-net1-b6-g2-t50.pddl,on-w2,1,5,0.0216203,157,2868,1,434608
pipesworld-tankage,p01-net1-b6-g2-t50.pddl,on-skipc,1,5,0.0247797,29,3412,1,434864
pipesworld-tankage,p01-net1-b6-g2-t50.pddl,on-norm,1,5,0.0236253,157,2992,1,434608
pipesworld-tankage,p02-net1-b6-g4-t50.pddl,off,1,12,0.0339997,,3655,1,435088
pipesworld-tankage,p02-net1-b6-g4-t50.pddl,on,1,12,0.0265547,157,2864,1,434704
pipesworld-tankage,p02-net1-b6-g4-t50.pddl,on-w0.5,1,12,0.0250005,157,3029,1,434864
pipesworld-tankage,p02-net1-b6-g4-t50.pddl,on-w2,1,12,0.025566,157,2869,1,434736
pipesworld-tankage,p02-net1-b6-g4-t50.pddl,on-skipc,1,12,0.0272119,29,3447,1,435056
pipesworld-tankage,p02-net1-b6-g4-t50.pddl,on-norm,1,12,0.0249898,157,3030,1,434736
pipesworld-tankage,p03-net1-b8-g3-t80.pddl,off,1,8,0.144437,,9795,1,484828
pipesworld-tankage,p03-net1-b8-g3-t80.pddl,on,1,8,0.134807,77,5081,1,483740
pipesworld-tankage,p03-net1-b8-g3-t80.pddl,on-w0.5,1,8,0.126647,77,5539,1,484156
pipesworld-tankage,p03-net1-b8-g3-t80.pddl,on-w2,1,8,0.20427,77,5141,1,488312
pipesworld-tankage,p03-net1-b8-g3-t80.pddl,on-skipc,1,8,0.227762,13,8265,1,489432
pipesworld-tankage,p03-net1-b8-g3-t80.pddl,on-norm,1,8,0.14653,77,5021,1,484028
pipesworld-tankage,p04-net1-b8-g5-t80.pddl,off,1,11,0.187001,,7719,1,486552
pipesworld-tankage,p04-net1-b8-g5-t80.pddl,on,1,11,0.174509,77,5084,1,485556
pipesworld-tankage,p04-net1-b8-g5-t80.pddl,on-w0.5,1,11,0.179044,77,5523,1,486712
pipesworld-tankage,p04-net1-b8-g5-t80.pddl,on-w2,1,11,0.196492,77,5110,1,487992
pipesworld-tankage,p04-net1-b8-g5-t80.pddl,on-skipc,1,11,0.264987,13,8571,1,491252
pipesworld-tankage,p04-net1-b8-g5-t80.pddl,on-norm,1,11,0.18592,77,5021,1,485812
pipesworld-tankage,p05-net1-b10-g4-t50.pddl,off,1,8,0.446,,25688,1,518068
pipesworld-tankage,p05-net1-b10-g4-t50.pddl,on,1,8,0.374882,149,13749,1,516272
pipesworld-tankage,p05-net1-b10-g4-t50.pddl,on-w0.5,1,8,0.345731,149,11600,1,515120
pipesworld-tankage,p05-net1-b10-g4-t50.pddl,on-w2,1,8,0.201948,149,9743,1,506420
pipesworld-tankage,p05-net1-b10-g4-t50.pddl,on-skipc,1,8,0.371992,23,18962,1,517044
pipesworld-tankage,p05-net1-b10-g4-t50.pddl,on-norm,1,8,0.153775,149,9135,1,508600
pipesworld-tankage,p06-net1-b10-g6-t50.pddl,off,1,10,0.513748,,19167,1,515796
pipesworld-tankage,p06-net1-b10-g6-t50.pddl,on,1,10,0.460068,149,10230,1,517456
pipesworld-tankage,p06-net1-b10-g6-t50.pddl,on-w0.5,1,10,0.323692,149,11510,1,510548
pipesworld-tankage,p06-net1-b10-g6-t50.pddl,on-w2,1,10,0.451724,149,13341,1,516240
pipesworld-tankage,p06-net1-b10-g6-t50.pddl,on-skipc,1,10,0.548856,23,15449,1,523436
pipesworld-tankage,p06-net1-b10-g6-t50.pddl,on-norm,1,10,0.274837,149,14440,1,514576
pipesworld-tankage,p07-net1-b12-g5-t80.pddl,off,1,8,1.48987,,37821,1,653620
pipesworld-tankage,p07-net1-b12-g5-t80.pddl,on,1,8,3.16692,84,24472,1,717240
pipesworld-tankage,p07-net1-b12-g5-t80.pddl,on-w0.5,1,8,2.23758,84,33676,1,644216
pipesworld-tankage,p07-net1-b12-g5-t80.pddl,on-w2,1,8,3.15551,84,18463,1,690432
pipesworld-tankage,p07-net1-b12-g5-t80.pddl,on-skipc,1,8,1.68328,12,28328,1,630848
pipesworld-tankage,p07-net1-b12-g5-t80.pddl,on-norm,1,8,1.61326,84,37187,1,656404
pipesworld-tankage,p08-net1-b12-g7-t80.pddl,off,1,11,6.54902,,37913,1,751424
pipesworld-tankage,p08-net1-b12-g7-t80.pddl,on,1,11,10.332,84,24816,1,855596
pipesworld-tankage,p08-net1-b12-g7-t80.pddl,on-w0.5,1,11,8.58038,84,32271,1,810276
pipesworld-tankage,p08-net1-b12-g7-t80.pddl,on-w2,1,11,46.6992,84,20913,1,1015744
pipesworld-tankage,p08-net1-b12-g7-t80.pddl,on-skipc,1,11,6.27511,12,25156,1,799396
pipesworld-tankage,p08-net1-b12-g7-t80.pddl,on-norm,1,11,3.95093,84,23578,1,695320
pipesworld-tankage,p09-net1-b14-g6-t50.pddl,off,1,18,157.572,,46757,1,1267040
pipesworld-tankage,p09-net1-b14-g6-t50.pddl,on,1,18,16.7525,129,18237,1,925344
pipesworld-tankage,p09-net1-b14-g6-t50.pddl,on-w0.5,1,18,68.4876,129,25694,1,1113288
pipesworld-tankage,p09-net1-b14-g6-t50.pddl,on-w2,1,18,32.0918,129,18205,1,1120448
pipesworld-tankage,p09-net1-b14-g6-t50.pddl,on-skipc,1,18,680.522,17,37468,1,1297400
pipesworld-tankage,p09-net1-b14-g6-t50.pddl,on-norm,1,18,65.259,129,24541,1,1126568
pipesworld-tankage,p10-net1-b14-g8-t50.pddl,off,1,19,128.251,,49130,1,1147844
pipesworld-tankage,p10-net1-b14-g8-t50.pddl,on,1,19,18.8825,129,18267,1,1195980
pipesworld-tankage,p10-net1-b14-g8-t50.pddl,on-w0.5,1,19,80.4782,129,25694,1,1306104
pipesworld-tankage,p10-net1-b14-g8-t50.pddl,on-w2,1,19,36.9678,129,18205,1,1010532
pipesworld-tankage,p10-net1-b14-g8-t50.pddl,on-skipc,1,19,665.974,17,33011,1,1360356
pipesworld-tankage,p10-net1-b14-g8-t50.pddl,on-norm,1,19,33.1493,129,24541,1,1174008
pipesworld-tankage,p11-net2-b10-g2-t30.pddl,off,1,22,214.925,,735892,9,1405296
pipesworld-tankage,p11-net2-b10-g2-t30.pddl,on,1,22,134.619,1117,875348,12,1561236
pipesworld-tankage,p11-net2-b10-g2-t30.pddl,on-w0.5,1,22,176.913,1117,756763,10,1374736
pipesworld-tankage,p11-net2-b10-g2-t30.pddl,on-w2,1,22,229.057,1117,796470,12,1472464
pipesworld-tankage,p11-net2-b10-g2-t30.pddl,on-skipc,1,22,205.361,10,761299,11,1425724
pipesworld-tankage,p11-net2-b10-g2-t30.pddl,on-norm,1,22,159.962,1117,763794,10,1325368
pipesworld-tankage,p12-net2-b10-g4-t60.pddl,off,1,24,292.808,,886101,11,1553364
pipesworld-tankage,p12-net2-b10-g4-t60.pddl,on,1,24,245.557,1117,822609,11,1442712
pipesworld-tankage,p12-net2-b10-g4-t60.pddl,on-w0.5,1,24,350.483,1117,882253,13,1698196
pipesworld-tankage,p12-net2-b10-g4-t60.pddl,on-w2,1,24,251.303,1117,797888,11,1385252
pipesworld-tankage,p12-net2-b10-g4-t60.pddl,on-skipc,1,24,236.38,10,886410,11,1408508
pipesworld-tankage,p12-net2-b10-g4-t60.pddl,on-norm,1,24,188.323,1117,771537,11,1372968
pipesworld-tankage,p13-net2-b12-g3-t70.pddl,off,1,16,197.812,,1154377,22,1534752
pipesworld-tankage,p13-net2-b12-g3-t70.pddl,on,1,16,240.101,1565,1229081,22,1786384
pipesworld-tankage,p13-net2-b12-g3-t70.pddl,on-w0.5,1,16,249.088,1565,1284281,22,1777268
pipesworld-tankage,p13-net2-b12-g3-t70.pddl,on-w2,1,16,592.967,1565,1178479,20,2504108
pipesworld-tankage,p13-net2-b12-g3-t70.pddl,on-skipc,1,16,546.989,148,1066864,21,2232152
pipesworld-tankage,p13-net2-b12-g3-t70.pddl,on-norm,1,16,619.761,1565,1118621,21,2459684
pipesworld-tankage,p14-net2-b12-g5-t30.pddl,off,0,,,,1300365,23,3935036
pipesworld-tankage,p14-net2-b12-g5-t30.pddl,on,0,,,1575,1112162,24,4083384
pipesworld-tankage,p14-net2-b12-g5-t30.pddl,on-w0.5,0,,,1575,1043115,24,4022188
pipesworld-tankage,p14-net2-b12-g5-t30.pddl,on-w2,0,,,1575,1024855,24,4402504
pipesworld-tankage,p14-net2-b12-g5-t30.pddl,on-skipc,0,,,78,1200593,21,4105284
pipesworld-tankage,p14-net2-b12-g5-t30.pddl,on-norm,0,,,1575,1194823,21,4413076
pipesworld-tankage,p15-net2-b14-g4-t30.pddl,off,1,30,43.1489,,299320,5,1344276
pipesworld-tankage,p15-net2-b14-g4-t30.pddl,on,1,30,302.6,1641,1009515,24,1833492
pipesworld-tankage,p15-net2-b14-g4-t30.pddl,on-w0.5,1,30,298.13,1641,956696,26,1752216
pipesworld-tankage,p15-net2-b14-g4-t30.pddl,on-w2,1,30,405.95,1641,952470,26,1833276
pipesworld-tankage,p15-net2-b14-g4-t30.pddl,on-skipc,1,30,422.76,284,1136346,25,1679232
pipesworld-tankage,p15-net2-b14-g4-t30.pddl,on-norm,1,30,395.146,1641,1023183,23,1724368
pipesworld-tankage,p16-net2-b14-g6-t80.pddl,off,0,,,,1041642,26,3779288
pipesworld-tankage,p16-net2-b14-g6-t80.pddl,on,0,,,1622,1000644,26,4053468
pipesworld-tankage,p16-net2-b14-g6-t80.pddl,on-w0.5,0,,,1622,990799,26,3976072
pipesworld-tankage,p16-net2-b14-g6-t80.pddl,on-w2,0,,,1622,938532,25,4165656
pipesworld-tankage,p16-net2-b14-g6-t80.pddl,on-skipc,0,,,288,1081162,24,3997112
pipesworld-tankage,p16-net2-b14-g6-t80.pddl,on-norm,0,,,1622,959122,25,4106584
pipesworld-tankage,p17-net2-b16-g5-t20.pddl,off,1,44,1475.87,,1931492,48,3586968
pipesworld-tankage,p17-net2-b16-g5-t20.pddl,on,1,44,1708.76,2786,1554505,41,4037640
pipesworld-tankage,p17-net2-b16-g5-t20.pddl,on-w0.5,0,,,2786,1893979,49,3733296
pipesworld-tankage,p17-net2-b16-g5-t20.pddl,on-w2,1,44,1683.85,2786,1436051,40,4042116
pipesworld-tankage,p17-net2-b16-g5-t20.pddl,on-skipc,0,,,271,1655910,39,4551588
pipesworld-tankage,p17-net2-b16-g5-t20.pddl,on-norm,0,,,2786,1968543,46,3863848
pipesworld-tankage,p18-net2-b16-g7-t60.pddl,off,0,,,,2033203,48,4778312
pipesworld-tankage,p18-net2-b16-g7-t60.pddl,on,0,,,2770,1585408,51,3996444
pipesworld-tankage,p18-net2-b16-g7-t60.pddl,on-w0.5,0,,,2770,1860100,48,4737300
pipesworld-tankage,p18-net2-b16-g7-t60.pddl,on-w2,0,,,2770,1788838,48,4345260
pipesworld-tankage,p18-net2-b16-g7-t60.pddl,on-skipc,0,,,232,1894080,50,3997500
pipesworld-tankage,p18-net2-b16-g7-t60.pddl,on-norm,0,,,2770,1822683,49,4897172
pipesworld-tankage,p19-net2-b18-g6-t60.pddl,off,0,,,,2325436,66,4955124
pipesworld-tankage,p19-net2-b18-g6-t60.pddl,on,0,,,3545,2521101,58,7013336
pipesworld-tankage,p19-net2-b18-g6-t60.pddl,on-w0.5,0,,,3545,2465240,56,4638240
pipesworld-tankage,p19-net2-b18-g6-t60.pddl,on-w2,0,,,3545,2256528,61,5207772
pipesworld-tankage,p19-net2-b18-g6-t60.pddl,on-skipc,0,,,368,2619853,62,7567824
pipesworld-tankage,p19-net2-b18-g6-t60.pddl,on-norm,0,,,3545,2292227,60,4738564
pipesworld-tankage,p20-net2-b18-g8-t90.pddl,off,0,,,,2068192,173,4030928
pipesworld-tankage,p20-net2-b18-g8-t90.pddl,on,0,,,3539,2306865,280,4279308
pipesworld-tankage,p20-net2-b18-g8-t90.pddl,on-w0.5,0,,,3539,2291508,280,4215016
pipesworld-tankage,p20-net2-b18-g8-t90.pddl,on-w2,0,,,3539,2466464,63,4541652
pipesworld-tankage,p20-net2-b18-g8-t90.pddl,on-skipc,0,,,368,2688364,112,4172180
pipesworld-tankage,p20-net2-b18-g8-t90.pddl,on-norm,0,,,3539,2411992,110,3851872
pipesworld-tankage,p21-net3-b12-g2-t60.pddl,off,1,14,72.4906,,2127930,37,1512760
pipesworld-tankage,p21-net3-b12-g2-t60.pddl,on,1,14,118.896,1911,1476097,22,1549868
pipesworld-tankage,p21-net3-b12-g2-t60.pddl,on-w0.5,1,14,54.5819,1911,1242629,26,1178428
pipesworld-tankage,p21-net3-b12-g2-t60.pddl,on-w2,1,14,51.6428,1911,1186923,26,1222064
pipesworld-tankage,p21-net3-b12-g2-t60.pddl,on-skipc,1,14,90.5184,126,2048160,34,1487828
pipesworld-tankage,p21-net3-b12-g2-t60.pddl,on-norm,1,14,60.5586,1911,1918289,33,1476640
pipesworld-tankage,p22-net3-b12-g4-t60.pddl,off,0,,,,1285961,29,4076564
pipesworld-tankage,p22-net3-b12-g4-t60.pddl,on,0,,,1911,1484173,23,4786064
pipesworld-tankage,p22-net3-b12-g4-t60.pddl,on-w0.5,0,,,1911,1845983,34,5156996
pipesworld-tankage,p22-net3-b12-g4-t60.pddl,on-w2,0,,,1911,1205030,24,4556620
pipesworld-tankage,p22-net3-b12-g4-t60.pddl,on-skipc,0,,,126,1487394,27,5545776
pipesworld-tankage,p22-net3-b12-g4-t60.pddl,on-norm,0,,,1911,1885895,34,5093236
pipesworld-tankage,p23-net3-b14-g3-t60.pddl,off,0,,,,2162553,51,3689180
pipesworld-tankage,p23-net3-b14-g3-t60.pddl,on,0,,,2997,1855398,54,7885340
pipesworld-tankage,p23-net3-b14-g3-t60.pddl,on-w0.5,0,,,2997,1949464,51,6542208
pipesworld-tankage,p23-net3-b14-g3-t60.pddl,on-w2,0,,,2997,2993585,78,5182604
pipesworld-tankage,p23-net3-b14-g3-t60.pddl,on-skipc,0,,,124,3012552,80,7676128
pipesworld-tankage,p23-net3-b14-g3-t60.pddl,on-norm,0,,,2997,3015568,76,4368556
pipesworld-tankage,p24-net3-b14-g5-t60.pddl,off,0,,,,2028418,51,5251980
pipesworld-tankage,p24-net3-b14-g5-t60.pddl,on,0,,,2997,1988352,53,5909680
pipesworld-tankage,p24-net3-b14-g5-t60.pddl,on-w0.5,0,,,2997,1902176,55,3649636
pipesworld-tankage,p24-net3-b14-g5-t60.pddl,on-w2,0,,,2997,2901145,77,5289436
pipesworld-tankage,p24-net3-b14-g5-t60.pddl,on-skipc,0,,,124,3259461,82,5532484
pipesworld-tankage,p24-net3-b14-g5-t60.pddl,on-norm,0,,,2997,2987418,78,5300912
pipesworld-tankage,p25-net3-b16-g5-t60.pddl,off,0,,,,4440335,108,5690572
pipesworld-tankage,p25-net3-b16-g5-t60.pddl,on,0,,,4085,3879243,131,6890784
pipesworld-tankage,p25-net3-b16-g5-t60.pddl,on-w0.5,0,,,4085,3606111,140,8191908
pipesworld-tankage,p25-net3-b16-g5-t60.pddl,on-w2,0,,,4085,3770295,76,6978576
pipesworld-tankage,p25-net3-b16-g5-t60.pddl,on-skipc,0,,,149,3922979,142,4786844
pipesworld-tankage,p25-net3-b16-g5-t60.pddl,on-norm,0,,,4085,3639012,142,7526036
pipesworld-tankage,p26-net3-b16-g7-t70.pddl,off,0,,,,4356066,105,5369208
pipesworld-tankage,p26-net3-b16-g7-t70.pddl,on,0,,,4085,3091593,67,4462908
pipesworld-tankage,p26-net3-b16-g7-t70.pddl,on-w0.5,0,,,4085,3141921,86,4594004
pipesworld-tankage,p26-net3-b16-g7-t70.pddl,on-w2,0,,,4085,2892657,65,4726632
pipesworld-tankage,p26-net3-b16-g7-t70.pddl,on-skipc,0,,,149,3484763,82,5079584
pipesworld-tankage,p26-net3-b16-g7-t70.pddl,on-norm,0,,,4085,3656444,118,4406188
pipesworld-tankage,p27-net3-b18-g6-t70.pddl,off,0,,,,3730542,94,8191860
pipesworld-tankage,p27-net3-b18-g6-t70.pddl,on,0,,,4884,4573751,175,7201748
pipesworld-tankage,p27-net3-b18-g6-t70.pddl,on-w0.5,0,,,4884,3514449,233,8191884
pipesworld-tankage,p27-net3-b18-g6-t70.pddl,on-w2,0,,,4884,3925831,229,5727032
pipesworld-tankage,p27-net3-b18-g6-t70.pddl,on-skipc,0,,,238,3754433,94,7543048
pipesworld-tankage,p27-net3-b18-g6-t70.pddl,on-norm,0,,,4884,3550862,224,6042880
pipesworld-tankage,p28-net3-b18-g7-t70.pddl,off,0,,,,3644650,225,8191928
pipesworld-tankage,p28-net3-b18-g7-t70.pddl,on,0,,,4884,4213430,223,5441632
pipesworld-tankage,p28-net3-b18-g7-t70.pddl,on-w0.5,0,,,4884,3476335,90,6450176
pipesworld-tankage,p28-net3-b18-g7-t70.pddl,on-w2,0,,,4884,3417786,102,6681236
pipesworld-tankage,p28-net3-b18-g7-t70.pddl,on-skipc,0,,,238,3416848,236,6659216
pipesworld-tankage,p28-net3-b18-g7-t70.pddl,on-norm,0,,,4884,4464201,144,8027952
pipesworld-tankage,p29-net3-b20-g6-t70.pddl,off,0,,,,4677988,533,6318408
pipesworld-tankage,p29-net3-b20-g6-t70.pddl,on,0,,,6496,4510913,591,6667944
pipesworld-tankage,p29-net3-b20-g6-t70.pddl,on-w0.5,0,,,6496,4488719,550,4508728
pipesworld-tankage,p29-net3-b20-g6-t70.pddl,on-w2,0,,,6496,4164864,590,7697204
pipesworld-tankage,p29-net3-b20-g6-t70.pddl,on-skipc,0,,,340,4169236,547,4917844
pipesworld-tankage,p29-net3-b20-g6-t70.pddl,on-norm,0,,,6496,4187169,595,6170924
pipesworld-tankage,p30-net3-b20-g8-t70.pddl,off,0,,,,3916547,342,4727332
pipesworld-tankage,p30-net3-b20-g8-t70.pddl,on,0,,,5716,3783928,150,7707296
pipesworld-tankage,p30-net3-b20-g8-t70.pddl,on-w0.5,0,,,5716,2397277,519,5381372
pipesworld-tankage,p30-net3-b20-g8-t70.pddl,on-w2,0,,,5716,5021180,190,5323244
pipesworld-tankage,p30-net3-b20-g8-t70.pddl,on-skipc,0,,,518,3770307,357,7896980
pipesworld-tankage,p30-net3-b20-g8-t70.pddl,on-norm,0,,,5716,4050570,324,6255676
pipesworld-tankage,p31-net4-b14-g3-t20.pddl,off,1,39,212.593,,1856881,46,1438064
pipesworld-tankage,p31-net4-b14-g3-t20.pddl,on,1,39,219.172,2574,1075882,24,1472772
pipesworld-tankage,p31-net4-b14-g3-t20.pddl,on-w0.5,1,39,217.319,2574,921185,26,1625584
pipesworld-tankage,p31-net4-b14-g3-t20.pddl,on-w2,1,39,280.301,2574,1010405,25,1626648
pipesworld-tankage,p31-net4-b14-g3-t20.pddl,on-skipc,1,39,178.722,344,917707,25,1431436
pipesworld-tankage,p31-net4-b14-g3-t20.pddl,on-norm,1,39,184.611,2574,1054628,24,1469480
pipesworld-tankage,p32-net4-b14-g5-t30.pddl,off,0,,,,3184829,59,3721588
pipesworld-tankage,p32-net4-b14-g5-t30.pddl,on,0,,,3189,2639599,57,4817332
pipesworld-tankage,p32-net4-b14-g5-t30.pddl,on-w0.5,0,,,3189,4078656,89,5767972
pipesworld-tankage,p32-net4-b14-g5-t30.pddl,on-w2,0,,,3189,2665360,57,4398964
pipesworld-tankage,p32-net4-b14-g5-t30.pddl,on-skipc,0,,,169,3160400,66,5588820
pipesworld-tankage,p32-net4-b14-g5-t30.pddl,on-norm,0,,,3189,2879957,55,3868772
pipesworld-tankage,p33-net4-b16-g5-t60.pddl,off,0,,,,2569103,60,5454804
pipesworld-tankage,p33-net4-b16-g5-t60.pddl,on,0,,,3516,3934324,100,5665944
pipesworld-tankage,p33-net4-b16-g5-t60.pddl,on-w0.5,0,,,3516,2557946,64,4987336
pipesworld-tankage,p33-net4-b16-g5-t60.pddl,on-w2,0,,,3516,2645284,62,4890836
pipesworld-tankage,p33-net4-b16-g5-t60.pddl,on-skipc,0,,,414,4283014,100,6468068
pipesworld-tankage,p33-net4-b16-g5-t60.pddl,on-norm,0,,,3516,2633047,63,4956444
pipesworld-tankage,p34-net4-b16-g6-t60.pddl,off,0,,,,4429106,97,6616104
pipesworld-tankage,p34-net4-b16-g6-t60.pddl,on,0,,,4192,4271689,169,6132048
pipesworld-tankage,p34-net4-b16-g6-t60.pddl,on-w0.5,0,,,4192,3270512,300,8154112
pipesworld-tankage,p34-net4-b16-g6-t60.pddl,on-w2,0,,,4192,3193394,83,5711468
pipesworld-tankage,p34-net4-b16-g6-t60.pddl,on-skipc,0,,,296,3760824,116,5829192
pipesworld-tankage,p34-net4-b16-g6-t60.pddl,on-norm,0,,,4192,3962939,175,6510016
pipesworld-tankage,p35-net4-b18-g4-t90.pddl,off,0,,,,4807629,206,7479996
pipesworld-tankage,p35-net4-b18-g4-t90.pddl,on,0,,,5625,3493608,397,7294500
pipesworld-tankage,p35-net4-b18-g4-t90.pddl,on-w0.5,0,,,5625,4592512,763,7666192
pipesworld-tankage,p35-net4-b18-g4-t90.pddl,on-w2,0,,,5625,3959247,394,5780560
pipesworld-tankage,p35-net4-b18-g4-t90.pddl,on-skipc,0,,,342,3350802,678,7405044
pipesworld-tankage,p35-net4-b18-g4-t90.pddl,on-norm,0,,,5625,3672897,707,8157828
pipesworld-tankage,p36-net4-b18-g6-t90.pddl,off,0,,,,5229353,775,8192000
pipesworld-tankage,p36-net4-b18-g6-t90.pddl,on,0,,,5625,4814813,698,8191948
pipesworld-tankage,p36-net4-b18-g6-t90.pddl,on-w0.5,0,,,5625,4808241,696,8191880
pipesworld-tankage,p36-net4-b18-g6-t90.pddl,on-w2,0,,,5625,3660390,652,7856132
pipesworld-tankage,p36-net4-b18-g6-t90.pddl,on-skipc,0,,,342,3556568,677,6358772
pipesworld-tankage,p36-net4-b18-g6-t90.pddl,on-norm,0,,,5625,4939153,702,7704592
pipesworld-tankage,p37-net4-b20-g5-t60.pddl,off,0,,,,5692049,307,5837764
pipesworld-tankage,p37-net4-b20-g5-t60.pddl,on,0,,,6686,4964966,582,7888620
pipesworld-tankage,p37-net4-b20-g5-t60.pddl,on-w0.5,0,,,6686,4979063,938,7794632
pipesworld-tankage,p37-net4-b20-g5-t60.pddl,on-w2,0,,,6686,4364469,322,7095196
pipesworld-tankage,p37-net4-b20-g5-t60.pddl,on-skipc,0,,,574,4603648,609,8191944
pipesworld-tankage,p37-net4-b20-g5-t60.pddl,on-norm,0,,,6686,4303059,319,7678092
pipesworld-tankage,p38-net4-b20-g7-t60.pddl,off,0,,,,4622286,463,5549240
pipesworld-tankage,p38-net4-b20-g7-t60.pddl,on,0,,,6686,4995441,593,6799164
pipesworld-tankage,p38-net4-b20-g7-t60.pddl,on-w0.5,0,,,6686,3732592,514,5207684
pipesworld-tankage,p38-net4-b20-g7-t60.pddl,on-w2,0,,,6686,4069398,346,7829136
pipesworld-tankage,p38-net4-b20-g7-t60.pddl,on-skipc,0,,,574,4629194,569,8191976
pipesworld-tankage,p38-net4-b20-g7-t60.pddl,on-norm,0,,,6686,4870689,590,5177500
pipesworld-tankage,p39-net4-b22-g7-t50.pddl,off,0,,,,4548769,1264,8191888
pipesworld-tankage,p39-net4-b22-g7-t50.pddl,on,0,,,9430,6788120,1240,8179680
pipesworld-tankage,p39-net4-b22-g7-t50.pddl,on-w0.5,0,,,9430,3812958,796,8191876
pipesworld-tankage,p39-net4-b22-g7-t50.pddl,on-w2,0,,,9430,6788065,908,8191988
pipesworld-tankage,p39-net4-b22-g7-t50.pddl,on-skipc,0,,,418,6432590,1321,5781408
pipesworld-tankage,p39-net4-b22-g7-t50.pddl,on-norm,0,,,9430,4587176,801,6416596
pipesworld-tankage,p40-net4-b22-g8-t50.pddl,off,0,,,,6439989,1274,5247968
pipesworld-tankage,p40-net4-b22-g8-t50.pddl,on,0,,,9430,4652813,788,7707708
pipesworld-tankage,p40-net4-b22-g8-t50.pddl,on-w0.5,0,,,9430,4864200,1175,5910776
pipesworld-tankage,p40-net4-b22-g8-t50.pddl,on-w2,0,,,9430,4834669,794,7429176
pipesworld-tankage,p40-net4-b22-g8-t50.pddl,on-skipc,0,,,418,5801971,821,8191964
pipesworld-tankage,p40-net4-b22-g8-t50.pddl,on-norm,0,,,9430,4674333,794,8191964
pipesworld-tankage,p41-net5-b22-g2-t20.pddl,off,0,,,,9706473,1325,7419900
pipesworld-tankage,p41-net5-b22-g2-t20.pddl,on,0,,,10878,8572344,1287,7772900
pipesworld-tankage,p41-net5-b22-g2-t20.pddl,on-w0.5,0,,,10878,10230961,1309,8191936
pipesworld-tankage,p41-net5-b22-g2-t20.pddl,on-w2,0,,,10878,9226453,1264,7965108
pipesworld-tankage,p41-net5-b22-g2-t20.pddl,on-skipc,0,,,645,10116539,1383,5251188
pipesworld-tankage,p41-net5-b22-g2-t20.pddl,on-norm,0,,,10878,10521059,1299,7026372
pipesworld-tankage,p42-net5-b22-g4-t50.pddl,off,0,,,,6635720,1767,6107620
pipesworld-tankage,p42-net5-b22-g4-t50.pddl,on,0,,,10698,6972136,1715,6465628
pipesworld-tankage,p42-net5-b22-g4-t50.pddl,on-w0.5,0,,,10698,7038759,1627,4817320
pipesworld-tankage,p42-net5-b22-g4-t50.pddl,on-w2,0,,,10698,7984177,1894,8031604
pipesworld-tankage,p42-net5-b22-g4-t50.pddl,on-skipc,0,,,645,7485514,1829,8191944
pipesworld-tankage,p42-net5-b22-g4-t50.pddl,on-norm,0,,,10698,8615838,1798,7174308
pipesworld-tankage,p43-net5-b24-g3-t80.pddl,off,0,,,,6650090,3546,8185560
pipesworld-tankage,p43-net5-b24-g3-t80.pddl,on,0,,,13308,5820128,3630,5103744
pipesworld-tankage,p43-net5-b24-g3-t80.pddl,on-w0.5,0,,,13308,5419219,4035,5670316
pipesworld-tankage,p43-net5-b24-g3-t80.pddl,on-w2,0,,,13308,6527644,6515,8104060
pipesworld-tankage,p43-net5-b24-g3-t80.pddl,on-skipc,0,,,806,6055232,3627,5144480
pipesworld-tankage,p43-net5-b24-g3-t80.pddl,on-norm,0,,,13308,6160736,6486,5578620
pipesworld-tankage,p44-net5-b24-g5-t80.pddl,off,0,,,,6685190,3563,5708972
pipesworld-tankage,p44-net5-b24-g5-t80.pddl,on,0,,,13308,6692234,6521,3093984
pipesworld-tankage,p44-net5-b24-g5-t80.pddl,on-w0.5,0,,,13308,5264890,7307,5624976
pipesworld-tankage,p44-net5-b24-g5-t80.pddl,on-w2,0,,,13308,6114644,6570,7341472
pipesworld-tankage,p44-net5-b24-g5-t80.pddl,on-skipc,0,,,806,7778708,3393,6044348
pipesworld-tankage,p44-net5-b24-g5-t80.pddl,on-norm,0,,,13308,6811059,3779,5670416
pipesworld-tankage,p45-net5-b26-g4-t50.pddl,off,0,,,,9863191,2645,8191980
pipesworld-tankage,p45-net5-b26-g4-t50.pddl,on,0,,,15691,9621132,2814,5638700
pipesworld-tankage,p45-net5-b26-g4-t50.pddl,on-w0.5,0,,,15691,9789580,2935,8191868
pipesworld-tankage,p45-net5-b26-g4-t50.pddl,on-w2,0,,,15691,9018666,2885,8191912
pipesworld-tankage,p45-net5-b26-g4-t50.pddl,on-skipc,0,,,1063,9610220,2664,5719836
pipesworld-tankage,p45-net5-b26-g4-t50.pddl,on-norm,0,,,15691,9885889,2706,7535676
pipesworld-tankage,p46-net5-b26-g6-t50.pddl,off,0,,,,8760329,2766,6407396
pipesworld-tankage,p46-net5-b26-g6-t50.pddl,on,0,,,15691,8657178,2589,5155120
pipesworld-tankage,p46-net5-b26-g6-t50.pddl,on-w0.5,0,,,15691,10170510,2782,5874576
pipesworld-tankage,p46-net5-b26-g6-t50.pddl,on-w2,0,,,15691,8371518,2586,5527616
pipesworld-tankage,p46-net5-b26-g6-t50.pddl,on-skipc,0,,,1063,10417263,2856,5919900
pipesworld-tankage,p46-net5-b26-g6-t50.pddl,on-norm,0,,,15691,8647805,2806,7682756
pipesworld-tankage,p47-net5-b28-g5-t50.pddl,off,0,,,,9416261,3433,6246672
pipesworld-tankage,p47-net5-b28-g5-t50.pddl,on,0,,,18314,9669798,3517,8191912
pipesworld-tankage,p47-net5-b28-g5-t50.pddl,on-w0.5,0,,,18314,11920844,3413,8191972
pipesworld-tankage,p47-net5-b28-g5-t50.pddl,on-w2,0,,,18314,11889668,3327,6666932
pipesworld-tankage,p47-net5-b28-g5-t50.pddl,on-skipc,0,,,1385,11084262,3521,8191948
pipesworld-tankage,p47-net5-b28-g5-t50.pddl,on-norm,0,,,18314,9885978,3400,8191964
pipesworld-tankage,p48-net5-b28-g7-t50.pddl,off,0,,,,11065427,3490,8191904
pipesworld-tankage,p48-net5-b28-g7-t50.pddl,on,0,,,18314,10261838,3328,8191920
pipesworld-tankage,p48-net5-b28-g7-t50.pddl,on-w0.5,0,,,18314,8945778,3336,5897124
pipesworld-tankage,p48-net5-b28-g7-t50.pddl,on-w2,0,,,18314,9257117,3631,6722776
pipesworld-tankage,p48-net5-b28-g7-t50.pddl,on-skipc,0,,,1385,11111244,3727,5471076
pipesworld-tankage,p48-net5-b28-g7-t50.pddl,on-norm,0,,,18314,12108090,3405,8191948
pipesworld-tankage,p49-net5-b30-g6-t50.pddl,off,0,,,,14092488,3959,8191872
pipesworld-tankage,p49-net5-b30-g6-t50.pddl,on,0,,,21705,11430807,6196,7564040
pipesworld-tankage,p49-net5-b30-g6-t50.pddl,on-w0.5,0,,,21705,10496990,4039,6735136
pipesworld-tankage,p49-net5-b30-g6-t50.pddl,on-w2,0,,,21705,10469021,4308,6255044
pipesworld-tankage,p49-net5-b30-g6-t50.pddl,on-skipc,0,,,1758,12780306,4254,8192000
pipesworld-tankage,p49-net5-b30-g6-t50.pddl,on-norm,0,,,21705,12319468,4023,5084132
pipesworld-tankage,p50-net5-b30-g8-t50.pddl,off,0,,,,13587487,4172,5953992
pipesworld-tankage,p50-net5-b30-g8-t50.pddl,on,0,,,21705,12171246,6091,7487416
pipesworld-tankage,p50-net5-b30-g8-t50.pddl,on-w0.5,0,,,21705,13893327,4206,7807616
pipesworld-tankage,p50-net5-b30-g8-t50.pddl,on-w2,0,,,21705,11445783,4246,7098440
pipesworld-tankage,p50-net5-b30-g8-t50.pddl,on-skipc,0,,,1758,11895579,3991,8191856
pipesworld-tankage,p50-net5-b30-g8-t50.pddl,on-norm,0,,,21705,11566610,4080,7530012
pipesworld-notankage,p01-net1-b6-g2.pddl,off,1,5,0.0284792,,8097,1,474664
pipesworld-notankage,p01-net1-b6-g2.pddl,on,1,5,0.0264597,258,7896,1,474408
pipesworld-notankage,p01-net1-b6-g2.pddl,on-w0.5,1,5,0.0268863,258,8455,1,474696
pipesworld-notankage,p01-net1-b6-g2.pddl,on-w2,1,5,0.0262315,258,7356,1,474536
pipesworld-notankage,p01-net1-b6-g2.pddl,on-skipc,1,5,0.0260444,82,8018,1,474536
pipesworld-notankage,p01-net1-b6-g2.pddl,on-norm,1,5,0.0407628,258,7896,1,474408
pipesworld-notankage,p02-net1-b6-g4.pddl,off,1,12,0.0535258,,8063,1,475336
pipesworld-notankage,p02-net1-b6-g4.pddl,on,1,12,0.0517884,258,7992,1,475080
pipesworld-notankage,p02-net1-b6-g4.pddl,on-w0.5,1,12,0.0527242,258,8455,1,475176
pipesworld-notankage,p02-net1-b6-g4.pddl,on-w2,1,12,0.053518,258,7356,1,475112
pipesworld-notankage,p02-net1-b6-g4.pddl,on-skipc,1,12,0.0517645,82,8018,1,474984
pipesworld-notankage,p02-net1-b6-g4.pddl,on-norm,1,12,0.0534775,258,7992,1,475080
pipesworld-notankage,p03-net1-b8-g3.pddl,off,1,8,0.177147,,37556,1,547024
pipesworld-notankage,p03-net1-b8-g3.pddl,on,1,8,0.178458,408,35730,1,546768
pipesworld-notankage,p03-net1-b8-g3.pddl,on-w0.5,1,8,0.180191,408,36349,1,546928
pipesworld-notankage,p03-net1-b8-g3.pddl,on-w2,1,8,0.174886,408,31916,1,546800
pipesworld-notankage,p03-net1-b8-g3.pddl,on-skipc,1,8,0.170712,120,35052,1,546256
pipesworld-notankage,p03-net1-b8-g3.pddl,on-norm,1,8,0.17314,408,35730,1,546768
pipesworld-notankage,p04-net1-b8-g5.pddl,off,1,11,0.181032,,37357,1,547056
pipesworld-notankage,p04-net1-b8-g5.pddl,on,1,11,0.198947,408,35730,1,547760
pipesworld-notankage,p04-net1-b8-g5.pddl,on-w0.5,1,11,0.186479,408,36349,1,546928
pipesworld-notankage,p04-net1-b8-g5.pddl,on-w2,1,11,0.175993,408,31916,1,546960
pipesworld-notankage,p04-net1-b8-g5.pddl,on-skipc,1,11,0.183572,120,35052,1,546672
pipesworld-notankage,p04-net1-b8-g5.pddl,on-norm,1,11,0.196625,408,35730,1,547760
pipesworld-notankage,p05-net1-b10-g4.pddl,off,1,8,0.942395,,202741,3,536572
pipesworld-notankage,p05-net1-b10-g4.pddl,on,1,8,0.853188,590,163960,3,528160
pipesworld-notankage,p05-net1-b10-g4.pddl,on-w0.5,1,8,0.841143,590,195877,3,532224
pipesworld-notankage,p05-net1-b10-g4.pddl,on-w2,1,8,0.88814,590,188823,3,531744
pipesworld-notankage,p05-net1-b10-g4.pddl,on-skipc,1,8,0.884904,142,194584,3,531520
pipesworld-notankage,p05-net1-b10-g4.pddl,on-norm,1,8,0.837405,590,163960,3,528160
pipesworld-notankage,p06-net1-b10-g6.pddl,off,1,10,0.977876,,174244,3,537660
pipesworld-notankage,p06-net1-b10-g6.pddl,on,1,10,0.872989,590,188218,3,531872
pipesworld-notankage,p06-net1-b10-g6.pddl,on-w0.5,1,10,1.13322,590,162826,3,529976
pipesworld-notankage,p06-net1-b10-g6.pddl,on-w2,1,10,0.578168,590,169306,3,530880
pipesworld-notankage,p06-net1-b10-g6.pddl,on-skipc,1,10,0.877748,142,162669,3,525600
pipesworld-notankage,p06-net1-b10-g6.pddl,on-norm,1,10,0.899995,590,188218,3,531872
pipesworld-notankage,p07-net1-b12-g5.pddl,off,1,8,2.93091,,537598,9,745244
pipesworld-notankage,p07-net1-b12-g5.pddl,on,1,8,3.20594,804,501870,7,789032
pipesworld-notankage,p07-net1-b12-g5.pddl,on-w0.5,1,8,2.72068,804,512761,7,743740
pipesworld-notankage,p07-net1-b12-g5.pddl,on-w2,1,8,3.3709,804,503907,7,792708
pipesworld-notankage,p07-net1-b12-g5.pddl,on-skipc,1,8,1.77186,180,507867,9,739712
pipesworld-notankage,p07-net1-b12-g5.pddl,on-norm,1,8,4.67354,804,501870,7,789032
pipesworld-notankage,p08-net1-b12-g7.pddl,off,1,10,3.79981,,499073,7,793092
pipesworld-notankage,p08-net1-b12-g7.pddl,on,1,10,2.26581,804,517242,9,758680
pipesworld-notankage,p08-net1-b12-g7.pddl,on-w0.5,1,10,3.84194,804,496558,7,797348
pipesworld-notankage,p08-net1-b12-g7.pddl,on-w2,1,10,3.39191,804,526560,9,769232
pipesworld-notankage,p08-net1-b12-g7.pddl,on-skipc,1,10,3.12116,180,495497,7,759732
pipesworld-notankage,p08-net1-b12-g7.pddl,on-norm,1,10,3.41664,804,517242,9,758680
pipesworld-notankage,p09-net1-b14-g6.pddl,off,1,13,25.2228,,1023536,20,1251160
pipesworld-notankage,p09-net1-b14-g6.pddl,on,1,13,30.2098,1050,1131297,21,1194840
pipesworld-notankage,p09-net1-b14-g6.pddl,on-w0.5,1,13,30.1826,1050,1088418,21,1198264
pipesworld-notankage,p09-net1-b14-g6.pddl,on-w2,1,13,23.7035,1050,1057855,20,1242588
pipesworld-notankage,p09-net1-b14-g6.pddl,on-skipc,1,13,29.8559,250,1112915,21,1207316
pipesworld-notankage,p09-net1-b14-g6.pddl,on-norm,1,13,20.8423,1050,1131297,21,1194840
pipesworld-notankage,p10-net1-b14-g8.pddl,off,1,18,140.504,,1014206,21,1210520
pipesworld-notankage,p10-net1-b14-g8.pddl,on,1,18,131.013,1050,1121173,19,1233624
pipesworld-notankage,p10-net1-b14-g8.pddl,on-w0.5,1,18,107.713,1050,1090243,18,1119400
pipesworld-notankage,p10-net1-b14-g8.pddl,on-w2,1,18,86.9917,1050,1123897,21,1264976
pipesworld-notankage,p10-net1-b14-g8.pddl,on-skipc,1,18,123.204,250,1039799,20,1151252
pipesworld-notankage,p10-net1-b14-g8.pddl,on-norm,1,18,119.181,1050,1121173,19,1233656
pipesworld-notankage,p11-net2-b10-g2.pddl,off,1,20,201.44,,530281,13,1557108
pipesworld-notankage,p11-net2-b10-g2.pddl,on,1,20,61.4103,2015,279157,5,1327444
pipesworld-notankage,p11-net2-b10-g2.pddl,on-w0.5,1,20,135.576,2015,444617,8,1269000
pipesworld-notankage,p11-net2-b10-g2.pddl,on-w2,1,20,65.2898,2015,288576,5,1395144
pipesworld-notankage,p11-net2-b10-g2.pddl,on-skipc,1,20,77.6553,1165,330807,5,1347088
pipesworld-notankage,p11-net2-b10-g2.pddl,on-norm,1,20,51.9839,2015,279157,5,1354248
pipesworld-notankage,p12-net2-b10-g4.pddl,off,1,24,114.963,,520686,12,1191932
pipesworld-notankage,p12-net2-b10-g4.pddl,on,1,24,52.2745,2015,291159,5,1145896
pipesworld-notankage,p12-net2-b10-g4.pddl,on-w0.5,1,24,101.408,2015,505070,9,1410092
pipesworld-notankage,p12-net2-b10-g4.pddl,on-w2,1,24,96.4007,2015,287893,5,1371768
pipesworld-notankage,p12-net2-b10-g4.pddl,on-skipc,1,24,123.172,1165,325886,5,1220340
pipesworld-notankage,p12-net2-b10-g4.pddl,on-norm,1,24,52.2959,2015,291159,5,1145896
pipesworld-notankage,p13-net2-b12-g3.pddl,off,1,16,70.9986,,427490,11,1091828
pipesworld-notankage,p13-net2-b12-g3.pddl,on,1,16,60.5261,2614,520120,8,1399428
pipesworld-notankage,p13-net2-b12-g3.pddl,on-w0.5,1,16,50.4208,2614,503945,6,1321800
pipesworld-notankage,p13-net2-b12-g3.pddl,on-w2,1,16,36.1306,2614,513284,6,1082236
pipesworld-notankage,p13-net2-b12-g3.pddl,on-skipc,1,16,45.4916,1558,396506,6,1185068
pipesworld-notankage,p13-net2-b12-g3.pddl,on-norm,1,16,43.5861,2614,520120,8,1399268
pipesworld-notankage,p14-net2-b12-g5.pddl,off,0,,,,1105872,17,4913412
pipesworld-notankage,p14-net2-b12-g5.pddl,on,1,30,1665.98,2826,643681,15,4108168
pipesworld-notankage,p14-net2-b12-g5.pddl,on-w0.5,0,,,2826,840808,14,5285156
pipesworld-notankage,p14-net2-b12-g5.pddl,on-w2,0,,,2826,579530,15,5047612
pipesworld-notankage,p14-net2-b12-g5.pddl,on-skipc,0,,,1698,612471,14,4613972
pipesworld-notankage,p14-net2-b12-g5.pddl,on-norm,0,,,2826,643681,15,4417384
pipesworld-notankage,p15-net2-b14-g4.pddl,off,1,26,105.388,,318693,7,1396740
pipesworld-notankage,p15-net2-b14-g4.pddl,on,1,26,103.382,2753,445126,7,1327944
pipesworld-notankage,p15-net2-b14-g4.pddl,on-w0.5,1,26,70.4869,2753,328297,5,1255328
pipesworld-notankage,p15-net2-b14-g4.pddl,on-w2,1,26,102.723,2753,443423,7,1234112
pipesworld-notankage,p15-net2-b14-g4.pddl,on-skipc,1,26,106.885,1681,476802,7,1333868
pipesworld-notankage,p15-net2-b14-g4.pddl,on-norm,1,26,100.953,2753,445126,7,1327388
pipesworld-notankage,p16-net2-b14-g6.pddl,off,0,,,,330826,7,4591804
pipesworld-notankage,p16-net2-b14-g6.pddl,on,0,,,2753,454080,7,3804264
pipesworld-notankage,p16-net2-b14-g6.pddl,on-w0.5,1,42,1723.56,2753,508508,7,4307564
pipesworld-notankage,p16-net2-b14-g6.pddl,on-w2,0,,,2753,457963,7,3845292
pipesworld-notankage,p16-net2-b14-g6.pddl,on-skipc,0,,,1681,411701,9,4328776
pipesworld-notankage,p16-net2-b14-g6.pddl,on-norm,0,,,2753,454080,7,3819928
pipesworld-notankage,p17-net2-b16-g5.pddl,off,0,,,,1860475,30,4569712
pipesworld-notankage,p17-net2-b16-g5.pddl,on,0,,,5000,1010409,18,5782980
pipesworld-notankage,p17-net2-b16-g5.pddl,on-w0.5,0,,,5000,1116931,22,7239028
pipesworld-notankage,p17-net2-b16-g5.pddl,on-w2,0,,,5000,966981,17,6392188
pipesworld-notankage,p17-net2-b16-g5.pddl,on-skipc,0,,,3208,1142448,20,7492004
pipesworld-notankage,p17-net2-b16-g5.pddl,on-norm,0,,,5000,1010409,18,6134636
pipesworld-notankage,p18-net2-b16-g7.pddl,off,0,,,,1664181,29,5071236
pipesworld-notankage,p18-net2-b16-g7.pddl,on,0,,,5000,1063341,16,5877368
pipesworld-notankage,p18-net2-b16-g7.pddl,on-w0.5,0,,,5000,1143694,19,4905720
pipesworld-notankage,p18-net2-b16-g7.pddl,on-w2,0,,,5000,993639,18,5350592
pipesworld-notankage,p18-net2-b16-g7.pddl,on-skipc,0,,,3208,1094384,22,5507644
pipesworld-notankage,p18-net2-b16-g7.pddl,on-norm,0,,,5000,1063341,16,5594632
pipesworld-notankage,p19-net2-b18-g6.pddl,off,0,,,,1267212,25,5710796
pipesworld-notankage,p19-net2-b18-g6.pddl,on,0,,,6402,1302584,19,6140340
pipesworld-notankage,p19-net2-b18-g6.pddl,on-w0.5,0,,,6402,1233500,23,5891860
pipesworld-notankage,p19-net2-b18-g6.pddl,on-w2,0,,,6402,1266822,21,6215172
pipesworld-notankage,p19-net2-b18-g6.pddl,on-skipc,0,,,4206,1240715,22,6303596
pipesworld-notankage,p19-net2-b18-g6.pddl,on-norm,0,,,6402,1302584,19,6039520
pipesworld-notankage,p20-net2-b18-g8.pddl,off,0,,,,1314884,23,5015372
pipesworld-notankage,p20-net2-b18-g8.pddl,on,0,,,6402,1213467,23,5026044
pipesworld-notankage,p20-net2-b18-g8.pddl,on-w0.5,0,,,6402,1162608,23,5886548
pipesworld-notankage,p20-net2-b18-g8.pddl,on-w2,0,,,6402,1107624,19,5953652
pipesworld-notankage,p20-net2-b18-g8.pddl,on-skipc,0,,,4206,1055400,18,6369628
pipesworld-notankage,p20-net2-b18-g8.pddl,on-norm,0,,,6402,1213467,23,5385316
pipesworld-notankage,p21-net3-b12-g2.pddl,off,1,14,110.396,,1461292,28,1606484
pipesworld-notankage,p21-net3-b12-g2.pddl,on,1,14,136.651,3909,625300,12,1753784
pipesworld-notankage,p21-net3-b12-g2.pddl,on-w0.5,1,14,100.164,3909,715844,15,1530676
pipesworld-notankage,p21-net3-b12-g2.pddl,on-w2,1,14,141.804,3909,664477,9,1701736
pipesworld-notankage,p21-net3-b12-g2.pddl,on-skipc,1,14,97.7132,2535,672923,10,1667168
pipesworld-notankage,p21-net3-b12-g2.pddl,on-norm,1,14,138.559,3909,625300,12,1752260
pipesworld-notankage,p22-net3-b12-g4.pddl,off,0,,,,1486405,29,5008284
pipesworld-notankage,p22-net3-b12-g4.pddl,on,0,,,3909,683239,11,4694140
pipesworld-notankage,p22-net3-b12-g4.pddl,on-w0.5,0,,,3909,822980,12,5432276
pipesworld-notankage,p22-net3-b12-g4.pddl,on-w2,0,,,3909,672476,9,4928508
pipesworld-notankage,p22-net3-b12-g4.pddl,on-skipc,0,,,2535,684464,10,5948376
pipesworld-notankage,p22-net3-b12-g4.pddl,on-norm,0,,,3909,683239,11,5557080
pipesworld-notankage,p23-net3-b14-g3.pddl,off,0,,,,3132631,121,7853888
pipesworld-notankage,p23-net3-b14-g3.pddl,on,0,,,5978,1187487,22,4832372
pipesworld-notankage,p23-net3-b14-g3.pddl,on-w0.5,0,,,5978,2720468,52,4522260
pipesworld-notankage,p23-net3-b14-g3.pddl,on-w2,0,,,5978,1026603,20,4698300
pipesworld-notankage,p23-net3-b14-g3.pddl,on-skipc,0,,,3990,1394722,27,6926088
pipesworld-notankage,p23-net3-b14-g3.pddl,on-norm,0,,,5978,1187487,22,4944644
pipesworld-notankage,p24-net3-b14-g5.pddl,off,0,,,,3187030,120,6012000
pipesworld-notankage,p24-net3-b14-g5.pddl,on,0,,,5978,1505182,30,5226520
pipesworld-notankage,p24-net3-b14-g5.pddl,on-w0.5,0,,,5978,2962243,62,4658904
pipesworld-notankage,p24-net3-b14-g5.pddl,on-w2,0,,,5978,1101802,23,5647152
pipesworld-notankage,p24-net3-b14-g5.pddl,on-skipc,0,,,3990,1419742,27,6059668
pipesworld-notankage,p24-net3-b14-g5.pddl,on-norm,0,,,5978,1505182,30,4393516
pipesworld-notankage,p25-net3-b16-g5.pddl,off,0,,,,3828587,109,6350844
pipesworld-notankage,p25-net3-b16-g5.pddl,on,0,,,8223,3626838,72,6664208
pipesworld-notankage,p25-net3-b16-g5.pddl,on-w0.5,0,,,8223,3509647,95,7292744
pipesworld-notankage,p25-net3-b16-g5.pddl,on-w2,0,,,8223,1813456,34,6523112
pipesworld-notankage,p25-net3-b16-g5.pddl,on-skipc,0,,,5621,2409887,46,5506276
pipesworld-notankage,p25-net3-b16-g5.pddl,on-norm,0,,,8223,3556978,74,7249340
pipesworld-notankage,p26-net3-b16-g7.pddl,off,0,,,,4309822,120,5933904
pipesworld-notankage,p26-net3-b16-g7.pddl,on,0,,,8223,3697319,65,5734792
pipesworld-notankage,p26-net3-b16-g7.pddl,on-w0.5,0,,,8223,3630008,100,5567880
pipesworld-notankage,p26-net3-b16-g7.pddl,on-w2,0,,,8223,2564024,52,4616956
pipesworld-notankage,p26-net3-b16-g7.pddl,on-skipc,0,,,5621,3194132,56,6598260
pipesworld-notankage,p26-net3-b16-g7.pddl,on-norm,0,,,8223,3697319,65,5149696
pipesworld-notankage,p27-net3-b18-g6.pddl,off,0,,,,3987519,157,5848028
pipesworld-notankage,p27-net3-b18-g6.pddl,on,0,,,10185,5276557,97,7804336
pipesworld-notankage,p27-net3-b18-g6.pddl,on-w0.5,0,,,10185,5687025,146,4851464
pipesworld-notankage,p27-net3-b18-g6.pddl,on-w2,0,,,10185,3133992,60,4725624
pipesworld-notankage,p27-net3-b18-g6.pddl,on-skipc,0,,,7079,3744525,73,5234408
pipesworld-notankage,p27-net3-b18-g6.pddl,on-norm,0,,,10185,5276557,97,6243308
pipesworld-notankage,p28-net3-b18-g7.pddl,off,0,,,,2569992,302,6732272
pipesworld-notankage,p28-net3-b18-g7.pddl,on,0,,,10185,3633544,90,6963936
pipesworld-notankage,p28-net3-b18-g7.pddl,on-w0.5,0,,,10185,3234030,116,5596412
pipesworld-notankage,p28-net3-b18-g7.pddl,on-w2,0,,,10185,4001391,76,5752380
pipesworld-notankage,p28-net3-b18-g7.pddl,on-skipc,0,,,7079,3386282,69,5996868
pipesworld-notankage,p28-net3-b18-g7.pddl,on-norm,0,,,10185,3616529,91,7284796
pipesworld-notankage,p29-net3-b20-g6.pddl,off,0,,,,4108204,338,7848272
pipesworld-notankage,p29-net3-b20-g6.pddl,on,0,,,13510,6544476,168,4915848
pipesworld-notankage,p29-net3-b20-g6.pddl,on-w0.5,0,,,13510,6525035,191,5503952
pipesworld-notankage,p29-net3-b20-g6.pddl,on-w2,0,,,13510,6884732,149,7600284
pipesworld-notankage,p29-net3-b20-g6.pddl,on-skipc,0,,,9570,6636157,153,6281712
pipesworld-notankage,p29-net3-b20-g6.pddl,on-norm,0,,,13510,6519977,169,4799244
pipesworld-notankage,p30-net3-b20-g8.pddl,off,0,,,,3953440,177,5847224
pipesworld-notankage,p30-net3-b20-g8.pddl,on,0,,,11710,2530874,59,6054652
pipesworld-notankage,p30-net3-b20-g8.pddl,on-w0.5,0,,,11710,2858857,53,4848268
pipesworld-notankage,p30-net3-b20-g8.pddl,on-w2,0,,,11710,2110204,41,7569292
pipesworld-notankage,p30-net3-b20-g8.pddl,on-skipc,0,,,8210,2455092,46,3836496
pipesworld-notankage,p30-net3-b20-g8.pddl,on-norm,0,,,11710,2530874,59,6056128
pipesworld-notankage,p31-net4-b14-g3.pddl,off,0,,,,4482875,178,6525260
pipesworld-notankage,p31-net4-b14-g3.pddl,on,0,,,6510,1977204,40,5035220
pipesworld-notankage,p31-net4-b14-g3.pddl,on-w0.5,0,,,6510,2477004,59,5045828
pipesworld-notankage,p31-net4-b14-g3.pddl,on-w2,0,,,6510,1561729,38,5466092
pipesworld-notankage,p31-net4-b14-g3.pddl,on-skipc,0,,,3896,1435947,28,5042432
pipesworld-notankage,p31-net4-b14-g3.pddl,on-norm,0,,,6510,2037911,38,4764088
pipesworld-notankage,p32-net4-b14-g5.pddl,off,0,,,,4615246,174,7848104
pipesworld-notankage,p32-net4-b14-g5.pddl,on,0,,,6510,1864212,39,4767360
pipesworld-notankage,p32-net4-b14-g5.pddl,on-w0.5,0,,,6510,4277215,92,5428584
pipesworld-notankage,p32-net4-b14-g5.pddl,on-w2,0,,,6510,1157901,31,4633608
pipesworld-notankage,p32-net4-b14-g5.pddl,on-skipc,0,,,3896,1320865,28,4798748
pipesworld-notankage,p32-net4-b14-g5.pddl,on-norm,0,,,6510,1864212,39,5068672
pipesworld-notankage,p33-net4-b16-g5.pddl,off,0,,,,4667670,178,6985588
pipesworld-notankage,p33-net4-b16-g5.pddl,on,0,,,7131,1281152,25,5312848
pipesworld-notankage,p33-net4-b16-g5.pddl,on-w0.5,0,,,7131,1478488,25,4911196
pipesworld-notankage,p33-net4-b16-g5.pddl,on-w2,0,,,7131,1125502,21,5371628
pipesworld-notankage,p33-net4-b16-g5.pddl,on-skipc,0,,,4341,1278007,24,5082252
pipesworld-notankage,p33-net4-b16-g5.pddl,on-norm,0,,,7131,1281152,25,5310612
pipesworld-notankage,p34-net4-b16-g6.pddl,off,0,,,,4061956,111,5377028
pipesworld-notankage,p34-net4-b16-g6.pddl,on,0,,,8419,2036968,44,7809424
pipesworld-notankage,p34-net4-b16-g6.pddl,on-w0.5,0,,,8419,2783172,78,5738260
pipesworld-notankage,p34-net4-b16-g6.pddl,on-w2,0,,,8419,1689561,42,6481732
pipesworld-notankage,p34-net4-b16-g6.pddl,on-skipc,0,,,5151,1947742,39,4641488
pipesworld-notankage,p34-net4-b16-g6.pddl,on-norm,0,,,8419,2029444,45,7176804
pipesworld-notankage,p35-net4-b18-g4.pddl,off,0,,,,3780679,454,5346724
pipesworld-notankage,p35-net4-b18-g4.pddl,on,0,,,11439,4808344,114,5636016
pipesworld-notankage,p35-net4-b18-g4.pddl,on-w0.5,0,,,11439,5021084,155,8191912
pipesworld-notankage,p35-net4-b18-g4.pddl,on-w2,0,,,11439,3930378,80,5892672
pipesworld-notankage,p35-net4-b18-g4.pddl,on-skipc,0,,,7173,4516387,84,6985604
pipesworld-notankage,p35-net4-b18-g4.pddl,on-norm,0,,,11439,4834662,113,7571008
pipesworld-notankage,p36-net4-b18-g6.pddl,off,0,,,,3627856,468,5913320
pipesworld-notankage,p36-net4-b18-g6.pddl,on,0,,,11439,4616788,103,6379504
pipesworld-notankage,p36-net4-b18-g6.pddl,on-w0.5,0,,,11439,4697910,161,7633224
pipesworld-notankage,p36-net4-b18-g6.pddl,on-w2,0,,,11439,3649565,71,5725300
pipesworld-notankage,p36-net4-b18-g6.pddl,on-skipc,0,,,7173,4348175,99,5341732
pipesworld-notankage,p36-net4-b18-g6.pddl,on-norm,0,,,11439,4622297,97,7326408
pipesworld-notankage,p37-net4-b20-g5.pddl,off,0,,,,5156774,284,6003248
pipesworld-notankage,p37-net4-b20-g5.pddl,on,0,,,13509,4816499,94,5377436
pipesworld-notankage,p37-net4-b20-g5.pddl,on-w0.5,0,,,13509,4885009,145,4905964
pipesworld-notankage,p37-net4-b20-g5.pddl,on-w2,0,,,13509,3551523,69,6423980
pipesworld-notankage,p37-net4-b20-g5.pddl,on-skipc,0,,,8603,3447137,68,6031788
pipesworld-notankage,p37-net4-b20-g5.pddl,on-norm,0,,,13509,4816499,94,5520596
pipesworld-notankage,p38-net4-b20-g7.pddl,off,0,,,,4395785,312,5368892
pipesworld-notankage,p38-net4-b20-g7.pddl,on,0,,,13509,4214039,97,6294836
pipesworld-notankage,p38-net4-b20-g7.pddl,on-w0.5,0,,,13509,5303285,146,6088820
pipesworld-notankage,p38-net4-b20-g7.pddl,on-w2,0,,,13509,3672047,70,4995944
pipesworld-notankage,p38-net4-b20-g7.pddl,on-skipc,0,,,8603,3803335,75,6652192
pipesworld-notankage,p38-net4-b20-g7.pddl,on-norm,0,,,13509,4292504,80,6297388
pipesworld-notankage,p39-net4-b22-g7.pddl,off,0,,,,6810904,601,8191960
pipesworld-notankage,p39-net4-b22-g7.pddl,on,0,,,19041,10568682,362,6606160
pipesworld-notankage,p39-net4-b22-g7.pddl,on-w0.5,0,,,19041,6380373,446,7918896
pipesworld-notankage,p39-net4-b22-g7.pddl,on-w2,0,,,19041,11658183,350,6775660
pipesworld-notankage,p39-net4-b22-g7.pddl,on-skipc,0,,,12507,7309037,340,7681344
pipesworld-notankage,p39-net4-b22-g7.pddl,on-norm,0,,,19041,10737832,358,6350484
pipesworld-notankage,p40-net4-b22-g8.pddl,off,0,,,,6286149,712,5518304
pipesworld-notankage,p40-net4-b22-g8.pddl,on,0,,,19041,7963943,363,5893464
pipesworld-notankage,p40-net4-b22-g8.pddl,on-w0.5,0,,,19041,8630224,454,4878196
pipesworld-notankage,p40-net4-b22-g8.pddl,on-w2,0,,,19041,7108389,354,7365416
pipesworld-notankage,p40-net4-b22-g8.pddl,on-skipc,0,,,12507,6505333,391,5213016
pipesworld-notankage,p40-net4-b22-g8.pddl,on-norm,0,,,19041,7963943,363,6499648
pipesworld-notankage,p41-net5-b22-g2.pddl,off,0,,,,9143262,703,6754488
pipesworld-notankage,p41-net5-b22-g2.pddl,on,0,,,21282,9941343,411,5549220
pipesworld-notankage,p41-net5-b22-g2.pddl,on-w0.5,0,,,21282,6488992,709,6511344
pipesworld-notankage,p41-net5-b22-g2.pddl,on-w2,0,,,21282,10595244,385,7418740
pipesworld-notankage,p41-net5-b22-g2.pddl,on-skipc,0,,,13222,11159110,380,8191964
pipesworld-notankage,p41-net5-b22-g2.pddl,on-norm,0,,,21282,9695921,424,4737188
pipesworld-notankage,p42-net5-b22-g4.pddl,off,0,,,,7399263,712,6188680
pipesworld-notankage,p42-net5-b22-g4.pddl,on,0,,,21282,10744172,361,8191928
pipesworld-notankage,p42-net5-b22-g4.pddl,on-w0.5,0,,,21282,10453262,479,4951668
pipesworld-notankage,p42-net5-b22-g4.pddl,on-w2,0,,,21282,11091179,359,5804096
pipesworld-notankage,p42-net5-b22-g4.pddl,on-skipc,0,,,13222,10963073,360,6066684
pipesworld-notankage,p42-net5-b22-g4.pddl,on-norm,0,,,21282,9978873,382,8110692
pipesworld-notankage,p43-net5-b24-g3.pddl,off,0,,,,8541295,858,6310132
pipesworld-notankage,p43-net5-b24-g3.pddl,on,0,,,26043,9540120,568,5606256
pipesworld-notankage,p43-net5-b24-g3.pddl,on-w0.5,0,,,26043,11276876,663,4915688
pipesworld-notankage,p43-net5-b24-g3.pddl,on-w2,0,,,26043,10512025,483,8191988
pipesworld-notankage,p43-net5-b24-g3.pddl,on-skipc,0,,,16473,9994637,498,5852692
pipesworld-notankage,p43-net5-b24-g3.pddl,on-norm,0,,,26043,9567025,563,6121556
pipesworld-notankage,p44-net5-b24-g5.pddl,off,0,,,,9641655,857,4872508
pipesworld-notankage,p44-net5-b24-g5.pddl,on,0,,,26043,13059668,554,5082196
pipesworld-notankage,p44-net5-b24-g5.pddl,on-w0.5,0,,,26043,7389818,844,5340940
pipesworld-notankage,p44-net5-b24-g5.pddl,on-w2,0,,,26043,12773307,476,7790720
pipesworld-notankage,p44-net5-b24-g5.pddl,on-skipc,0,,,16473,13333293,509,5943204
pipesworld-notankage,p44-net5-b24-g5.pddl,on-norm,0,,,26043,13447360,538,5638308
pipesworld-notankage,p45-net5-b26-g4.pddl,off,0,,,,13235849,1010,6806772
pipesworld-notankage,p45-net5-b26-g4.pddl,on,0,,,31064,13531093,655,6160072
pipesworld-notankage,p45-net5-b26-g4.pddl,on-w0.5,0,,,31064,10603573,872,7503116
pipesworld-notankage,p45-net5-b26-g4.pddl,on-w2,0,,,31064,11991756,664,7170888
pipesworld-notankage,p45-net5-b26-g4.pddl,on-skipc,0,,,19925,12514068,657,6481800
pipesworld-notankage,p45-net5-b26-g4.pddl,on-norm,0,,,31064,13398614,664,5564204
pipesworld-notankage,p46-net5-b26-g6.pddl,off,0,,,,12021722,1032,4675756
pipesworld-notankage,p46-net5-b26-g6.pddl,on,0,,,31064,14624449,701,3647264
pipesworld-notankage,p46-net5-b26-g6.pddl,on-w0.5,0,,,31064,13734083,749,5892952
pipesworld-notankage,p46-net5-b26-g6.pddl,on-w2,0,,,31064,12945121,626,8191980
pipesworld-notankage,p46-net5-b26-g6.pddl,on-skipc,0,,,19925,12712145,619,7781396
pipesworld-notankage,p46-net5-b26-g6.pddl,on-norm,0,,,31064,14624449,701,6186224
pipesworld-notankage,p47-net5-b28-g5.pddl,off,0,,,,15964579,1450,6490548
pipesworld-notankage,p47-net5-b28-g5.pddl,on,0,,,36167,14629107,770,5950000
pipesworld-notankage,p47-net5-b28-g5.pddl,on-w0.5,0,,,36167,15613692,805,5936816
pipesworld-notankage,p47-net5-b28-g5.pddl,on-w2,0,,,36167,11995966,755,6503732
pipesworld-notankage,p47-net5-b28-g5.pddl,on-skipc,0,,,23518,12548637,788,7272728
pipesworld-notankage,p47-net5-b28-g5.pddl,on-norm,0,,,36167,14404551,780,6057848
pipesworld-notankage,p48-net5-b28-g7.pddl,off,0,,,,14552439,1183,6667452
pipesworld-notankage,p48-net5-b28-g7.pddl,on,0,,,36167,14517105,830,7752420
pipesworld-notankage,p48-net5-b28-g7.pddl,on-w0.5,0,,,36167,17919827,788,7266772
pipesworld-notankage,p48-net5-b28-g7.pddl,on-w2,0,,,36167,13841940,710,4064856
pipesworld-notankage,p48-net5-b28-g7.pddl,on-skipc,0,,,23518,12557241,753,5023964
pipesworld-notankage,p48-net5-b28-g7.pddl,on-norm,0,,,36167,14527464,828,7183300
pipesworld-notankage,p49-net5-b30-g6.pddl,off,0,,,,16633878,1323,6248796
pipesworld-notankage,p49-net5-b30-g6.pddl,on,0,,,42426,14021273,985,7297200
pipesworld-notankage,p49-net5-b30-g6.pddl,on-w0.5,0,,,42426,18049890,868,8191956
pipesworld-notankage,p49-net5-b30-g6.pddl,on-w2,0,,,42426,14601208,853,7315880
pipesworld-notankage,p49-net5-b30-g6.pddl,on-skipc,0,,,28102,13958634,870,6525380
pipesworld-notankage,p49-net5-b30-g6.pddl,on-norm,0,,,42426,15165251,924,6879484
pipesworld-notankage,p50-net5-b30-g8.pddl,off,0,,,,15715988,1288,5021632
pipesworld-notankage,p50-net5-b30-g8.pddl,on,0,,,42426,15500209,841,6121304
pipesworld-notankage,p50-net5-b30-g8.pddl,on-w0.5,0,,,42426,13872453,1077,4833052
pipesworld-notankage,p50-net5-b30-g8.pddl,on-w2,0,,,42426,17515593,836,4590588
pipesworld-notankage,p50-net5-b30-g8.pddl,on-skipc,0,,,28102,14209428,840,5159032
pipesworld-notankage,p50-net5-b30-g8.pddl,on-norm,0,,,42426,15999364,821,5721056
scanalyzer-08-strips,p01.pddl,off,1,18,0.32754,,12731,2,509436
scanalyzer-08-strips,p01.pddl,on,1,18,0.277949,90,17533,2,512152
scanalyzer-08-strips,p01.pddl,on-w0.5,1,18,0.23589,90,14281,2,510172
scanalyzer-08-strips,p01.pddl,on-w2,1,18,0.404039,90,17533,2,512152
scanalyzer-08-strips,p01.pddl,on-skipc,1,18,0.371459,0,12731,2,509436
scanalyzer-08-strips,p01.pddl,on-norm,1,18,0.36367,90,14817,2,510684
scanalyzer-08-strips,p02.pddl,off,1,22,0.200153,,5953,2,506520
scanalyzer-08-strips,p02.pddl,on,1,22,0.239602,90,7279,2,509780
scanalyzer-08-strips,p02.pddl,on-w0.5,1,22,0.206632,90,6272,2,507032
scanalyzer-08-strips,p02.pddl,on-w2,1,22,0.342097,90,7279,2,509812
scanalyzer-08-strips,p02.pddl,on-skipc,1,22,0.28428,0,5953,2,506520
scanalyzer-08-strips,p02.pddl,on-norm,1,22,0.321964,90,6490,2,507320
scanalyzer-08-strips,p03.pddl,off,1,26,0.314683,,4018,2,507016
scanalyzer-08-strips,p03.pddl,on,1,26,0.351,90,4356,2,509000
scanalyzer-08-strips,p03.pddl,on-w0.5,1,26,0.302972,90,4058,2,507208
scanalyzer-08-strips,p03.pddl,on-w2,1,26,0.33574,90,4356,2,509416
scanalyzer-08-strips,p03.pddl,on-skipc,1,26,0.279855,0,4018,2,507016
scanalyzer-08-strips,p03.pddl,on-norm,1,26,0.290691,90,4153,2,507272
scanalyzer-08-strips,p04.pddl,off,1,24,19.9463,,45012,2,756368
scanalyzer-08-strips,p04.pddl,on,1,24,62.8931,224,117758,3,843972
scanalyzer-08-strips,p04.pddl,on-w0.5,1,24,77.9134,224,117758,3,843844
scanalyzer-08-strips,p04.pddl,on-w2,1,24,64.1434,224,117758,3,844804
scanalyzer-08-strips,p04.pddl,on-skipc,1,24,19.8154,0,45012,2,756368
scanalyzer-08-strips,p04.pddl,on-norm,1,24,58.3347,224,106336,3,831272
scanalyzer-08-strips,p05.pddl,off,1,30,33.7474,,20522,2,867908
scanalyzer-08-strips,p05.pddl,on,1,30,77.5724,224,34256,2,823832
scanalyzer-08-strips,p05.pddl,on-w0.5,1,30,77.6172,224,34256,2,823576
scanalyzer-08-strips,p05.pddl,on-w2,1,30,80.0306,224,34256,2,822424
scanalyzer-08-strips,p05.pddl,on-skipc,1,30,34.3828,0,20522,2,867908
scanalyzer-08-strips,p05.pddl,on-norm,1,30,58.0019,224,32710,2,805440
scanalyzer-08-strips,p06.pddl,off,1,36,41.6218,,16132,2,862664
scanalyzer-08-strips,p06.pddl,on,1,36,79.1639,224,17633,2,873920
scanalyzer-08-strips,p06.pddl,on-w0.5,1,36,72.2775,224,17633,2,853836
scanalyzer-08-strips,p06.pddl,on-w2,1,36,85.544,224,17633,2,857640
scanalyzer-08-strips,p06.pddl,on-skipc,1,36,41.2711,0,16132,2,862664
scanalyzer-08-strips,p06.pddl,on-norm,1,36,67.4651,224,17501,2,801796
scanalyzer-08-strips,p07.pddl,off,0,,,,249413,5,3023656
scanalyzer-08-strips,p07.pddl,on,0,,,450,382972,10,4801280
scanalyzer-08-strips,p07.pddl,on-w0.5,0,,,450,494929,11,6207512
scanalyzer-08-strips,p07.pddl,on-w2,0,,,450,493379,11,5363360
scanalyzer-08-strips,p07.pddl,on-skipc,0,,,0,249413,5,3258324
scanalyzer-08-strips,p07.pddl,on-norm,0,,,450,390605,7,4133468
scanalyzer-08-strips,p08.pddl,off,0,,,,91024,3,2258800
scanalyzer-08-strips,p08.pddl,on,0,,,450,146070,3,2659464
scanalyzer-08-strips,p08.pddl,on-w0.5,0,,,450,142225,4,3278856
scanalyzer-08-strips,p08.pddl,on-w2,0,,,450,142527,4,3498268
scanalyzer-08-strips,p08.pddl,on-skipc,0,,,0,91024,3,2170824
scanalyzer-08-strips,p08.pddl,on-norm,0,,,450,121277,3,2907844
scanalyzer-08-strips,p09.pddl,off,0,,,,65604,3,2105856
scanalyzer-08-strips,p09.pddl,on,0,,,450,69325,3,2866272
scanalyzer-08-strips,p09.pddl,on-w0.5,0,,,450,72284,3,2822984
scanalyzer-08-strips,p09.pddl,on-w2,0,,,450,72302,3,2778612
scanalyzer-08-strips,p09.pddl,on-skipc,0,,,0,65604,3,1984404
scanalyzer-08-strips,p09.pddl,on-norm,0,,,450,67766,3,2648788
scanalyzer-08-strips,p10.pddl,off,0,,,,902086,13,4521532
scanalyzer-08-strips,p10.pddl,on,0,,,792,1339705,21,5646408
scanalyzer-08-strips,p10.pddl,on-w0.5,0,,,792,1340305,21,5746676
scanalyzer-08-strips,p10.pddl,on-w2,0,,,792,1333676,21,5986492
scanalyzer-08-strips,p10.pddl,on-skipc,0,,,0,902086,13,4580968
scanalyzer-08-strips,p10.pddl,on-norm,0,,,792,985650,17,4365896
scanalyzer-08-strips,p11.pddl,off,0,,,,275203,5,3009964
scanalyzer-08-strips,p11.pddl,on,0,,,792,353559,6,3091564
scanalyzer-08-strips,p11.pddl,on-w0.5,0,,,792,353638,6,3013088
scanalyzer-08-strips,p11.pddl,on-w2,0,,,792,351829,6,3704536
scanalyzer-08-strips,p11.pddl,on-skipc,0,,,0,275203,5,3079304
scanalyzer-08-strips,p11.pddl,on-norm,0,,,792,308154,5,3233580
scanalyzer-08-strips,p12.pddl,off,0,,,,177179,4,2052352
scanalyzer-08-strips,p12.pddl,on,0,,,792,187945,4,2129200
scanalyzer-08-strips,p12.pddl,on-w0.5,0,,,792,187986,4,1950468
scanalyzer-08-strips,p12.pddl,on-w2,0,,,792,186215,4,1932988
scanalyzer-08-strips,p12.pddl,on-skipc,0,,,0,177179,4,2036424
scanalyzer-08-strips,p12.pddl,on-norm,0,,,792,182166,4,1826256
scanalyzer-08-strips,p13.pddl,off,0,,,,1662706,24,5468372
scanalyzer-08-strips,p13.pddl,on,0,,,1274,3099474,43,6172300
scanalyzer-08-strips,p13.pddl,on-w0.5,0,,,1274,1702006,28,5509496
scanalyzer-08-strips,p13.pddl,on-w2,0,,,1274,3095833,44,5245752
scanalyzer-08-strips,p13.pddl,on-skipc,0,,,0,1662706,24,4959780
scanalyzer-08-strips,p13.pddl,on-norm,0,,,1274,1734067,32,5127424
scanalyzer-08-strips,p14.pddl,off,0,,,,454819,9,3332448
scanalyzer-08-strips,p14.pddl,on,0,,,1274,666972,11,4258780
scanalyzer-08-strips,p14.pddl,on-w0.5,0,,,1274,465164,9,3389300
scanalyzer-08-strips,p14.pddl,on-w2,0,,,1274,666778,11,4442172
scanalyzer-08-strips,p14.pddl,on-skipc,0,,,0,454819,9,3330720
scanalyzer-08-strips,p14.pddl,on-norm,0,,,1274,505822,9,3876340
scanalyzer-08-strips,p15.pddl,off,0,,,,311942,7,3060456
scanalyzer-08-strips,p15.pddl,on,0,,,1274,327226,7,3365988
scanalyzer-08-strips,p15.pddl,on-w0.5,0,,,1274,301900,7,3236312
scanalyzer-08-strips,p15.pddl,on-w2,0,,,1274,327211,7,3347396
scanalyzer-08-strips,p15.pddl,on-skipc,0,,,0,311942,7,3017296
scanalyzer-08-strips,p15.pddl,on-norm,0,,,1274,316215,7,3034796
scanalyzer-08-strips,p16.pddl,off,0,,,,3085886,63,7300780
scanalyzer-08-strips,p16.pddl,on,0,,,1920,4173693,91,5997388
scanalyzer-08-strips,p16.pddl,on-w0.5,0,,,1920,4103110,91,5947872
scanalyzer-08-strips,p16.pddl,on-w2,0,,,1920,4209810,91,6411144
scanalyzer-08-strips,p16.pddl,on-skipc,0,,,0,3085886,63,7068660
scanalyzer-08-strips,p16.pddl,on-norm,0,,,1920,4123178,70,6632276
scanalyzer-08-strips,p17.pddl,off,0,,,,858040,15,5632996
scanalyzer-08-strips,p17.pddl,on,0,,,1920,1115144,18,5762064
scanalyzer-08-strips,p17.pddl,on-w0.5,0,,,1920,1076384,18,5889608
scanalyzer-08-strips,p17.pddl,on-w2,0,,,1920,1116483,18,6127392
scanalyzer-08-strips,p17.pddl,on-skipc,0,,,0,858040,15,5287640
scanalyzer-08-strips,p17.pddl,on-norm,0,,,1920,956015,17,4949456
scanalyzer-08-strips,p18.pddl,off,0,,,,566644,10,4739768
scanalyzer-08-strips,p18.pddl,on,0,,,1920,636154,10,5309988
scanalyzer-08-strips,p18.pddl,on-w0.5,0,,,1920,601434,10,5507336
scanalyzer-08-strips,p18.pddl,on-w2,0,,,1920,631792,10,5232728
scanalyzer-08-strips,p18.pddl,on-skipc,0,,,0,566644,10,5469572
scanalyzer-08-strips,p18.pddl,on-norm,0,,,1920,479797,11,5489192
scanalyzer-08-strips,p19.pddl,off,0,,,,5547774,113,7867352
scanalyzer-08-strips,p19.pddl,on,0,,,2754,7437597,148,8164052
scanalyzer-08-strips,p19.pddl,on-w0.5,0,,,2754,7269631,148,7181804
scanalyzer-08-strips,p19.pddl,on-w2,0,,,2754,7527147,145,8129736
scanalyzer-08-strips,p19.pddl,on-skipc,0,,,0,5547774,113,8191968
scanalyzer-08-strips,p19.pddl,on-norm,0,,,2754,6390374,120,7714324
scanalyzer-08-strips,p20.pddl,off,0,,,,1282933,27,5935192
scanalyzer-08-strips,p20.pddl,on,0,,,2754,1656003,29,7945284
scanalyzer-08-strips,p20.pddl,on-w0.5,0,,,2754,1678384,28,8086176
scanalyzer-08-strips,p20.pddl,on-w2,0,,,2754,1686274,28,8191904
scanalyzer-08-strips,p20.pddl,on-skipc,0,,,0,1282933,27,6225296
scanalyzer-08-strips,p20.pddl,on-norm,0,,,2754,1265741,28,6570052
scanalyzer-08-strips,p21.pddl,off,0,,,,822529,17,5756868
scanalyzer-08-strips,p21.pddl,on,0,,,2754,1017548,15,6161072
scanalyzer-08-strips,p21.pddl,on-w0.5,0,,,2754,1031724,15,6420288
scanalyzer-08-strips,p21.pddl,on-w2,0,,,2754,1017535,15,7166528
scanalyzer-08-strips,p21.pddl,on-skipc,0,,,0,822529,17,5511312
scanalyzer-08-strips,p21.pddl,on-norm,0,,,2754,788693,18,5869248
scanalyzer-08-strips,p22.pddl,off,1,13,0.00199625,,145,2,500000
scanalyzer-08-strips,p22.pddl,on,1,13,0.00177087,72,145,2,500000
scanalyzer-08-strips,p22.pddl,on-w0.5,1,13,0.00197885,72,145,2,500000
scanalyzer-08-strips,p22.pddl,on-w2,1,13,0.00199048,72,145,2,500000
scanalyzer-08-strips,p22.pddl,on-skipc,1,13,0.0018094,0,145,2,500000
scanalyzer-08-strips,p22.pddl,on-norm,1,13,0.00196024,72,145,2,500000
scanalyzer-08-strips,p23.pddl,off,1,13,0.00166838,,145,2,500000
scanalyzer-08-strips,p23.pddl,on,1,13,0.00179894,72,145,2,500000
scanalyzer-08-strips,p23.pddl,on-w0.5,1,13,0.00182939,72,145,2,500000
scanalyzer-08-strips,p23.pddl,on-w2,1,13,0.00189339,72,145,2,500000
scanalyzer-08-strips,p23.pddl,on-skipc,1,13,0.00151979,0,145,2,500000
scanalyzer-08-strips,p23.pddl,on-norm,1,13,0.00163511,72,145,2,500000
scanalyzer-08-strips,p24.pddl,off,1,13,0.001814,,145,2,500000
scanalyzer-08-strips,p24.pddl,on,1,13,0.00174467,72,145,2,500000
scanalyzer-08-strips,p24.pddl,on-w0.5,1,13,0.00181114,72,145,2,500000
scanalyzer-08-strips,p24.pddl,on-w2,1,13,0.00177376,72,145,2,500000
scanalyzer-08-strips,p24.pddl,on-skipc,1,13,0.00153843,0,145,2,500000
scanalyzer-08-strips,p24.pddl,on-norm,1,13,0.00173442,72,145,2,500000
scanalyzer-08-strips,p25.pddl,off,1,26,20.671,,523944,7,911816
scanalyzer-08-strips,p25.pddl,on,1,26,18.2667,224,452423,7,841796
scanalyzer-08-strips,p25.pddl,on-w0.5,1,26,15.0376,224,482537,7,863968
scanalyzer-08-strips,p25.pddl,on-w2,1,26,18.3405,224,451475,7,871832
scanalyzer-08-strips,p25.pddl,on-skipc,1,26,24.5834,64,634994,10,872476
scanalyzer-08-strips,p25.pddl,on-norm,1,26,13.4395,224,452423,7,841796
scanalyzer-08-strips,p26.pddl,off,1,30,38.9153,,443707,6,870796
scanalyzer-08-strips,p26.pddl,on,1,30,31.2713,224,260969,4,816200
scanalyzer-08-strips,p26.pddl,on-w0.5,1,30,25.5561,224,409005,6,851124
scanalyzer-08-strips,p26.pddl,on-w2,1,30,30.6051,224,260969,4,838432
scanalyzer-08-strips,p26.pddl,on-skipc,1,30,42.4839,64,366046,6,866572
scanalyzer-08-strips,p26.pddl,on-norm,1,30,32.1846,224,260969,4,816200
scanalyzer-08-strips,p27.pddl,off,1,34,44.7039,,288954,5,881108
scanalyzer-08-strips,p27.pddl,on,1,34,49.758,224,279088,4,854752
scanalyzer-08-strips,p27.pddl,on-w0.5,1,34,40.6684,224,211426,4,803960
scanalyzer-08-strips,p27.pddl,on-w2,1,34,44.0708,224,279088,4,854752
scanalyzer-08-strips,p27.pddl,on-skipc,1,34,60.8218,64,338258,5,918464
scanalyzer-08-strips,p27.pddl,on-norm,1,34,43.6264,224,279088,4,854752
scanalyzer-08-strips,p28.pddl,off,0,,,,143217457,17798,7462312
scanalyzer-08-strips,p28.pddl,on,0,,,792,117440913,18088,6881652
scanalyzer-08-strips,p28.pddl,on-w0.5,0,,,792,119266940,16987,6297516
scanalyzer-08-strips,p28.pddl,on-w2,0,,,792,135543710,19737,6491976
scanalyzer-08-strips,p28.pddl,on-skipc,0,,,288,29537671,486,3901136
scanalyzer-08-strips,p28.pddl,on-norm,0,,,792,125611294,15381,7367944
scanalyzer-08-strips,p29.pddl,off,0,,,,96220796,9326,5083344
scanalyzer-08-strips,p29.pddl,on,0,,,792,151968840,5851,6038580
scanalyzer-08-strips,p29.pddl,on-w0.5,0,,,792,140201512,11189,6026216
scanalyzer-08-strips,p29.pddl,on-w2,0,,,792,139437551,11252,5904516
scanalyzer-08-strips,p29.pddl,on-skipc,0,,,288,18636761,312,3801912
scanalyzer-08-strips,p29.pddl,on-norm,0,,,792,137768901,11409,5990028
scanalyzer-08-strips,p30.pddl,off,0,,,,61918476,4949,4568924
scanalyzer-08-strips,p30.pddl,on,0,,,792,97764579,8818,5234636
scanalyzer-08-strips,p30.pddl,on-w0.5,0,,,792,96213695,8978,5128384
scanalyzer-08-strips,p30.pddl,on-w2,0,,,792,63373838,4209,4568956
scanalyzer-08-strips,p30.pddl,on-skipc,0,,,288,16482603,269,3262696
scanalyzer-08-strips,p30.pddl,on-norm,0,,,792,99068621,8723,5641444
scanalyzer-opt11-strips,p01.pddl,off,1,13,0.00140744,,145,2,500000
scanalyzer-opt11-strips,p01.pddl,on,1,13,0.001899,72,145,2,500000
scanalyzer-opt11-strips,p01.pddl,on-w0.5,1,13,0.00151186,72,145,2,500000
scanalyzer-opt11-strips,p01.pddl,on-w2,1,13,0.00187158,72,145,2,500000
scanalyzer-opt11-strips,p01.pddl,on-skipc,1,13,0.00194528,0,145,2,500000
scanalyzer-opt11-strips,p01.pddl,on-norm,1,13,0.00172423,72,145,2,500000
scanalyzer-opt11-strips,p02.pddl,off,1,22,0.255827,,5953,2,506520
scanalyzer-opt11-strips,p02.pddl,on,1,22,0.32699,90,7279,2,509588
scanalyzer-opt11-strips,p02.pddl,on-w0.5,1,22,0.268648,90,6272,2,507032
scanalyzer-opt11-strips,p02.pddl,on-w2,1,22,0.319817,90,7279,2,509588
scanalyzer-opt11-strips,p02.pddl,on-skipc,1,22,0.259,0,5953,2,506520
scanalyzer-opt11-strips,p02.pddl,on-norm,1,22,0.274159,90,6490,2,507320
scanalyzer-opt11-strips,p03.pddl,off,1,26,0.282546,,4018,2,507016
scanalyzer-opt11-strips,p03.pddl,on,1,26,0.335795,90,4356,2,509000
scanalyzer-opt11-strips,p03.pddl,on-w0.5,1,26,0.292118,90,4058,2,507208
scanalyzer-opt11-strips,p03.pddl,on-w2,1,26,0.331024,90,4356,2,509032
scanalyzer-opt11-strips,p03.pddl,on-skipc,1,26,0.268224,0,4018,2,506984
scanalyzer-opt11-strips,p03.pddl,on-norm,1,26,0.305321,90,4153,2,507304
scanalyzer-opt11-strips,p04.pddl,off,1,24,19.0116,,45012,2,756364
scanalyzer-opt11-strips,p04.pddl,on,1,24,60.8028,224,117758,3,843972
scanalyzer-opt11-strips,p04.pddl,on-w0.5,1,24,61.9052,224,117758,3,843844
scanalyzer-opt11-strips,p04.pddl,on-w2,1,24,60.8492,224,117758,3,844804
scanalyzer-opt11-strips,p04.pddl,on-skipc,1,24,14.2181,0,45012,2,756368
scanalyzer-opt11-strips,p04.pddl,on-norm,1,24,64.4978,224,106336,3,831272
scanalyzer-opt11-strips,p05.pddl,off,0,,,,249413,5,3193644
scanalyzer-opt11-strips,p05.pddl,on,0,,,450,382972,10,5082236
scanalyzer-opt11-strips,p05.pddl,on-w0.5,0,,,450,494929,11,5175712
scanalyzer-opt11-strips,p05.pddl,on-w2,0,,,450,493379,11,5147420
scanalyzer-opt11-strips,p05.pddl,on-skipc,0,,,0,249413,5,3130004
scanalyzer-opt11-strips,p05.pddl,on-norm,0,,,450,390605,7,4011432
scanalyzer-opt11-strips,p06.pddl,off,1,30,25.4233,,20522,2,867908
scanalyzer-opt11-strips,p06.pddl,on,1,30,66.734,224,34256,2,823352
scanalyzer-opt11-strips,p06.pddl,on-w0.5,1,30,72.4195,224,34256,2,818524
scanalyzer-opt11-strips,p06.pddl,on-w2,1,30,75.7057,224,34256,2,823992
scanalyzer-opt11-strips,p06.pddl,on-skipc,1,30,34.0014,0,20522,2,867908
scanalyzer-opt11-strips,p06.pddl,on-norm,1,30,58.9914,224,32710,2,805440
scanalyzer-opt11-strips,p07.pddl,off,0,,,,5547774,113,7213016
scanalyzer-opt11-strips,p07.pddl,on,0,,,2754,7559830,144,7547408
scanalyzer-opt11-strips,p07.pddl,on-w0.5,0,,,2754,7269631,148,7090984
scanalyzer-opt11-strips,p07.pddl,on-w2,0,,,2754,7527147,145,8191968
scanalyzer-opt11-strips,p07.pddl,on-skipc,0,,,0,5547774,113,7577232
scanalyzer-opt11-strips,p07.pddl,on-norm,0,,,2754,6390374,120,8017612
scanalyzer-opt11-strips,p08.pddl,off,0,,,,902086,13,4544628
scanalyzer-opt11-strips,p08.pddl,on,0,,,792,1339705,21,6069240
scanalyzer-opt11-strips,p08.pddl,on-w0.5,0,,,792,1340305,21,5717028
scanalyzer-opt11-strips,p08.pddl,on-w2,0,,,792,1333676,21,6134352
scanalyzer-opt11-strips,p08.pddl,on-skipc,0,,,0,902086,13,4459588
scanalyzer-opt11-strips,p08.pddl,on-norm,0,,,792,985650,17,5269724
scanalyzer-opt11-strips,p09.pddl,off,0,,,,1662706,24,5318300
scanalyzer-opt11-strips,p09.pddl,on,0,,,1274,3099474,43,5613256
scanalyzer-opt11-strips,p09.pddl,on-w0.5,0,,,1274,1702006,28,5408120
scanalyzer-opt11-strips,p09.pddl,on-w2,0,,,1274,3095833,44,4880696
scanalyzer-opt11-strips,p09.pddl,on-skipc,0,,,0,1662706,24,5111064
scanalyzer-opt11-strips,p09.pddl,on-norm,0,,,1274,1734067,32,6029620
scanalyzer-opt11-strips,p10.pddl,off,0,,,,3085886,63,6693616
scanalyzer-opt11-strips,p10.pddl,on,0,,,1920,4173693,91,5984724
scanalyzer-opt11-strips,p10.pddl,on-w0.5,0,,,1920,4103110,91,5865348
scanalyzer-opt11-strips,p10.pddl,on-w2,0,,,1920,4209810,91,6414772
scanalyzer-opt11-strips,p10.pddl,on-skipc,0,,,0,3085886,63,6895576
scanalyzer-opt11-strips,p10.pddl,on-norm,0,,,1920,4123178,70,6227744
scanalyzer-opt11-strips,p11.pddl,off,1,26,20.2502,,523944,7,911816
scanalyzer-opt11-strips,p11.pddl,on,1,26,13.7785,224,452423,7,841796
scanalyzer-opt11-strips,p11.pddl,on-w0.5,1,26,19.7206,224,482537,7,864000
scanalyzer-opt11-strips,p11.pddl,on-w2,1,26,20.7954,224,451475,7,871832
scanalyzer-opt11-strips,p11.pddl,on-skipc,1,26,18.2367,64,634994,10,872476
scanalyzer-opt11-strips,p11.pddl,on-norm,1,26,13.6833,224,452423,7,841796
scanalyzer-opt11-strips,p12.pddl,off,1,36,41.6619,,16132,2,862664
scanalyzer-opt11-strips,p12.pddl,on,1,36,80.777,224,17633,2,835668
scanalyzer-opt11-strips,p12.pddl,on-w0.5,1,36,72.6028,224,17633,2,827448
scanalyzer-opt11-strips,p12.pddl,on-w2,1,36,83.7123,224,17633,2,857644
scanalyzer-opt11-strips,p12.pddl,on-skipc,1,36,40.7479,0,16132,2,862664
scanalyzer-opt11-strips,p12.pddl,on-norm,1,36,65.8182,224,17501,2,801796
scanalyzer-opt11-strips,p13.pddl,off,1,34,48.2558,,288954,5,881108
scanalyzer-opt11-strips,p13.pddl,on,1,34,33.3592,224,279088,4,906472
scanalyzer-opt11-strips,p13.pddl,on-w0.5,1,34,42.4679,224,211426,4,803960
scanalyzer-opt11-strips,p13.pddl,on-w2,1,34,34.9421,224,279088,4,854752
scanalyzer-opt11-strips,p13.pddl,on-skipc,1,34,71.6063,64,338258,5,873048
scanalyzer-opt11-strips,p13.pddl,on-norm,1,34,45.1971,224,279088,4,854752
scanalyzer-opt11-strips,p14.pddl,off,1,30,34.4308,,443707,6,870796
scanalyzer-opt11-strips,p14.pddl,on,1,30,23.7213,224,260969,4,838432
scanalyzer-opt11-strips,p14.pddl,on-w0.5,1,30,34.9092,224,409005,6,851124
scanalyzer-opt11-strips,p14.pddl,on-w2,1,30,33.9457,224,260969,4,816200
scanalyzer-opt11-strips,p14.pddl,on-skipc,1,30,49.2259,64,366046,6,866892
scanalyzer-opt11-strips,p14.pddl,on-norm,1,30,28.3835,224,260969,4,816200
scanalyzer-opt11-strips,p15.pddl,off,0,,,,91024,3,2008152
scanalyzer-opt11-strips,p15.pddl,on,0,,,450,146070,3,2804416
scanalyzer-opt11-strips,p15.pddl,on-w0.5,0,,,450,142225,4,3159868
scanalyzer-opt11-strips,p15.pddl,on-w2,0,,,450,142527,4,3545204
scanalyzer-opt11-strips,p15.pddl,on-skipc,0,,,0,91024,3,2212792
scanalyzer-opt11-strips,p15.pddl,on-norm,0,,,450,121277,3,3116568
scanalyzer-opt11-strips,p16.pddl,off,0,,,,275203,5,3009804
scanalyzer-opt11-strips,p16.pddl,on,0,,,792,353559,6,3687384
scanalyzer-opt11-strips,p16.pddl,on-w0.5,0,,,792,353638,6,3673068
scanalyzer-opt11-strips,p16.pddl,on-w2,0,,,792,351829,6,2756808
scanalyzer-opt11-strips,p16.pddl,on-skipc,0,,,0,275203,5,2342064
scanalyzer-opt11-strips,p16.pddl,on-norm,0,,,792,308154,5,2809584
scanalyzer-opt11-strips,p17.pddl,off,0,,,,454819,9,3280444
scanalyzer-opt11-strips,p17.pddl,on,0,,,1274,666972,11,4595108
scanalyzer-opt11-strips,p17.pddl,on-w0.5,0,,,1274,465164,9,3827764
scanalyzer-opt11-strips,p17.pddl,on-w2,0,,,1274,666778,11,4236256
scanalyzer-opt11-strips,p17.pddl,on-skipc,0,,,0,454819,9,3420640
scanalyzer-opt11-strips,p17.pddl,on-norm,0,,,1274,505822,9,3615104
scanalyzer-opt11-strips,p18.pddl,off,0,,,,858040,15,5209428
scanalyzer-opt11-strips,p18.pddl,on,0,,,1920,1115144,18,6166992
scanalyzer-opt11-strips,p18.pddl,on-w0.5,0,,,1920,1076384,18,5936036
scanalyzer-opt11-strips,p18.pddl,on-w2,0,,,1920,1116483,18,5708268
scanalyzer-opt11-strips,p18.pddl,on-skipc,0,,,0,858040,15,5213180
scanalyzer-opt11-strips,p18.pddl,on-norm,0,,,1920,956015,17,4938188
scanalyzer-opt11-strips,p19.pddl,off,0,,,,1282933,27,6325364
scanalyzer-opt11-strips,p19.pddl,on,0,,,2754,1656003,29,8185500
scanalyzer-opt11-strips,p19.pddl,on-w0.5,0,,,2754,1678384,28,8188064
scanalyzer-opt11-strips,p19.pddl,on-w2,0,,,2754,1686274,28,7945464
scanalyzer-opt11-strips,p19.pddl,on-skipc,0,,,0,1282933,27,6430564
scanalyzer-opt11-strips,p19.pddl,on-norm,0,,,2754,1265741,28,6297248
scanalyzer-opt11-strips,p20.pddl,off,0,,,,157574331,9855,6678912
scanalyzer-opt11-strips,p20.pddl,on,0,,,792,128590140,12901,6166024
scanalyzer-opt11-strips,p20.pddl,on-w0.5,0,,,792,122372885,17585,7029756
scanalyzer-opt11-strips,p20.pddl,on-w2,0,,,792,129587544,20207,5802644
scanalyzer-opt11-strips,p20.pddl,on-skipc,0,,,288,29537671,486,3755792
scanalyzer-opt11-strips,p20.pddl,on-norm,0,,,792,131566919,8112,6649392
parking-opt11-strips,pfile03-011.pddl,off,1,14,154.647,,5409143,104,1380252
parking-opt11-strips,pfile03-011.pddl,on,1,14,60.3413,3216,1489828,27,1104780
parking-opt11-strips,pfile03-011.pddl,on-w0.5,1,14,54.3329,3216,1197097,16,1189288
parking-opt11-strips,pfile03-011.pddl,on-w2,1,14,67.3713,3216,1489828,27,1104780
parking-opt11-strips,pfile03-011.pddl,on-skipc,1,14,54.0732,2508,1360573,20,1381212
parking-opt11-strips,pfile03-011.pddl,on-norm,1,14,53.9946,3216,1319032,21,1069404
parking-opt11-strips,pfile03-012.pddl,off,0,,,,5409143,104,3514608
parking-opt11-strips,pfile03-012.pddl,on,0,,,3216,1489828,27,3641640
parking-opt11-strips,pfile03-012.pddl,on-w0.5,0,,,3216,1197097,16,3545556
parking-opt11-strips,pfile03-012.pddl,on-w2,0,,,3216,1489828,27,3564412
parking-opt11-strips,pfile03-012.pddl,on-skipc,0,,,2508,1360573,20,4584032
parking-opt11-strips,pfile03-012.pddl,on-norm,0,,,3216,1319032,21,3702304
parking-opt11-strips,pfile04-013.pddl,off,0,,,,9426176,317,3368304
parking-opt11-strips,pfile04-013.pddl,on,0,,,5061,2591006,40,4047124
parking-opt11-strips,pfile04-013.pddl,on-w0.5,0,,,5061,2997851,46,4669448
parking-opt11-strips,pfile04-013.pddl,on-w2,0,,,5061,2591006,40,4154968
parking-opt11-strips,pfile04-013.pddl,on-skipc,0,,,4095,4954766,73,4038464
parking-opt11-strips,pfile04-013.pddl,on-norm,0,,,5061,2164531,33,3574856
parking-opt11-strips,pfile04-014.pddl,off,0,,,,9531114,289,3603736
parking-opt11-strips,pfile04-014.pddl,on,0,,,5061,2591006,40,4513420
parking-opt11-strips,pfile04-014.pddl,on-w0.5,0,,,5061,2997851,46,4224628
parking-opt11-strips,pfile04-014.pddl,on-w2,0,,,5061,2591006,40,3892628
parking-opt11-strips,pfile04-014.pddl,on-skipc,0,,,4095,4954766,73,4301404
parking-opt11-strips,pfile04-014.pddl,on-norm,0,,,5061,2164531,33,4481564
parking-opt11-strips,pfile04-015.pddl,off,0,,,,9531114,289,3597272
parking-opt11-strips,pfile04-015.pddl,on,0,,,5061,2591006,40,3420932
parking-opt11-strips,pfile04-015.pddl,on-w0.5,0,,,5061,2997851,46,3702432
parking-opt11-strips,pfile04-015.pddl,on-w2,0,,,5061,2591006,40,4203412
parking-opt11-strips,pfile04-015.pddl,on-skipc,0,,,4095,4954766,73,4174164
parking-opt11-strips,pfile04-015.pddl,on-norm,0,,,5061,2164531,33,4207492
parking-opt11-strips,pfile04-016.pddl,off,0,,,,9527691,290,3842736
parking-opt11-strips,pfile04-016.pddl,on,0,,,5061,2591006,40,4221072
parking-opt11-strips,pfile04-016.pddl,on-w0.5,0,,,5061,2997851,46,3499500
parking-opt11-strips,pfile04-016.pddl,on-w2,0,,,5061,2591006,40,4288180
parking-opt11-strips,pfile04-016.pddl,on-skipc,0,,,4095,4954766,73,4269984
parking-opt11-strips,pfile04-016.pddl,on-norm,0,,,5061,2164531,33,3672564
parking-opt11-strips,pfile05-017.pddl,off,0,,,,14051712,953,3609144
parking-opt11-strips,pfile05-017.pddl,on,0,,,7504,5924565,86,5488112
parking-opt11-strips,pfile05-017.pddl,on-w0.5,0,,,7504,5924565,86,4906648
parking-opt11-strips,pfile05-017.pddl,on-w2,0,,,7504,5924565,86,5135524
parking-opt11-strips,pfile05-017.pddl,on-skipc,0,,,6240,13251976,413,5061512
parking-opt11-strips,pfile05-017.pddl,on-norm,0,,,7504,5201101,79,4082464
parking-opt11-strips,pfile05-018.pddl,off,0,,,,14292152,984,3786660
parking-opt11-strips,pfile05-018.pddl,on,0,,,7504,5924565,86,4572932
parking-opt11-strips,pfile05-018.pddl,on-w0.5,0,,,7504,5924565,86,4677240
parking-opt11-strips,pfile05-018.pddl,on-w2,0,,,7504,5924565,86,4751960
parking-opt11-strips,pfile05-018.pddl,on-skipc,0,,,6240,13263720,411,3500560
parking-opt11-strips,pfile05-018.pddl,on-norm,0,,,7504,5201101,79,3575708
parking-opt11-strips,pfile05-019.pddl,off,0,,,,14373776,1007,3602868
parking-opt11-strips,pfile05-019.pddl,on,0,,,7504,5924565,86,4857764
parking-opt11-strips,pfile05-019.pddl,on-w0.5,0,,,7504,5924565,86,4984816
parking-opt11-strips,pfile05-019.pddl,on-w2,0,,,7504,5924565,86,4707472
parking-opt11-strips,pfile05-019.pddl,on-skipc,0,,,6240,13488303,396,3573560
parking-opt11-strips,pfile05-019.pddl,on-norm,0,,,7504,5201101,79,5123720
parking-opt11-strips,pfile05-020.pddl,off,0,,,,14373776,1007,3888452
parking-opt11-strips,pfile05-020.pddl,on,0,,,7504,5924565,86,5015264
parking-opt11-strips,pfile05-020.pddl,on-w0.5,0,,,7504,5924565,86,5032052
parking-opt11-strips,pfile05-020.pddl,on-w2,0,,,7504,5924565,86,5036580
parking-opt11-strips,pfile05-020.pddl,on-skipc,0,,,6240,13343464,405,5507552
parking-opt11-strips,pfile05-020.pddl,on-norm,0,,,7504,5201101,79,4580532
parking-opt11-strips,pfile06-021.pddl,off,0,,,,23479824,1545,5150780
parking-opt11-strips,pfile06-021.pddl,on,0,,,10629,13131923,201,4697060
parking-opt11-strips,pfile06-021.pddl,on-w0.5,0,,,10629,13224077,210,5038076
parking-opt11-strips,pfile06-021.pddl,on-w2,0,,,10629,13068784,207,4520416
parking-opt11-strips,pfile06-021.pddl,on-skipc,0,,,9027,3809637,1308,3310612
parking-opt11-strips,pfile06-021.pddl,on-norm,0,,,10629,12111697,176,4660404
parking-opt11-strips,pfile06-022.pddl,off,0,,,,23481680,1559,3839040
parking-opt11-strips,pfile06-022.pddl,on,0,,,10629,13068784,207,4678088
parking-opt11-strips,pfile06-022.pddl,on-w0.5,0,,,10629,13286144,196,4270388
parking-opt11-strips,pfile06-022.pddl,on-w2,0,,,10629,13068784,207,4678180
parking-opt11-strips,pfile06-022.pddl,on-skipc,0,,,9027,3809637,1308,3994780
parking-opt11-strips,pfile06-022.pddl,on-norm,0,,,10629,12111697,176,3791896
parking-opt11-strips,pfile06-023.pddl,off,0,,,,23481084,1548,4262856
parking-opt11-strips,pfile06-023.pddl,on,0,,,10629,13068784,207,4606696
parking-opt11-strips,pfile06-023.pddl,on-w0.5,0,,,10629,13286144,196,4053332
parking-opt11-strips,pfile06-023.pddl,on-w2,0,,,10629,13068784,207,4236252
parking-opt11-strips,pfile06-023.pddl,on-skipc,0,,,9027,3809637,1308,3414156
parking-opt11-strips,pfile06-023.pddl,on-norm,0,,,10629,12096359,178,4592644
parking-opt11-strips,pfile06-024.pddl,off,0,,,,23480997,1566,4678540
parking-opt11-strips,pfile06-024.pddl,on,0,,,10629,13131923,201,3611188
parking-opt11-strips,pfile06-024.pddl,on-w0.5,0,,,10629,13259877,199,4234908
parking-opt11-strips,pfile06-024.pddl,on-w2,0,,,10629,13068784,207,3707408
parking-opt11-strips,pfile06-024.pddl,on-skipc,0,,,9027,3850496,1291,3432152
parking-opt11-strips,pfile06-024.pddl,on-norm,0,,,10629,12102375,177,4340296
parking-opt11-strips,pfile07-025.pddl,off,0,,,,39063078,2133,4117188
parking-opt11-strips,pfile07-025.pddl,on,0,,,14520,19618164,493,4890440
parking-opt11-strips,pfile07-025.pddl,on-w0.5,0,,,14520,18557170,367,3710560
parking-opt11-strips,pfile07-025.pddl,on-w2,0,,,14520,19288890,537,3364296
parking-opt11-strips,pfile07-025.pddl,on-skipc,0,,,12540,5476326,1815,6049848
parking-opt11-strips,pfile07-025.pddl,on-norm,0,,,14520,18985912,449,3689236
parking-opt11-strips,pfile07-026.pddl,off,0,,,,39063987,2127,4415856
parking-opt11-strips,pfile07-026.pddl,on,0,,,14520,19763961,465,4923760
parking-opt11-strips,pfile07-026.pddl,on-w0.5,0,,,14520,18320566,460,3729472
parking-opt11-strips,pfile07-026.pddl,on-w2,0,,,14520,19285195,571,5571588
parking-opt11-strips,pfile07-026.pddl,on-skipc,0,,,12540,5476326,1815,3606212
parking-opt11-strips,pfile07-026.pddl,on-norm,0,,,14520,19422858,319,4006744
parking-opt11-strips,pfile07-027.pddl,off,0,,,,39063078,2133,4227508
parking-opt11-strips,pfile07-027.pddl,on,0,,,14520,19294869,528,4253428
parking-opt11-strips,pfile07-027.pddl,on-w0.5,0,,,14520,18320566,460,5705052
parking-opt11-strips,pfile07-027.pddl,on-w2,0,,,14520,19280502,538,4235432
parking-opt11-strips,pfile07-027.pddl,on-skipc,0,,,12540,5476326,1815,4854620
parking-opt11-strips,pfile07-027.pddl,on-norm,0,,,14520,18985912,449,6230712
parking-opt11-strips,pfile07-028.pddl,off,0,,,,39065731,2114,4656276
parking-opt11-strips,pfile07-028.pddl,on,0,,,14520,19661636,489,4201860
parking-opt11-strips,pfile07-028.pddl,on-w0.5,0,,,14520,18320566,460,3958820
parking-opt11-strips,pfile07-028.pddl,on-w2,0,,,14520,19741863,475,6048776
parking-opt11-strips,pfile07-028.pddl,on-skipc,0,,,12540,5476326,1815,3483376
parking-opt11-strips,pfile07-028.pddl,on-norm,0,,,14520,18819345,470,6445508
parking-opt11-strips,pfile08-029.pddl,off,0,,,,52351093,3973,4408604
parking-opt11-strips,pfile08-029.pddl,on,0,,,19261,23983897,1564,5229772
parking-opt11-strips,pfile08-029.pddl,on-w0.5,0,,,19261,23595200,1774,4952280
parking-opt11-strips,pfile08-029.pddl,on-w2,0,,,19261,28425864,1414,5474108
parking-opt11-strips,pfile08-029.pddl,on-skipc,0,,,16863,8377438,2444,3678704
parking-opt11-strips,pfile08-029.pddl,on-norm,0,,,19261,29398624,1867,5460472
parking-opt11-strips,pfile08-030.pddl,off,0,,,,53681005,3970,4665684
parking-opt11-strips,pfile08-030.pddl,on,0,,,19261,23983897,1564,5514108
parking-opt11-strips,pfile08-030.pddl,on-w0.5,0,,,19261,23983897,1564,5502404
parking-opt11-strips,pfile08-030.pddl,on-w2,0,,,19261,28433394,1407,5326016
parking-opt11-strips,pfile08-030.pddl,on-skipc,0,,,16863,8377367,2444,3996132
parking-opt11-strips,pfile08-030.pddl,on-norm,0,,,19261,27840524,1953,5536704
parking-opt14-strips,p_12_7-01.pddl,off,0,,,,5409143,104,3096948
parking-opt14-strips,p_12_7-01.pddl,on,1,18,1384.4,3216,1489828,27,2830120
parking-opt14-strips,p_12_7-01.pddl,on-w0.5,1,18,1175.17,3216,1197097,16,2545020
parking-opt14-strips,p_12_7-01.pddl,on-w2,1,18,875.261,3216,1489828,27,2630352
parking-opt14-strips,p_12_7-01.pddl,on-skipc,1,18,891.364,2508,1360573,20,2767344
parking-opt14-strips,p_12_7-01.pddl,on-norm,1,18,757.464,3216,1319032,21,2129928
parking-opt14-strips,p_12_7-02.pddl,off,0,,,,5409143,104,3019088
parking-opt14-strips,p_12_7-02.pddl,on,1,18,1268.44,3216,1489828,27,3912840
parking-opt14-strips,p_12_7-02.pddl,on-w0.5,1,18,745.657,3216,1197097,16,2128784
parking-opt14-strips,p_12_7-02.pddl,on-w2,1,18,1331.72,3216,1489828,27,2859580
parking-opt14-strips,p_12_7-02.pddl,on-skipc,1,18,805.667,2508,1360573,20,2674312
parking-opt14-strips,p_12_7-02.pddl,on-norm,1,18,1205.93,3216,1319032,21,2621184
parking-opt14-strips,p_12_7-03.pddl,off,0,,,,5409143,104,3084644
parking-opt14-strips,p_12_7-03.pddl,on,1,17,935.569,3216,1489828,27,2316244
parking-opt14-strips,p_12_7-03.pddl,on-w0.5,1,17,438.052,3216,1197097,16,1871024
parking-opt14-strips,p_12_7-03.pddl,on-w2,1,17,639.574,3216,1489828,27,2420092
parking-opt14-strips,p_12_7-03.pddl,on-skipc,1,17,784.018,2508,1360573,20,2889608
parking-opt14-strips,p_12_7-03.pddl,on-norm,1,17,772.378,3216,1319032,21,2258796
parking-opt14-strips,p_12_7-04.pddl,off,0,,,,5409143,104,2950996
parking-opt14-strips,p_12_7-04.pddl,on,0,,,3216,1489828,27,4052632
parking-opt14-strips,p_12_7-04.pddl,on-w0.5,1,19,1580.89,3216,1197097,16,3363400
parking-opt14-strips,p_12_7-04.pddl,on-w2,1,19,1769.44,3216,1489828,27,4509104
parking-opt14-strips,p_12_7-04.pddl,on-skipc,0,,,2508,1360573,20,4300136
parking-opt14-strips,p_12_7-04.pddl,on-norm,1,19,1576.33,3216,1319032,21,3654424
parking-opt14-strips,p_14_8-01.pddl,off,0,,,,9770391,260,3507676
parking-opt14-strips,p_14_8-01.pddl,on,0,,,5061,2591006,40,3712908
parking-opt14-strips,p_14_8-01.pddl,on-w0.5,0,,,5061,2997851,46,4169944
parking-opt14-strips,p_14_8-01.pddl,on-w2,0,,,5061,2591006,40,4040212
parking-opt14-strips,p_14_8-01.pddl,on-skipc,0,,,4095,4954766,73,5226812
parking-opt14-strips,p_14_8-01.pddl,on-norm,0,,,5061,2164531,33,4254088
parking-opt14-strips,p_14_8-02.pddl,off,0,,,,9527691,290,3380116
parking-opt14-strips,p_14_8-02.pddl,on,0,,,5061,2591006,40,4858388
parking-opt14-strips,p_14_8-02.pddl,on-w0.5,0,,,5061,2997851,46,4362160
parking-opt14-strips,p_14_8-02.pddl,on-w2,0,,,5061,2591006,40,4024924
parking-opt14-strips,p_14_8-02.pddl,on-skipc,0,,,4095,4954766,73,5751036
parking-opt14-strips,p_14_8-02.pddl,on-norm,0,,,5061,2164531,33,3784076
parking-opt14-strips,p_14_8-03.pddl,off,0,,,,9770391,260,3857012
parking-opt14-strips,p_14_8-03.pddl,on,0,,,5061,2591006,40,3861164
parking-opt14-strips,p_14_8-03.pddl,on-w0.5,0,,,5061,2997851,46,4272892
parking-opt14-strips,p_14_8-03.pddl,on-w2,0,,,5061,2591006,40,3985936
parking-opt14-strips,p_14_8-03.pddl,on-skipc,0,,,4095,4954766,73,4543308
parking-opt14-strips,p_14_8-03.pddl,on-norm,0,,,5061,2164531,33,4045264
parking-opt14-strips,p_14_8-04.pddl,off,0,,,,9770391,260,3699100
parking-opt14-strips,p_14_8-04.pddl,on,0,,,5061,2591006,40,3838400
parking-opt14-strips,p_14_8-04.pddl,on-w0.5,0,,,5061,2997851,46,4247664
parking-opt14-strips,p_14_8-04.pddl,on-w2,0,,,5061,2591006,40,4373616
parking-opt14-strips,p_14_8-04.pddl,on-skipc,0,,,4095,4954766,73,3938096
parking-opt14-strips,p_14_8-04.pddl,on-norm,0,,,5061,2164531,33,3951620
parking-opt14-strips,p_16_9-01.pddl,off,0,,,,15727670,860,3766244
parking-opt14-strips,p_16_9-01.pddl,on,0,,,7504,5924565,86,4722244
parking-opt14-strips,p_16_9-01.pddl,on-w0.5,0,,,7504,5924565,86,5088520
parking-opt14-strips,p_16_9-01.pddl,on-w2,0,,,7504,5924565,86,4737576
parking-opt14-strips,p_16_9-01.pddl,on-skipc,0,,,6240,13258829,410,4746332
parking-opt14-strips,p_16_9-01.pddl,on-norm,0,,,7504,5201101,79,4147368
parking-opt14-strips,p_16_9-02.pddl,off,0,,,,14298378,991,4068248
parking-opt14-strips,p_16_9-02.pddl,on,0,,,7504,5924565,86,3776128
parking-opt14-strips,p_16_9-02.pddl,on-w0.5,0,,,7504,5924565,86,4443840
parking-opt14-strips,p_16_9-02.pddl,on-w2,0,,,7504,5924565,86,4724156
parking-opt14-strips,p_16_9-02.pddl,on-skipc,0,,,6240,13488303,396,5659344
parking-opt14-strips,p_16_9-02.pddl,on-norm,0,,,7504,5201101,79,4579484
parking-opt14-strips,p_16_9-03.pddl,off,0,,,,15257749,880,3481092
parking-opt14-strips,p_16_9-03.pddl,on,0,,,7504,5924565,86,4414600
parking-opt14-strips,p_16_9-03.pddl,on-w0.5,0,,,7504,5924565,86,5106132
parking-opt14-strips,p_16_9-03.pddl,on-w2,0,,,7504,5924565,86,4924688
parking-opt14-strips,p_16_9-03.pddl,on-skipc,0,,,6240,13488303,396,3420228
parking-opt14-strips,p_16_9-03.pddl,on-norm,0,,,7504,5201101,79,4779752
parking-opt14-strips,p_16_9-04.pddl,off,0,,,,14298971,978,3592960
parking-opt14-strips,p_16_9-04.pddl,on,0,,,7504,5924565,86,4693504
parking-opt14-strips,p_16_9-04.pddl,on-w0.5,0,,,7504,5924565,86,4884888
parking-opt14-strips,p_16_9-04.pddl,on-w2,0,,,7504,5924565,86,4513192
parking-opt14-strips,p_16_9-04.pddl,on-skipc,0,,,6240,13488303,396,5636012
parking-opt14-strips,p_16_9-04.pddl,on-norm,0,,,7504,5201101,79,4941368
parking-opt14-strips,p_18_10-01.pddl,off,0,,,,23479976,1578,3819336
parking-opt14-strips,p_18_10-01.pddl,on,0,,,10629,13131923,201,4436672
parking-opt14-strips,p_18_10-01.pddl,on-w0.5,0,,,10629,13259877,199,4860780
parking-opt14-strips,p_18_10-01.pddl,on-w2,0,,,10629,13096514,203,4362544
parking-opt14-strips,p_18_10-01.pddl,on-skipc,0,,,9027,3809637,1308,3507800
parking-opt14-strips,p_18_10-01.pddl,on-norm,0,,,10629,12102375,177,4878056
parking-opt14-strips,p_18_10-02.pddl,off,0,,,,23480997,1566,4408104
parking-opt14-strips,p_18_10-02.pddl,on,0,,,10629,13068784,207,3854020
parking-opt14-strips,p_18_10-02.pddl,on-w0.5,0,,,10629,13245084,206,4159880
parking-opt14-strips,p_18_10-02.pddl,on-w2,0,,,10629,13060486,209,4292916
parking-opt14-strips,p_18_10-02.pddl,on-skipc,0,,,9027,3809637,1308,2984124
parking-opt14-strips,p_18_10-02.pddl,on-norm,0,,,10629,12111697,176,5363476
parking-opt14-strips,p_18_10-03.pddl,off,0,,,,23481540,1560,4270168
parking-opt14-strips,p_18_10-03.pddl,on,0,,,10629,13068784,207,3826800
parking-opt14-strips,p_18_10-03.pddl,on-w0.5,0,,,10629,13286144,196,4493908
parking-opt14-strips,p_18_10-03.pddl,on-w2,0,,,10629,13068784,207,3844812
parking-opt14-strips,p_18_10-03.pddl,on-skipc,0,,,9027,3809637,1308,3825556
parking-opt14-strips,p_18_10-03.pddl,on-norm,0,,,10629,12111697,176,5541060
parking-opt14-strips,p_18_10-04.pddl,off,0,,,,23481680,1559,3989088
parking-opt14-strips,p_18_10-04.pddl,on,0,,,10629,13055769,208,4018100
parking-opt14-strips,p_18_10-04.pddl,on-w0.5,0,,,10629,13226340,209,5129540
parking-opt14-strips,p_18_10-04.pddl,on-w2,0,,,10629,13088941,204,4503492
parking-opt14-strips,p_18_10-04.pddl,on-skipc,0,,,9027,3812447,1435,3834600
parking-opt14-strips,p_18_10-04.pddl,on-norm,0,,,10629,12111697,176,4645704
parking-opt14-strips,p_20_11-01.pddl,off,0,,,,39063078,2133,4030940
parking-opt14-strips,p_20_11-01.pddl,on,0,,,14520,19647900,491,3807500
parking-opt14-strips,p_20_11-01.pddl,on-w0.5,0,,,14520,18674004,342,4421380
parking-opt14-strips,p_20_11-01.pddl,on-w2,0,,,14520,20112896,381,3785548
parking-opt14-strips,p_20_11-01.pddl,on-skipc,0,,,12540,5476326,1815,5622356
parking-opt14-strips,p_20_11-01.pddl,on-norm,0,,,14520,18821586,469,3513668
parking-opt14-strips,p_20_11-02.pddl,off,0,,,,39063078,2133,4118556
parking-opt14-strips,p_20_11-02.pddl,on,0,,,14520,19647887,490,5955988
parking-opt14-strips,p_20_11-02.pddl,on-w0.5,0,,,14520,18320566,460,3638148
parking-opt14-strips,p_20_11-02.pddl,on-w2,0,,,14520,19647887,490,3811732
parking-opt14-strips,p_20_11-02.pddl,on-skipc,0,,,12540,5475650,2000,3045512
parking-opt14-strips,p_20_11-02.pddl,on-norm,0,,,14520,18910467,450,3922232
parking-opt14-strips,p_20_11-03.pddl,off,0,,,,39065731,2114,4113020
parking-opt14-strips,p_20_11-03.pddl,on,0,,,14520,19647900,491,3753320
parking-opt14-strips,p_20_11-03.pddl,on-w0.5,0,,,14520,18622579,359,3750576
parking-opt14-strips,p_20_11-03.pddl,on-w2,0,,,14520,19372208,512,3699568
parking-opt14-strips,p_20_11-03.pddl,on-skipc,0,,,12540,5476326,1815,3719500
parking-opt14-strips,p_20_11-03.pddl,on-norm,0,,,14520,19422858,319,4478800
parking-opt14-strips,p_20_11-04.pddl,off,0,,,,39065731,2114,4248236
parking-opt14-strips,p_20_11-04.pddl,on,0,,,14520,19647887,490,3866732
parking-opt14-strips,p_20_11-04.pddl,on-w0.5,0,,,14520,18320566,460,3920840
parking-opt14-strips,p_20_11-04.pddl,on-w2,0,,,14520,19647887,490,3750304
parking-opt14-strips,p_20_11-04.pddl,on-skipc,0,,,12540,5479372,1943,3808240
parking-opt14-strips,p_20_11-04.pddl,on-norm,0,,,14520,19001417,448,3836960
petri-net-alignment-opt18-strips,p01.pddl,off,1,16,3.6509,,32957,2,771172
petri-net-alignment-opt18-strips,p01.pddl,on,1,16,3.87038,32137,39643,2,812812
petri-net-alignment-opt18-strips,p01.pddl,on-w0.5,1,16,2.60699,32137,38639,2,812612
petri-net-alignment-opt18-strips,p01.pddl,on-w2,1,16,3.88733,32137,41091,2,833408
petri-net-alignment-opt18-strips,p01.pddl,on-skipc,1,16,3.93392,31584,41728,2,815544
petri-net-alignment-opt18-strips,p01.pddl,on-norm,1,16,3.83737,32137,39643,2,812812
petri-net-alignment-opt18-strips,p02.pddl,off,1,35,6.82365,,42290,2,932072
petri-net-alignment-opt18-strips,p02.pddl,on,1,35,8.30846,31858,53345,2,1035068
petri-net-alignment-opt18-strips,p02.pddl,on-w0.5,1,35,5.86788,31858,41768,2,880584
petri-net-alignment-opt18-strips,p02.pddl,on-w2,1,35,8.18666,31858,53740,2,1035100
petri-net-alignment-opt18-strips,p02.pddl,on-skipc,1,35,6.07284,31494,54312,2,900188
petri-net-alignment-opt18-strips,p02.pddl,on-norm,1,35,8.08377,31858,53345,2,1035068
petri-net-alignment-opt18-strips,p03.pddl,off,1,64,9.50699,,48574,2,1069348
petri-net-alignment-opt18-strips,p03.pddl,on,1,64,10.7675,32106,47098,2,1102164
petri-net-alignment-opt18-strips,p03.pddl,on-w0.5,1,64,10.7531,32106,46853,2,1066948
petri-net-alignment-opt18-strips,p03.pddl,on-w2,1,64,10.6394,32106,48224,2,1136532
petri-net-alignment-opt18-strips,p03.pddl,on-skipc,1,64,11.0785,31526,49418,2,1034484
petri-net-alignment-opt18-strips,p03.pddl,on-norm,1,64,10.2235,32106,47098,2,1100724
petri-net-alignment-opt18-strips,p04.pddl,off,1,79,37.6411,,58216,2,928380
petri-net-alignment-opt18-strips,p04.pddl,on,1,79,10.9559,31842,45473,2,1215480
petri-net-alignment-opt18-strips,p04.pddl,on-w0.5,1,79,14.6017,31842,45581,2,1137280
petri-net-alignment-opt18-strips,p04.pddl,on-w2,1,79,17.8415,31842,61712,2,1079968
petri-net-alignment-opt18-strips,p04.pddl,on-skipc,1,79,12.0232,31488,47390,2,1235936
petri-net-alignment-opt18-strips,p04.pddl,on-norm,1,79,11.2243,31842,45473,2,1215480
petri-net-alignment-opt18-strips,p05.pddl,off,1,66,14.1945,,36987,2,918448
petri-net-alignment-opt18-strips,p05.pddl,on,1,66,21.9094,32117,44686,2,1000008
petri-net-alignment-opt18-strips,p05.pddl,on-w0.5,1,66,21.5773,32117,44993,2,973684
petri-net-alignment-opt18-strips,p05.pddl,on-w2,1,66,21.0775,32117,45452,2,1091036
petri-net-alignment-opt18-strips,p05.pddl,on-skipc,1,66,14.883,31564,44673,2,964032
petri-net-alignment-opt18-strips,p05.pddl,on-norm,1,66,19.5392,32117,44686,2,1000008
petri-net-alignment-opt18-strips,p06.pddl,off,1,95,34.7085,,54578,2,1135556
petri-net-alignment-opt18-strips,p06.pddl,on,1,95,23.5505,32110,46592,2,973888
petri-net-alignment-opt18-strips,p06.pddl,on-w0.5,1,95,30.0659,32110,47992,2,1002228
petri-net-alignment-opt18-strips,p06.pddl,on-w2,1,95,21.7139,32110,48367,2,1002960
petri-net-alignment-opt18-strips,p06.pddl,on-skipc,1,95,22.7401,31529,49918,2,959396
petri-net-alignment-opt18-strips,p06.pddl,on-norm,1,95,22.2032,32110,46592,2,979424
petri-net-alignment-opt18-strips,p07.pddl,off,1,106,70.0101,,52592,2,999612
petri-net-alignment-opt18-strips,p07.pddl,on,1,106,36.653,31842,46951,2,1225716
petri-net-alignment-opt18-strips,p07.pddl,on-w0.5,1,106,28.1745,31842,45300,2,1019476
petri-net-alignment-opt18-strips,p07.pddl,on-w2,1,106,24.3197,31842,64304,2,1049672
petri-net-alignment-opt18-strips,p07.pddl,on-skipc,1,106,31.3909,31485,47665,2,996608
petri-net-alignment-opt18-strips,p07.pddl,on-norm,1,106,37.2192,31842,46951,2,1225716
petri-net-alignment-opt18-strips,p08.pddl,off,1,111,49.7898,,59051,2,1003188
petri-net-alignment-opt18-strips,p08.pddl,on,1,111,42.6476,32112,47737,2,913096
petri-net-alignment-opt18-strips,p08.pddl,on-w0.5,1,111,40.4406,32112,47919,2,927772
petri-net-alignment-opt18-strips,p08.pddl,on-w2,1,111,33.5114,32112,49661,2,966412
petri-net-alignment-opt18-strips,p08.pddl,on-skipc,1,111,42.4135,31525,50116,2,929372
petri-net-alignment-opt18-strips,p08.pddl,on-norm,1,111,33.804,32112,47737,2,964556
petri-net-alignment-opt18-strips,p09.pddl,off,1,132,38.915,,48470,2,998584
petri-net-alignment-opt18-strips,p09.pddl,on,1,132,77.82,31869,50717,2,1240244
petri-net-alignment-opt18-strips,p09.pddl,on-w0.5,1,132,20.7111,31869,44398,2,1021148
petri-net-alignment-opt18-strips,p09.pddl,on-w2,1,132,53.5458,31869,59095,2,1396748
petri-net-alignment-opt18-strips,p09.pddl,on-skipc,1,132,49.0025,31503,52092,2,1283968
petri-net-alignment-opt18-strips,p09.pddl,on-norm,1,132,25.3743,31869,50717,2,1238196
petri-net-alignment-opt18-strips,p10.pddl,off,1,169,87.1782,,50235,2,1057748
petri-net-alignment-opt18-strips,p10.pddl,on,1,169,64.6178,32096,50000,2,984396
petri-net-alignment-opt18-strips,p10.pddl,on-w0.5,1,169,72.009,32096,50768,2,988108
petri-net-alignment-opt18-strips,p10.pddl,on-w2,1,169,64.0423,32096,52449,2,976816
petri-net-alignment-opt18-strips,p10.pddl,on-skipc,1,169,73.9539,31509,53710,2,1090572
petri-net-alignment-opt18-strips,p10.pddl,on-norm,1,169,64.6395,32096,50000,2,984396
petri-net-alignment-opt18-strips,p11.pddl,off,1,155,35.0163,,45440,2,977636
petri-net-alignment-opt18-strips,p11.pddl,on,1,155,53.8423,31881,47708,2,907720
petri-net-alignment-opt18-strips,p11.pddl,on-w0.5,1,155,46.7191,31881,47911,2,995068
petri-net-alignment-opt18-strips,p11.pddl,on-w2,1,155,142.819,31881,66466,2,1437828
petri-net-alignment-opt18-strips,p11.pddl,on-skipc,1,155,45.6041,31511,49655,2,918556
petri-net-alignment-opt18-strips,p11.pddl,on-norm,1,155,43.8765,31881,47708,2,907720
petri-net-alignment-opt18-strips,p12.pddl,off,1,187,175.746,,58818,2,1061696
petri-net-alignment-opt18-strips,p12.pddl,on,1,187,98.9149,31880,51736,2,992796
petri-net-alignment-opt18-strips,p12.pddl,on-w0.5,1,187,97.6844,31880,51959,2,959588
petri-net-alignment-opt18-strips,p12.pddl,on-w2,1,187,729.32,31880,73056,2,1830724
petri-net-alignment-opt18-strips,p12.pddl,on-skipc,1,187,165.922,31508,52559,2,1194516
petri-net-alignment-opt18-strips,p12.pddl,on-norm,1,187,128.249,31880,51736,2,1080144
petri-net-alignment-opt18-strips,p13.pddl,off,1,192,120.193,,53163,2,1064516
petri-net-alignment-opt18-strips,p13.pddl,on,1,192,75.8617,31860,51829,2,937224
petri-net-alignment-opt18-strips,p13.pddl,on-w0.5,1,192,80.4598,31860,49972,2,981224
petri-net-alignment-opt18-strips,p13.pddl,on-w2,1,192,297.342,31860,73915,2,1555516
petri-net-alignment-opt18-strips,p13.pddl,on-skipc,1,192,56.0251,31499,53895,2,958196
petri-net-alignment-opt18-strips,p13.pddl,on-norm,1,192,67.8063,31860,51829,2,926564
petri-net-alignment-opt18-strips,p14.pddl,off,1,201,69.6287,,46740,2,877496
petri-net-alignment-opt18-strips,p14.pddl,on,1,201,48.1987,31972,45826,2,919788
petri-net-alignment-opt18-strips,p14.pddl,on-w0.5,1,201,68.544,31972,46313,2,992436
petri-net-alignment-opt18-strips,p14.pddl,on-w2,1,201,283.798,31972,59775,2,1516068
petri-net-alignment-opt18-strips,p14.pddl,on-skipc,1,201,80.5857,31586,48603,2,1109308
petri-net-alignment-opt18-strips,p14.pddl,on-norm,1,201,68.8483,31972,45826,2,968788
petri-net-alignment-opt18-strips,p15.pddl,off,1,216,368.054,,51467,2,1496772
petri-net-alignment-opt18-strips,p15.pddl,on,1,216,45.9607,31899,48484,2,1177888
petri-net-alignment-opt18-strips,p15.pddl,on-w0.5,1,216,43.0978,31899,48687,2,942508
petri-net-alignment-opt18-strips,p15.pddl,on-w2,1,216,38.207,31899,61890,2,1045216
petri-net-alignment-opt18-strips,p15.pddl,on-skipc,1,216,50.656,31523,50947,2,1291916
petri-net-alignment-opt18-strips,p15.pddl,on-norm,1,216,35.6528,31899,48484,2,1177888
petri-net-alignment-opt18-strips,p16.pddl,off,1,237,143.279,,66533,2,1013304
petri-net-alignment-opt18-strips,p16.pddl,on,1,237,65.8651,31880,52132,2,939256
petri-net-alignment-opt18-strips,p16.pddl,on-w0.5,1,237,57.5698,31880,53526,2,934840
petri-net-alignment-opt18-strips,p16.pddl,on-w2,1,237,75.4233,31880,71948,2,1427404
petri-net-alignment-opt18-strips,p16.pddl,on-skipc,1,237,86.694,31508,54127,2,1252972
petri-net-alignment-opt18-strips,p16.pddl,on-norm,1,237,79.7888,31880,52132,2,1041136
petri-net-alignment-opt18-strips,p17.pddl,off,1,252,93.249,,53530,2,1015192
petri-net-alignment-opt18-strips,p17.pddl,on,1,252,86.6987,31912,50729,2,1219196
petri-net-alignment-opt18-strips,p17.pddl,on-w0.5,1,252,98.4925,31912,50287,2,1087724
petri-net-alignment-opt18-strips,p17.pddl,on-w2,1,252,417.814,31912,76262,2,1583560
petri-net-alignment-opt18-strips,p17.pddl,on-skipc,1,252,82.2316,31532,51577,2,962000
petri-net-alignment-opt18-strips,p17.pddl,on-norm,1,252,94.8133,31912,50729,2,1225688
petri-net-alignment-opt18-strips,p18.pddl,off,1,261,292.161,,44934,2,1124124
petri-net-alignment-opt18-strips,p18.pddl,on,1,261,129.196,31998,48511,2,1266244
petri-net-alignment-opt18-strips,p18.pddl,on-w0.5,1,261,95.7266,31998,49822,2,1153424
petri-net-alignment-opt18-strips,p18.pddl,on-w2,1,261,63.6694,31998,64132,2,1278872
petri-net-alignment-opt18-strips,p18.pddl,on-skipc,1,261,106.359,31597,49531,2,1264936
petri-net-alignment-opt18-strips,p18.pddl,on-norm,1,261,121.752,31998,48511,2,1264380
petri-net-alignment-opt18-strips,p19.pddl,off,1,268,449.388,,44245,2,1437604
petri-net-alignment-opt18-strips,p19.pddl,on,1,268,71.791,32128,49442,2,1010300
petri-net-alignment-opt18-strips,p19.pddl,on-w0.5,1,268,61.4001,32128,50995,2,1007168
petri-net-alignment-opt18-strips,p19.pddl,on-w2,1,268,91.5933,32128,52205,2,1076476
petri-net-alignment-opt18-strips,p19.pddl,on-skipc,1,268,104.072,31542,52662,2,1070472
petri-net-alignment-opt18-strips,p19.pddl,on-norm,1,268,47.645,32128,49442,2,1010588
petri-net-alignment-opt18-strips,p20.pddl,off,1,295,158.68,,61556,2,984392
petri-net-alignment-opt18-strips,p20.pddl,on,1,295,59.2808,31852,53977,2,935796
petri-net-alignment-opt18-strips,p20.pddl,on-w0.5,1,295,97.8099,31852,52878,2,1028776
petri-net-alignment-opt18-strips,p20.pddl,on-w2,1,295,70.0348,31852,74327,2,1082220
petri-net-alignment-opt18-strips,p20.pddl,on-skipc,1,295,108.14,31481,55240,2,1183272
petri-net-alignment-opt18-strips,p20.pddl,on-norm,1,295,59.5904,31852,53977,2,932148
woodworking-opt08-strips,p01.pddl,off,1,170,0.0149123,,799,5,545940
woodworking-opt08-strips,p01.pddl,on,1,170,0.0136966,131,774,5,545780
woodworking-opt08-strips,p01.pddl,on-w0.5,1,170,0.0123717,131,775,5,545812
woodworking-opt08-strips,p01.pddl,on-w2,1,170,0.0159546,131,773,5,546068
woodworking-opt08-strips,p01.pddl,on-skipc,1,170,0.0159992,8,822,5,545908
woodworking-opt08-strips,p01.pddl,on-norm,1,170,0.0130001,131,774,5,545780
woodworking-opt08-strips,p02.pddl,off,1,185,0.0311718,,1097,6,434156
woodworking-opt08-strips,p02.pddl,on,1,185,0.0348648,107,1123,6,434156
woodworking-opt08-strips,p02.pddl,on-w0.5,1,185,0.0310278,107,1067,6,434060
woodworking-opt08-strips,p02.pddl,on-w2,1,185,0.0375117,107,1064,6,434156
woodworking-opt08-strips,p02.pddl,on-skipc,1,185,0.0300011,8,1043,6,434060
woodworking-opt08-strips,p02.pddl,on-norm,1,185,0.032961,107,1123,6,434124
woodworking-opt08-strips,p03.pddl,off,1,275,0.318986,,2902,6,548304
woodworking-opt08-strips,p03.pddl,on,1,275,0.240412,257,3024,6,547604
woodworking-opt08-strips,p03.pddl,on-w0.5,1,275,0.257999,257,2726,6,548880
woodworking-opt08-strips,p03.pddl,on-w2,1,275,0.207568,257,2418,6,546772
woodworking-opt08-strips,p03.pddl,on-skipc,1,275,0.31018,22,2802,6,550032
woodworking-opt08-strips,p03.pddl,on-norm,1,275,0.281741,257,2586,6,549456
woodworking-opt08-strips,p04.pddl,off,1,280,0.874716,,4687,6,468132
woodworking-opt08-strips,p04.pddl,on,1,280,1.15047,360,3917,6,471840
woodworking-opt08-strips,p04.pddl,on-w0.5,1,280,0.57899,360,4410,6,466692
woodworking-opt08-strips,p04.pddl,on-w2,1,280,0.568981,360,3756,6,461348
woodworking-opt08-strips,p04.pddl,on-skipc,1,280,0.999075,37,4713,6,471392
woodworking-opt08-strips,p04.pddl,on-norm,1,280,0.574003,360,3874,6,465956
woodworking-opt08-strips,p05.pddl,off,1,270,1.80538,,6947,6,560504
woodworking-opt08-strips,p05.pddl,on,1,270,1.85435,552,6337,6,546076
woodworking-opt08-strips,p05.pddl,on-w0.5,1,270,1.30097,552,6324,6,545916
woodworking-opt08-strips,p05.pddl,on-w2,1,270,1.87889,552,6208,6,540732
woodworking-opt08-strips,p05.pddl,on-skipc,1,270,1.52799,81,6677,6,551064
woodworking-opt08-strips,p05.pddl,on-norm,1,270,1.45367,552,6437,6,542240
woodworking-opt08-strips,p06.pddl,off,1,430,10.2009,,9895,6,649228
woodworking-opt08-strips,p06.pddl,on,1,430,8.27268,349,10596,6,646408
woodworking-opt08-strips,p06.pddl,on-w0.5,1,430,12.0437,349,9985,6,633780
woodworking-opt08-strips,p06.pddl,on-w2,1,430,5.67768,349,10273,6,596608
woodworking-opt08-strips,p06.pddl,on-skipc,1,430,8.83315,24,10552,6,646576
woodworking-opt08-strips,p06.pddl,on-norm,1,430,5.43818,349,10364,6,594784
woodworking-opt08-strips,p07.pddl,off,1,400,111.952,,7515,6,889720
woodworking-opt08-strips,p07.pddl,on,1,400,52.0336,560,6939,6,817012
woodworking-opt08-strips,p07.pddl,on-w0.5,1,400,13.1651,560,6947,6,731128
woodworking-opt08-strips,p07.pddl,on-w2,1,400,10.0243,560,8017,6,675852
woodworking-opt08-strips,p07.pddl,on-skipc,1,400,13.2612,85,7549,6,709860
woodworking-opt08-strips,p07.pddl,on-norm,1,400,5.64184,560,7311,6,654296
woodworking-opt08-strips,p08.pddl,off,1,430,169.712,,10990,6,1043828
woodworking-opt08-strips,p08.pddl,on,1,430,127.964,705,9656,6,868248
woodworking-opt08-strips,p08.pddl,on-w0.5,1,430,155.049,705,10577,6,965716
woodworking-opt08-strips,p08.pddl,on-w2,1,430,78.1327,705,9297,6,765832
woodworking-opt08-strips,p08.pddl,on-skipc,1,430,195.284,130,9704,6,956668
woodworking-opt08-strips,p08.pddl,on-norm,1,430,111.287,705,9520,6,861728
woodworking-opt08-strips,p09.pddl,off,1,445,4.94038,,5060,6,601408
woodworking-opt08-strips,p09.pddl,on,1,445,7.92364,540,4673,6,623132
woodworking-opt08-strips,p09.pddl,on-w0.5,1,445,7.39279,540,4848,6,623608
woodworking-opt08-strips,p09.pddl,on-w2,1,445,7.03073,540,4635,6,621688
woodworking-opt08-strips,p09.pddl,on-skipc,1,445,24.3648,97,4963,6,723760
woodworking-opt08-strips,p09.pddl,on-norm,1,445,7.07065,540,4673,6,622456
woodworking-opt08-strips,p10.pddl,off,0,,,,35696,6,2459912
woodworking-opt08-strips,p10.pddl,on,0,,,755,23309,6,2853568
woodworking-opt08-strips,p10.pddl,on-w0.5,0,,,755,31614,6,2540988
woodworking-opt08-strips,p10.pddl,on-w2,0,,,755,19715,6,2549444
woodworking-opt08-strips,p10.pddl,on-skipc,0,,,107,48992,6,2479384
woodworking-opt08-strips,p10.pddl,on-norm,0,,,755,22672,6,1979948
woodworking-opt08-strips,p11.pddl,off,1,130,0.00992783,,819,5,529404
woodworking-opt08-strips,p11.pddl,on,1,130,0.0075914,110,751,5,529404
woodworking-opt08-strips,p11.pddl,on-w0.5,1,130,0.0110291,110,747,5,529404
woodworking-opt08-strips,p11.pddl,on-w2,1,130,0.0102166,110,752,5,529276
woodworking-opt08-strips,p11.pddl,on-skipc,1,130,0.00905578,4,805,5,529404
woodworking-opt08-strips,p11.pddl,on-norm,1,130,0.0108831,110,751,5,529404
woodworking-opt08-strips,p12.pddl,off,1,225,0.0819129,,2269,5,506752
woodworking-opt08-strips,p12.pddl,on,1,225,0.0667903,236,1907,5,505888
woodworking-opt08-strips,p12.pddl,on-w0.5,1,225,0.0980966,236,2378,5,507008
woodworking-opt08-strips,p12.pddl,on-w2,1,225,0.0620408,236,1889,5,505472
woodworking-opt08-strips,p12.pddl,on-skipc,1,225,0.0849998,19,2226,5,506112
woodworking-opt08-strips,p12.pddl,on-norm,1,225,0.0648179,236,1889,5,505568
woodworking-opt08-strips,p13.pddl,off,1,215,0.289571,,4325,6,443184
woodworking-opt08-strips,p13.pddl,on,1,215,0.280845,315,3454,6,442640
woodworking-opt08-strips,p13.pddl,on-w0.5,1,215,0.278164,315,3865,6,442672
woodworking-opt08-strips,p13.pddl,on-w2,1,215,0.268817,315,3331,6,442704
woodworking-opt08-strips,p13.pddl,on-skipc,1,215,0.373479,29,4097,6,446288
woodworking-opt08-strips,p13.pddl,on-norm,1,215,0.253923,315,3554,6,441872
woodworking-opt08-strips,p14.pddl,off,1,225,0.351978,,3523,6,445640
woodworking-opt08-strips,p14.pddl,on,1,225,0.254362,299,2985,6,443404
woodworking-opt08-strips,p14.pddl,on-w0.5,1,225,0.315998,299,3228,6,445576
woodworking-opt08-strips,p14.pddl,on-w2,1,225,0.299634,299,2971,6,444588
woodworking-opt08-strips,p14.pddl,on-skipc,1,225,0.381646,11,3658,6,446792
woodworking-opt08-strips,p14.pddl,on-norm,1,225,0.247612,299,3014,6,443180
woodworking-opt08-strips,p15.pddl,off,1,270,3.4705,,8888,6,548296
woodworking-opt08-strips,p15.pddl,on,1,270,2.42894,358,9415,6,537804
woodworking-opt08-strips,p15.pddl,on-w0.5,1,270,2.48898,358,7170,6,534000
woodworking-opt08-strips,p15.pddl,on-w2,1,270,1.2785,358,6276,6,510072
woodworking-opt08-strips,p15.pddl,on-skipc,1,270,2.79493,30,8542,6,548040
woodworking-opt08-strips,p15.pddl,on-norm,1,270,3.16792,358,9118,6,557536
woodworking-opt08-strips,p16.pddl,off,1,315,1.85292,,5059,6,542104
woodworking-opt08-strips,p16.pddl,on,1,315,2.35892,448,4690,6,545400
woodworking-opt08-strips,p16.pddl,on-w0.5,1,315,2.09221,448,5023,6,542040
woodworking-opt08-strips,p16.pddl,on-w2,1,315,1.36396,448,5114,6,540088
woodworking-opt08-strips,p16.pddl,on-skipc,1,315,1.8634,65,4787,6,537848
woodworking-opt08-strips,p16.pddl,on-norm,1,315,2.02669,448,4805,6,539000
woodworking-opt08-strips,p17.pddl,off,1,290,11.6318,,11501,6,608296
woodworking-opt08-strips,p17.pddl,on,1,290,7.61935,570,9535,6,568760
woodworking-opt08-strips,p17.pddl,on-w0.5,1,290,7.8135,570,9575,6,597900
woodworking-opt08-strips,p17.pddl,on-w2,1,290,9.00068,570,8614,6,569240
woodworking-opt08-strips,p17.pddl,on-skipc,1,290,9.29266,80,8801,6,560028
woodworking-opt08-strips,p17.pddl,on-norm,1,290,9.91318,570,9546,6,571284
woodworking-opt08-strips,p18.pddl,off,1,455,125.018,,13448,6,798296
woodworking-opt08-strips,p18.pddl,on,1,455,145.198,643,11088,6,818728
woodworking-opt08-strips,p18.pddl,on-w0.5,1,455,129.759,643,11274,6,829112
woodworking-opt08-strips,p18.pddl,on-w2,1,455,112.481,643,13173,6,847916
woodworking-opt08-strips,p18.pddl,on-skipc,1,455,608.813,83,13192,6,1063872
woodworking-opt08-strips,p18.pddl,on-norm,1,455,472.622,643,11073,6,1010440
woodworking-opt08-strips,p19.pddl,off,1,415,417.786,,16665,6,1317064
woodworking-opt08-strips,p19.pddl,on,1,415,243.578,660,14896,6,995404
woodworking-opt08-strips,p19.pddl,on-w0.5,1,415,231.743,660,12573,6,1038324
woodworking-opt08-strips,p19.pddl,on-w2,1,415,408.702,660,11353,6,1192724
woodworking-opt08-strips,p19.pddl,on-skipc,1,415,383.419,97,16191,6,1299556
woodworking-opt08-strips,p19.pddl,on-norm,1,415,694.93,660,13438,6,1290992
woodworking-opt08-strips,p20.pddl,off,1,490,1054.37,,23321,6,1750204
woodworking-opt08-strips,p20.pddl,on,1,490,784.261,842,18708,6,1647872
woodworking-opt08-strips,p20.pddl,on-w0.5,1,490,1022.35,842,19452,6,1503320
woodworking-opt08-strips,p20.pddl,on-w2,1,490,1020.29,842,15986,6,1462348
woodworking-opt08-strips,p20.pddl,on-skipc,1,490,1121.22,119,19416,6,1717516
woodworking-opt08-strips,p20.pddl,on-norm,1,490,850.08,842,18920,6,1754572
woodworking-opt08-strips,p21.pddl,off,1,95,0.00664545,,876,6,529404
woodworking-opt08-strips,p21.pddl,on,1,95,0.00546285,98,805,6,529276
woodworking-opt08-strips,p21.pddl,on-w0.5,1,95,0.00605979,98,824,6,529276
woodworking-opt08-strips,p21.pddl,on-w2,1,95,0.00570127,98,806,6,529276
woodworking-opt08-strips,p21.pddl,on-skipc,1,95,0.00581075,2,901,6,529276
woodworking-opt08-strips,p21.pddl,on-norm,1,95,0.00817864,98,805,6,529276
woodworking-opt08-strips,p22.pddl,off,1,185,0.0439968,,1809,5,480072
woodworking-opt08-strips,p22.pddl,on,1,185,0.0550005,195,1678,5,480104
woodworking-opt08-strips,p22.pddl,on-w0.5,1,185,0.0429999,195,1678,5,480008
woodworking-opt08-strips,p22.pddl,on-w2,1,185,0.0399495,195,1585,5,479848
woodworking-opt08-strips,p22.pddl,on-skipc,1,185,0.0485628,5,1846,5,480136
woodworking-opt08-strips,p22.pddl,on-norm,1,185,0.0278452,195,1664,5,479720
woodworking-opt08-strips,p23.pddl,off,1,195,0.0552605,,1972,6,505720
woodworking-opt08-strips,p23.pddl,on,1,195,0.0685348,215,1694,6,505304
woodworking-opt08-strips,p23.pddl,on-w0.5,1,195,0.0911485,215,1799,6,506168
woodworking-opt08-strips,p23.pddl,on-w2,1,195,0.0674551,215,1780,6,505240
woodworking-opt08-strips,p23.pddl,on-skipc,1,195,0.0899149,5,1913,6,505752
woodworking-opt08-strips,p23.pddl,on-norm,1,195,0.0849992,215,1940,6,506328
woodworking-opt08-strips,p24.pddl,off,1,245,0.281166,,2896,5,451860
woodworking-opt08-strips,p24.pddl,on,1,245,0.347999,312,2407,5,447480
woodworking-opt08-strips,p24.pddl,on-w0.5,1,245,0.366091,312,2722,5,448568
woodworking-opt08-strips,p24.pddl,on-w2,1,245,0.305989,312,2489,5,449556
woodworking-opt08-strips,p24.pddl,on-skipc,1,245,0.385,37,2711,5,448984
woodworking-opt08-strips,p24.pddl,on-norm,1,245,0.266023,312,2517,5,447672
woodworking-opt08-strips,p25.pddl,off,1,380,7.62781,,13356,6,639292
woodworking-opt08-strips,p25.pddl,on,1,380,5.84234,367,8959,6,586736
woodworking-opt08-strips,p25.pddl,on-w0.5,1,380,14.8417,367,8638,6,633660
woodworking-opt08-strips,p25.pddl,on-w2,1,380,3.18011,367,6905,6,534820
woodworking-opt08-strips,p25.pddl,on-skipc,1,380,9.41043,30,12702,6,688800
woodworking-opt08-strips,p25.pddl,on-norm,1,380,3.78492,367,8924,6,558908
woodworking-opt08-strips,p26.pddl,off,1,240,2.53999,,8245,6,573396
woodworking-opt08-strips,p26.pddl,on,1,240,3.0448,482,8934,6,590088
woodworking-opt08-strips,p26.pddl,on-w0.5,1,240,4.34888,482,8742,6,600040
woodworking-opt08-strips,p26.pddl,on-w2,1,240,1.62276,482,7263,6,554584
woodworking-opt08-strips,p26.pddl,on-skipc,1,240,2.965,48,9045,6,585772
woodworking-opt08-strips,p26.pddl,on-norm,1,240,4.44758,482,8633,6,603912
woodworking-opt08-strips,p27.pddl,off,1,350,7.29572,,7368,6,652988
woodworking-opt08-strips,p27.pddl,on,1,350,3.95615,519,5728,6,606124
woodworking-opt08-strips,p27.pddl,on-w0.5,1,350,7.55539,519,6708,6,642816
woodworking-opt08-strips,p27.pddl,on-w2,1,350,3.11547,519,5590,6,604908
woodworking-opt08-strips,p27.pddl,on-skipc,1,350,5.97496,57,6667,6,632196
woodworking-opt08-strips,p27.pddl,on-norm,1,350,2.1198,519,6031,6,583544
woodworking-opt08-strips,p28.pddl,off,1,555,849.548,,19143,5,924948
woodworking-opt08-strips,p28.pddl,on,1,555,194.374,579,10964,5,829600
woodworking-opt08-strips,p28.pddl,on-w0.5,1,555,164.598,579,15283,5,835536
woodworking-opt08-strips,p28.pddl,on-w2,1,555,13.1815,579,11212,5,615532
woodworking-opt08-strips,p28.pddl,on-skipc,1,555,127.524,54,18855,5,890348
woodworking-opt08-strips,p28.pddl,on-norm,1,555,732.852,579,13687,5,969468
woodworking-opt08-strips,p29.pddl,off,1,545,1677.74,,32647,6,1524716
woodworking-opt08-strips,p29.pddl,on,1,545,1290.45,823,22210,6,1298248
woodworking-opt08-strips,p29.pddl,on-w0.5,0,,,823,24985,6,2040628
woodworking-opt08-strips,p29.pddl,on-w2,1,545,1285.82,823,19244,6,1427260
woodworking-opt08-strips,p29.pddl,on-skipc,0,,,137,48310,6,2109408
woodworking-opt08-strips,p29.pddl,on-norm,1,545,1709.17,823,26270,6,1612000
woodworking-opt08-strips,p30.pddl,off,0,,,,25740,6,2622092
woodworking-opt08-strips,p30.pddl,on,0,,,757,16419,6,1798124
woodworking-opt08-strips,p30.pddl,on-w0.5,0,,,757,19087,6,1623284
woodworking-opt08-strips,p30.pddl,on-w2,0,,,757,14523,6,1661608
woodworking-opt08-strips,p30.pddl,on-skipc,0,,,102,20611,6,2363736
woodworking-opt08-strips,p30.pddl,on-norm,0,,,757,14951,6,1901448
woodworking-opt11-strips,p01.pddl,off,1,195,0.0808666,,1972,6,505848
woodworking-opt11-strips,p01.pddl,on,1,195,0.0686588,215,1694,6,505304
woodworking-opt11-strips,p01.pddl,on-w0.5,1,195,0.101642,215,1799,6,506232
woodworking-opt11-strips,p01.pddl,on-w2,1,195,0.0701581,215,1780,6,505240
woodworking-opt11-strips,p01.pddl,on-skipc,1,195,0.0870819,5,1913,6,505912
woodworking-opt11-strips,p01.pddl,on-norm,1,195,0.0962504,215,1940,6,506232
woodworking-opt11-strips,p02.pddl,off,1,225,0.079382,,2269,5,506752
woodworking-opt11-strips,p02.pddl,on,1,225,0.0677945,236,1907,5,506016
woodworking-opt11-strips,p02.pddl,on-w0.5,1,225,0.0979998,236,2378,5,507008
woodworking-opt11-strips,p02.pddl,on-w2,1,225,0.0628628,236,1889,5,505472
woodworking-opt11-strips,p02.pddl,on-skipc,1,225,0.0825438,19,2226,5,506112
woodworking-opt11-strips,p02.pddl,on-norm,1,225,0.0620008,236,1889,5,505568
woodworking-opt11-strips,p03.pddl,off,1,215,0.203,,4325,6,443184
woodworking-opt11-strips,p03.pddl,on,1,215,0.283981,315,3454,6,442640
woodworking-opt11-strips,p03.pddl,on-w0.5,1,215,0.272778,315,3865,6,443120
woodworking-opt11-strips,p03.pddl,on-w2,1,215,0.277968,315,3331,6,442640
woodworking-opt11-strips,p03.pddl,on-skipc,1,215,0.373681,29,4097,6,446384
woodworking-opt11-strips,p03.pddl,on-norm,1,215,0.255895,315,3554,6,441872
woodworking-opt11-strips,p04.pddl,off,1,275,0.271982,,2902,6,548304
woodworking-opt11-strips,p04.pddl,on,1,275,0.239726,257,3024,6,547636
woodworking-opt11-strips,p04.pddl,on-w0.5,1,275,0.249555,257,2726,6,548880
woodworking-opt11-strips,p04.pddl,on-w2,1,275,0.194999,257,2418,6,546772
woodworking-opt11-strips,p04.pddl,on-skipc,1,275,0.303001,22,2802,6,550032
woodworking-opt11-strips,p04.pddl,on-norm,1,275,0.286,257,2586,6,549456
woodworking-opt11-strips,p05.pddl,off,1,245,0.383172,,2896,5,451860
woodworking-opt11-strips,p05.pddl,on,1,245,0.319542,312,2407,5,447480
woodworking-opt11-strips,p05.pddl,on-w0.5,1,245,0.343314,312,2722,5,448696
woodworking-opt11-strips,p05.pddl,on-w2,1,245,0.301929,312,2489,5,449300
woodworking-opt11-strips,p05.pddl,on-skipc,1,245,0.381989,37,2711,5,448984
woodworking-opt11-strips,p05.pddl,on-norm,1,245,0.307939,312,2517,5,447608
woodworking-opt11-strips,p06.pddl,off,1,280,0.878031,,4687,6,468484
woodworking-opt11-strips,p06.pddl,on,1,280,1.14625,360,3917,6,473760
woodworking-opt11-strips,p06.pddl,on-w0.5,1,280,0.763395,360,4410,6,466692
woodworking-opt11-strips,p06.pddl,on-w2,1,280,0.617955,360,3756,6,461348
woodworking-opt11-strips,p06.pddl,on-skipc,1,280,0.928926,37,4713,6,471392
woodworking-opt11-strips,p06.pddl,on-norm,1,280,0.763379,360,3874,6,465956
woodworking-opt11-strips,p07.pddl,off,1,225,0.338875,,3523,6,445704
woodworking-opt11-strips,p07.pddl,on,1,225,0.243242,299,2985,6,443276
woodworking-opt11-strips,p07.pddl,on-w0.5,1,225,0.308,299,3228,6,445576
woodworking-opt11-strips,p07.pddl,on-w2,1,225,0.29713,299,2971,6,445068
woodworking-opt11-strips,p07.pddl,on-skipc,1,225,0.377991,11,3658,6,446792
woodworking-opt11-strips,p07.pddl,on-norm,1,225,0.237976,299,3014,6,443180
woodworking-opt11-strips,p08.pddl,off,1,380,5.52879,,13356,6,639196
woodworking-opt11-strips,p08.pddl,on,1,380,5.86961,367,8959,6,586736
woodworking-opt11-strips,p08.pddl,on-w0.5,1,380,7.9298,367,8638,6,584592
woodworking-opt11-strips,p08.pddl,on-w2,1,380,3.3978,367,6905,6,537092
woodworking-opt11-strips,p08.pddl,on-skipc,1,380,9.36881,30,12702,6,685280
woodworking-opt11-strips,p08.pddl,on-norm,1,380,3.82753,367,8924,6,562552
woodworking-opt11-strips,p09.pddl,off,1,270,2.28401,,6947,6,560628
woodworking-opt11-strips,p09.pddl,on,1,270,1.78658,552,6337,6,546204
woodworking-opt11-strips,p09.pddl,on-w0.5,1,270,1.73522,552,6324,6,545916
woodworking-opt11-strips,p09.pddl,on-w2,1,270,1.91812,552,6208,6,541372
woodworking-opt11-strips,p09.pddl,on-skipc,1,270,1.73173,81,6677,6,551160
woodworking-opt11-strips,p09.pddl,on-norm,1,270,2.30867,552,6437,6,547484
woodworking-opt11-strips,p10.pddl,off,1,270,3.19578,,8888,6,548168
woodworking-opt11-strips,p10.pddl,on,1,270,2.602,358,9415,6,537996
woodworking-opt11-strips,p10.pddl,on-w0.5,1,270,2.49417,358,7170,6,538380
woodworking-opt11-strips,p10.pddl,on-w2,1,270,1.14163,358,6276,6,507864
woodworking-opt11-strips,p10.pddl,on-skipc,1,270,3.79296,30,8542,6,556708
woodworking-opt11-strips,p10.pddl,on-norm,1,270,3.17092,358,9118,6,557536
woodworking-opt11-strips,p11.pddl,off,1,240,3.7192,,8245,6,578512
woodworking-opt11-strips,p11.pddl,on,1,240,3.10187,482,8934,6,590088
woodworking-opt11-strips,p11.pddl,on-w0.5,1,240,4.45787,482,8742,6,600040
woodworking-opt11-strips,p11.pddl,on-w2,1,240,1.7329,482,7263,6,554488
woodworking-opt11-strips,p11.pddl,on-skipc,1,240,2.95094,48,9045,6,585772
woodworking-opt11-strips,p11.pddl,on-norm,1,240,2.27685,482,8633,6,589964
woodworking-opt11-strips,p12.pddl,off,1,315,1.46619,,5059,6,540088
woodworking-opt11-strips,p12.pddl,on,1,315,3.12793,448,4690,6,544120
woodworking-opt11-strips,p12.pddl,on-w0.5,1,315,2.01311,448,5023,6,542040
woodworking-opt11-strips,p12.pddl,on-w2,1,315,1.73472,448,5114,6,540184
woodworking-opt11-strips,p12.pddl,on-skipc,1,315,1.74656,65,4787,6,537116
woodworking-opt11-strips,p12.pddl,on-norm,1,315,1.84408,448,4805,6,539000
woodworking-opt11-strips,p13.pddl,off,1,430,11.2095,,9895,6,649232
woodworking-opt11-strips,p13.pddl,on,1,430,8.13582,349,10596,6,646408
woodworking-opt11-strips,p13.pddl,on-w0.5,1,430,11.9795,349,9985,6,633780
woodworking-opt11-strips,p13.pddl,on-w2,1,430,7.63562,349,10273,6,596608
woodworking-opt11-strips,p13.pddl,on-skipc,1,430,10.8622,24,10552,6,653708
woodworking-opt11-strips,p13.pddl,on-norm,1,430,5.38089,349,10364,6,594784
woodworking-opt11-strips,p14.pddl,off,1,350,7.31586,,7368,6,653496
woodworking-opt11-strips,p14.pddl,on,1,350,3.83688,519,5728,6,604588
woodworking-opt11-strips,p14.pddl,on-w0.5,1,350,7.9368,519,6708,6,648476
woodworking-opt11-strips,p14.pddl,on-w2,1,350,3.50084,519,5590,6,604908
woodworking-opt11-strips,p14.pddl,on-skipc,1,350,9.08773,57,6667,6,658332
woodworking-opt11-strips,p14.pddl,on-norm,1,350,2.81184,519,6031,6,583544
woodworking-opt11-strips,p15.pddl,off,1,290,11.8717,,11501,6,608296
woodworking-opt11-strips,p15.pddl,on,1,290,9.59503,570,9535,6,567192
woodworking-opt11-strips,p15.pddl,on-w0.5,1,290,9.97632,570,9575,6,599436
woodworking-opt11-strips,p15.pddl,on-w2,1,290,9.09879,570,8614,6,569240
woodworking-opt11-strips,p15.pddl,on-skipc,1,290,10.4837,80,8801,6,570520
woodworking-opt11-strips,p15.pddl,on-norm,1,290,9.62092,570,9546,6,575124
woodworking-opt11-strips,p16.pddl,off,1,400,66.8809,,7515,6,862720
woodworking-opt11-strips,p16.pddl,on,1,400,71.6861,560,6939,6,818804
woodworking-opt11-strips,p16.pddl,on-w0.5,1,400,24.7256,560,6947,6,775780
woodworking-opt11-strips,p16.pddl,on-w2,1,400,10.0718,560,8017,6,675852
woodworking-opt11-strips,p16.pddl,on-skipc,1,400,8.12383,85,7549,6,661240
woodworking-opt11-strips,p16.pddl,on-norm,1,400,7.3478,560,7311,6,654296
woodworking-opt11-strips,p17.pddl,off,1,555,1045.37,,19143,5,990384
woodworking-opt11-strips,p17.pddl,on,1,555,219.976,579,10964,5,846320
woodworking-opt11-strips,p17.pddl,on-w0.5,1,555,167.383,579,15283,5,835504
woodworking-opt11-strips,p17.pddl,on-w2,1,555,13.7891,579,11212,5,605072
woodworking-opt11-strips,p17.pddl,on-skipc,1,555,145.623,54,18855,5,821424
woodworking-opt11-strips,p17.pddl,on-norm,1,555,299.769,579,13687,5,936960
woodworking-opt11-strips,p18.pddl,off,1,455,125.493,,13448,6,798328
woodworking-opt11-strips,p18.pddl,on,1,455,137.01,643,11088,6,844128
woodworking-opt11-strips,p18.pddl,on-w0.5,1,455,107.742,643,11274,6,824932
woodworking-opt11-strips,p18.pddl,on-w2,1,455,105.482,643,13173,6,848108
woodworking-opt11-strips,p18.pddl,on-skipc,1,455,608.02,83,13192,6,1063872
woodworking-opt11-strips,p18.pddl,on-norm,1,455,387.298,643,11073,6,1031716
woodworking-opt11-strips,p19.pddl,off,1,430,210.328,,10990,6,1029224
woodworking-opt11-strips,p19.pddl,on,1,430,104.295,705,9656,6,868272
woodworking-opt11-strips,p19.pddl,on-w0.5,1,430,161.589,705,10577,6,965692
woodworking-opt11-strips,p19.pddl,on-w2,1,430,67.1395,705,9297,6,764808
woodworking-opt11-strips,p19.pddl,on-skipc,1,430,189.635,130,9704,6,937832
woodworking-opt11-strips,p19.pddl,on-norm,1,430,108.387,705,9520,6,860992
woodworking-opt11-strips,p20.pddl,off,0,,,,32647,6,1708496
woodworking-opt11-strips,p20.pddl,on,1,545,1269.62,823,22210,6,1335356
woodworking-opt11-strips,p20.pddl,on-w0.5,0,,,823,24985,6,2304716
woodworking-opt11-strips,p20.pddl,on-w2,1,545,1383.8,823,19244,6,1392776
woodworking-opt11-strips,p20.pddl,on-skipc,0,,,137,48310,6,2320924
woodworking-opt11-strips,p20.pddl,on-norm,0,,,823,26270,6,1771584
tidybot-opt11-strips,p01.pddl,off,1,4,0.00058082,,19,1,442600
tidybot-opt11-strips,p01.pddl,on,1,4,0.000688242,0,19,1,442600
tidybot-opt11-strips,p01.pddl,on-w0.5,1,4,0.000420949,0,19,1,442600
tidybot-opt11-strips,p01.pddl,on-w2,1,4,0.000619552,0,19,1,442600
tidybot-opt11-strips,p01.pddl,on-skipc,1,4,0.000371727,0,19,1,442600
tidybot-opt11-strips,p01.pddl,on-norm,1,4,0.000790479,0,19,1,442600
tidybot-opt11-strips,p02.pddl,off,1,33,2.21195,,343823,6,737420
tidybot-opt11-strips,p02.pddl,on,1,33,2.15997,1735,70595,2,664556
tidybot-opt11-strips,p02.pddl,on-w0.5,1,33,2.72512,1735,64906,1,725136
tidybot-opt11-strips,p02.pddl,on-w2,1,33,1.27885,1735,43092,1,633488
tidybot-opt11-strips,p02.pddl,on-skipc,1,33,2.66625,1466,66547,1,721188
tidybot-opt11-strips,p02.pddl,on-norm,1,33,1.45524,1735,70595,2,664556
tidybot-opt11-strips,p03.pddl,off,1,16,4.40379,,273325,4,776012
tidybot-opt11-strips,p03.pddl,on,1,16,1.11717,1735,61485,1,670944
tidybot-opt11-strips,p03.pddl,on-w0.5,1,16,0.725927,1735,77253,1,620440
tidybot-opt11-strips,p03.pddl,on-w2,1,16,1.07209,1735,57794,1,653432
tidybot-opt11-strips,p03.pddl,on-skipc,1,16,1.27908,1466,73520,1,678204
tidybot-opt11-strips,p03.pddl,on-norm,1,16,1.29698,1735,61485,1,670944
tidybot-opt11-strips,p04.pddl,off,1,32,2.06032,,343823,6,735340
tidybot-opt11-strips,p04.pddl,on,1,32,1.81098,1735,70595,2,660752
tidybot-opt11-strips,p04.pddl,on-w0.5,1,32,2.50893,1735,64906,1,721492
tidybot-opt11-strips,p04.pddl,on-w2,1,32,1.21003,1735,43092,1,631568
tidybot-opt11-strips,p04.pddl,on-skipc,1,32,2.40666,1466,66547,1,717732
tidybot-opt11-strips,p04.pddl,on-norm,1,32,1.80809,1735,70595,2,660752
tidybot-opt11-strips,p05.pddl,off,1,38,9.27362,,624450,11,718268
tidybot-opt11-strips,p05.pddl,on,1,38,7.6897,3451,493736,17,694920
tidybot-opt11-strips,p05.pddl,on-w0.5,1,38,12.4643,3451,503860,16,722872
tidybot-opt11-strips,p05.pddl,on-w2,1,38,8.77263,3451,532039,17,657852
tidybot-opt11-strips,p05.pddl,on-skipc,1,38,12.0934,3034,518849,16,757820
tidybot-opt11-strips,p05.pddl,on-norm,1,38,10.1528,3451,493736,17,694920
tidybot-opt11-strips,p06.pddl,off,1,32,7.42539,,431244,9,705896
tidybot-opt11-strips,p06.pddl,on,1,32,7.78405,3449,576370,17,677044
tidybot-opt11-strips,p06.pddl,on-w0.5,1,32,12.2056,3449,544934,17,688588
tidybot-opt11-strips,p06.pddl,on-w2,1,32,11.3537,3449,594394,17,690912
tidybot-opt11-strips,p06.pddl,on-skipc,1,32,11.7908,3032,624592,15,653888
tidybot-opt11-strips,p06.pddl,on-norm,1,32,10.8306,3449,576370,17,677044
tidybot-opt11-strips,p07.pddl,off,1,17,3.48389,,579237,12,794180
tidybot-opt11-strips,p07.pddl,on,1,17,8.38069,3449,544698,16,669368
tidybot-opt11-strips,p07.pddl,on-w0.5,1,17,12.8484,3449,89861,1,792800
tidybot-opt11-strips,p07.pddl,on-w2,1,17,8.75535,3449,551076,16,688256
tidybot-opt11-strips,p07.pddl,on-skipc,1,17,9.21407,3032,589177,15,700592
tidybot-opt11-strips,p07.pddl,on-norm,1,17,8.36178,3449,544698,16,669368
tidybot-opt11-strips,p08.pddl,off,1,37,8.86179,,624450,11,718268
tidybot-opt11-strips,p08.pddl,on,1,37,10.6114,3451,493736,17,694920
tidybot-opt11-strips,p08.pddl,on-w0.5,1,37,13.7952,3451,503860,16,722872
tidybot-opt11-strips,p08.pddl,on-w2,1,37,8.55164,3451,532039,17,657852
tidybot-opt11-strips,p08.pddl,on-skipc,1,37,8.70242,3034,518849,16,751648
tidybot-opt11-strips,p08.pddl,on-norm,1,37,10.7358,3451,493736,17,694920
tidybot-opt11-strips,p09.pddl,off,1,27,13.1367,,503220,9,869208
tidybot-opt11-strips,p09.pddl,on,1,27,17.1987,6263,713028,27,834248
tidybot-opt11-strips,p09.pddl,on-w0.5,1,27,22.2635,6263,661496,27,807720
tidybot-opt11-strips,p09.pddl,on-w2,1,27,12.6604,6263,822268,27,943960
tidybot-opt11-strips,p09.pddl,on-skipc,1,27,16.8865,5674,660750,27,826636
tidybot-opt11-strips,p09.pddl,on-norm,1,27,17.1064,6263,713028,27,834248
tidybot-opt11-strips,p10.pddl,off,1,29,598.874,,2916327,52,2929284
tidybot-opt11-strips,p10.pddl,on,1,29,300.969,3325,1892635,49,1523996
tidybot-opt11-strips,p10.pddl,on-w0.5,1,29,529.291,3325,1902471,44,2186560
tidybot-opt11-strips,p10.pddl,on-w2,1,29,544.672,3325,1702873,49,2230116
tidybot-opt11-strips,p10.pddl,on-skipc,1,29,514.938,2990,2608076,66,2391508
tidybot-opt11-strips,p10.pddl,on-norm,1,29,476.754,3325,1892635,49,2097708
tidybot-opt11-strips,p11.pddl,off,1,29,198.193,,2689011,97,1392920
tidybot-opt11-strips,p11.pddl,on,1,29,532.282,3328,1908294,49,2557600
tidybot-opt11-strips,p11.pddl,on-w0.5,1,29,615.022,3328,1892168,42,3165344
tidybot-opt11-strips,p11.pddl,on-w2,1,29,321.113,3328,1917489,49,1479696
tidybot-opt11-strips,p11.pddl,on-skipc,1,29,585.28,2993,2477544,53,2674772
tidybot-opt11-strips,p11.pddl,on-norm,1,29,318.917,3328,1908294,49,1583856
tidybot-opt11-strips,p12.pddl,off,0,,,,2595809,68,5864296
tidybot-opt11-strips,p12.pddl,on,0,,,3325,2013432,51,4026400
tidybot-opt11-strips,p12.pddl,on-w0.5,1,35,353.418,3325,2710503,98,2338272
tidybot-opt11-strips,p12.pddl,on-w2,0,,,3325,2069995,53,6517288
tidybot-opt11-strips,p12.pddl,on-skipc,0,,,2990,2832323,63,5544356
tidybot-opt11-strips,p12.pddl,on-norm,0,,,3325,2006200,52,4641764
tidybot-opt11-strips,p13.pddl,off,1,30,1454.81,,2595809,68,5510680
tidybot-opt11-strips,p13.pddl,on,1,30,809.025,3325,2013432,51,2707028
tidybot-opt11-strips,p13.pddl,on-w0.5,1,30,195.226,3325,2692603,86,1552400
tidybot-opt11-strips,p13.pddl,on-w2,1,30,727.833,3325,2112462,51,3327016
tidybot-opt11-strips,p13.pddl,on-skipc,1,30,1112.53,2990,2832323,63,3652616
tidybot-opt11-strips,p13.pddl,on-norm,1,30,793.201,3325,2013432,51,2706512
tidybot-opt11-strips,p14.pddl,off,1,25,969.802,,3793388,347,2653308
tidybot-opt11-strips,p14.pddl,on,1,25,496.857,5165,3461216,70,1950172
tidybot-opt11-strips,p14.pddl,on-w0.5,1,25,770.164,5165,3313126,63,3015512
tidybot-opt11-strips,p14.pddl,on-w2,1,25,729.357,5165,3360818,77,2589652
tidybot-opt11-strips,p14.pddl,on-skipc,1,25,661.998,4740,3828721,78,2476420
tidybot-opt11-strips,p14.pddl,on-norm,1,25,694.302,5165,3389259,93,2456592
tidybot-opt11-strips,p15.pddl,off,0,,,,4230043,399,4676580
tidybot-opt11-strips,p15.pddl,on,0,,,5266,3650712,80,5014224
tidybot-opt11-strips,p15.pddl,on-w0.5,0,,,5266,3782893,150,5427472
tidybot-opt11-strips,p15.pddl,on-w2,0,,,5266,3642759,95,5060944
tidybot-opt11-strips,p15.pddl,on-skipc,0,,,4843,3976634,106,5972596
tidybot-opt11-strips,p15.pddl,on-norm,0,,,5266,3568326,82,6813168
tidybot-opt11-strips,p16.pddl,off,0,,,,4040527,92,5245432
tidybot-opt11-strips,p16.pddl,on,0,,,4977,3826795,85,4987816
tidybot-opt11-strips,p16.pddl,on-w0.5,0,,,4977,3556267,90,5706288
tidybot-opt11-strips,p16.pddl,on-w2,0,,,4977,3557030,75,7296084
tidybot-opt11-strips,p16.pddl,on-skipc,0,,,4554,4134242,80,6973784
tidybot-opt11-strips,p16.pddl,on-norm,0,,,4977,3894056,83,5198492
tidybot-opt11-strips,p17.pddl,off,1,40,99.5712,,1217848,20,856120
tidybot-opt11-strips,p17.pddl,on,1,40,111.571,9569,1737492,55,929768
tidybot-opt11-strips,p17.pddl,on-w0.5,1,40,106.027,9569,1614671,69,930328
tidybot-opt11-strips,p17.pddl,on-w2,1,40,113.081,9569,1518905,55,962516
tidybot-opt11-strips,p17.pddl,on-skipc,1,40,106.721,8832,1743214,60,908992
tidybot-opt11-strips,p17.pddl,on-norm,1,40,116.423,9569,1737492,55,916560
tidybot-opt11-strips,p18.pddl,off,1,44,178.083,,1105411,19,1071744
tidybot-opt11-strips,p18.pddl,on,1,44,121.804,9797,1362267,47,925872
tidybot-opt11-strips,p18.pddl,on-w0.5,1,44,119.761,9797,1362777,48,883284
tidybot-opt11-strips,p18.pddl,on-w2,1,44,131.851,9797,1399748,47,1072000
tidybot-opt11-strips,p18.pddl,on-skipc,1,44,140.128,9050,1323138,47,1150308
tidybot-opt11-strips,p18.pddl,on-norm,1,44,130.697,9797,1362267,47,905176
tidybot-opt11-strips,p19.pddl,off,0,,,,3607249,157,5292892
tidybot-opt11-strips,p19.pddl,on,0,,,5073,3591023,97,4368480
tidybot-opt11-strips,p19.pddl,on-w0.5,0,,,5073,3089342,59,5404688
tidybot-opt11-strips,p19.pddl,on-w2,0,,,5073,3029846,75,6540396
tidybot-opt11-strips,p19.pddl,on-skipc,0,,,4648,4489390,81,4856720
tidybot-opt11-strips,p19.pddl,on-norm,0,,,5073,3546923,80,4416180
tidybot-opt11-strips,p20.pddl,off,1,46,102.747,,1355966,23,863056
tidybot-opt11-strips,p20.pddl,on,1,46,86.6483,9347,1993507,63,1033040
tidybot-opt11-strips,p20.pddl,on-w0.5,1,46,101.53,9347,2146111,72,978388
tidybot-opt11-strips,p20.pddl,on-w2,1,46,111.398,9347,1838126,60,1161668
tidybot-opt11-strips,p20.pddl,on-skipc,1,46,121.606,8620,2083033,64,1493384
tidybot-opt11-strips,p20.pddl,on-norm,1,46,104.13,9347,1971162,65,1228064
barman-opt11-strips,pfile01-001.pddl,off,1,90,11.9616,,8837,2,881312
barman-opt11-strips,pfile01-001.pddl,on,1,90,9.63742,243,8452,2,822040
barman-opt11-strips,pfile01-001.pddl,on-w0.5,1,90,7.35882,243,9217,2,844144
barman-opt11-strips,pfile01-001.pddl,on-w2,1,90,5.90082,243,9450,2,602088
barman-opt11-strips,pfile01-001.pddl,on-skipc,1,90,10.6053,144,9408,2,861160
barman-opt11-strips,pfile01-001.pddl,on-norm,1,90,4.8691,243,10005,2,610532
barman-opt11-strips,pfile01-002.pddl,off,1,90,7.20732,,8005,2,805120
barman-opt11-strips,pfile01-002.pddl,on,1,90,7.25388,252,6561,2,736032
barman-opt11-strips,pfile01-002.pddl,on-w0.5,1,90,5.32541,252,7608,2,586540
barman-opt11-strips,pfile01-002.pddl,on-w2,1,90,7.15159,252,6073,2,717384
barman-opt11-strips,pfile01-002.pddl,on-skipc,1,90,7.02668,144,7576,2,708656
barman-opt11-strips,pfile01-002.pddl,on-norm,1,90,2.88069,252,6686,2,552380
barman-opt11-strips,pfile01-003.pddl,off,1,90,8.23994,,8382,2,797956
barman-opt11-strips,pfile01-003.pddl,on,1,90,4.78445,252,6556,2,652360
barman-opt11-strips,pfile01-003.pddl,on-w0.5,1,90,5.62087,252,7721,2,769808
barman-opt11-strips,pfile01-003.pddl,on-w2,1,90,5.13808,252,6748,2,579376
barman-opt11-strips,pfile01-003.pddl,on-skipc,1,90,6.17653,144,7323,2,602056
barman-opt11-strips,pfile01-003.pddl,on-norm,1,90,5.22185,252,6244,2,731776
barman-opt11-strips,pfile01-004.pddl,off,1,90,9.86851,,8005,2,805152
barman-opt11-strips,pfile01-004.pddl,on,1,90,7.61938,252,6561,2,742300
barman-opt11-strips,pfile01-004.pddl,on-w0.5,1,90,5.38557,252,7608,2,586476
barman-opt11-strips,pfile01-004.pddl,on-w2,1,90,6.84189,252,6073,2,717416
barman-opt11-strips,pfile01-004.pddl,on-skipc,1,90,5.31987,144,7576,2,714892
barman-opt11-strips,pfile01-004.pddl,on-norm,1,90,3.94187,252,6686,2,552252
barman-opt11-strips,pfile02-005.pddl,off,1,121,126.448,,25107,2,1306788
barman-opt11-strips,pfile02-005.pddl,on,1,121,150.68,369,18695,2,1231812
barman-opt11-strips,pfile02-005.pddl,on-w0.5,1,121,103.961,369,12173,2,1112788
barman-opt11-strips,pfile02-005.pddl,on-w2,1,121,137.89,369,17338,2,1219460
barman-opt11-strips,pfile02-005.pddl,on-skipc,1,121,113.663,227,18031,2,1111756
barman-opt11-strips,pfile02-005.pddl,on-norm,1,121,145.015,369,11734,2,1206060
barman-opt11-strips,pfile02-006.pddl,off,1,121,159.335,,26350,2,1415564
barman-opt11-strips,pfile02-006.pddl,on,1,121,83.8521,369,19101,2,1287180
barman-opt11-strips,pfile02-006.pddl,on-w0.5,1,121,73.3346,369,11705,2,1140996
barman-opt11-strips,pfile02-006.pddl,on-w2,1,121,91.8333,369,10882,2,1012880
barman-opt11-strips,pfile02-006.pddl,on-skipc,1,121,120.528,227,18006,2,1040784
barman-opt11-strips,pfile02-006.pddl,on-norm,1,121,145.667,369,11719,2,1308108
barman-opt11-strips,pfile02-007.pddl,off,1,121,122.395,,17236,2,1204492
barman-opt11-strips,pfile02-007.pddl,on,1,121,94.7582,369,11744,2,1149160
barman-opt11-strips,pfile02-007.pddl,on-w0.5,1,121,119.223,369,11739,2,1049472
barman-opt11-strips,pfile02-007.pddl,on-w2,1,121,64.361,369,10235,2,1134156
barman-opt11-strips,pfile02-007.pddl,on-skipc,1,121,156.447,227,17956,2,1111044
barman-opt11-strips,pfile02-007.pddl,on-norm,1,121,109.174,369,11767,2,1160708
barman-opt11-strips,pfile02-008.pddl,off,1,121,133.687,,23341,2,1365444
barman-opt11-strips,pfile02-008.pddl,on,1,121,101.061,369,19307,2,1165000
barman-opt11-strips,pfile02-008.pddl,on-w0.5,1,121,212.067,369,16279,2,1276780
barman-opt11-strips,pfile02-008.pddl,on-w2,1,121,67.6828,369,17627,2,1207280
barman-opt11-strips,pfile02-008.pddl,on-skipc,1,121,103.883,227,18033,2,1069444
barman-opt11-strips,pfile02-008.pddl,on-norm,1,121,161.507,369,19888,2,1364096
barman-opt11-strips,pfile03-009.pddl,off,0,,,,41549,2,3656768
barman-opt11-strips,pfile03-009.pddl,on,0,,,515,24894,2,3829184
barman-opt11-strips,pfile03-009.pddl,on-w0.5,1,152,1520.51,515,25951,2,3124668
barman-opt11-strips,pfile03-009.pddl,on-w2,1,152,1502.38,515,25647,2,3122780
barman-opt11-strips,pfile03-009.pddl,on-skipc,1,152,1303.05,335,26434,2,3806972
barman-opt11-strips,pfile03-009.pddl,on-norm,1,152,1006.91,515,22061,2,3455256
barman-opt11-strips,pfile03-010.pddl,off,0,,,,47841,2,3818524
barman-opt11-strips,pfile03-010.pddl,on,1,152,1638.98,504,32304,2,4020224
barman-opt11-strips,pfile03-010.pddl,on-w0.5,0,,,504,42276,2,4222912
barman-opt11-strips,pfile03-010.pddl,on-w2,1,152,1449.02,504,36064,2,3895232
barman-opt11-strips,pfile03-010.pddl,on-skipc,0,,,335,37770,2,4280088
barman-opt11-strips,pfile03-010.pddl,on-norm,0,,,504,32317,2,4174996
barman-opt11-strips,pfile03-011.pddl,off,1,152,1559.7,,35655,2,3907376
barman-opt11-strips,pfile03-011.pddl,on,1,152,1401.83,515,24372,2,3776696
barman-opt11-strips,pfile03-011.pddl,on-w0.5,1,152,1789.56,515,25783,2,3844340
barman-opt11-strips,pfile03-011.pddl,on-w2,1,152,1560.9,515,23336,2,4004672
barman-opt11-strips,pfile03-011.pddl,on-skipc,1,152,1620.4,335,26329,2,4252336
barman-opt11-strips,pfile03-011.pddl,on-norm,1,152,1194.34,515,24372,2,3644976
barman-opt11-strips,pfile03-012.pddl,off,1,152,1783.05,,46616,2,4374900
barman-opt11-strips,pfile03-012.pddl,on,1,152,1408.62,504,37224,2,3344064
barman-opt11-strips,pfile03-012.pddl,on-w0.5,0,,,504,40683,2,4551052
barman-opt11-strips,pfile03-012.pddl,on-w2,1,152,1605.99,504,37088,2,4068372
barman-opt11-strips,pfile03-012.pddl,on-skipc,0,,,335,37980,2,4451104
barman-opt11-strips,pfile03-012.pddl,on-norm,0,,,504,36640,2,3843636
barman-opt11-strips,pfile04-013.pddl,off,0,,,,100831,4,4019968
barman-opt11-strips,pfile04-013.pddl,on,0,,,769,98278,2,4960920
barman-opt11-strips,pfile04-013.pddl,on-w0.5,0,,,769,105473,2,5549104
barman-opt11-strips,pfile04-013.pddl,on-w2,0,,,769,100402,2,6250808
barman-opt11-strips,pfile04-013.pddl,on-skipc,0,,,535,104567,3,5213008
barman-opt11-strips,pfile04-013.pddl,on-norm,0,,,769,97997,2,4821996
barman-opt11-strips,pfile04-014.pddl,off,0,,,,110576,4,5045232
barman-opt11-strips,pfile04-014.pddl,on,0,,,769,98298,2,5025756
barman-opt11-strips,pfile04-014.pddl,on-w0.5,0,,,769,102673,2,5705512
barman-opt11-strips,pfile04-014.pddl,on-w2,0,,,769,106347,3,4107860
barman-opt11-strips,pfile04-014.pddl,on-skipc,0,,,535,105240,3,4365292
barman-opt11-strips,pfile04-014.pddl,on-norm,0,,,769,97987,2,5826376
barman-opt11-strips,pfile04-015.pddl,off,0,,,,123680,4,4083524
barman-opt11-strips,pfile04-015.pddl,on,0,,,769,97954,2,4517596
barman-opt11-strips,pfile04-015.pddl,on-w0.5,0,,,769,104554,2,5162200
barman-opt11-strips,pfile04-015.pddl,on-w2,0,,,769,89204,2,5290584
barman-opt11-strips,pfile04-015.pddl,on-skipc,0,,,535,108078,3,4687960
barman-opt11-strips,pfile04-015.pddl,on-norm,0,,,769,98990,2,5129480
barman-opt11-strips,pfile04-016.pddl,off,0,,,,132935,4,6030700
barman-opt11-strips,pfile04-016.pddl,on,0,,,769,100433,2,5728160
barman-opt11-strips,pfile04-016.pddl,on-w0.5,0,,,769,101751,2,5354124
barman-opt11-strips,pfile04-016.pddl,on-w2,0,,,769,105310,3,4502564
barman-opt11-strips,pfile04-016.pddl,on-skipc,0,,,535,105545,3,4994664
barman-opt11-strips,pfile04-016.pddl,on-norm,0,,,769,98004,2,5817988
barman-opt11-strips,pfile05-017.pddl,off,0,,,,171709,7,5198912
barman-opt11-strips,pfile05-017.pddl,on,0,,,995,57563,3,5564900
barman-opt11-strips,pfile05-017.pddl,on-w0.5,0,,,995,71041,3,5391276
barman-opt11-strips,pfile05-017.pddl,on-w2,0,,,995,35259,3,4772412
barman-opt11-strips,pfile05-017.pddl,on-skipc,0,,,714,56354,3,5217160
barman-opt11-strips,pfile05-017.pddl,on-norm,0,,,995,44816,3,5212536
barman-opt11-strips,pfile05-018.pddl,off,0,,,,246718,7,5524412
barman-opt11-strips,pfile05-018.pddl,on,0,,,995,41598,3,6077592
barman-opt11-strips,pfile05-018.pddl,on-w0.5,0,,,995,74970,3,6372396
barman-opt11-strips,pfile05-018.pddl,on-w2,0,,,995,37418,3,5487776
barman-opt11-strips,pfile05-018.pddl,on-skipc,0,,,714,47409,3,5054356
barman-opt11-strips,pfile05-018.pddl,on-norm,0,,,995,42209,3,5692032
barman-opt11-strips,pfile05-019.pddl,off,0,,,,133905,4,4681656
barman-opt11-strips,pfile05-019.pddl,on,0,,,995,47664,3,5996944
barman-opt11-strips,pfile05-019.pddl,on-w0.5,0,,,995,70257,3,6020328
barman-opt11-strips,pfile05-019.pddl,on-w2,0,,,995,37591,3,5076052
barman-opt11-strips,pfile05-019.pddl,on-skipc,0,,,714,55688,3,5054436
barman-opt11-strips,pfile05-019.pddl,on-norm,0,,,995,50140,3,6318556
barman-opt11-strips,pfile05-020.pddl,off,0,,,,250221,8,5690292
barman-opt11-strips,pfile05-020.pddl,on,0,,,995,60166,3,6298440
barman-opt11-strips,pfile05-020.pddl,on-w0.5,0,,,995,73507,3,4586640
barman-opt11-strips,pfile05-020.pddl,on-w2,0,,,995,33474,3,5245192
barman-opt11-strips,pfile05-020.pddl,on-skipc,0,,,714,49134,3,5646408
barman-opt11-strips,pfile05-020.pddl,on-norm,0,,,995,45536,3,6954680
pathways,p01.pddl,off,0,,0.000563948,,0,0,491720
pathways,p01.pddl,on,0,,0.000548916,0,0,0,491720
pathways,p01.pddl,on-w0.5,0,,0.00066572,0,0,0,491720
pathways,p01.pddl,on-w2,0,,0.000556832,0,0,0,491720
pathways,p01.pddl,on-skipc,0,,0.000512863,0,0,0,491720
pathways,p01.pddl,on-norm,0,,0.000574157,0,0,0,491720
pathways,p02.pddl,off,1,12,0.0138553,,1980,1,446008
pathways,p02.pddl,on,1,12,0.0109999,82,1269,1,445848
pathways,p02.pddl,on-w0.5,1,12,0.0109367,82,1294,1,445848
pathways,p02.pddl,on-w2,1,12,0.0106352,82,1269,1,445848
pathways,p02.pddl,on-skipc,1,12,0.0109989,52,1384,1,445848
pathways,p02.pddl,on-norm,1,12,0.0100251,82,1269,1,445848
pathways,p03.pddl,off,0,,,,,,
pathways,p03.pddl,on,0,,,,,,
pathways,p03.pddl,on-w0.5,0,,,,,,
pathways,p03.pddl,on-w2,0,,,,,,
pathways,p03.pddl,on-skipc,0,,,,,,
pathways,p03.pddl,on-norm,0,,,,,,
pathways,p04.pddl,off,0,,,,,,
pathways,p04.pddl,on,0,,,,,,
pathways,p04.pddl,on-w0.5,0,,,,,,
pathways,p04.pddl,on-w2,0,,,,,,
pathways,p04.pddl,on-skipc,0,,,,,,
pathways,p04.pddl,on-norm,0,,,,,,
pathways,p05.pddl,off,0,,,,,,
pathways,p05.pddl,on,0,,,,,,
pathways,p05.pddl,on-w0.5,0,,,,,,
pathways,p05.pddl,on-w2,0,,,,,,
pathways,p05.pddl,on-skipc,0,,,,,,
pathways,p05.pddl,on-norm,0,,,,,,
pathways,p06.pddl,off,0,,,,,,
pathways,p06.pddl,on,0,,,,,,
pathways,p06.pddl,on-w0.5,0,,,,,,
pathways,p06.pddl,on-w2,0,,,,,,
pathways,p06.pddl,on-skipc,0,,,,,,
pathways,p06.pddl,on-norm,0,,,,,,
pathways,p07.pddl,off,0,,,,,,
pathways,p07.pddl,on,0,,,,,,
pathways,p07.pddl,on-w0.5,0,,,,,,
pathways,p07.pddl,on-w2,0,,,,,,
pathways,p07.pddl,on-skipc,0,,,,,,
pathways,p07.pddl,on-norm,0,,,,,,
pathways,p08.pddl,off,0,,,,,,
pathways,p08.pddl,on,0,,,,,,
pathways,p08.pddl,on-w0.5,0,,,,,,
pathways,p08.pddl,on-w2,0,,,,,,
pathways,p08.pddl,on-skipc,0,,,,,,
pathways,p08.pddl,on-norm,0,,,,,,
pathways,p09.pddl,off,0,,,,,,
pathways,p09.pddl,on,0,,,,,,
pathways,p09.pddl,on-w0.5,0,,,,,,
pathways,p09.pddl,on-w2,0,,,,,,
pathways,p09.pddl,on-skipc,0,,,,,,
pathways,p09.pddl,on-norm,0,,,,,,
pathways,p10.pddl,off,0,,,,,,
pathways,p10.pddl,on,0,,,,,,
pathways,p10.pddl,on-w0.5,0,,,,,,
pathways,p10.pddl,on-w2,0,,,,,,
pathways,p10.pddl,on-skipc,0,,,,,,
pathways,p10.pddl,on-norm,0,,,,,,
pathways,p11.pddl,off,0,,,,,,
pathways,p11.pddl,on,0,,,,,,
pathways,p11.pddl,on-w0.5,0,,,,,,
pathways,p11.pddl,on-w2,0,,,,,,
pathways,p11.pddl,on-skipc,0,,,,,,
pathways,p11.pddl,on-norm,0,,,,,,
pathways,p12.pddl,off,0,,,,,,
pathways,p12.pddl,on,0,,,,,,
pathways,p12.pddl,on-w0.5,0,,,,,,
pathways,p12.pddl,on-w2,0,,,,,,
pathways,p12.pddl,on-skipc,0,,,,,,
pathways,p12.pddl,on-norm,0,,,,,,
pathways,p13.pddl,off,0,,,,,,
pathways,p13.pddl,on,0,,,,,,
pathways,p13.pddl,on-w0.5,0,,,,,,
pathways,p13.pddl,on-w2,0,,,,,,
pathways,p13.pddl,on-skipc,0,,,,,,
pathways,p13.pddl,on-norm,0,,,,,,
pathways,p14.pddl,off,0,,,,,,
pathways,p14.pddl,on,0,,,,,,
pathways,p14.pddl,on-w0.5,0,,,,,,
pathways,p14.pddl,on-w2,0,,,,,,
pathways,p14.pddl,on-skipc,0,,,,,,
pathways,p14.pddl,on-norm,0,,,,,,
pathways,p15.pddl,off,0,,,,,,
pathways,p15.pddl,on,0,,,,,,
pathways,p15.pddl,on-w0.5,0,,,,,,
pathways,p15.pddl,on-w2,0,,,,,,
pathways,p15.pddl,on-skipc,0,,,,,,
pathways,p15.pddl,on-norm,0,,,,,,
pathways,p16.pddl,off,0,,,,,,
pathways,p16.pddl,on,0,,,,,,
pathways,p16.pddl,on-w0.5,0,,,,,,
pathways,p16.pddl,on-w2,0,,,,,,
pathways,p16.pddl,on-skipc,0,,,,,,
pathways,p16.pddl,on-norm,0,,,,,,
pathways,p17.pddl,off,0,,,,,,
pathways,p17.pddl,on,0,,,,,,
pathways,p17.pddl,on-w0.5,0,,,,,,
pathways,p17.pddl,on-w2,0,,,,,,
pathways,p17.pddl,on-skipc,0,,,,,,
pathways,p17.pddl,on-norm,0,,,,,,
pathways,p18.pddl,off,0,,,,,,
pathways,p18.pddl,on,0,,,,,,
pathways,p18.pddl,on-w0.5,0,,,,,,
pathways,p18.pddl,on-w2,0,,,,,,
pathways,p18.pddl,on-skipc,0,,,,,,
pathways,p18.pddl,on-norm,0,,,,,,
pathways,p19.pddl,off,0,,,,,,
pathways,p19.pddl,on,0,,,,,,
pathways,p19.pddl,on-w0.5,0,,,,,,
pathways,p19.pddl,on-w2,0,,,,,,
pathways,p19.pddl,on-skipc,0,,,,,,
pathways,p19.pddl,on-norm,0,,,,,,
pathways,p20.pddl,off,0,,,,,,
pathways,p20.pddl,on,0,,,,,,
pathways,p20.pddl,on-w0.5,0,,,,,,
pathways,p20.pddl,on-w2,0,,,,,,
pathways,p20.pddl,on-skipc,0,,,,,,
pathways,p20.pddl,on-norm,0,,,,,,
pathways,p21.pddl,off,0,,,,,,
pathways,p21.pddl,on,0,,,,,,
pathways,p21.pddl,on-w0.5,0,,,,,,
pathways,p21.pddl,on-w2,0,,,,,,
pathways,p21.pddl,on-skipc,0,,,,,,
pathways,p21.pddl,on-norm,0,,,,,,
pathways,p22.pddl,off,0,,,,,,
pathways,p22.pddl,on,0,,,,,,
pathways,p22.pddl,on-w0.5,0,,,,,,
pathways,p22.pddl,on-w2,0,,,,,,
pathways,p22.pddl,on-skipc,0,,,,,,
pathways,p22.pddl,on-norm,0,,,,,,
pathways,p23.pddl,off,0,,,,,,
pathways,p23.pddl,on,0,,,,,,
pathways,p23.pddl,on-w0.5,0,,,,,,
pathways,p23.pddl,on-w2,0,,,,,,
pathways,p23.pddl,on-skipc,0,,,,,,
pathways,p23.pddl,on-norm,0,,,,,,
pathways,p24.pddl,off,0,,,,,,
pathways,p24.pddl,on,0,,,,,,
pathways,p24.pddl,on-w0.5,0,,,,,,
pathways,p24.pddl,on-w2,0,,,,,,
pathways,p24.pddl,on-skipc,0,,,,,,
pathways,p24.pddl,on-norm,0,,,,,,
pathways,p25.pddl,off,0,,,,,,
pathways,p25.pddl,on,0,,,,,,
pathways,p25.pddl,on-w0.5,0,,,,,,
pathways,p25.pddl,on-w2,0,,,,,,
pathways,p25.pddl,on-skipc,0,,,,,,
pathways,p25.pddl,on-norm,0,,,,,,
pathways,p26.pddl,off,0,,,,,,
pathways,p26.pddl,on,0,,,,,,
pathways,p26.pddl,on-w0.5,0,,,,,,
pathways,p26.pddl,on-w2,0,,,,,,
pathways,p26.pddl,on-skipc,0,,,,,,
pathways,p26.pddl,on-norm,0,,,,,,
pathways,p27.pddl,off,0,,,,,,
pathways,p27.pddl,on,0,,,,,,
pathways,p27.pddl,on-w0.5,0,,,,,,
pathways,p27.pddl,on-w2,0,,,,,,
pathways,p27.pddl,on-skipc,0,,,,,,
pathways,p27.pddl,on-norm,0,,,,,,
pathways,p28.pddl,off,0,,,,,,
pathways,p28.pddl,on,0,,,,,,
pathways,p28.pddl,on-w0.5,0,,,,,,
pathways,p28.pddl,on-w2,0,,,,,,
pathways,p28.pddl,on-skipc,0,,,,,,
pathways,p28.pddl,on-norm,0,,,,,,
pathways,p29.pddl,off,0,,,,,,
pathways,p29.pddl,on,0,,,,,,
pathways,p29.pddl,on-w0.5,0,,,,,,
pathways,p29.pddl,on-w2,0,,,,,,
pathways,p29.pddl,on-skipc,0,,,,,,
pathways,p29.pddl,on-norm,0,,,,,,
pathways,p30.pddl,off,0,,,,,,
pathways,p30.pddl,on,0,,,,,,
pathways,p30.pddl,on-w0.5,0,,,,,,
pathways,p30.pddl,on-w2,0,,,,,,
pathways,p30.pddl,on-skipc,0,,,,,,
pathways,p30.pddl,on-norm,0,,,,,,
